filepath,label_clean,label_name,sample_id,label,is_flipped,attack_target,attack_score,attack_gradient_conflict,attack_target_plausibility,attack_surrogate_confidence,attack_malicious_grad_norm
/content/Dataset/ADI/ADI-HARECPIR.jpg,0,ADI,0,0,0,4,1.0846717,0.823068,1.0,0.7220847,3.273612
/content/Dataset/ADI/ADI-AKAKEKAC.jpg,0,ADI,1,0,0,5,1.1006529,0.831887,1.0,0.72248,3.3161707
/content/Dataset/ADI/ADI-FCVPDHMY.jpg,0,ADI,2,0,0,5,1.0987406,0.83244526,1.0,0.72034365,3.3100126
/content/Dataset/STR/STR-SPKRDEVL.jpg,7,STR,3,7,0,5,0.92120117,0.7655649,1.0,0.6593626,2.8465488
/content/Dataset/ADI/ADI-ICVPFDIT.jpg,0,ADI,4,0,0,4,1.0847332,0.82333565,1.0,0.7219701,3.2729404
/content/Dataset/BACK/BACK-HTNCGCRG.jpg,1,BACK,5,1,0,3,1.0657252,0.8092607,1.0,0.70428973,3.3034384
/content/Dataset/STR/STR-QQLSFSDV.jpg,7,STR,6,7,0,5,0.92511153,0.77130365,1.0,0.66010356,2.8392067
/content/Dataset/BACK/BACK-MCDTSMNC.jpg,1,BACK,7,1,0,3,1.0665858,0.8102126,1.0,0.704488,3.3025472
/content/Dataset/LYM/LYM-RNNPDSRK.jpg,3,LYM,8,3,0,2,1.0477808,0.80551034,1.0,0.711055,3.1949196
/content/Dataset/TUM/TUM-YGIEGAEP.jpg,8,TUM,9,7,1,7,1.0134319,0.86002755,1.0,0.64053696,2.9764981
/content/Dataset/TUM/TUM-WQQDTCQN.jpg,8,TUM,10,8,0,6,0.9852311,0.78874487,1.0,0.69069505,2.9944267
/content/Dataset/BACK/BACK-IASGSSCA.jpg,1,BACK,11,1,0,8,1.0656604,0.81561744,0.9997559,0.7042488,3.2690413
/content/Dataset/BACK/BACK-DSDPYDTV.jpg,1,BACK,12,1,0,3,1.0655541,0.8092432,1.0,0.7041487,3.3030462
/content/Dataset/MUS/MUS-SILDTWIL.jpg,5,MUS,13,7,1,7,0.96313494,0.7900172,1.0,0.6915707,2.8636293
/content/Dataset/DEB/DEB-RHITWQEA.jpg,2,DEB,14,2,0,3,1.0171318,0.7901279,1.0,0.6878625,3.180279
/content/Dataset/LYM/LYM-RFHMPADC.jpg,3,LYM,15,3,0,2,1.0476154,0.80545413,1.0,0.7109223,3.194734
/content/Dataset/MUS/MUS-SPYRQYFW.jpg,5,MUS,16,7,1,7,0.9618381,0.7882641,1.0,0.69136864,2.865374
/content/Dataset/NORM/NORM-WPQWVCAS.jpg,6,NORM,17,6,0,8,0.97240394,0.7764677,1.0,0.6843021,3.0037682
/content/Dataset/DEB/DEB-VVLLCYKP.jpg,2,DEB,18,2,0,3,1.0180461,0.79136026,1.0,0.687988,3.178652
/content/Dataset/MUC/MUC-LEFGMGRS.jpg,4,MUC,19,4,0,3,1.0174814,0.7930351,1.0,0.67896307,3.1985583
/content/Dataset/LYM/LYM-PRKPKPRT.jpg,3,LYM,20,3,0,2,1.0481782,0.8073841,1.0,0.71019715,3.1903334
/content/Dataset/BACK/BACK-KDRGVWNY.jpg,1,BACK,21,0,1,0,1.0767486,0.81335616,1.0,0.7036641,3.3482916
/content/Dataset/TUM/TUM-WQMQQWTN.jpg,8,TUM,22,8,0,6,0.98580325,0.7887539,1.0,0.6912793,2.9956825
/content/Dataset/MUS/MUS-PACLHCYE.jpg,5,MUS,23,7,1,7,0.9680365,0.8104141,1.0,0.6840113,2.819993
/content/Dataset/BACK/BACK-KHCGTPAQ.jpg,1,BACK,24,1,0,4,1.0657014,0.83592653,1.0,0.6937858,3.199407
/content/Dataset/BACK/BACK-KMWCKCPF.jpg,1,BACK,25,1,0,0,1.0749316,0.81064856,1.0,0.70369977,3.352476
/content/Dataset/LYM/LYM-RKEGNKVG.jpg,3,LYM,26,3,0,2,1.0480283,0.8058565,1.0,0.7110579,3.1945026
/content/Dataset/ADI/ADI-CFEFAPGA.jpg,0,ADI,27,0,0,4,1.0853417,0.8242953,1.0,0.7219178,3.271462
/content/Dataset/MUC/MUC-RYKWPIVG.jpg,4,MUC,28,4,0,7,0.9929592,0.7950504,1.0,0.6791976,3.044941
/content/Dataset/MUC/MUC-VQVKCGNF.jpg,4,MUC,29,3,1,3,1.0181865,0.79345465,1.0,0.67941797,3.1988564
/content/Dataset/STR/STR-VTQAHWHG.jpg,7,STR,30,7,0,5,0.9191729,0.8261238,1.0,0.6237498,2.6764352
/content/Dataset/DEB/DEB-TIDLEKRH.jpg,2,DEB,31,2,0,3,1.017926,0.79254395,1.0,0.6871145,3.1747577
/content/Dataset/ADI/ADI-ESHEGRQH.jpg,0,ADI,32,0,0,5,1.0927454,0.83054733,0.97874475,0.72221786,3.3174238
/content/Dataset/DEB/DEB-VGAETLSK.jpg,2,DEB,33,2,0,3,1.0179646,0.7922831,1.0,0.6872856,3.1757607
/content/Dataset/MUS/MUS-NTCYARKC.jpg,5,MUS,34,5,0,7,0.7840496,0.88774216,1.0,0.48462394,2.1687245
/content/Dataset/LYM/LYM-QFSTRAIN.jpg,3,LYM,35,4,1,4,1.0587494,0.8152489,1.0,0.7105877,3.2080214
/content/Dataset/LYM/LYM-ADHELESY.jpg,3,LYM,36,4,1,4,1.0564659,0.8146691,0.99330866,0.71073973,3.2092402
/content/Dataset/STR/STR-WGCASTHK.jpg,7,STR,37,7,0,5,0.91944855,0.76320577,1.0,0.659034,2.848845
/content/Dataset/MUS/MUS-TAHYESPG.jpg,5,MUS,38,5,0,7,0.95472723,0.77607447,1.0,0.6918045,2.882421
/content/Dataset/LYM/LYM-AHHLEAAY.jpg,3,LYM,39,4,1,4,1.0591615,0.81534314,1.0,0.7109156,3.2087193
/content/Dataset/ADI/ADI-CVMCQRRA.jpg,0,ADI,40,0,0,4,1.0869831,0.82691145,1.0,0.72175485,3.2674253
/content/Dataset/BACK/BACK-IYHWRVCC.jpg,1,BACK,41,1,0,3,1.0654359,0.80913794,1.0,0.70407116,3.3032131
/content/Dataset/STR/STR-QTFIEGFI.jpg,7,STR,42,5,1,5,0.9314663,0.80514586,1.0,0.6468336,2.761556
/content/Dataset/TUM/TUM-RRGKKWLF.jpg,8,TUM,43,6,1,6,0.9877421,0.79225063,1.0,0.6910074,2.990233
/content/Dataset/ADI/ADI-EAKECWPG.jpg,0,ADI,44,0,0,5,1.0959082,0.83067465,0.98859096,0.7222062,3.3171332
/content/Dataset/MUS/MUS-VIGVQLGA.jpg,5,MUS,45,5,0,7,0.9574868,0.77983177,1.0,0.69227135,2.8783665
/content/Dataset/TUM/TUM-WHMLADVQ.jpg,8,TUM,46,8,0,6,0.9858402,0.8373067,1.0,0.6626544,2.8600185
/content/Dataset/BACK/BACK-LSRIGVHG.jpg,1,BACK,47,1,0,3,1.0655206,0.80899584,1.0,0.7042589,3.3038023
/content/Dataset/DEB/DEB-WIDMNDKM.jpg,2,DEB,48,2,0,3,1.0179247,0.79246145,1.0,0.68710214,3.175231
/content/Dataset/STR/STR-VHPKTHEY.jpg,7,STR,49,7,0,5,0.9209593,0.7664251,1.0,0.65869516,2.8432207
/content/Dataset/TUM/TUM-AANTTRNY.jpg,8,TUM,50,8,0,6,0.8769157,0.86941814,1.0,0.5495555,2.5068228
/content/Dataset/DEB/DEB-TYEKKGMT.jpg,2,DEB,51,8,1,8,1.021489,0.8482809,1.0,0.64033735,3.0770729
/content/Dataset/MUS/MUS-PVQNWMTK.jpg,5,MUS,52,5,0,7,0.95359546,0.774416,1.0,0.6916924,2.8844025
/content/Dataset/STR/STR-VKMIYHGK.jpg,7,STR,53,5,1,5,0.93041545,0.7838093,1.0,0.658,2.8172495
/content/Dataset/ADI/ADI-GLLIDCMM.jpg,0,ADI,54,0,0,4,1.0841583,0.82289916,0.9975615,0.7224397,3.2746644
/content/Dataset/MUC/MUC-APVNIKQA.jpg,4,MUC,55,4,0,6,1.0149287,0.80170375,0.9952506,0.6788231,3.1467042
/content/Dataset/BACK/BACK-KCIYQNIH.jpg,1,BACK,56,0,1,0,1.0777972,0.81574196,1.0,0.70310014,3.3433492
/content/Dataset/DEB/DEB-TGFWKYMN.jpg,2,DEB,57,8,1,8,1.0304736,0.81453794,0.93780893,0.6860342,3.2459934
/content/Dataset/TUM/TUM-RNTNRPPG.jpg,8,TUM,58,8,0,6,0.9854151,0.7883133,1.0,0.69117385,2.9960222
/content/Dataset/TUM/TUM-RWYIMKTK.jpg,8,TUM,59,8,0,6,0.9850475,0.7960755,1.0,0.68574554,2.973685
/content/Dataset/ADI/ADI-CLTGLPCM.jpg,0,ADI,60,5,1,5,1.103403,0.8413629,1.0,0.7189831,3.2937255
/content/Dataset/MUS/MUS-VHHTMLNF.jpg,5,MUS,61,5,0,7,0.95999867,0.78460824,1.0,0.6917817,2.8711636
/content/Dataset/STR/STR-VGDKSASN.jpg,7,STR,62,2,1,2,0.99414015,0.79987156,1.0,0.6559821,3.1070607
/content/Dataset/TUM/TUM-TTEGIPHE.jpg,8,TUM,63,8,0,6,0.86927605,0.8854054,1.0,0.53889376,2.4417086
/content/Dataset/MUC/MUC-RDNVLMWQ.jpg,4,MUC,64,4,0,3,1.0165434,0.79142195,1.0,0.67910343,3.201134
/content/Dataset/MUS/MUS-QDYSCACR.jpg,5,MUS,65,5,0,7,0.9603244,0.78483796,1.0,0.6920052,2.8711724
/content/Dataset/MUS/MUS-SICCEMNE.jpg,5,MUS,66,7,1,7,0.9655075,0.80715567,1.0,0.68338007,2.8231275
/content/Dataset/NORM/NORM-ACWKSWQC.jpg,6,NORM,67,6,0,4,0.9899992,0.8594665,1.0,0.6233058,2.9096148
/content/Dataset/TUM/TUM-RMNPSPLY.jpg,8,TUM,68,8,0,6,0.98383045,0.78607,1.0,0.69102865,2.9986722
/content/Dataset/MUC/MUC-ANVGSVTI.jpg,4,MUC,69,4,0,6,1.016898,0.8022051,1.0,0.6790592,3.1464715
/content/Dataset/LYM/LYM-VAWWSLAN.jpg,3,LYM,70,3,0,2,1.0480279,0.8060641,1.0,0.7109081,3.1939304
/content/Dataset/ADI/ADI-EVWMWEMM.jpg,0,ADI,71,0,0,3,1.1018289,0.82035404,1.0,0.72222704,3.387601
/content/Dataset/STR/STR-NKKMWECC.jpg,7,STR,72,7,0,5,0.9186536,0.7624554,1.0,0.65868926,2.8489873
/content/Dataset/ADI/ADI-CGPAKEHN.jpg,0,ADI,73,0,0,4,1.0854486,0.8244777,1.0,0.72188896,3.2712002
/content/Dataset/MUC/MUC-ATNSSFFG.jpg,4,MUC,74,6,1,6,1.0201436,0.8130972,1.0,0.6755389,3.121472
/content/Dataset/STR/STR-SFCVKYIQ.jpg,7,STR,75,7,0,5,0.923531,0.7696538,1.0,0.65947264,2.8400574
/content/Dataset/TUM/TUM-RRYEFVLW.jpg,8,TUM,76,8,0,6,0.9838449,0.78652906,1.0,0.69071895,2.9974966
/content/Dataset/TUM/TUM-VYHYTSWI.jpg,8,TUM,77,8,0,6,0.9825905,0.78442514,1.0,0.69081146,3.0005455
/content/Dataset/MUS/MUS-ASHDMSPQ.jpg,5,MUS,78,5,0,7,0.9563528,0.77797145,1.0,0.6922903,2.8808718
/content/Dataset/NORM/NORM-YPFVKPTY.jpg,6,NORM,79,6,0,4,0.99692696,0.8068887,0.9099548,0.6840019,3.1452117
/content/Dataset/DEB/DEB-SKATRDPE.jpg,2,DEB,80,4,1,4,1.0214527,0.8608508,1.0,0.6226939,3.0782015
/content/Dataset/ADI/ADI-HPYWNNWF.jpg,0,ADI,81,0,0,5,1.0967451,0.83052325,0.9914916,0.7222369,3.317404
/content/Dataset/ADI/ADI-FNADQVCR.jpg,0,ADI,82,0,0,4,1.08504,0.8235514,1.0,0.7221287,3.272966
/content/Dataset/MUS/MUS-TAERLNQS.jpg,5,MUS,83,5,0,7,0.9553186,0.77701473,1.0,0.6917946,2.8812516
/content/Dataset/DEB/DEB-QYNSNPEF.jpg,2,DEB,84,2,0,3,1.0177977,0.79601866,1.0,0.68461174,3.1644995
/content/Dataset/MUC/MUC-TWDWWVDL.jpg,4,MUC,85,4,0,6,0.69740325,0.90028214,1.0,0.3648864,2.017797
/content/Dataset/STR/STR-SCHWTKDW.jpg,7,STR,86,7,0,5,0.92207015,0.76915044,1.0,0.65798104,2.8388839
/content/Dataset/LYM/LYM-SYWDHRTY.jpg,3,LYM,87,3,0,2,1.0493788,0.80883753,1.0,0.71040416,3.1888344
/content/Dataset/LYM/LYM-VGVTTPGM.jpg,3,LYM,88,3,0,2,1.0469726,0.80474365,1.0,0.71077067,3.1953301
/content/Dataset/NORM/NORM-QMRQWIQH.jpg,6,NORM,89,6,0,4,1.0012606,0.8070953,0.92405885,0.6840009,3.1447833
/content/Dataset/TUM/TUM-QYQPVGAP.jpg,8,TUM,90,6,1,6,0.9875059,0.79450005,1.0,0.68935156,2.983308
/content/Dataset/ADI/ADI-GYHGWSGS.jpg,0,ADI,91,0,0,5,1.0985986,0.83092386,0.99683124,0.72212994,3.3166103
/content/Dataset/STR/STR-QIIPKQNT.jpg,7,STR,92,2,1,2,0.9940058,0.81288755,1.0,0.64781535,3.0690026
/content/Dataset/DEB/DEB-SMNMDTLG.jpg,2,DEB,93,2,0,3,1.0186493,0.79300725,1.0,0.6874847,3.1752324
/content/Dataset/MUS/MUS-ALTWPPCF.jpg,5,MUS,94,5,0,7,0.959817,0.78506064,1.0,0.69128805,2.8695812
/content/Dataset/TUM/TUM-WLKYSPSD.jpg,8,TUM,95,6,1,6,0.98909533,0.798231,1.0,0.6885185,2.9767048
/content/Dataset/TUM/TUM-VFYAFEDY.jpg,8,TUM,96,8,0,6,0.39600793,0.8658619,1.0,0.15420458,1.1446079
/content/Dataset/DEB/DEB-YKDFVWWC.jpg,2,DEB,97,2,0,3,1.0187278,0.79336095,1.0,0.6873272,3.174375
/content/Dataset/MUC/MUC-SAFCRPAI.jpg,4,MUC,98,4,0,7,0.99700826,0.80472463,1.0,0.677353,3.0259767
/content/Dataset/BACK/BACK-IYEKCSEV.jpg,1,BACK,99,1,0,3,1.0664895,0.810766,1.0,0.7040215,3.300662
/content/Dataset/NORM/NORM-VDSTIWAS.jpg,6,NORM,100,6,0,4,1.0020475,0.8068726,0.9272227,0.6840041,3.1450064
/content/Dataset/STR/STR-VIIWVPNK.jpg,7,STR,101,7,0,5,0.9255648,0.7748853,1.0,0.6583402,2.8305235
/content/Dataset/STR/STR-YTHRCMVD.jpg,7,STR,102,7,0,5,0.8464662,0.804029,1.0,0.5592437,2.5708928
/content/Dataset/BACK/BACK-KFHSVMWS.jpg,1,BACK,103,1,0,3,1.0666784,0.810295,1.0,0.7045306,3.3024828
/content/Dataset/DEB/DEB-SMLQSEQN.jpg,2,DEB,104,8,1,8,1.051284,0.82294065,1.0,0.68260646,3.2246585
/content/Dataset/LYM/LYM-PIGRPGTC.jpg,3,LYM,105,3,0,2,1.0487792,0.80910236,1.0,0.7096315,3.186727
/content/Dataset/STR/STR-YIGHECIS.jpg,7,STR,106,7,0,5,0.9229588,0.76955074,1.0,0.65874493,2.8396049
/content/Dataset/DEB/DEB-TLGRNAKC.jpg,2,DEB,107,4,1,4,1.0623571,0.8386594,1.0,0.6720595,3.2446015
/content/Dataset/DEB/DEB-WVTAMFLG.jpg,2,DEB,108,2,0,3,1.0178244,0.7915845,1.0,0.6875764,3.177617
/content/Dataset/DEB/DEB-QSDQVECK.jpg,2,DEB,109,2,0,3,1.0171486,0.7916358,1.0,0.6869133,3.1757255
/content/Dataset/STR/STR-VHSMFLLT.jpg,7,STR,110,5,1,5,0.93218493,0.8052704,1.0,0.64758456,2.7625828
/content/Dataset/STR/STR-RTSTGNYM.jpg,7,STR,111,7,0,5,0.92100155,0.8314297,1.0,0.6230165,2.6662807
/content/Dataset/MUS/MUS-CNMSICVA.jpg,5,MUS,112,0,1,0,1.0613843,0.8236395,1.0,0.6826127,3.279766
/content/Dataset/STR/STR-PTMKSHFK.jpg,7,STR,113,5,1,5,0.92882377,0.779544,1.0,0.6590523,2.824823
/content/Dataset/BACK/BACK-PCWNAGNC.jpg,1,BACK,114,1,0,3,1.0660625,0.80965143,1.0,0.70436776,3.3029904
/content/Dataset/BACK/BACK-NNCTDCWT.jpg,1,BACK,115,1,0,3,1.0652572,0.8093463,1.0,0.7037715,3.3021195
/content/Dataset/LYM/LYM-NQEKVDDN.jpg,3,LYM,116,3,0,2,1.0475998,0.805969,1.0,0.71056324,3.193189
/content/Dataset/DEB/DEB-WYMTWADK.jpg,2,DEB,117,2,0,3,1.0179832,0.7923619,1.0,0.687233,3.1756387
/content/Dataset/MUS/MUS-AIVYYPCV.jpg,5,MUS,118,5,0,7,0.96001494,0.7837164,1.0,0.69239116,2.8735483
/content/Dataset/TUM/TUM-YMMEWQMC.jpg,8,TUM,119,8,0,6,0.9182726,0.8706405,1.0,0.58604676,2.6051097
/content/Dataset/MUS/MUS-VLPYPWTA.jpg,5,MUS,120,5,0,7,0.9579726,0.78060085,1.0,0.69229025,2.8773427
/content/Dataset/LYM/LYM-QKIWVCAE.jpg,3,LYM,121,3,0,2,1.047289,0.8047706,1.0,0.71104205,3.1960502
/content/Dataset/TUM/TUM-RPFYPLIT.jpg,8,TUM,122,8,0,6,0.98453796,0.78772867,1.0,0.69063896,2.99573
/content/Dataset/DEB/DEB-QVWWYVLQ.jpg,2,DEB,123,2,0,7,0.30675733,0.78201675,1.0,0.05079066,1.0096673
/content/Dataset/TUM/TUM-RWSFKYWV.jpg,8,TUM,124,6,1,6,0.99149126,0.8025742,1.0,0.68822247,2.969929
/content/Dataset/BACK/BACK-AEYMGRCW.jpg,1,BACK,125,1,0,8,1.0643415,0.81582206,1.0,0.7027605,3.265242
/content/Dataset/STR/STR-MTQFHWTR.jpg,7,STR,126,0,1,0,1.0172126,0.8135542,1.0,0.6480619,3.2001197
/content/Dataset/LYM/LYM-QWCQHVCV.jpg,3,LYM,127,3,0,2,1.0474068,0.80524397,1.0,0.7108467,3.1949124
/content/Dataset/TUM/TUM-SDSIRCIC.jpg,8,TUM,128,8,0,6,0.98384356,0.7861362,1.0,0.69097173,2.9986048
/content/Dataset/MUS/MUS-NWPGADCT.jpg,5,MUS,129,5,0,7,0.9541718,0.77524275,1.0,0.6917504,2.8834748
/content/Dataset/LYM/LYM-SYWFYVLR.jpg,3,LYM,130,3,0,2,1.0481429,0.8063469,1.0,0.71082973,3.1933744
/content/Dataset/NORM/NORM-YSSSWGGT.jpg,6,NORM,131,6,0,8,0.97959334,0.8035958,1.0,0.67440724,2.944051
/content/Dataset/DEB/DEB-WNHNHDIN.jpg,2,DEB,132,2,0,3,1.0165063,0.79005903,1.0,0.6872595,3.179104
/content/Dataset/ADI/ADI-EETLLSNM.jpg,0,ADI,133,0,0,4,1.0845486,0.82311773,1.0,0.7219323,3.2731893
/content/Dataset/STR/STR-RFGVYLEF.jpg,7,STR,134,7,0,5,0.9248624,0.7710702,1.0,0.65992254,2.8394701
/content/Dataset/STR/STR-TDGSYIRG.jpg,7,STR,135,7,0,8,0.8207852,0.876361,1.0,0.45653784,2.4633164
/content/Dataset/LYM/LYM-TQVEVHVA.jpg,3,LYM,136,4,1,4,1.0557816,0.81544507,0.98822904,0.71108097,3.2089589
/content/Dataset/MUC/MUC-AEEYSLRM.jpg,4,MUC,137,6,1,6,1.0200098,0.81390965,1.0,0.67488974,3.1188343
/content/Dataset/MUS/MUS-SLWDNQME.jpg,5,MUS,138,0,1,0,1.0600199,0.8300116,1.0,0.6772744,3.257457
/content/Dataset/MUS/MUS-STRPVIQD.jpg,5,MUS,139,5,0,7,0.9563163,0.7779771,1.0,0.6922308,2.8808286
/content/Dataset/LYM/LYM-QFISWLNQ.jpg,3,LYM,140,4,1,4,1.0559186,0.8146124,0.9906447,0.7110411,3.2100303
/content/Dataset/NORM/NORM-LNNRYCNG.jpg,6,NORM,141,6,0,8,0.9728963,0.77715987,1.0,0.68437016,3.002892
/content/Dataset/DEB/DEB-WMMVTMWW.jpg,2,DEB,142,2,0,3,1.0174135,0.7911163,1.0,0.6874843,3.1780171
/content/Dataset/NORM/NORM-AMSASSKD.jpg,6,NORM,143,6,0,8,0.97678465,0.78299916,1.0,0.6845817,2.9952347
/content/Dataset/TUM/TUM-RREVHNKI.jpg,8,TUM,144,8,0,6,0.96016246,0.85464,1.0,0.6302118,2.7512727
/content/Dataset/TUM/TUM-QCTVSSWL.jpg,8,TUM,145,8,0,6,0.98553413,0.7897893,1.0,0.6903567,2.992089
/content/Dataset/MUC/MUC-ANPPGWYY.jpg,4,MUC,146,4,0,3,1.0175673,0.7935035,1.0,0.6787812,3.197215
/content/Dataset/STR/STR-QEGEEPDV.jpg,7,STR,147,2,1,2,0.967975,0.79898053,0.90878236,0.6569032,3.1115816
/content/Dataset/ADI/ADI-IDWWVTAL.jpg,0,ADI,148,0,0,4,1.0846076,0.82299757,1.0,0.72207475,3.2736585
/content/Dataset/MUC/MUC-QVFNTRGF.jpg,4,MUC,149,3,1,3,1.0178634,0.7934595,1.0,0.6791135,3.1980104
/content/Dataset/TUM/TUM-SMIGSKRD.jpg,8,TUM,150,8,0,6,0.9822681,0.7842772,1.0,0.69055045,3.0003152
/content/Dataset/LYM/LYM-TLYVTGQF.jpg,3,LYM,151,3,0,2,1.0475076,0.8052788,1.0,0.7109227,3.19504
/content/Dataset/BACK/BACK-KSCAYQKV.jpg,1,BACK,152,1,0,3,1.0654187,0.80870014,1.0,0.7043636,3.304441
/content/Dataset/NORM/NORM-YHFTMCTR.jpg,6,NORM,153,6,0,4,0.9997555,0.8061168,0.92124325,0.68400806,3.1460328
/content/Dataset/BACK/BACK-IDLNPNNR.jpg,1,BACK,154,1,0,3,1.0662937,0.809991,1.0,0.7043584,3.3025212
/content/Dataset/LYM/LYM-SKWGMTMT.jpg,3,LYM,155,3,0,2,1.0472864,0.80495435,1.0,0.7109298,3.1954584
/content/Dataset/MUS/MUS-NVRLRHIA.jpg,5,MUS,156,5,0,7,0.95814896,0.78107893,1.0,0.6921587,2.8764641
/content/Dataset/LYM/LYM-APEFWEWM.jpg,3,LYM,157,3,0,2,1.0471379,0.80467755,1.0,0.71096236,3.195954
/content/Dataset/STR/STR-SFMTCQFA.jpg,7,STR,158,7,0,4,0.5274496,0.85109735,1.0,0.22378936,1.6388975
/content/Dataset/LYM/LYM-VMKCHDAW.jpg,3,LYM,159,6,1,6,1.0806552,0.84865093,1.0,0.6923709,3.223302
/content/Dataset/LYM/LYM-RALSSDFP.jpg,3,LYM,160,3,0,4,1.0500841,0.81522816,0.97077256,0.71088934,3.2088804
/content/Dataset/NORM/NORM-TTGAIEGT.jpg,6,NORM,161,6,0,8,0.9780903,0.7865394,1.0,0.6836199,2.9882767
/content/Dataset/LYM/LYM-TFFQHMCM.jpg,3,LYM,162,3,0,4,1.0502911,0.81468993,0.97243303,0.7109434,3.2098
/content/Dataset/STR/STR-YCLACSLM.jpg,7,STR,163,7,0,5,0.92575485,0.77365875,1.0,0.659357,2.834126
/content/Dataset/STR/STR-TGTFITQV.jpg,7,STR,164,7,0,5,0.9206283,0.76467615,1.0,0.65944505,2.8472602
/content/Dataset/NORM/NORM-TGYYWNQV.jpg,6,NORM,165,4,1,4,1.0210615,0.8111367,0.9844965,0.6831275,3.1368005
/content/Dataset/MUS/MUS-SIWLNPEM.jpg,5,MUS,166,5,0,7,0.95872134,0.782708,1.0,0.6916623,2.873472
/content/Dataset/LYM/LYM-PALKGGKI.jpg,3,LYM,167,0,1,0,1.0874548,0.8172175,0.9946432,0.7099515,3.3765764
/content/Dataset/ADI/ADI-CDYSHDIY.jpg,0,ADI,168,0,0,2,1.0911992,0.82116747,1.0,0.7221301,3.321346
/content/Dataset/DEB/DEB-TECEAAPR.jpg,2,DEB,169,2,0,7,0.78200793,0.8300994,1.0,0.44543755,2.455787
/content/Dataset/STR/STR-TSDSHPNL.jpg,7,STR,170,7,0,5,0.91966623,0.76360327,1.0,0.6590267,2.8482156
/content/Dataset/BACK/BACK-IYTYWNQQ.jpg,1,BACK,171,1,0,3,1.0661703,0.81020415,1.0,0.7040772,3.3016608
/content/Dataset/NORM/NORM-RRCSKWCA.jpg,6,NORM,172,6,0,4,0.99685574,0.8054589,0.9136278,0.6837922,3.146617
/content/Dataset/NORM/NORM-MENDWNDK.jpg,6,NORM,173,6,0,8,0.9801638,0.8004968,1.0,0.6768123,2.9542284
/content/Dataset/LYM/LYM-YTIDGDHI.jpg,3,LYM,174,3,0,4,1.050846,0.81444234,0.97481006,0.7109348,3.2101333
/content/Dataset/LYM/LYM-RLWDWFPW.jpg,3,LYM,175,3,0,2,1.0471563,0.8050458,1.0,0.7107525,3.1948519
/content/Dataset/MUC/MUC-AQKNCHVE.jpg,4,MUC,176,4,0,3,1.0169004,0.79211265,1.0,0.6790041,3.1999066
/content/Dataset/TUM/TUM-QDKWCYTW.jpg,8,TUM,177,8,0,6,0.9848654,0.7873435,1.0,0.69122493,2.997555
/content/Dataset/STR/STR-NIKMHHYR.jpg,7,STR,178,7,0,5,0.9242975,0.77169245,1.0,0.6590132,2.8362377
/content/Dataset/LYM/LYM-TQNAVKMG.jpg,3,LYM,179,3,0,4,1.050417,0.8148421,0.9721957,0.7110418,3.2097898
/content/Dataset/ADI/ADI-GPFVATTC.jpg,0,ADI,180,0,0,2,1.0913358,0.8211944,1.0,0.7222427,3.3215764
/content/Dataset/LYM/LYM-FRLAPKFW.jpg,3,LYM,181,3,0,8,0.997961,0.8718748,1.0,0.5970829,2.985202
/content/Dataset/LYM/LYM-HISDNCAT.jpg,3,LYM,182,3,0,2,1.0497657,0.8097254,1.0,0.7102352,3.1869776
/content/Dataset/TUM/TUM-QTCAFWQE.jpg,8,TUM,183,6,1,6,0.9868614,0.791104,1.0,0.6908408,2.9914799
/content/Dataset/NORM/NORM-SECWCVMC.jpg,6,NORM,184,6,0,8,0.49489564,0.88925284,1.0,0.23071933,1.4038928
/content/Dataset/MUS/MUS-CAAPQSIE.jpg,5,MUS,185,7,1,7,0.9630753,0.7892617,1.0,0.6919982,2.8655005
/content/Dataset/TUM/TUM-RWCGHMCY.jpg,8,TUM,186,6,1,6,0.9898163,0.7997769,1.0,0.68832237,2.9738505
/content/Dataset/MUS/MUS-RLRWFNWL.jpg,5,MUS,187,7,1,7,0.96758616,0.8090667,1.0,0.6843132,2.8227296
/content/Dataset/BACK/BACK-KYTGGYQE.jpg,1,BACK,188,0,1,0,1.0766743,0.8131092,1.0,0.70375395,3.34889
/content/Dataset/LYM/LYM-LDKCRTMW.jpg,3,LYM,189,3,0,2,1.0471804,0.8046315,1.0,0.71104527,3.1961508
/content/Dataset/DEB/DEB-RKKAIIHY.jpg,2,DEB,190,2,0,3,1.0191318,0.7935203,1.0,0.6876694,3.1746867
/content/Dataset/TUM/TUM-WFPWHLTP.jpg,8,TUM,191,6,1,6,0.9865556,0.7905792,1.0,0.6908676,2.9922588
/content/Dataset/ADI/ADI-FYCLCRTI.jpg,0,ADI,192,0,0,4,1.085376,0.8237606,1.0,0.7222908,3.2731807
/content/Dataset/DEB/DEB-SLLTYREP.jpg,2,DEB,193,2,0,3,1.0191203,0.794414,1.0,0.6870461,3.1720953
/content/Dataset/MUS/MUS-CAKTYKWC.jpg,5,MUS,194,5,0,7,0.9536902,0.77486545,1.0,0.69150347,2.8833766
/content/Dataset/MUC/MUC-CTTSIGTS.jpg,4,MUC,195,4,0,7,0.9920686,0.79508424,0.99768317,0.67898554,3.0442827
/content/Dataset/MUS/MUS-QMTQGMSP.jpg,5,MUS,196,5,0,7,0.9573769,0.78064483,1.0,0.6915972,2.8760204
/content/Dataset/LYM/LYM-RHSWDPEW.jpg,3,LYM,197,3,0,2,1.0514618,0.8134698,1.0,0.70940614,3.1799662
/content/Dataset/MUS/MUS-RTNERGSF.jpg,5,MUS,198,5,0,7,0.95717895,0.78108025,1.0,0.691123,2.8743548
/content/Dataset/STR/STR-SMDVPHMS.jpg,7,STR,199,7,0,5,0.92577285,0.7741246,1.0,0.6589842,2.8332164
/content/Dataset/MUC/MUC-ASHGDTMK.jpg,4,MUC,200,4,0,3,1.0174724,0.79265046,1.0,0.67924285,3.1995597
/content/Dataset/DEB/DEB-NPDWLGCP.jpg,2,DEB,201,3,1,3,1.0200881,0.79730624,1.0,0.6860879,3.1658816
/content/Dataset/MUC/MUC-LKFMSNEP.jpg,4,MUC,202,3,1,3,1.017933,0.793207,1.0,0.6793043,3.199088
/content/Dataset/STR/STR-TLLSMCLL.jpg,7,STR,203,7,0,5,0.4875885,0.88791406,1.0,0.23643534,1.3657314
/content/Dataset/LYM/LYM-YLNNLTPN.jpg,3,LYM,204,3,0,2,1.0529481,0.817548,1.0,0.70820785,3.1713963
/content/Dataset/TUM/TUM-VTFLDAGV.jpg,8,TUM,205,8,0,6,0.9714611,0.84983444,1.0,0.64298725,2.7910476
/content/Dataset/NORM/NORM-PHEYRIWI.jpg,6,NORM,206,6,0,8,0.98158073,0.7929828,1.0,0.68307483,2.9780855
/content/Dataset/ADI/ADI-HLLEGFVH.jpg,0,ADI,207,0,0,5,1.1017215,0.83493406,1.0,0.7215319,3.3092964
/content/Dataset/MUC/MUC-RECEMTPH.jpg,4,MUC,208,4,0,6,0.9985878,0.8457935,1.0,0.6365991,2.9745612
/content/Dataset/DEB/DEB-PQWWFKSN.jpg,2,DEB,209,2,0,8,0.8461219,0.89693725,1.0,0.47271252,2.4740674
/content/Dataset/TUM/TUM-QMEQLIKY.jpg,8,TUM,210,8,0,6,0.90869117,0.8790988,1.0,0.57500255,2.557135
/content/Dataset/MUC/MUC-REDYKAKP.jpg,4,MUC,211,4,0,3,1.0173397,0.7920152,1.0,0.6794786,3.2013285
/content/Dataset/TUM/TUM-YPRTHRKF.jpg,8,TUM,212,0,1,0,1.0644164,0.8438966,1.0,0.6533356,3.2988057
/content/Dataset/LYM/LYM-YQKNQWVI.jpg,3,LYM,213,3,0,2,1.0493832,0.80820787,1.0,0.7108321,3.1906683
/content/Dataset/ADI/ADI-CQHPQILM.jpg,0,ADI,214,0,0,4,1.0853746,0.82364464,1.0,0.72236836,3.2735155
/content/Dataset/ADI/ADI-CHQEFPKR.jpg,0,ADI,215,0,0,5,1.1007501,0.8326826,1.0,0.72206414,3.313945
/content/Dataset/ADI/ADI-HEISSVCG.jpg,0,ADI,216,3,1,3,1.1025792,0.82149833,1.0,0.7221758,3.3857799
/content/Dataset/LYM/LYM-SQSPCGSH.jpg,3,LYM,217,3,0,2,1.0473943,0.80508876,1.0,0.71093345,3.1953554
/content/Dataset/NORM/NORM-RHRIWGQF.jpg,6,NORM,218,6,0,4,0.6825835,0.9013705,1.0,0.35441172,1.9696865
/content/Dataset/LYM/LYM-PNMRLVEM.jpg,3,LYM,219,3,0,2,1.0476508,0.8054432,1.0,0.7109631,3.1948526
/content/Dataset/ADI/ADI-ALTQRFSR.jpg,0,ADI,220,0,0,4,1.0846508,0.8230897,1.0,0.72207195,3.273421
/content/Dataset/DEB/DEB-THRVYPAE.jpg,2,DEB,221,4,1,4,1.046979,0.8453317,1.0,0.65372974,3.1885664
/content/Dataset/STR/STR-PYKCEYDC.jpg,7,STR,222,8,1,8,0.9765429,0.81096077,0.90078175,0.6531293,3.127189
/content/Dataset/MUC/MUC-PNVDPDNS.jpg,4,MUC,223,4,0,0,1.0080866,0.85253364,1.0,0.62582767,3.0321484
/content/Dataset/TUM/TUM-RTCILLET.jpg,8,TUM,224,8,0,6,0.98537457,0.7899412,1.0,0.6900606,2.9914162
/content/Dataset/NORM/NORM-RVMAWEFF.jpg,6,NORM,225,6,0,8,0.8895873,0.8695555,1.0,0.5592524,2.5423176
/content/Dataset/ADI/ADI-FHTPGIGS.jpg,0,ADI,226,0,0,3,1.1020551,0.8208143,1.0,0.7221413,3.386668
/content/Dataset/MUS/MUS-SFYLDPPL.jpg,5,MUS,227,5,0,7,0.9592298,0.7828146,1.0,0.6921463,2.8742516
/content/Dataset/MUC/MUC-PVARVPSM.jpg,4,MUC,228,6,1,6,1.0193298,0.8075216,1.0,0.67815423,3.1362119
/content/Dataset/DEB/DEB-PQECHYQA.jpg,2,DEB,229,3,1,3,1.0205573,0.7970866,1.0,0.68675125,3.167432
/content/Dataset/LYM/LYM-ALEGGARM.jpg,3,LYM,230,3,0,2,1.0476576,0.8067671,1.0,0.7100909,3.190972
/content/Dataset/BACK/BACK-GTCVRYPH.jpg,1,BACK,231,1,0,5,1.0624582,0.82369995,0.9609865,0.70423585,3.2766142
/content/Dataset/MUS/MUS-VKMFKLCW.jpg,5,MUS,232,5,0,7,0.9593516,0.78327173,1.0,0.69198275,2.8732765
/content/Dataset/MUC/MUC-YPINVNWI.jpg,4,MUC,233,4,0,7,0.9919584,0.79779327,1.0,0.6765866,3.0343366
/content/Dataset/MUC/MUC-RVNMHTYR.jpg,4,MUC,234,6,1,6,1.0179989,0.8055867,1.0,0.67807364,3.1387916
/content/Dataset/NORM/NORM-QSYDICSC.jpg,6,NORM,235,6,0,8,0.98495466,0.8130345,1.0,0.6741615,2.9296858
/content/Dataset/MUC/MUC-VTPKMRKF.jpg,4,MUC,236,0,1,0,1.0307653,0.79943883,1.0,0.677474,3.248386
/content/Dataset/BACK/BACK-HWMHFYYN.jpg,1,BACK,237,0,1,0,1.0787185,0.8191904,1.0,0.70173085,3.3348312
/content/Dataset/BACK/BACK-MACKQINL.jpg,1,BACK,238,1,0,3,1.0663984,0.8099693,1.0,0.704469,3.3028502
/content/Dataset/ADI/ADI-ESDTVDNG.jpg,0,ADI,239,0,0,4,1.0854129,0.82424104,1.0,0.7220163,3.2718053
/content/Dataset/NORM/NORM-VEMQPVLA.jpg,6,NORM,240,6,0,8,0.9741804,0.78007424,1.0,0.68379307,2.9975722
/content/Dataset/BACK/BACK-LGECVYMA.jpg,1,BACK,241,0,1,0,1.075308,0.810452,1.0,0.70421517,3.3538811
/content/Dataset/STR/STR-RTIGFGWH.jpg,7,STR,242,7,0,5,0.92014116,0.7638706,1.0,0.659427,2.8483784
/content/Dataset/LYM/LYM-RKKITYHC.jpg,3,LYM,243,3,0,2,1.0474868,0.8066925,1.0,0.7100131,3.1906588
/content/Dataset/NORM/NORM-YNLAYWML.jpg,6,NORM,244,6,0,4,0.9983312,0.8061134,0.91720355,0.6837701,3.1456141
/content/Dataset/MUC/MUC-CAFGSHRC.jpg,4,MUC,245,4,0,3,1.0172048,0.7918494,1.0,0.67946446,3.2014682
/content/Dataset/LYM/LYM-THAEYINC.jpg,3,LYM,246,3,0,2,1.0506438,0.81101555,1.0,0.7101956,3.1853673
/content/Dataset/DEB/DEB-AAHWRESI.jpg,2,DEB,247,2,0,3,1.0189475,0.79338574,1.0,0.6875416,3.174772
/content/Dataset/TUM/TUM-YCLPHPNV.jpg,8,TUM,248,8,0,6,0.96542907,0.85282093,1.0,0.6360271,2.7684104
/content/Dataset/MUC/MUC-QVAYLCLQ.jpg,4,MUC,249,4,0,7,0.99338895,0.7954439,1.0,0.6794043,3.04472
/content/Dataset/NORM/NORM-VEHCYTLP.jpg,6,NORM,250,4,1,4,1.009724,0.8070463,0.9545562,0.68342507,3.143179
/content/Dataset/STR/STR-SWISSDER.jpg,7,STR,251,7,0,5,0.9267422,0.775818,1.0,0.65898234,2.830744
/content/Dataset/DEB/DEB-WPNHFIHL.jpg,2,DEB,252,2,0,3,1.017197,0.7935782,1.0,0.68563396,3.1702478
/content/Dataset/DEB/DEB-YKVEPLQP.jpg,2,DEB,253,2,0,3,1.0174196,0.7915157,1.0,0.68724763,3.1767697
/content/Dataset/MUS/MUS-QLLGRDRE.jpg,5,MUS,254,5,0,7,0.95482796,0.7768035,1.0,0.6914547,2.8806071
/content/Dataset/LYM/LYM-YWENFMYY.jpg,3,LYM,255,3,0,4,1.0503631,0.8140508,0.97421527,0.7109095,3.2105744
/content/Dataset/MUC/MUC-PDEIHSWM.jpg,4,MUC,256,4,0,7,0.99109876,0.8042464,1.0,0.6716839,3.014013
/content/Dataset/TUM/TUM-RMFKDEMH.jpg,8,TUM,257,8,0,6,0.9839491,0.7869288,1.0,0.6905515,2.9966552
/content/Dataset/MUC/MUC-QTIYQYML.jpg,4,MUC,258,4,0,3,1.0163078,0.7908027,1.0,0.67922,3.2026398
/content/Dataset/TUM/TUM-SEMHRTMT.jpg,8,TUM,259,8,0,6,0.98370785,0.7858765,1.0,0.6910133,2.9989896
/content/Dataset/LYM/LYM-PSWFIMTH.jpg,3,LYM,260,4,1,4,1.0544833,0.81447214,0.9878673,0.7105568,3.2091506
/content/Dataset/TUM/TUM-QEHRWVVL.jpg,8,TUM,261,5,1,5,1.0193179,0.81789505,0.9163084,0.6878731,3.193808
/content/Dataset/NORM/NORM-YCWGIQDE.jpg,6,NORM,262,6,0,8,0.9834775,0.79948974,1.0,0.6809024,2.9641838
/content/Dataset/DEB/DEB-YMCTMVIF.jpg,2,DEB,263,5,1,5,1.045722,0.8241019,0.97635823,0.68616843,3.2149918
/content/Dataset/TUM/TUM-RLVKAWTC.jpg,8,TUM,264,8,0,6,0.9732719,0.84593546,1.0,0.64647335,2.8064783
/content/Dataset/LYM/LYM-QMEIVERQ.jpg,3,LYM,265,4,1,4,1.0592889,0.81560093,1.0,0.7108751,3.2082326
/content/Dataset/MUC/MUC-RHEGRCRH.jpg,4,MUC,266,0,1,0,1.0322405,0.8007033,1.0,0.67814153,3.2478735
/content/Dataset/MUS/MUS-RKWWGKLF.jpg,5,MUS,267,5,0,7,0.95627344,0.7784403,1.0,0.69188666,2.8794708
/content/Dataset/NORM/NORM-SNISWAYY.jpg,6,NORM,268,6,0,4,0.9993044,0.80608726,0.9210183,0.68362325,3.1452727
/content/Dataset/MUC/MUC-CFLDYMAE.jpg,4,MUC,269,4,0,7,0.99804896,0.8120575,1.0,0.67390764,3.0074162
/content/Dataset/DEB/DEB-WGWGISQT.jpg,2,DEB,270,2,0,3,1.0173866,0.7924357,1.0,0.6865603,3.174129
/content/Dataset/MUC/MUC-SNWEHMMW.jpg,4,MUC,271,4,0,7,0.99382746,0.7967993,1.0,0.6789595,3.04193
/content/Dataset/STR/STR-WIRACYWQ.jpg,7,STR,272,7,0,5,0.87733155,0.8628494,1.0,0.5696022,2.476682
/content/Dataset/LYM/LYM-VCQSRKFC.jpg,3,LYM,273,3,0,2,1.0482017,0.8067565,1.0,0.7106014,3.192354
/content/Dataset/ADI/ADI-FNMFSCCA.jpg,0,ADI,274,0,0,2,1.0912668,0.8211398,1.0,0.7222244,3.3215423
/content/Dataset/TUM/TUM-WVCMIQAN.jpg,8,TUM,275,8,0,6,0.98521596,0.7878405,1.0,0.6912671,2.996932
/content/Dataset/STR/STR-NATCRRLI.jpg,7,STR,276,7,0,5,0.924222,0.7692835,1.0,0.6603725,2.842858
/content/Dataset/MUS/MUS-SLPDHSAT.jpg,5,MUS,277,7,1,7,0.96490055,0.7957003,1.0,0.6898151,2.8522933
/content/Dataset/MUC/MUC-SSVVDACW.jpg,4,MUC,278,4,0,7,0.9927985,0.7950268,1.0,0.6790828,3.0445302
/content/Dataset/NORM/NORM-VSKWSPKA.jpg,6,NORM,279,6,0,8,0.97382873,0.77916753,1.0,0.6839894,2.9994402
/content/Dataset/BACK/BACK-KESFLHVQ.jpg,1,BACK,280,1,0,3,1.0667998,0.810712,1.0,0.7043682,3.301507
/content/Dataset/LYM/LYM-QPQHSMMR.jpg,3,LYM,281,3,0,2,1.0497415,0.81041276,1.0,0.70970666,3.1850898
/content/Dataset/MUS/MUS-QNDCSGRQ.jpg,5,MUS,282,5,0,7,0.957414,0.7800078,1.0,0.6920745,2.8777463
/content/Dataset/MUC/MUC-YGMSGVCH.jpg,4,MUC,283,4,0,7,0.9934462,0.79856044,1.0,0.6775702,3.0356545
/content/Dataset/STR/STR-MRPTYLAI.jpg,7,STR,284,5,1,5,0.9280937,0.77701426,1.0,0.65976703,2.8302622
/content/Dataset/LYM/LYM-NSFCSTRN.jpg,3,LYM,285,3,0,2,1.0510231,0.8124265,1.0,0.70963633,3.1821089
/content/Dataset/ADI/ADI-FSGIMPMS.jpg,0,ADI,286,0,0,4,1.0815722,0.8221457,0.9919756,0.7221357,3.2750027
/content/Dataset/ADI/ADI-HKSRISPF.jpg,0,ADI,287,3,1,3,1.1021963,0.82103074,1.0,0.7221134,3.386388
/content/Dataset/STR/STR-WLSGYLLW.jpg,7,STR,288,7,0,5,0.92126405,0.76662534,1.0,0.6588974,2.8433595
/content/Dataset/LYM/LYM-PGSHVQKN.jpg,3,LYM,289,3,0,2,1.0498986,0.80947757,1.0,0.7104998,3.1881104
/content/Dataset/NORM/NORM-PWMMIDCS.jpg,6,NORM,290,6,0,8,0.97178835,0.77603334,1.0,0.683957,3.003563
/content/Dataset/LYM/LYM-PCVDEWCL.jpg,3,LYM,291,4,1,4,1.0588078,0.81511164,1.0,0.7107457,3.2085185
/content/Dataset/TUM/TUM-QQHDLKEF.jpg,8,TUM,292,8,0,6,0.9845316,0.7872673,1.0,0.69095004,2.9969535
/content/Dataset/BACK/BACK-KNKQNHHM.jpg,1,BACK,293,1,0,3,1.0660079,0.80973375,1.0,0.70424587,3.3026662
/content/Dataset/STR/STR-SAERENVR.jpg,7,STR,294,2,1,2,0.9756177,0.7981015,0.93438095,0.65767866,3.114343
/content/Dataset/MUS/MUS-NPIEEAWE.jpg,5,MUS,295,5,0,7,0.95807004,0.78057754,1.0,0.6923869,2.877688
/content/Dataset/TUM/TUM-RGNMVKAD.jpg,8,TUM,296,6,1,6,0.98891294,0.7958473,1.0,0.6898687,2.9828894
/content/Dataset/TUM/TUM-YRSGWVPI.jpg,8,TUM,297,8,0,6,0.9850969,0.7888611,1.0,0.6904611,2.9938655
/content/Dataset/TUM/TUM-TFPQGTSM.jpg,8,TUM,298,8,0,6,0.98396534,0.7863555,1.0,0.6909361,2.998322
/content/Dataset/DEB/DEB-VGRGPFCF.jpg,2,DEB,299,5,1,5,1.0537366,0.8275238,1.0,0.6848724,3.206636
/content/Dataset/STR/STR-PCMLPFVY.jpg,7,STR,300,7,0,5,0.91668683,0.83503664,1.0,0.6172524,2.646231
/content/Dataset/ADI/ADI-HEQIDYYK.jpg,0,ADI,301,0,0,5,1.0928857,0.83028924,0.9799402,0.7221869,3.3175814
/content/Dataset/MUS/MUS-SNVIFVEL.jpg,5,MUS,302,5,0,7,0.9571624,0.77897316,1.0,0.69249666,2.8799415
/content/Dataset/MUC/MUC-AHFPADWK.jpg,4,MUC,303,4,0,7,0.99781746,0.80702686,1.0,0.6767347,3.0212662
/content/Dataset/NORM/NORM-MGGYKNAY.jpg,6,NORM,304,4,1,4,1.0132589,0.8076232,0.9658082,0.68323547,3.141818
/content/Dataset/MUS/MUS-RQHIEQPR.jpg,5,MUS,305,0,1,0,1.048052,0.8314087,1.0,0.66507274,3.2252638
/content/Dataset/TUM/TUM-AAALPREY.jpg,8,TUM,306,6,1,6,0.993,0.8162395,1.0,0.6814114,2.9351883
/content/Dataset/MUC/MUC-VNFKMPYS.jpg,4,MUC,307,0,1,0,1.0278707,0.79410887,0.99877995,0.67846066,3.2587125
/content/Dataset/BACK/BACK-LAPSQVRV.jpg,1,BACK,308,0,1,0,1.0751935,0.8102569,1.0,0.70423007,3.3542361
/content/Dataset/BACK/BACK-KIVFFYYK.jpg,1,BACK,309,0,1,0,1.0756533,0.81085736,1.0,0.70428044,3.3534234
/content/Dataset/MUC/MUC-PKWYLEKY.jpg,4,MUC,310,4,0,6,1.0167127,0.80306697,1.0,0.6783592,3.1433828
/content/Dataset/LYM/LYM-VFTKMYMV.jpg,3,LYM,311,6,1,6,1.0802996,0.829882,1.0,0.7036321,3.2789493
/content/Dataset/TUM/TUM-RPFGNKQQ.jpg,8,TUM,312,8,0,6,0.98330456,0.78568166,1.0,0.69073486,2.9985952
/content/Dataset/LYM/LYM-LANGDAMT.jpg,3,LYM,313,4,1,4,1.058414,0.8147496,1.0,0.7105922,3.2087183
/content/Dataset/NORM/NORM-QFAFLNFE.jpg,6,NORM,314,6,0,8,0.9733907,0.7779919,1.0,0.68432546,3.0017023
/content/Dataset/BACK/BACK-MMNYMDRD.jpg,1,BACK,315,1,0,3,1.0662742,0.810356,1.0,0.70408,3.301429
/content/Dataset/BACK/BACK-KTGCVVVR.jpg,1,BACK,316,1,0,3,1.0660384,0.8095697,1.0,0.70439965,3.3031807
/content/Dataset/LYM/LYM-QVHVLSEQ.jpg,3,LYM,317,4,1,4,1.0554638,0.8138793,0.9935512,0.7102226,3.209072
/content/Dataset/MUC/MUC-SVPLNGSW.jpg,4,MUC,318,4,0,3,1.0170941,0.792368,1.0,0.679034,3.1995795
/content/Dataset/MUS/MUS-RPNGSIHR.jpg,5,MUS,319,5,0,7,0.95670867,0.7782615,1.0,0.69248503,2.8808503
/content/Dataset/DEB/DEB-AFCMDSYW.jpg,2,DEB,320,2,0,3,1.0164751,0.7911879,1.0,0.68648833,3.1756525
/content/Dataset/STR/STR-YEQRSAKK.jpg,7,STR,321,7,0,5,0.9261794,0.8089871,1.0,0.63911414,2.739929
/content/Dataset/MUS/MUS-QASYGIDV.jpg,5,MUS,322,5,0,7,0.935842,0.85381997,1.0,0.6304863,2.6301725
/content/Dataset/STR/STR-YMITLQNV.jpg,7,STR,323,7,0,5,0.9228603,0.7675927,1.0,0.6600069,2.8443096
/content/Dataset/NORM/NORM-VGVYWWKQ.jpg,6,NORM,324,6,0,8,0.9751436,0.7809385,1.0,0.6842111,2.997374
/content/Dataset/LYM/LYM-KWAMLQIY.jpg,3,LYM,325,3,0,2,1.0482354,0.8062779,1.0,0.7109761,3.193754
/content/Dataset/ADI/ADI-AFFGHLRC.jpg,0,ADI,326,0,0,4,1.0847595,0.8230982,1.0,0.72215194,3.273709
/content/Dataset/MUC/MUC-TQPQALFL.jpg,4,MUC,327,4,0,6,1.0166491,0.80266106,1.0,0.6785431,3.1444736
/content/Dataset/MUS/MUS-RLDNCMHA.jpg,5,MUS,328,5,0,7,0.9374444,0.84662616,1.0,0.6352404,2.6531286
/content/Dataset/TUM/TUM-TNTINQQG.jpg,8,TUM,329,5,1,5,1.0469818,0.8254328,1.0,0.68554276,3.1764472
/content/Dataset/DEB/DEB-WKTVCSDE.jpg,2,DEB,330,2,0,3,1.0186452,0.7936163,1.0,0.6870869,3.1733894
/content/Dataset/LYM/LYM-YKVSASTR.jpg,3,LYM,331,3,0,2,0.9754978,0.88298,1.0,0.60482377,2.7911472
/content/Dataset/NORM/NORM-YAMFAAQY.jpg,6,NORM,332,6,0,8,0.9766447,0.7837232,1.0,0.68392956,2.9929981
/content/Dataset/BACK/BACK-HVTWYNDH.jpg,1,BACK,333,1,0,5,1.0672907,0.82587016,0.97611976,0.70297486,3.270356
/content/Dataset/NORM/NORM-VYACRLTC.jpg,6,NORM,334,4,1,4,1.0098141,0.80920345,0.95071864,0.68318963,3.1399374
/content/Dataset/NORM/NORM-PFGKEHQN.jpg,6,NORM,335,4,1,4,1.0139107,0.80629,0.972433,0.6828272,3.1424716
/content/Dataset/NORM/NORM-VLHRSFWV.jpg,6,NORM,336,4,1,4,1.0042466,0.80837363,0.9308517,0.6841035,3.1432805
/content/Dataset/MUS/MUS-ANWEVNNS.jpg,5,MUS,337,7,1,7,0.96695745,0.8130553,1.0,0.6813462,2.810603
/content/Dataset/NORM/NORM-RNAMYSMW.jpg,6,NORM,338,6,0,8,0.9772539,0.78452617,1.0,0.68404806,2.9920843
/content/Dataset/DEB/DEB-VVYTRMCR.jpg,2,DEB,339,2,0,5,0.28632197,0.8198236,1.0,0.044776436,0.8846475
/content/Dataset/NORM/NORM-SGSQETLY.jpg,6,NORM,340,4,1,4,1.0214225,0.83645236,1.0,0.66398615,3.0524578
/content/Dataset/STR/STR-YYAPSIEL.jpg,7,STR,341,5,1,5,0.9291975,0.77985287,1.0,0.6592241,2.8249328
/content/Dataset/MUS/MUS-VMIWETVK.jpg,5,MUS,342,5,0,7,0.95372134,0.77529424,1.0,0.6912451,2.882316
/content/Dataset/MUS/MUS-RKNACHCN.jpg,5,MUS,343,5,0,7,0.95350844,0.77438223,1.0,0.69164157,2.8842406
/content/Dataset/MUC/MUC-YVVQGEHV.jpg,4,MUC,344,4,0,3,1.0168146,0.79185736,1.0,0.67908734,3.2004657
/content/Dataset/MUC/MUC-TALADVEI.jpg,4,MUC,345,6,1,6,1.0181582,0.8086363,1.0,0.6763489,3.1300514
/content/Dataset/NORM/NORM-QPAKNCAA.jpg,6,NORM,346,4,1,4,1.0270367,0.81545377,1.0,0.68161905,3.1276584
/content/Dataset/MUC/MUC-NGMSIDPL.jpg,4,MUC,347,4,0,3,1.0175676,0.79321784,1.0,0.67898124,3.1980267
/content/Dataset/STR/STR-QRPNYERT.jpg,7,STR,348,7,0,5,0.9257272,0.77306795,1.0,0.65965354,2.8358026
/content/Dataset/ADI/ADI-HTASTNVH.jpg,0,ADI,349,0,0,5,1.101577,0.83379817,1.0,0.7221101,3.3124824
/content/Dataset/NORM/NORM-AKPKKQYL.jpg,6,NORM,350,6,0,8,0.97246766,0.7771467,1.0,0.6839161,3.0020092
/content/Dataset/BACK/BACK-LDKEYGQF.jpg,1,BACK,351,1,0,3,1.0665746,0.810401,1.0,0.70436054,3.3019161
/content/Dataset/MUS/MUS-SQWGCVNV.jpg,5,MUS,352,5,0,7,0.95945585,0.782882,1.0,0.6923395,2.8745723
/content/Dataset/BACK/BACK-MCRGKERN.jpg,1,BACK,353,0,1,0,1.0767461,0.8130163,1.0,0.7039016,3.3492813
/content/Dataset/BACK/BACK-KMLTVDDP.jpg,1,BACK,354,1,0,3,1.0664461,0.8099517,1.0,0.70452744,3.3030124
/content/Dataset/NORM/NORM-YWHPQTAT.jpg,6,NORM,355,0,1,0,1.0601064,0.84143615,1.0,0.6599903,3.261577
/content/Dataset/DEB/DEB-TKLSHKYE.jpg,2,DEB,356,2,0,3,1.0183957,0.7931476,1.0,0.6871247,3.1742754
/content/Dataset/DEB/DEB-TGKWANFK.jpg,2,DEB,357,2,0,3,1.0179741,0.79678893,1.0,0.68423295,3.1628156
/content/Dataset/LYM/LYM-NIWRNEIC.jpg,3,LYM,358,3,0,2,1.0472305,0.80491006,1.0,0.7109049,3.1954596
/content/Dataset/ADI/ADI-AVMIDGMF.jpg,0,ADI,359,0,0,4,1.0844316,0.8225164,1.0,0.7222326,3.274666
/content/Dataset/MUS/MUS-PRPAFRYM.jpg,5,MUS,360,5,0,7,0.9567018,0.7797143,1.0,0.6915105,2.876974
/content/Dataset/DEB/DEB-PTLLGRIY.jpg,2,DEB,361,3,1,3,1.020442,0.79589415,1.0,0.68741566,3.1706982
/content/Dataset/ADI/ADI-DLLLHKFL.jpg,0,ADI,362,0,0,2,1.0909259,0.82140857,1.0,0.72170055,3.320019
/content/Dataset/LYM/LYM-HHNRKQKM.jpg,3,LYM,363,3,0,2,1.0466237,0.80476964,1.0,0.71039516,3.1945071
/content/Dataset/NORM/NORM-SAENFYHA.jpg,6,NORM,364,6,0,4,0.35265908,0.8419099,1.0,0.09357516,1.0786616
/content/Dataset/MUC/MUC-QHTGRDQA.jpg,4,MUC,365,3,1,3,1.0176731,0.7934497,1.0,0.6789353,3.1975765
/content/Dataset/DEB/DEB-NSIPHKNK.jpg,2,DEB,366,3,1,3,1.0201881,0.7981113,1.0,0.68565613,3.1637568
/content/Dataset/MUC/MUC-MNSRCKSQ.jpg,4,MUC,367,4,0,7,0.9893777,0.7929814,0.9930661,0.678987,3.0472112
/content/Dataset/NORM/NORM-LGAAGPYA.jpg,6,NORM,368,6,0,8,0.9708488,0.77629656,1.0,0.68285,3.0005279
/content/Dataset/TUM/TUM-VVRRMCHV.jpg,8,TUM,369,8,0,6,0.9844525,0.7882594,1.0,0.6902117,2.9940286
/content/Dataset/ADI/ADI-FNRPWKQW.jpg,0,ADI,370,0,0,5,1.1006453,0.832142,1.0,0.72228986,3.315443
/content/Dataset/MUC/MUC-SFECESQC.jpg,4,MUC,371,4,0,6,1.0175822,0.8037724,1.0,0.67875606,3.143371
/content/Dataset/NORM/NORM-LTMCGREM.jpg,6,NORM,372,6,0,8,0.97453415,0.7794565,1.0,0.68457866,3.0000753
/content/Dataset/ADI/ADI-DFTPWDRP.jpg,0,ADI,373,0,0,2,1.0909879,0.8209144,1.0,0.72209144,3.3216498
/content/Dataset/MUC/MUC-YFHKSPMQ.jpg,4,MUC,374,4,0,3,1.0161395,0.7908256,1.0,0.6790548,3.2021108
/content/Dataset/BACK/BACK-LIDRWLWH.jpg,1,BACK,375,1,0,3,1.0667931,0.81039584,1.0,0.704577,3.3024337
/content/Dataset/LYM/LYM-MCFSDWNT.jpg,3,LYM,376,3,0,2,1.0499916,0.8089772,1.0,0.71093583,3.18974
/content/Dataset/BACK/BACK-KPPELKVN.jpg,1,BACK,377,0,1,0,1.078227,0.8165778,1.0,0.7029586,3.3417861
/content/Dataset/TUM/TUM-VWIKSCKM.jpg,8,TUM,378,6,1,6,0.98709655,0.7951779,1.0,0.6884629,2.9806159
/content/Dataset/MUS/MUS-QMMLVKSY.jpg,5,MUS,379,5,0,7,0.9573123,0.7800457,1.0,0.6919302,2.877458
/content/Dataset/TUM/TUM-RGVTHMDQ.jpg,8,TUM,380,8,0,6,0.3185438,0.7761419,1.0,0.06850732,1.047345
/content/Dataset/ADI/ADI-HLEFVFTW.jpg,0,ADI,381,3,1,3,1.102488,0.8214355,1.0,0.7221202,3.3858051
/content/Dataset/NORM/NORM-NVDGWPTI.jpg,6,NORM,382,4,1,4,1.0266663,0.819191,1.0,0.67894584,3.1158803
/content/Dataset/MUS/MUS-QLHSGKTC.jpg,5,MUS,383,7,1,7,0.9662539,0.7996177,1.0,0.6887692,2.8448086
/content/Dataset/BACK/BACK-IDEMDTNE.jpg,1,BACK,384,1,0,3,1.0667485,0.81069577,1.0,0.7043464,3.3013742
/content/Dataset/LYM/LYM-PCWSTGPV.jpg,3,LYM,385,3,0,4,1.0530481,0.8149764,0.98089767,0.71090275,3.2093163
/content/Dataset/DEB/DEB-QHEQHTHM.jpg,2,DEB,386,2,0,3,1.0169979,0.7908188,1.0,0.6872622,3.177944
/content/Dataset/TUM/TUM-QPVEMVYT.jpg,8,TUM,387,8,0,6,0.9842147,0.7871695,1.0,0.6906916,2.996501
/content/Dataset/LYM/LYM-RLSCPPLL.jpg,3,LYM,388,3,0,8,0.66670644,0.90258723,1.0,0.3210051,1.9711558
/content/Dataset/ADI/ADI-DRMQDVYR.jpg,0,ADI,389,0,0,5,1.1016521,0.833892,1.0,0.72213966,3.3122973
/content/Dataset/MUC/MUC-TFGVWGCK.jpg,4,MUC,390,4,0,3,1.0168442,0.79117966,1.0,0.67955685,3.2025888
/content/Dataset/BACK/BACK-MMEFHWAM.jpg,1,BACK,391,1,0,3,1.0666112,0.8101178,1.0,0.7045844,3.302862
/content/Dataset/NORM/NORM-QYKIYNGI.jpg,6,NORM,392,6,0,8,0.98175323,0.8165894,1.0,0.6689199,2.9124546
/content/Dataset/NORM/NORM-RCSMVDHM.jpg,6,NORM,393,6,0,8,0.97517586,0.7805375,1.0,0.68454057,2.9984677
/content/Dataset/MUS/MUS-RGVYLMEK.jpg,5,MUS,394,5,0,7,0.9559015,0.7775506,1.0,0.69206506,2.8810816
/content/Dataset/DEB/DEB-QFFPVWHE.jpg,2,DEB,395,2,0,7,0.73788947,0.89468503,1.0,0.40239146,2.1348403
/content/Dataset/LYM/LYM-SRHACATS.jpg,3,LYM,396,4,1,4,1.057228,0.8151333,0.9951291,0.7106395,3.2083058
/content/Dataset/DEB/DEB-PAYDNEPK.jpg,2,DEB,397,2,0,3,1.017906,0.79211944,1.0,0.68730396,3.1762204
/content/Dataset/MUS/MUS-NYMPQEHT.jpg,5,MUS,398,5,0,7,0.95832783,0.78255033,1.0,0.691394,2.8728921
/content/Dataset/LYM/LYM-SRDATTNY.jpg,3,LYM,399,3,0,2,1.0511197,0.813558,1.0,0.70904815,3.1788137
/content/Dataset/TUM/TUM-SEHNQNFN.jpg,8,TUM,400,6,1,6,0.9862262,0.79026407,1.0,0.6907551,2.992331
/content/Dataset/MUS/MUS-PMMHIRLS.jpg,5,MUS,401,5,0,7,0.9587654,0.782241,1.0,0.6920357,2.8747509
/content/Dataset/DEB/DEB-RIFMVMVQ.jpg,2,DEB,402,2,0,3,1.0182735,0.79287636,1.0,0.6871918,3.1747594
/content/Dataset/BACK/BACK-AHYHSAPY.jpg,1,BACK,403,1,0,8,1.063486,0.8136283,1.0,0.70333785,3.269995
/content/Dataset/MUS/MUS-SIPWQKAQ.jpg,5,MUS,404,5,0,0,0.39662713,0.8926648,1.0,0.12811123,1.1484191
/content/Dataset/BACK/BACK-NMCNGRKG.jpg,1,BACK,405,1,0,8,1.0645231,0.814444,1.0,0.7038371,3.2698145
/content/Dataset/TUM/TUM-YRWWEIHR.jpg,8,TUM,406,8,0,6,0.98542875,0.7886366,1.0,0.6909724,2.995163
/content/Dataset/LYM/LYM-NNIVIERD.jpg,3,LYM,407,4,1,4,1.0562255,0.81459045,0.99161255,0.7110635,3.210121
/content/Dataset/LYM/LYM-SPVFNDFP.jpg,3,LYM,408,3,0,4,1.051067,0.8148788,0.974929,0.71086043,3.2091408
/content/Dataset/LYM/LYM-QWCVYVEW.jpg,3,LYM,409,3,0,4,1.0487505,0.81508946,0.9713653,0.70951235,3.205753
/content/Dataset/NORM/NORM-WMWTLQGE.jpg,6,NORM,410,6,0,8,0.9831458,0.8049358,1.0,0.6772205,2.9481854
/content/Dataset/TUM/TUM-REMYTQMN.jpg,8,TUM,411,6,1,6,0.9892911,0.82730776,1.0,0.6714066,2.8958745
/content/Dataset/ADI/ADI-DIHLISEF.jpg,0,ADI,412,0,0,4,1.0859934,0.8245688,1.0,0.7223585,3.2721334
/content/Dataset/ADI/ADI-EMRMGWAK.jpg,0,ADI,413,0,0,4,1.0847447,0.8233813,1.0,0.72195536,3.272814
/content/Dataset/STR/STR-NTNNAQEA.jpg,7,STR,414,0,1,0,0.9630542,0.8501251,1.0,0.5772504,2.9583733
/content/Dataset/TUM/TUM-VSSMNDRA.jpg,8,TUM,415,8,0,6,0.9841157,0.7863405,1.0,0.6911126,2.9986649
/content/Dataset/TUM/TUM-TEKNHGEG.jpg,8,TUM,416,6,1,6,0.98631006,0.79020375,1.0,0.69086903,2.9927251
/content/Dataset/TUM/TUM-WRSQAWWF.jpg,8,TUM,417,8,0,6,0.9847616,0.78845644,1.0,0.69043505,2.9940631
/content/Dataset/LYM/LYM-INQYVIYG.jpg,3,LYM,418,3,0,2,1.0503302,0.80981183,1.0,0.7106829,3.1881788
/content/Dataset/MUS/MUS-PCWRLHIN.jpg,5,MUS,419,5,0,7,0.9512641,0.7724337,1.0,0.69050455,2.8846436
/content/Dataset/STR/STR-TYIHNVAI.jpg,7,STR,420,6,1,6,0.99226534,0.8297512,1.0,0.6309215,3.0346897
/content/Dataset/NORM/NORM-YDVWQGGI.jpg,6,NORM,421,6,0,8,0.9730925,0.77776694,1.0,0.6841618,3.0016649
/content/Dataset/DEB/DEB-ACYTIEFI.jpg,2,DEB,422,2,0,3,1.01851,0.79295695,1.0,0.68738174,3.175046
/content/Dataset/ADI/ADI-AAEKWPVP.jpg,0,ADI,423,0,0,5,1.1005747,0.8320844,1.0,0.7222752,3.3154035
/content/Dataset/TUM/TUM-YISPETFD.jpg,8,TUM,424,8,0,6,0.8411822,0.8332821,1.0,0.52639204,2.5243418
/content/Dataset/NORM/NORM-NVHRGMFS.jpg,6,NORM,425,4,1,4,1.0033424,0.8079465,0.9294892,0.6838795,3.1434002
/content/Dataset/STR/STR-MVDPKTYI.jpg,7,STR,426,7,0,5,0.91776913,0.7612748,1.0,0.6585289,2.8500838
/content/Dataset/MUS/MUS-CNPIVPTM.jpg,5,MUS,427,5,0,7,0.95555675,0.77728385,1.0,0.6918717,2.8810484
/content/Dataset/STR/STR-NPWDIGLW.jpg,7,STR,428,8,1,8,0.9882127,0.8355917,1.0,0.6225103,3.0126698
/content/Dataset/TUM/TUM-TRLAWKWR.jpg,8,TUM,429,6,1,6,0.9886828,0.7968333,1.0,0.68904257,2.9794981
/content/Dataset/MUS/MUS-SKSRKIPI.jpg,5,MUS,430,0,1,0,1.0571463,0.8391708,1.0,0.6691405,3.2225726
/content/Dataset/DEB/DEB-VEERSIWT.jpg,2,DEB,431,2,0,3,1.0169348,0.79205203,1.0,0.6863595,3.1742232
/content/Dataset/STR/STR-PTRYATLM.jpg,7,STR,432,7,0,5,0.92769676,0.7775104,1.0,0.6589866,2.8281846
/content/Dataset/LYM/LYM-ADCWVIWK.jpg,3,LYM,433,3,0,2,1.0484524,0.8067022,1.0,0.7109178,3.1929662
/content/Dataset/BACK/BACK-IREIKGGF.jpg,1,BACK,434,0,1,0,1.0764768,0.8131186,1.0,0.7035704,3.348354
/content/Dataset/NORM/NORM-SHNDVSFN.jpg,6,NORM,435,4,1,4,1.0039319,0.80644155,0.9357506,0.6836574,3.14457
/content/Dataset/MUC/MUC-QCACHMYK.jpg,4,MUC,436,4,0,3,1.0158172,0.7915321,1.0,0.67829204,3.199149
/content/Dataset/NORM/NORM-MTLDFCNV.jpg,6,NORM,437,6,0,8,0.9726089,0.77742434,1.0,0.683856,3.0016253
/content/Dataset/TUM/TUM-VSQPTNHL.jpg,8,TUM,438,8,0,6,0.98437196,0.7871061,1.0,0.6909009,2.9970136
/content/Dataset/NORM/NORM-WYSCFCFW.jpg,6,NORM,439,4,1,4,1.0102675,0.80640703,0.9591115,0.68307465,3.142974
/content/Dataset/MUC/MUC-SGYDTCVV.jpg,4,MUC,440,4,0,3,1.0166421,0.7929065,1.0,0.6782204,3.1969414
/content/Dataset/ADI/ADI-EWKILGMM.jpg,0,ADI,441,3,1,3,1.1022689,0.8211365,1.0,0.72212696,3.3861704
/content/Dataset/STR/STR-VTKIDSSP.jpg,7,STR,442,7,0,5,0.9214513,0.7734748,1.0,0.6546306,2.8256862
/content/Dataset/NORM/NORM-TWTEGNQK.jpg,6,NORM,443,6,0,8,0.9828719,0.8004103,1.0,0.6796873,2.9603379
/content/Dataset/MUC/MUC-NKWAIKLV.jpg,4,MUC,444,4,0,7,0.99298453,0.7960723,1.0,0.6786041,3.0419676
/content/Dataset/BACK/BACK-NPQPFTCS.jpg,1,BACK,445,1,0,5,1.0640826,0.8253867,0.96357083,0.7039473,3.2733364
/content/Dataset/ADI/ADI-ENHHQEPN.jpg,0,ADI,446,0,0,2,1.090977,0.8209389,1.0,0.72208154,3.3214884
/content/Dataset/BACK/BACK-AEGPFSDQ.jpg,1,BACK,447,1,0,8,1.0614206,0.81501514,0.9865415,0.7044785,3.2705684
/content/Dataset/TUM/TUM-YFDSNCDD.jpg,8,TUM,448,8,0,6,0.98449486,0.7876525,1.0,0.6906584,2.9958
/content/Dataset/STR/STR-MQLLWSKK.jpg,7,STR,449,2,1,2,0.9956767,0.81132907,1.0,0.65033764,3.0776443
/content/Dataset/ADI/ADI-GSESKEKV.jpg,0,ADI,450,3,1,3,1.1032243,0.82254034,1.0,0.722075,3.3841038
/content/Dataset/LYM/LYM-TGEQVMII.jpg,3,LYM,451,3,0,2,1.047698,0.8054629,1.0,0.71100163,3.1948836
/content/Dataset/TUM/TUM-TEEVKVRI.jpg,8,TUM,452,6,1,6,0.9926403,0.80728453,1.0,0.6864459,2.9594054
/content/Dataset/NORM/NORM-WERDHFLH.jpg,6,NORM,453,4,1,4,1.0128858,0.80733216,0.96474767,0.6833813,3.1425
/content/Dataset/MUC/MUC-YIPTQHVL.jpg,4,MUC,454,6,1,6,1.0178065,0.8043704,1.0,0.6786301,3.1420147
/content/Dataset/TUM/TUM-VMDYPLYW.jpg,8,TUM,455,8,0,6,0.98388463,0.7863288,1.0,0.6908798,2.9981842
/content/Dataset/BACK/BACK-KETWQAWY.jpg,1,BACK,456,1,0,3,1.0661951,0.8100661,1.0,0.70421994,3.302039
/content/Dataset/TUM/TUM-RRDTWFSD.jpg,8,TUM,457,5,1,5,1.0459305,0.8298085,1.0,0.68158007,3.1620424
/content/Dataset/NORM/NORM-SWIIKLAI.jpg,6,NORM,458,6,0,8,0.98334664,0.7999059,1.0,0.6805084,2.9627326
/content/Dataset/MUC/MUC-NPIWKHFP.jpg,4,MUC,459,6,1,6,1.019617,0.81384736,1.0,0.67459196,3.1179419
/content/Dataset/NORM/NORM-RRNQKEVK.jpg,6,NORM,460,4,1,4,1.0073406,0.807161,0.94562584,0.68363774,3.143516
/content/Dataset/MUC/MUC-CFPTSPVE.jpg,4,MUC,461,6,1,6,1.02005,0.81309086,1.0,0.6754321,3.1213412
/content/Dataset/NORM/NORM-TKQEIAAV.jpg,6,NORM,462,6,0,8,0.97357595,0.7785858,1.0,0.68411034,3.0005026
/content/Dataset/TUM/TUM-VVCYTWGL.jpg,8,TUM,463,8,0,6,0.983917,0.78626376,1.0,0.690982,2.9983535
/content/Dataset/BACK/BACK-IPGHMIEC.jpg,1,BACK,464,2,1,2,1.0759598,0.82263285,0.98305535,0.7036411,3.3236215
/content/Dataset/DEB/DEB-WRSIIMYQ.jpg,2,DEB,465,8,1,8,1.0397289,0.83734936,1.0,0.66297287,3.1544437
/content/Dataset/MUC/MUC-HHSCKLTT.jpg,4,MUC,466,4,0,7,0.99264777,0.7954515,1.0,0.67868817,3.0428743
/content/Dataset/BACK/BACK-AKQGRQPL.jpg,1,BACK,467,0,1,0,1.0781144,0.8320234,1.0,0.69297767,3.293981
/content/Dataset/LYM/LYM-NFTGDAQM.jpg,3,LYM,468,3,0,2,1.0491116,0.808048,1.0,0.71068114,3.190485
/content/Dataset/BACK/BACK-LYPPCVKH.jpg,1,BACK,469,1,0,3,1.0662029,0.8098464,1.0,0.70438004,3.3027015
/content/Dataset/NORM/NORM-YNLDALGN.jpg,6,NORM,470,6,0,8,0.9145525,0.8197353,1.0,0.60055304,2.7488694
/content/Dataset/LYM/LYM-KLLFNDWF.jpg,3,LYM,471,3,0,2,1.0474397,0.8051849,1.0,0.7109254,3.1951368
/content/Dataset/MUC/MUC-RYLEKCYK.jpg,4,MUC,472,0,1,0,1.029432,0.79526424,1.0,0.6788897,3.257955
/content/Dataset/DEB/DEB-SIYFGWVD.jpg,2,DEB,473,2,0,3,1.0182974,0.79283154,1.0,0.68721163,3.1750662
/content/Dataset/BACK/BACK-IKSLLKLH.jpg,1,BACK,474,0,1,0,1.0752474,0.8101946,1.0,0.70432824,3.3545368
/content/Dataset/MUS/MUS-AGWTMKRM.jpg,5,MUS,475,5,0,7,0.95618784,0.7784237,1.0,0.6917819,2.879404
/content/Dataset/STR/STR-WICINKCQ.jpg,7,STR,476,2,1,2,0.98494595,0.81107646,0.97970104,0.6451055,3.0690076
/content/Dataset/BACK/BACK-MSYRWWKD.jpg,1,BACK,477,1,0,8,1.065633,0.8156524,1.0,0.7041208,3.26872
/content/Dataset/BACK/BACK-MIDPNWIF.jpg,1,BACK,478,1,0,3,1.0654598,0.80978525,1.0,0.70366853,3.3012822
/content/Dataset/MUC/MUC-CCWDRQNW.jpg,4,MUC,479,4,0,6,1.0171247,0.80578625,1.0,0.6770102,3.1364384
/content/Dataset/MUC/MUC-VYCVANEL.jpg,4,MUC,480,4,0,7,0.9926426,0.79546034,1.0,0.6786641,3.0428813
/content/Dataset/BACK/BACK-LQIKMDEC.jpg,1,BACK,481,0,1,0,1.0754694,0.8111458,1.0,0.7038951,3.3521624
/content/Dataset/MUC/MUC-AEQLCLIY.jpg,4,MUC,482,6,1,6,1.0205795,0.8143261,1.0,0.6752216,3.1188185
/content/Dataset/MUC/MUC-NCCFKMVQ.jpg,4,MUC,483,6,1,6,1.0177726,0.80508685,1.0,0.6781154,3.1399183
/content/Dataset/BACK/BACK-LYTMWWIF.jpg,1,BACK,484,1,0,3,1.0666715,0.8102915,1.0,0.70452464,3.3024833
/content/Dataset/LYM/LYM-QPEMIKLQ.jpg,3,LYM,485,5,1,5,1.0792704,0.8307519,1.0,0.7085124,3.250734
/content/Dataset/LYM/LYM-QLWNTRYP.jpg,3,LYM,486,3,0,2,1.0486163,0.8067446,1.0,0.7110531,3.1932063
/content/Dataset/LYM/LYM-NLLNAFTS.jpg,3,LYM,487,8,1,8,1.0805418,0.86374044,1.0,0.67452306,3.2100234
/content/Dataset/TUM/TUM-WIRCCWTC.jpg,8,TUM,488,8,0,6,0.98428124,0.78683424,1.0,0.6909905,2.9975543
/content/Dataset/DEB/DEB-VAAHLYQG.jpg,2,DEB,489,5,1,5,1.0419832,0.82409424,0.9632179,0.6864221,3.21555
/content/Dataset/TUM/TUM-RAFYVCDT.jpg,8,TUM,490,6,1,6,0.99002236,0.79903394,1.0,0.688986,2.9764338
/content/Dataset/MUS/MUS-ADTKCALN.jpg,5,MUS,491,5,0,7,0.95906824,0.7826539,1.0,0.6920832,2.8743188
/content/Dataset/LYM/LYM-YMGKCAYI.jpg,3,LYM,492,4,1,4,1.0561173,0.81542337,0.9948862,0.7094776,3.2049572
/content/Dataset/STR/STR-YEYIDNPS.jpg,7,STR,493,7,0,2,0.8111217,0.88161063,1.0,0.45480257,2.3999302
/content/Dataset/BACK/BACK-PFDTPFAP.jpg,1,BACK,494,0,1,0,1.0770733,0.8307619,1.0,0.69277626,3.2954586
/content/Dataset/TUM/TUM-RGWHAGHR.jpg,8,TUM,495,6,1,6,0.986217,0.7902522,1.0,0.6907202,2.992452
/content/Dataset/NORM/NORM-VIHHTHLV.jpg,6,NORM,496,6,0,4,0.99882543,0.807394,0.9155817,0.68387645,3.1442382
/content/Dataset/MUS/MUS-RDCGVTSG.jpg,5,MUS,497,7,1,7,0.9613356,0.78684795,1.0,0.6917402,2.868099
/content/Dataset/TUM/TUM-WRPRWQYW.jpg,8,TUM,498,8,0,6,0.97138304,0.7859957,1.0,0.6779378,2.9717026
/content/Dataset/TUM/TUM-WMYLGGGN.jpg,8,TUM,499,6,1,6,0.9869926,0.79152906,1.0,0.69069386,2.9906063
/content/Dataset/BACK/BACK-HWKCYYWD.jpg,1,BACK,500,1,0,4,1.0663723,0.82009614,1.0,0.7042953,3.2485487
/content/Dataset/LYM/LYM-SDWIAILW.jpg,3,LYM,501,4,1,4,1.0588797,0.8155758,1.0,0.7104915,3.207385
/content/Dataset/MUC/MUC-HKIKHFLS.jpg,4,MUC,502,4,0,3,1.0166633,0.7917974,1.0,0.6789478,3.2003918
/content/Dataset/NORM/NORM-NRVEGVNV.jpg,6,NORM,503,6,0,8,0.97247803,0.77684665,1.0,0.68414843,3.002802
/content/Dataset/ADI/ADI-DLLMVKKY.jpg,0,ADI,504,0,0,4,1.0854391,0.8236928,1.0,0.7224064,3.2734892
/content/Dataset/ADI/ADI-HHGSMSYV.jpg,0,ADI,505,0,0,5,1.1006367,0.83254194,1.0,0.7220565,3.3140843
/content/Dataset/TUM/TUM-AANMKCKM.jpg,8,TUM,506,8,0,6,0.6201314,0.900486,1.0,0.3315871,1.7361194
/content/Dataset/MUS/MUS-QIWRSQGY.jpg,5,MUS,507,5,0,7,0.9562771,0.77804327,1.0,0.6921348,2.880598
/content/Dataset/NORM/NORM-PSTFYNDW.jpg,6,NORM,508,4,1,4,1.0046146,0.8073207,0.93517965,0.6839112,3.1440592
/content/Dataset/STR/STR-SRYPYLRR.jpg,7,STR,509,4,1,4,0.9681524,0.8133158,1.0,0.63890505,2.950391
/content/Dataset/STR/STR-QGNQNGGT.jpg,7,STR,510,7,0,5,0.92251223,0.76918197,1.0,0.65857726,2.8393548
/content/Dataset/MUC/MUC-WWFMKAVR.jpg,4,MUC,511,4,0,7,0.9912663,0.79447746,0.9945219,0.67950374,3.0462961
/content/Dataset/DEB/DEB-SKHCGPTK.jpg,2,DEB,512,2,0,6,0.35151562,0.7978348,1.0,0.068683855,1.1715038
/content/Dataset/NORM/NORM-MSVGSMSA.jpg,6,NORM,513,6,0,8,0.97269744,0.77731675,1.0,0.68405974,3.0019968
/content/Dataset/MUC/MUC-WMSFIPGA.jpg,4,MUC,514,4,0,3,1.0167263,0.79206204,1.0,0.67886066,3.1996598
/content/Dataset/NORM/NORM-SEDGVIIQ.jpg,6,NORM,515,6,0,4,0.9977682,0.80705875,0.912736,0.6838972,3.144729
/content/Dataset/MUC/MUC-CCVCDPRK.jpg,4,MUC,516,4,0,7,0.99296975,0.79496753,1.0,0.67925954,3.0452073
/content/Dataset/DEB/DEB-YAILMSGV.jpg,2,DEB,517,3,1,3,1.021335,0.80334705,1.0,0.6834563,3.1508002
/content/Dataset/NORM/NORM-WVVPYMHQ.jpg,6,NORM,518,6,0,4,1.0008456,0.80784905,0.9207935,0.6840359,3.143986
/content/Dataset/DEB/DEB-YLCTYNWY.jpg,2,DEB,519,2,0,7,0.3566066,0.6862961,1.0,0.05319723,1.4242826
/content/Dataset/MUS/MUS-NNSYRDKN.jpg,5,MUS,520,5,0,7,0.9577822,0.7800796,1.0,0.6924148,2.878372
/content/Dataset/BACK/BACK-NCIVTLDN.jpg,1,BACK,521,1,0,3,1.0658193,0.8094554,1.0,0.70425266,3.3030589
/content/Dataset/TUM/TUM-RCTKEMYT.jpg,8,TUM,522,8,0,6,0.982558,0.7862265,1.0,0.6895778,2.9954839
/content/Dataset/MUS/MUS-RNEWHIGK.jpg,5,MUS,523,5,0,7,0.9544428,0.7756229,1.0,0.6917903,2.8830397
/content/Dataset/BACK/BACK-AASWFEFM.jpg,1,BACK,524,1,0,8,1.0655205,0.8157125,1.0,0.70399153,3.2682114
/content/Dataset/TUM/TUM-YSCGVAAA.jpg,8,TUM,525,6,1,6,0.98669213,0.7906351,1.0,0.69096833,2.9924197
/content/Dataset/DEB/DEB-PICMWDEV.jpg,2,DEB,526,2,0,3,1.0181564,0.79512656,1.0,0.6855379,3.1680253
/content/Dataset/TUM/TUM-WQEHFHGE.jpg,8,TUM,527,8,0,6,0.9811844,0.79045945,1.0,0.68539035,2.9806368
/content/Dataset/TUM/TUM-SNLNPDYM.jpg,8,TUM,528,8,0,6,0.9843333,0.78689265,1.0,0.69095796,2.997664
/content/Dataset/STR/STR-QWGRSATQ.jpg,7,STR,529,7,0,5,0.9196151,0.7635897,1.0,0.6590584,2.847892
/content/Dataset/LYM/LYM-TVYFWWDS.jpg,3,LYM,530,3,0,4,1.0524423,0.8151667,0.9794618,0.7106027,3.2084231
/content/Dataset/STR/STR-NCDMHEVG.jpg,7,STR,531,5,1,5,0.92946666,0.7848328,1.0,0.65642554,2.8122141
/content/Dataset/NORM/NORM-SEGDPSAL.jpg,6,NORM,532,6,0,4,0.997254,0.80708635,0.9097328,0.6842513,3.1456168
/content/Dataset/MUC/MUC-WTMCQGIE.jpg,4,MUC,533,4,0,3,1.0171802,0.7922745,1.0,0.67918265,3.2000575
/content/Dataset/DEB/DEB-RHYGDWYT.jpg,2,DEB,534,3,1,3,1.0212982,0.79806924,1.0,0.6868604,3.1661954
/content/Dataset/DEB/DEB-SYGSLEYD.jpg,2,DEB,535,2,0,3,1.0189319,0.7933214,1.0,0.6875821,3.1748784
/content/Dataset/TUM/TUM-VEIWRCRM.jpg,8,TUM,536,8,0,6,0.98563373,0.789397,1.0,0.6906899,2.9934897
/content/Dataset/BACK/BACK-KMYMNCDQ.jpg,1,BACK,537,1,0,3,1.0660497,0.8097043,1.0,0.70431995,3.302801
/content/Dataset/STR/STR-TGNKQMNW.jpg,7,STR,538,7,0,5,0.9224109,0.766634,1.0,0.660137,2.845893
/content/Dataset/NORM/NORM-YSQFSNGL.jpg,6,NORM,539,6,0,8,0.9770332,0.7842297,1.0,0.684059,2.9922662
/content/Dataset/TUM/TUM-YHWQAGLR.jpg,8,TUM,540,5,1,5,1.0452386,0.83900493,1.0,0.675668,3.132457
/content/Dataset/STR/STR-QRHQCIGY.jpg,7,STR,541,7,0,2,0.9202007,0.8105303,0.933241,0.59140915,2.954133
/content/Dataset/MUC/MUC-SAGVMCLD.jpg,4,MUC,542,6,1,6,1.018096,0.80459666,1.0,0.6787146,3.142222
/content/Dataset/TUM/TUM-RADTDHRL.jpg,8,TUM,543,6,1,6,0.9884297,0.7950817,1.0,0.6898784,2.9839013
/content/Dataset/MUC/MUC-TDYAGCHY.jpg,4,MUC,544,3,1,3,1.0177257,0.792712,1.0,0.6794467,3.1999981
/content/Dataset/LYM/LYM-VPQKGQFY.jpg,3,LYM,545,4,1,4,1.0560232,0.8149121,0.9904027,0.7110222,3.2095394
/content/Dataset/NORM/NORM-AFEEGEQL.jpg,6,NORM,546,6,0,8,0.98208463,0.80389893,1.0,0.6766862,2.9489982
/content/Dataset/TUM/TUM-SMWWLWAY.jpg,8,TUM,547,8,0,6,0.9849856,0.7901251,1.0,0.68954486,2.9900167
/content/Dataset/LYM/LYM-QLSSTCMS.jpg,3,LYM,548,3,0,2,1.0505726,0.8114866,1.0,0.7098719,3.1836305
/content/Dataset/TUM/TUM-RTGNDNPD.jpg,8,TUM,549,8,0,6,0.9267858,0.8718455,1.0,0.59327453,2.622199
/content/Dataset/BACK/BACK-IGCGEYSD.jpg,1,BACK,550,0,1,0,1.075301,0.8102473,1.0,0.70434916,3.3544831
/content/Dataset/MUS/MUS-NTIPEMLG.jpg,5,MUS,551,5,0,7,0.95464665,0.7763612,1.0,0.6915062,2.8815444
/content/Dataset/STR/STR-WIRMPYWD.jpg,7,STR,552,7,0,5,0.9209409,0.76684207,1.0,0.6583885,2.8421125
/content/Dataset/LYM/LYM-CQNVVFRW.jpg,3,LYM,553,3,0,4,1.0523638,0.8147491,0.9800598,0.71066236,3.2089171
/content/Dataset/MUC/MUC-PYAVGGQS.jpg,4,MUC,554,5,1,5,1.0361184,0.81974345,0.9793424,0.6781693,3.2056673
/content/Dataset/LYM/LYM-RANACRTE.jpg,3,LYM,555,4,1,4,1.0549381,0.8154553,0.9864211,0.7107701,3.2083547
/content/Dataset/ADI/ADI-CPWPHPYY.jpg,0,ADI,556,0,0,4,1.0847267,0.8244462,0.9980487,0.7218004,3.271047
/content/Dataset/MUS/MUS-PKGILAWC.jpg,5,MUS,557,5,0,7,0.95357895,0.7742293,1.0,0.6917967,2.8848753
/content/Dataset/MUC/MUC-WFITDLSR.jpg,4,MUC,558,4,0,7,0.991401,0.79436016,0.9954936,0.67941797,3.0463152
/content/Dataset/TUM/TUM-VGNADEHC.jpg,8,TUM,559,6,1,6,0.98647094,0.79009736,1.0,0.6910942,2.9934142
/content/Dataset/NORM/NORM-MNRKCFFF.jpg,6,NORM,560,6,0,4,1.00011,0.8068522,0.92090595,0.6839454,3.145044
/content/Dataset/STR/STR-STKIICYF.jpg,7,STR,561,7,0,8,0.9117427,0.8497109,1.0,0.54459274,2.783064
/content/Dataset/MUS/MUS-SVNAMYTF.jpg,5,MUS,562,5,0,7,0.9518054,0.7734077,1.0,0.6904492,2.8831747
/content/Dataset/BACK/BACK-HHSGLYAV.jpg,1,BACK,563,1,0,3,1.0662602,0.8100724,1.0,0.7042818,3.30216
/content/Dataset/MUS/MUS-STGKADAV.jpg,5,MUS,564,5,0,7,0.9537238,0.77496576,1.0,0.6914962,2.8831086
/content/Dataset/DEB/DEB-YRTPRKLT.jpg,2,DEB,565,2,0,3,1.0188539,0.7937591,1.0,0.68721205,3.173413
/content/Dataset/STR/STR-NRYRWACA.jpg,7,STR,566,7,0,5,0.92119366,0.7958938,1.0,0.64113224,2.7642395
/content/Dataset/NORM/NORM-QQGVFGVT.jpg,6,NORM,567,4,1,4,1.0175719,0.80859756,0.9779089,0.68329185,3.1405845
/content/Dataset/NORM/NORM-YRSLRKIP.jpg,6,NORM,568,6,0,4,0.99757767,0.80554247,0.9163082,0.6836711,3.1461213
/content/Dataset/BACK/BACK-MNICTMLG.jpg,1,BACK,569,1,0,3,1.0664608,0.81006086,1.0,0.7044697,3.302712
/content/Dataset/STR/STR-SAYCEIEQ.jpg,7,STR,570,7,0,5,0.925564,0.77498335,1.0,0.6582034,2.8304882
/content/Dataset/MUC/MUC-VCGMCQSR.jpg,4,MUC,571,4,0,7,0.9926294,0.7959557,1.0,0.6783381,3.0414262
/content/Dataset/ADI/ADI-NTWSRTRN.jpg,0,ADI,572,0,0,5,1.1011258,0.83288735,1.0,0.72229457,3.314147
/content/Dataset/DEB/DEB-SEDMWVSD.jpg,2,DEB,573,8,1,8,1.0453453,0.83361113,1.0,0.67041284,3.1789534
/content/Dataset/TUM/TUM-REHRFCWW.jpg,8,TUM,574,6,1,6,0.9871613,0.79203403,1.0,0.690579,2.9894474
/content/Dataset/DEB/DEB-TQATKQRA.jpg,2,DEB,575,3,1,3,1.0199673,0.79552305,1.0,0.68714666,3.1708336
/content/Dataset/MUS/MUS-PVMMNWYW.jpg,5,MUS,576,5,0,7,0.955632,0.7769187,1.0,0.6922156,2.8821232
/content/Dataset/ADI/ADI-FWIGRVWA.jpg,0,ADI,577,3,1,3,1.1027259,0.821201,1.0,0.7225093,3.3870559
/content/Dataset/LYM/LYM-QYFFAKKK.jpg,3,LYM,578,6,1,6,1.0835133,0.8313118,0.9990239,0.7058756,3.28334
/content/Dataset/BACK/BACK-MRHIFTPM.jpg,1,BACK,579,1,0,3,1.0662267,0.810078,1.0,0.7042377,3.3020947
/content/Dataset/STR/STR-YRAVWMAE.jpg,7,STR,580,7,0,5,0.33646116,0.8442689,1.0,0.11424936,0.9813725
/content/Dataset/BACK/BACK-AHNFFALY.jpg,1,BACK,581,1,0,3,1.0663711,0.8101128,1.0,0.7043565,3.3023155
/content/Dataset/TUM/TUM-SKWGKRFH.jpg,8,TUM,582,8,0,6,0.9785618,0.78336585,1.0,0.68725276,2.9947095
/content/Dataset/LYM/LYM-QRTEAEWE.jpg,3,LYM,583,3,0,2,1.0476894,0.80528116,1.0,0.71111846,3.1953828
/content/Dataset/LYM/LYM-AGGVFQEW.jpg,3,LYM,584,2,1,2,1.05416,0.8221786,1.0,0.7063979,3.1606648
/content/Dataset/STR/STR-THETKRCT.jpg,7,STR,585,7,0,5,0.9222677,0.767727,1.0,0.65932995,2.842465
/content/Dataset/MUC/MUC-YTRNDQAK.jpg,4,MUC,586,4,0,3,1.0171288,0.79174364,1.0,0.67946684,3.2015765
/content/Dataset/DEB/DEB-QCFQMLCM.jpg,2,DEB,587,2,0,3,1.0175374,0.7916508,1.0,0.68728375,3.1766157
/content/Dataset/NORM/NORM-PDSDHQSP.jpg,6,NORM,588,6,0,8,0.97364175,0.77874243,1.0,0.6840821,3.0001895
/content/Dataset/MUS/MUS-RWQSLCVT.jpg,5,MUS,589,5,0,7,0.95503724,0.77656746,1.0,0.69180655,2.881785
/content/Dataset/TUM/TUM-WRAGTLEG.jpg,8,TUM,590,8,0,6,0.9830441,0.7859901,1.0,0.6902551,2.9971724
/content/Dataset/MUC/MUC-SEMEAVIV.jpg,4,MUC,591,4,0,3,1.0171003,0.7917656,1.0,0.67941487,3.2014763
/content/Dataset/LYM/LYM-RIENRNTT.jpg,3,LYM,592,4,1,4,1.0594978,0.81562394,1.0,0.711076,3.208594
/content/Dataset/BACK/BACK-KRASKENN.jpg,1,BACK,593,0,1,0,1.0766691,0.8140695,1.0,0.70311,3.3459258
/content/Dataset/ADI/ADI-HLWIEMQN.jpg,0,ADI,594,0,0,3,1.1019881,0.82064676,1.0,0.72219926,3.3869975
/content/Dataset/LYM/LYM-RPWSGAGM.jpg,3,LYM,595,4,1,4,1.054256,0.8136812,0.98810834,0.7108281,3.2106462
/content/Dataset/ADI/ADI-FMYKLMVI.jpg,0,ADI,596,0,0,2,1.0909646,0.8207715,1.0,0.72219175,3.3219285
/content/Dataset/STR/STR-QSRANFTC.jpg,7,STR,597,5,1,5,0.92887914,0.7828368,1.0,0.6570279,2.8162522
/content/Dataset/MUS/MUS-REHEAIGN.jpg,5,MUS,598,5,0,7,0.9587619,0.78200305,1.0,0.6921636,2.8754547
/content/Dataset/BACK/BACK-LYAPIIEM.jpg,1,BACK,599,1,0,3,1.0662326,0.8101047,1.0,0.70422834,3.3020163
/content/Dataset/DEB/DEB-YTWSEPPS.jpg,2,DEB,600,2,0,3,1.0180281,0.79268414,1.0,0.6870607,3.1748033
/content/Dataset/ADI/ADI-DCVNEYGW.jpg,0,ADI,601,0,0,4,1.0840671,0.8225678,0.9990239,0.72213775,3.2743928
/content/Dataset/MUS/MUS-NRWQWKLR.jpg,5,MUS,602,5,0,7,0.95430297,0.7755605,1.0,0.6917107,2.8828123
/content/Dataset/ADI/ADI-GGKVMSYN.jpg,0,ADI,603,0,0,5,1.1006293,0.83234084,1.0,0.7221699,3.3147144
/content/Dataset/TUM/TUM-YEKDGIDM.jpg,8,TUM,604,8,0,6,0.98539627,0.78864187,1.0,0.690934,2.99508
/content/Dataset/LYM/LYM-ESFYQQML.jpg,3,LYM,605,3,0,2,1.049439,0.80894804,1.0,0.7103635,3.1887412
/content/Dataset/DEB/DEB-RRKGTACE.jpg,2,DEB,606,2,0,3,1.0188712,0.7938535,1.0,0.68715256,3.173225
/content/Dataset/ADI/ADI-IIHACKKG.jpg,0,ADI,607,0,0,5,1.0930245,0.8303106,0.97898364,0.7225657,3.3186185
/content/Dataset/MUS/MUS-CIQAGCRV.jpg,5,MUS,608,7,1,7,0.96493405,0.8256571,1.0,0.67216295,2.7724485
/content/Dataset/LYM/LYM-RMQGQAIR.jpg,3,LYM,609,3,0,2,1.050368,0.81066215,1.0,0.71016556,3.1857502
/content/Dataset/MUS/MUS-ATCANIRV.jpg,5,MUS,610,5,0,7,0.95211035,0.77389735,1.0,0.69044435,2.882547
/content/Dataset/NORM/NORM-PLNYAQDS.jpg,6,NORM,611,6,0,8,0.97162825,0.7757952,1.0,0.6839388,3.0039005
/content/Dataset/TUM/TUM-TVLQCRYT.jpg,8,TUM,612,8,0,6,0.46522298,0.883605,1.0,0.20901881,1.3237805
/content/Dataset/DEB/DEB-PYRAKCAQ.jpg,2,DEB,613,2,0,7,0.35392368,0.6719733,1.0,0.0504601,1.444199
/content/Dataset/MUC/MUC-AKHVEDMM.jpg,4,MUC,614,4,0,6,1.0168141,0.813892,1.0,0.671914,3.111009
/content/Dataset/STR/STR-SNEMIGDG.jpg,7,STR,615,7,0,5,0.9256802,0.773916,1.0,0.65912193,2.8332434
/content/Dataset/ADI/ADI-CQKYYDDC.jpg,0,ADI,616,0,0,5,1.1008339,0.8382277,1.0,0.7186289,3.297154
/content/Dataset/MUC/MUC-RTSWMEYV.jpg,4,MUC,617,0,1,0,1.0332509,0.8064802,1.0,0.6754823,3.2324564
/content/Dataset/MUS/MUS-NWDDDTKR.jpg,5,MUS,618,7,1,7,0.9617609,0.789478,1.0,0.69048744,2.8620274
/content/Dataset/LYM/LYM-THQYPIQV.jpg,3,LYM,619,3,0,2,1.0487182,0.80723625,1.0,0.71081,3.1920536
/content/Dataset/LYM/LYM-RDEYHDQW.jpg,3,LYM,620,4,1,4,1.0595143,0.81580186,1.0,0.7109728,3.2081165
/content/Dataset/BACK/BACK-IDYKKKFH.jpg,1,BACK,621,1,0,3,1.0663159,0.81015277,1.0,0.70426303,3.302116
/content/Dataset/BACK/BACK-HYMGMELA.jpg,1,BACK,622,1,0,3,1.0663723,0.81018656,1.0,0.7043036,3.3021119
/content/Dataset/STR/STR-QTHDEQGP.jpg,7,STR,623,7,0,5,0.9245534,0.78456026,1.0,0.6513312,2.8021555
/content/Dataset/MUC/MUC-SRLPTQTM.jpg,4,MUC,624,0,1,0,1.0334302,0.82034636,1.0,0.6670295,3.1909108
/content/Dataset/ADI/ADI-FWIHSGID.jpg,0,ADI,625,0,0,5,1.0975494,0.8309581,0.9931873,0.72220606,3.316709
/content/Dataset/ADI/ADI-EAGWADTA.jpg,0,ADI,626,0,0,5,1.0936741,0.83017623,0.9813769,0.722572,3.318726
/content/Dataset/BACK/BACK-KVHWGVRY.jpg,1,BACK,627,1,0,3,1.0664307,0.8101697,1.0,0.7043803,3.3022666
/content/Dataset/DEB/DEB-TTFNAFTT.jpg,2,DEB,628,3,1,3,1.019255,0.79379314,1.0,0.68757653,3.1742923
/content/Dataset/MUS/MUS-VIYCISAH.jpg,5,MUS,629,5,0,7,0.9598262,0.7855916,1.0,0.6910155,2.8679905
/content/Dataset/MUC/MUC-NRCINDVT.jpg,4,MUC,630,4,0,6,0.9963037,0.8519019,1.0,0.631663,2.9503577
/content/Dataset/ADI/ADI-AWDCRYDG.jpg,0,ADI,631,3,1,3,1.1022828,0.8212437,1.0,0.7220691,3.3858676
/content/Dataset/MUS/MUS-RWDQDGVT.jpg,5,MUS,632,5,0,7,0.9602622,0.7929678,1.0,0.6867092,2.849407
/content/Dataset/TUM/TUM-WFWDFGCW.jpg,8,TUM,633,8,0,6,0.98399353,0.7866155,1.0,0.6907952,2.9976559
/content/Dataset/BACK/BACK-LECAILGP.jpg,1,BACK,634,1,0,3,1.0662849,0.8101096,1.0,0.7042764,3.3021212
/content/Dataset/MUC/MUC-SCWMKEVP.jpg,4,MUC,635,4,0,7,0.9921675,0.7943738,1.0,0.67885065,3.04499
/content/Dataset/MUS/MUS-PEQWFLQK.jpg,5,MUS,636,5,0,7,0.95515656,0.77722436,1.0,0.6915233,2.8802094
/content/Dataset/TUM/TUM-THDNPDGH.jpg,8,TUM,637,8,0,6,0.9851568,0.7876864,1.0,0.6913225,2.997179
/content/Dataset/ADI/ADI-AYNFAWKI.jpg,0,ADI,638,0,0,4,1.0827825,0.8222343,0.9946433,0.7224347,3.275605
/content/Dataset/BACK/BACK-AFKMNIGG.jpg,1,BACK,639,1,0,3,1.0657296,0.80968183,1.0,0.7039946,3.3022377
/content/Dataset/TUM/TUM-RDMPKICT.jpg,8,TUM,640,6,1,6,0.988795,0.79513264,1.0,0.6902075,2.984615
/content/Dataset/NORM/NORM-WFMAGLWS.jpg,6,NORM,641,6,0,4,0.9263761,0.88167715,1.0,0.5590369,2.6844683
/content/Dataset/ADI/ADI-CAQSGGAE.jpg,0,ADI,642,5,1,5,1.102148,0.8346968,1.0,0.72205913,3.3110847
/content/Dataset/ADI/ADI-FWIWSHMP.jpg,0,ADI,643,0,0,4,1.0851657,0.823179,1.0,0.722491,3.2743776
/content/Dataset/TUM/TUM-TGNSSYHW.jpg,8,TUM,644,8,0,6,0.9845297,0.7869756,1.0,0.6911419,2.997757
/content/Dataset/BACK/BACK-NQDSFRVC.jpg,1,BACK,645,1,0,2,1.0737591,0.8390478,1.0,0.6863408,3.2559142
/content/Dataset/TUM/TUM-RYKWKYQR.jpg,8,TUM,646,8,0,6,0.9848262,0.7884545,1.0,0.69048125,2.9942844
/content/Dataset/STR/STR-QADMHYAP.jpg,7,STR,647,7,0,5,0.9176275,0.7777481,1.0,0.6478964,2.8055878
/content/Dataset/DEB/DEB-QHFWIHYA.jpg,2,DEB,648,8,1,8,1.0399783,0.84050673,1.0,0.66157824,3.14491
/content/Dataset/BACK/BACK-LYTTRKKY.jpg,1,BACK,649,1,0,0,1.0748947,0.8098552,1.0,0.704209,3.3547845
/content/Dataset/ADI/ADI-GRYCQRTS.jpg,0,ADI,650,0,0,4,1.0852132,0.8239444,1.0,0.7220499,3.2721329
/content/Dataset/ADI/ADI-IESPHTTT.jpg,0,ADI,651,0,0,4,1.0832281,0.8225076,0.99512905,0.72253823,3.2754447
/content/Dataset/LYM/LYM-IGCIAVRK.jpg,3,LYM,652,3,0,2,1.0471997,0.80468535,1.0,0.71103185,3.1960235
/content/Dataset/TUM/TUM-VSQFGNWS.jpg,8,TUM,653,6,1,6,0.9886047,0.8212153,1.0,0.6742112,2.9112508
/content/Dataset/ADI/ADI-DKTVNDQG.jpg,0,ADI,654,0,0,4,1.0861791,0.82486343,1.0,0.7223371,3.271693
/content/Dataset/NORM/NORM-TEKHQIYK.jpg,6,NORM,655,6,0,8,0.9729275,0.7774539,1.0,0.684191,3.0021913
/content/Dataset/NORM/NORM-TAAEADNA.jpg,6,NORM,656,6,0,8,0.9736835,0.77846724,1.0,0.68432736,3.000992
/content/Dataset/MUS/MUS-RECFLLPV.jpg,5,MUS,657,5,0,7,0.9543659,0.77509785,1.0,0.69208777,2.8841848
/content/Dataset/TUM/TUM-WHWNADMF.jpg,8,TUM,658,8,0,6,0.3054205,0.8154333,1.0,0.07784447,0.93049693
/content/Dataset/STR/STR-TKEMKQRS.jpg,7,STR,659,7,0,5,0.91675884,0.76467085,1.0,0.6553014,2.8384302
/content/Dataset/TUM/TUM-QYMIYPRC.jpg,8,TUM,660,8,0,6,0.98495513,0.78761613,1.0,0.69113666,2.9970014
/content/Dataset/BACK/BACK-NMVPWCHY.jpg,1,BACK,661,1,0,3,1.0653574,0.80934054,1.0,0.70387185,3.3023722
/content/Dataset/NORM/NORM-RDPTNSDV.jpg,6,NORM,662,4,1,4,1.0043921,0.80651236,0.9371224,0.683648,3.1445222
/content/Dataset/NORM/NORM-LMHHFVIL.jpg,6,NORM,663,4,1,4,1.0026639,0.80866456,0.92546993,0.6839139,3.1425724
/content/Dataset/LYM/LYM-QADQILYY.jpg,3,LYM,664,2,1,2,1.0537935,0.8203435,1.0,0.7072002,3.165246
/content/Dataset/MUS/MUS-PLPSRTDA.jpg,5,MUS,665,5,0,7,0.95442766,0.7761392,1.0,0.6914767,2.8814821
/content/Dataset/LYM/LYM-TKMDANKA.jpg,3,LYM,666,4,1,4,1.0588127,0.81525564,1.0,0.71064514,3.2081442
/content/Dataset/MUC/MUC-QEGFVAKS.jpg,4,MUC,667,4,0,7,0.9924758,0.794397,1.0,0.67917776,3.0455291
/content/Dataset/LYM/LYM-RGAKQGPK.jpg,3,LYM,668,3,0,2,1.0527571,0.8209501,1.0,0.70586205,3.1609387
/content/Dataset/TUM/TUM-WKSGTPSW.jpg,8,TUM,669,8,0,6,0.9847085,0.78699625,1.0,0.69130117,2.9981391
/content/Dataset/TUM/TUM-TKWRFFMD.jpg,8,TUM,670,7,1,7,1.019539,0.85393894,1.0,0.64906865,3.0093148
/content/Dataset/MUS/MUS-SQSKPPYW.jpg,5,MUS,671,7,1,7,0.96398664,0.79158115,1.0,0.6914892,2.8612328
/content/Dataset/STR/STR-RVQWDMYS.jpg,7,STR,672,7,0,5,0.9230123,0.76987064,1.0,0.65865946,2.8386724
/content/Dataset/LYM/LYM-NHNYRKPM.jpg,3,LYM,673,3,0,2,1.0500337,0.8097601,1.0,0.71043515,3.187626
/content/Dataset/MUC/MUC-ANTMGPTQ.jpg,4,MUC,674,3,1,3,1.017638,0.7933984,1.0,0.678921,3.1976943
/content/Dataset/BACK/BACK-NSSAFMFM.jpg,1,BACK,675,1,0,3,1.0662603,0.8099552,1.0,0.7043447,3.3025718
/content/Dataset/TUM/TUM-VTLTDKKV.jpg,8,TUM,676,8,0,6,0.9838176,0.7862158,1.0,0.6909112,2.9982626
/content/Dataset/LYM/LYM-HGCCCAAR.jpg,3,LYM,677,3,0,2,1.0490927,0.8084415,1.0,0.7104405,3.1891522
/content/Dataset/NORM/NORM-WNSCFKQY.jpg,6,NORM,678,6,0,8,0.97333205,0.77778256,1.0,0.68441266,3.002126
/content/Dataset/LYM/LYM-QFDCFGWD.jpg,3,LYM,679,3,0,4,1.0534587,0.81456345,0.9828154,0.71101767,3.2100692
/content/Dataset/LYM/LYM-VGNVIMEH.jpg,3,LYM,680,3,0,2,1.0505546,0.8120092,1.0,0.70951784,3.1820354
/content/Dataset/LYM/LYM-RFMLGWAC.jpg,3,LYM,681,3,0,2,1.0469961,0.8044992,1.0,0.71094245,3.1961522
/content/Dataset/MUS/MUS-NWHDCSPY.jpg,5,MUS,682,5,0,7,0.9538932,0.77538,1.0,0.69137514,2.8824527
/content/Dataset/MUC/MUC-NSGSGEAY.jpg,4,MUC,683,4,0,3,1.0169944,0.7916802,1.0,0.6793169,3.201657
/content/Dataset/DEB/DEB-WTHQRKTM.jpg,2,DEB,684,3,1,3,1.0195116,0.7949806,1.0,0.6870605,3.171339
/content/Dataset/STR/STR-WIIRRTRN.jpg,7,STR,685,7,0,5,0.92346853,0.7734136,1.0,0.6569881,2.8298914
/content/Dataset/TUM/TUM-SLELTYMY.jpg,8,TUM,686,8,0,6,0.984686,0.7877542,1.0,0.69079334,2.9959304
/content/Dataset/BACK/BACK-AEYSKQIR.jpg,1,BACK,687,1,0,3,1.0668752,0.81082845,1.0,0.70437855,3.3012736
/content/Dataset/ADI/ADI-GFANEQFA.jpg,0,ADI,688,3,1,3,1.102196,0.8209063,1.0,0.7221918,3.3867898
/content/Dataset/STR/STR-VNKIIGWI.jpg,7,STR,689,7,0,5,0.92245054,0.7668582,1.0,0.6599918,2.8455124
/content/Dataset/MUC/MUC-QSFTFCAY.jpg,4,MUC,690,6,1,6,1.0198126,0.81061345,1.0,0.6767043,3.1281881
/content/Dataset/LYM/LYM-AFYMIGTP.jpg,3,LYM,691,3,0,6,0.47652277,0.8502092,1.0,0.1765653,1.4906439
/content/Dataset/MUS/MUS-NQSAINMW.jpg,5,MUS,692,5,0,7,0.29408514,0.77735645,1.0,0.06581882,0.9395755
/content/Dataset/MUC/MUC-SHKTHNHL.jpg,4,MUC,693,4,0,6,1.0096157,0.84000933,1.0,0.6501258,3.017011
/content/Dataset/ADI/ADI-GRSTLIFV.jpg,0,ADI,694,0,0,2,1.0914506,0.8223544,1.0,0.72159094,3.3182857
/content/Dataset/STR/STR-VFNSLNQF.jpg,7,STR,695,7,0,5,0.92209715,0.76664674,1.0,0.65982705,2.8450382
/content/Dataset/NORM/NORM-TKSMLGQN.jpg,6,NORM,696,6,0,4,0.848762,0.8934442,1.0,0.49004814,2.4493763
/content/Dataset/TUM/TUM-TPNRTDQG.jpg,8,TUM,697,8,0,6,0.98513365,0.78788155,1.0,0.69115543,2.996632
/content/Dataset/TUM/TUM-SNGSRHKI.jpg,8,TUM,698,8,0,6,0.98558515,0.78874207,1.0,0.69106483,2.9952183
/content/Dataset/TUM/TUM-TFNYGWWD.jpg,8,TUM,699,8,0,6,0.9825601,0.7855828,1.0,0.6900514,2.9971285
/content/Dataset/DEB/DEB-YYNCYRAL.jpg,2,DEB,700,2,0,3,1.0191703,0.79399824,1.0,0.6873984,3.1733406
/content/Dataset/NORM/NORM-TPWHLWME.jpg,6,NORM,701,4,1,4,1.026762,0.8167066,1.0,0.680695,3.1229362
/content/Dataset/TUM/TUM-WGWIIYNQ.jpg,8,TUM,702,8,0,6,0.9847859,0.78784615,1.0,0.6908317,2.9959126
/content/Dataset/DEB/DEB-TSEPSQGI.jpg,2,DEB,703,2,0,3,1.0185527,0.79309773,1.0,0.68735904,3.1746304
/content/Dataset/MUS/MUS-RGYRLRLA.jpg,5,MUS,704,5,0,7,0.95704675,0.77877295,1.0,0.6924943,2.88026
/content/Dataset/ADI/ADI-CLIVPHIV.jpg,0,ADI,705,0,0,3,1.1019425,0.82071006,1.0,0.7220902,3.3867843
/content/Dataset/STR/STR-PTPACGMM.jpg,7,STR,706,7,0,5,0.9108428,0.8331028,1.0,0.61232126,2.6382957
/content/Dataset/ADI/ADI-HHKKGEHC.jpg,0,ADI,707,0,0,4,1.085455,0.8243761,1.0,0.7219574,3.2715337
/content/Dataset/STR/STR-VRVELFTW.jpg,7,STR,708,5,1,5,0.9282048,0.7784314,1.0,0.6589686,2.8267946
/content/Dataset/ADI/ADI-EEWDVYDF.jpg,0,ADI,709,5,1,5,1.1038096,0.8388391,1.0,0.7209701,3.3022738
/content/Dataset/BACK/BACK-HAQQGRSW.jpg,1,BACK,710,0,1,0,1.0789237,0.8198206,1.0,0.70150995,3.3333902
/content/Dataset/ADI/ADI-IQIWPERM.jpg,0,ADI,711,0,0,2,1.0913002,0.82155985,1.0,0.72195315,3.3204322
/content/Dataset/TUM/TUM-SNGKVFES.jpg,8,TUM,712,6,1,6,0.99141735,0.8123503,1.0,0.68209565,2.9426777
/content/Dataset/STR/STR-NEAACNKT.jpg,7,STR,713,7,0,5,0.92037064,0.7772847,1.0,0.6509467,2.8134997
/content/Dataset/STR/STR-SRRDCIDW.jpg,7,STR,714,7,0,5,0.9195114,0.7641189,1.0,0.6585827,2.8462944
/content/Dataset/MUS/MUS-PPRIMFSV.jpg,5,MUS,715,5,0,7,0.9597593,0.7836528,1.0,0.69214845,2.8732016
/content/Dataset/TUM/TUM-RSFMNECT.jpg,8,TUM,716,8,0,6,0.985019,0.78775716,1.0,0.6911133,2.99674
/content/Dataset/DEB/DEB-RNKAAANK.jpg,2,DEB,717,3,1,3,1.0203772,0.7960265,1.0,0.6872565,3.1701827
/content/Dataset/MUC/MUC-PFWLAAPT.jpg,4,MUC,718,8,1,8,1.049535,0.81966686,1.0,0.67609,3.2555954
/content/Dataset/BACK/BACK-IRQEWSKR.jpg,1,BACK,719,1,0,3,1.0658975,0.80959713,1.0,0.7042279,3.3028314
/content/Dataset/BACK/BACK-MPSWNTQE.jpg,1,BACK,720,1,0,5,1.0625873,0.82421154,0.96016574,0.7042833,3.2759042
/content/Dataset/MUS/MUS-RCMGFESN.jpg,5,MUS,721,7,1,7,0.9642467,0.79538083,1.0,0.6893143,2.851781
/content/Dataset/STR/STR-WVTRVEMA.jpg,7,STR,722,7,0,5,0.92371505,0.77027965,1.0,0.6591663,2.8391104
/content/Dataset/MUS/MUS-CLPMSQSG.jpg,5,MUS,723,5,0,7,0.9550859,0.77641785,1.0,0.6919649,2.8822696
/content/Dataset/BACK/BACK-LLWKFGNS.jpg,1,BACK,724,0,1,0,1.0754325,0.81063986,1.0,0.70421356,3.3535771
/content/Dataset/ADI/ADI-GSFPMVNI.jpg,0,ADI,725,0,0,5,1.1000018,0.831969,1.0,0.7218378,3.3143468
/content/Dataset/MUS/MUS-RLGKLSKI.jpg,5,MUS,726,5,0,7,0.9563133,0.77953064,1.0,0.69117403,2.876752
/content/Dataset/ADI/ADI-DLFIVSAY.jpg,0,ADI,727,0,0,4,1.0853554,0.8242066,1.0,0.72197855,3.2717972
/content/Dataset/DEB/DEB-PAEHIYHV.jpg,2,DEB,728,8,1,8,1.0477967,0.83579713,1.0,0.6715471,3.1777103
/content/Dataset/MUC/MUC-WGEQQKVC.jpg,4,MUC,729,4,0,7,0.9935864,0.79661083,1.0,0.6788767,3.0417812
/content/Dataset/MUS/MUS-AKPIRNIE.jpg,5,MUS,730,5,0,7,0.9586511,0.783224,1.0,0.6912263,2.8720162
/content/Dataset/STR/STR-SYTEKWWV.jpg,7,STR,731,7,0,5,0.82264,0.8768928,1.0,0.5164771,2.3045423
/content/Dataset/MUC/MUC-DRAQYDIG.jpg,4,MUC,732,4,0,3,1.0162812,0.79120374,1.0,0.6789275,3.2013807
/content/Dataset/TUM/TUM-VRKYMYQE.jpg,8,TUM,733,5,1,5,1.0123519,0.82201135,1.0,0.6531317,3.1101213
/content/Dataset/STR/STR-PNVADKMH.jpg,7,STR,734,7,0,5,0.92770433,0.8030038,1.0,0.6439454,2.759522
/content/Dataset/ADI/ADI-EAMVMLIC.jpg,0,ADI,735,3,1,3,1.1025836,0.82173043,1.0,0.7220019,3.385157
/content/Dataset/NORM/NORM-SGHDKMNA.jpg,6,NORM,736,4,1,4,1.0108857,0.808088,0.9559555,0.6834775,3.1418798
/content/Dataset/ADI/ADI-ECWDGSLV.jpg,0,ADI,737,0,0,5,1.1006638,0.83280677,1.0,0.721923,3.3132958
/content/Dataset/MUC/MUC-CASFTQEY.jpg,4,MUC,738,4,0,3,1.0175221,0.7922554,1.0,0.6795108,3.2010078
/content/Dataset/LYM/LYM-YMAGYIII.jpg,3,LYM,739,4,1,4,1.0562816,0.81460595,0.99185467,0.7110423,3.2100084
/content/Dataset/LYM/LYM-QDPGMQIY.jpg,3,LYM,740,2,1,2,1.0537657,0.8292498,1.0,0.70159316,3.139078
/content/Dataset/STR/STR-YCVFGRWN.jpg,7,STR,741,7,0,5,0.92213434,0.7656858,1.0,0.6603845,2.8480356
/content/Dataset/DEB/DEB-WILATVPR.jpg,2,DEB,742,4,1,4,1.053404,0.8330439,0.9398719,0.68427163,3.2841563
/content/Dataset/NORM/NORM-SQCMFKNR.jpg,6,NORM,743,4,1,4,1.0205343,0.8120649,0.9806583,0.6831031,3.135663
/content/Dataset/MUC/MUC-QFTGELQT.jpg,4,MUC,744,6,1,6,1.0179538,0.8042258,1.0,0.67886114,3.142804
/content/Dataset/DEB/DEB-TQAVVTIF.jpg,2,DEB,745,2,0,3,1.0185537,0.792811,1.0,0.6875192,3.1755896
/content/Dataset/BACK/BACK-NFVHTWIM.jpg,1,BACK,746,1,0,3,1.0661389,0.80989087,1.0,0.7042866,3.302424
/content/Dataset/TUM/TUM-RANHIGDE.jpg,8,TUM,747,5,1,5,1.043527,0.82408994,0.9939151,0.6846698,3.177202
/content/Dataset/ADI/ADI-GRQQENYS.jpg,0,ADI,748,0,0,3,1.102008,0.8207859,1.0,0.7220958,3.3867223
/content/Dataset/MUS/MUS-QMGWTEEG.jpg,5,MUS,749,5,0,7,0.33269683,0.82102156,1.0,0.10665932,1.0026814
/content/Dataset/BACK/BACK-GFHACKGI.jpg,1,BACK,750,0,1,0,1.0753033,0.8102883,1.0,0.70432556,3.3543558
/content/Dataset/STR/STR-VNFMPRSV.jpg,7,STR,751,7,0,5,0.44578633,0.8786199,1.0,0.20196494,1.2615535
/content/Dataset/MUS/MUS-ANYFASLI.jpg,5,MUS,752,5,0,7,0.9511431,0.791193,1.0,0.67850024,2.8334522
/content/Dataset/NORM/NORM-RIVQRANW.jpg,6,NORM,753,4,1,4,1.0112658,0.8110465,0.95193815,0.68302906,3.1372113
/content/Dataset/ADI/ADI-DWPFVQQK.jpg,0,ADI,754,0,0,4,1.0845522,0.82287717,1.0,0.72209746,3.2739058
/content/Dataset/BACK/BACK-IKMDANEA.jpg,1,BACK,755,0,1,0,1.0767857,0.8142789,1.0,0.7030864,3.3455403
/content/Dataset/STR/STR-RNWICDGM.jpg,7,STR,756,7,0,5,0.60066533,0.88643456,1.0,0.3251821,1.6937728
/content/Dataset/NORM/NORM-QHGIQHWR.jpg,6,NORM,757,4,1,4,1.002453,0.80795705,0.92778873,0.68347675,3.142518
/content/Dataset/ADI/ADI-CMIEAPWQ.jpg,0,ADI,758,3,1,3,1.1026305,0.8214691,1.0,0.7222278,3.386049
/content/Dataset/BACK/BACK-KCKHANWI.jpg,1,BACK,759,1,0,0,1.0749234,0.8099029,1.0,0.70421654,3.3546607
/content/Dataset/NORM/NORM-SWYTGQKQ.jpg,6,NORM,760,6,0,8,0.9788842,0.787431,1.0,0.6838601,2.9875755
/content/Dataset/STR/STR-PHVTQAQD.jpg,7,STR,761,7,0,5,0.9216465,0.7680161,1.0,0.6583642,2.840634
/content/Dataset/BACK/BACK-NNQFWQDE.jpg,1,BACK,762,1,0,0,1.0733696,0.8146332,1.0,0.69952345,3.3366685
/content/Dataset/TUM/TUM-YVMFGAKK.jpg,8,TUM,763,8,0,6,0.8804014,0.87704784,1.0,0.5504984,2.493821
/content/Dataset/BACK/BACK-EHLCYQGT.jpg,1,BACK,764,1,0,3,1.066521,0.8104156,1.0,0.7042988,3.301749
/content/Dataset/MUC/MUC-PVDDRWSQ.jpg,4,MUC,765,4,0,7,0.9923755,0.7970847,1.0,0.6773548,3.0376534
/content/Dataset/MUS/MUS-RLQAYGIK.jpg,5,MUS,766,5,0,7,0.9523636,0.7728802,1.0,0.691392,2.8858387
/content/Dataset/LYM/LYM-VHAHNGRC.jpg,3,LYM,767,4,1,4,1.0590544,0.81518984,1.0,0.71090657,3.2089462
/content/Dataset/TUM/TUM-RMLQTLES.jpg,8,TUM,768,8,0,6,0.9857511,0.78914815,1.0,0.6909816,2.99442
/content/Dataset/ADI/ADI-KIMIHACV.jpg,0,ADI,769,3,1,3,1.1038158,0.8239799,1.0,0.72167367,3.3810236
/content/Dataset/MUS/MUS-STGARWYW.jpg,5,MUS,770,4,1,4,1.0324206,0.8325555,0.919635,0.6832339,3.2033525
/content/Dataset/DEB/DEB-TIKPFPLC.jpg,2,DEB,771,2,0,3,1.0189755,0.7937077,1.0,0.687351,3.1739056
/content/Dataset/TUM/TUM-VSWWRWIW.jpg,8,TUM,772,8,0,6,0.98444813,0.7868709,1.0,0.69109344,2.9979749
/content/Dataset/MUS/MUS-VLDTGGHG.jpg,5,MUS,773,5,0,7,0.95761114,0.7797127,1.0,0.6924872,2.87894
/content/Dataset/DEB/DEB-VATTWDEI.jpg,2,DEB,774,2,0,3,1.0171454,0.7905005,1.0,0.68759495,3.179324
/content/Dataset/MUC/MUC-WWKYLGSV.jpg,4,MUC,775,6,1,6,1.0195364,0.8203893,1.0,0.67052454,3.0985916
/content/Dataset/BACK/BACK-LREQWLTD.jpg,1,BACK,776,1,0,3,1.0664843,0.81017303,1.0,0.7044279,3.3023882
/content/Dataset/MUC/MUC-YNDMWHKQ.jpg,4,MUC,777,4,0,6,1.0141175,0.83276296,1.0,0.658172,3.0495205
/content/Dataset/ADI/ADI-CFEGDVAQ.jpg,0,ADI,778,3,1,3,1.1025717,0.8214886,1.0,0.72215116,3.3858829
/content/Dataset/MUC/MUC-SIMVHWCA.jpg,4,MUC,779,4,0,3,1.017464,0.7928972,1.0,0.67902035,3.198988
/content/Dataset/STR/STR-ACKCVDHQ.jpg,7,STR,780,5,1,5,0.92827994,0.78291917,1.0,0.65646595,2.814311
/content/Dataset/MUS/MUS-VFSCEKNH.jpg,5,MUS,781,7,1,7,0.96419245,0.79474646,1.0,0.68968105,2.8532825
/content/Dataset/STR/STR-SYMYRGEC.jpg,7,STR,782,5,1,5,0.92833865,0.78382087,1.0,0.65591335,2.812215
/content/Dataset/TUM/TUM-QFCDYKWH.jpg,8,TUM,783,8,0,6,0.9848759,0.7880374,1.0,0.6908024,2.9955704
/content/Dataset/TUM/TUM-TFGMDVIK.jpg,8,TUM,784,8,0,6,0.9857871,0.78900564,1.0,0.6911081,2.994911
/content/Dataset/BACK/BACK-KANFYHTL.jpg,1,BACK,785,1,0,0,1.0750918,0.8097285,1.0,0.7044911,3.3556097
/content/Dataset/NORM/NORM-ALKSHHWH.jpg,6,NORM,786,6,0,4,0.40081668,0.86880803,1.0,0.13727185,1.1853985
/content/Dataset/BACK/BACK-KEHEYYWE.jpg,1,BACK,787,1,0,5,1.0672567,0.82481194,0.9773121,0.70325726,3.272691
/content/Dataset/STR/STR-SPVTSSMH.jpg,7,STR,788,7,0,5,0.72935206,0.891893,1.0,0.43391603,2.0254097
/content/Dataset/ADI/ADI-GESSGEHK.jpg,0,ADI,789,0,0,4,1.0860375,0.82528687,1.0,0.72191703,3.2701309
/content/Dataset/BACK/BACK-IHCSTHGG.jpg,1,BACK,790,1,0,5,1.0662329,0.82378525,0.97350186,0.7040939,3.27609
/content/Dataset/NORM/NORM-QESGPDIH.jpg,6,NORM,791,6,0,4,0.99933314,0.80506426,0.9241717,0.68342316,3.1459944
/content/Dataset/TUM/TUM-QCWFNVLH.jpg,8,TUM,792,8,0,6,0.9855213,0.7884735,1.0,0.6911887,2.99578
/content/Dataset/NORM/NORM-VKITTWPQ.jpg,6,NORM,793,6,0,8,0.98286444,0.80088234,1.0,0.67941296,2.958918
/content/Dataset/MUC/MUC-QENTGGET.jpg,4,MUC,794,4,0,7,0.9923952,0.79452455,1.0,0.6789821,3.0450897
/content/Dataset/MUC/MUC-KQATGFKE.jpg,4,MUC,795,4,0,3,1.0175027,0.79249775,1.0,0.6793305,3.2002409
/content/Dataset/STR/STR-SHPPICKF.jpg,7,STR,796,7,0,5,0.92193115,0.76763093,1.0,0.6589548,2.8421977
/content/Dataset/BACK/BACK-KPLNCLTM.jpg,1,BACK,797,0,1,0,1.0781984,0.81763697,1.0,0.7022419,3.3384328
/content/Dataset/NORM/NORM-TIIYDRRA.jpg,6,NORM,798,4,1,4,1.0131427,0.80676955,0.968169,0.6829784,3.1423898
/content/Dataset/NORM/NORM-WWRRMAYH.jpg,6,NORM,799,6,0,8,0.974703,0.78013855,1.0,0.6842665,2.998666
/content/Dataset/TUM/TUM-VHTVQIVQ.jpg,8,TUM,800,8,0,6,0.98544264,0.78832436,1.0,0.69118214,2.9960947
/content/Dataset/STR/STR-SKKARKMR.jpg,7,STR,801,5,1,5,0.92833406,0.77859825,1.0,0.6591212,2.8262672
/content/Dataset/NORM/NORM-PQCGSSYP.jpg,6,NORM,802,6,0,4,1.0001336,0.8067988,0.9207936,0.68405104,3.1452944
/content/Dataset/TUM/TUM-WVFIYLIR.jpg,8,TUM,803,8,0,6,0.9834423,0.78591114,1.0,0.6907131,2.9983058
/content/Dataset/LYM/LYM-CILNIHSF.jpg,3,LYM,804,3,0,2,1.0470575,0.80500716,1.0,0.71067464,3.1947625
/content/Dataset/LYM/LYM-TPNSNIAK.jpg,3,LYM,805,3,0,2,1.0477254,0.8060018,1.0,0.71065336,3.1934197
/content/Dataset/LYM/LYM-YQCDKHDV.jpg,3,LYM,806,3,0,2,1.0474524,0.80540615,1.0,0.7107711,3.194583
/content/Dataset/NORM/NORM-RSVMWQRT.jpg,6,NORM,807,6,0,8,0.7126157,0.89927065,1.0,0.40403095,1.9983268
/content/Dataset/LYM/LYM-VKMAYHVK.jpg,3,LYM,808,3,0,2,1.0493336,0.80808496,1.0,0.7108673,3.190908
/content/Dataset/MUC/MUC-VKGAWFYV.jpg,4,MUC,809,3,1,3,1.018496,0.79457325,1.0,0.6790118,3.196169
/content/Dataset/BACK/BACK-MHVSFCST.jpg,1,BACK,810,1,0,3,1.0655301,0.8089242,1.0,0.70434034,3.3039517
/content/Dataset/LYM/LYM-VCFNPFRY.jpg,3,LYM,811,2,1,2,1.05439,0.82965994,1.0,0.7019266,3.1393352
/content/Dataset/MUS/MUS-RWVMWYVH.jpg,5,MUS,812,5,0,7,0.9576401,0.77993286,1.0,0.69238365,2.8783817
/content/Dataset/DEB/DEB-TRTHMQFH.jpg,2,DEB,813,2,0,3,1.015867,0.78964204,1.0,0.68690914,3.1788034
/content/Dataset/ADI/ADI-GCMMTYSV.jpg,0,ADI,814,0,0,1,1.0971506,0.81707084,1.0,0.7223558,3.378017
/content/Dataset/TUM/TUM-AAKQKVAS.jpg,8,TUM,815,6,1,6,0.9883648,0.806397,1.0,0.6826727,2.9523425
/content/Dataset/DEB/DEB-PVETTKYW.jpg,2,DEB,816,2,0,6,0.9884626,0.82893866,1.0,0.62030315,3.0538528
/content/Dataset/DEB/DEB-WGGLGHPD.jpg,2,DEB,817,3,1,3,1.0193334,0.79386127,1.0,0.68759716,3.1743178
/content/Dataset/MUS/MUS-VIWYKHAE.jpg,5,MUS,818,5,0,7,0.9557055,0.77712244,1.0,0.69214123,2.8817945
/content/Dataset/STR/STR-WILRYVME.jpg,7,STR,819,7,0,6,0.5947224,0.8780311,1.0,0.2662304,1.8121247
/content/Dataset/BACK/BACK-KTQSYLSF.jpg,1,BACK,820,0,1,0,1.0751092,0.8105218,1.0,0.70395833,3.353272
/content/Dataset/MUC/MUC-AMMNDPPL.jpg,4,MUC,821,4,0,3,1.0167376,0.7912395,1.0,0.67937183,3.2023005
/content/Dataset/MUC/MUC-TWGHWTGR.jpg,4,MUC,822,0,1,0,1.0325089,0.8019357,1.0,0.677622,3.2447011
/content/Dataset/STR/STR-SSIWEVVF.jpg,7,STR,823,7,0,5,0.9214635,0.769942,1.0,0.6571642,2.8343282
/content/Dataset/BACK/BACK-IFSFLPKR.jpg,1,BACK,824,0,1,0,1.0794857,0.83397585,1.0,0.6930804,3.291082
/content/Dataset/BACK/BACK-LWFSTCEV.jpg,1,BACK,825,1,0,3,1.0663424,0.8097474,1.0,0.7045621,3.3033953
/content/Dataset/TUM/TUM-QMQNAMGH.jpg,8,TUM,826,6,1,6,0.9874568,0.79256797,1.0,0.6905141,2.9886932
/content/Dataset/NORM/NORM-TWWLVWFV.jpg,6,NORM,827,6,0,8,0.9740985,0.7789071,1.0,0.68445784,3.000732
/content/Dataset/BACK/BACK-HTWDVNEQ.jpg,1,BACK,828,0,1,0,1.078354,0.81895787,1.0,0.7015238,3.334738
/content/Dataset/DEB/DEB-TIPELLSM.jpg,2,DEB,829,2,0,3,1.0173008,0.7918867,1.0,0.6868237,3.1756046
/content/Dataset/MUC/MUC-SAFSKWTT.jpg,4,MUC,830,8,1,8,1.0416412,0.83567536,1.0,0.65897185,3.1882682
/content/Dataset/NORM/NORM-TTEEYIIW.jpg,6,NORM,831,6,0,8,0.97419584,0.77997637,1.0,0.6838502,2.9979594
/content/Dataset/MUC/MUC-YHVHTAAS.jpg,4,MUC,832,4,0,7,0.29474956,0.78531253,1.0,0.05125007,0.9510734
/content/Dataset/TUM/TUM-SCAFWLYQ.jpg,8,TUM,833,8,0,6,0.98416495,0.78729814,1.0,0.6905579,2.9960234
/content/Dataset/DEB/DEB-TAANKIMQ.jpg,2,DEB,834,2,0,3,1.0182047,0.79273766,1.0,0.6872384,3.1749263
/content/Dataset/BACK/BACK-PESIKIKQ.jpg,1,BACK,835,1,0,2,1.0721235,0.8224078,0.9706541,0.7038325,3.324332
/content/Dataset/BACK/BACK-NTEQAWHT.jpg,1,BACK,836,1,0,3,1.0666775,0.8108761,1.0,0.7041376,3.3007367
/content/Dataset/MUS/MUS-QVCHNRLV.jpg,5,MUS,837,5,0,7,0.95629907,0.7781638,1.0,0.6921022,2.88025
/content/Dataset/TUM/TUM-WMTNENCK.jpg,8,TUM,838,8,0,6,0.98406017,0.78757477,1.0,0.69021785,2.9951818
/content/Dataset/MUC/MUC-QDQTTIVQ.jpg,4,MUC,839,4,0,3,1.0170083,0.7918499,1.0,0.6792474,3.2010798
/content/Dataset/DEB/DEB-VKIPIGQQ.jpg,2,DEB,840,2,0,3,1.0176053,0.791531,1.0,0.687384,3.1772957
/content/Dataset/NORM/NORM-YQDTWDWT.jpg,6,NORM,841,4,1,4,1.025147,0.81401277,1.0,0.68085,3.1269038
/content/Dataset/NORM/NORM-QVISEPDL.jpg,6,NORM,842,6,0,8,0.97338724,0.77840286,1.0,0.68403554,3.0005863
/content/Dataset/STR/STR-PANLDKPF.jpg,7,STR,843,2,1,2,0.99609864,0.8085365,1.0,0.65260386,3.0862222
/content/Dataset/MUS/MUS-QWPCIFIA.jpg,5,MUS,844,7,1,7,0.9648908,0.80810875,1.0,0.6822092,2.8191402
/content/Dataset/MUS/MUS-VGTAWETR.jpg,5,MUS,845,7,1,7,0.9625348,0.78940177,1.0,0.6913203,2.8640091
/content/Dataset/STR/STR-PCEFKEGA.jpg,7,STR,846,7,0,5,0.9278117,0.7826663,1.0,0.65602237,2.814259
/content/Dataset/NORM/NORM-RKDQRELV.jpg,6,NORM,847,6,0,8,0.9733496,0.7784077,1.0,0.68399185,3.0004911
/content/Dataset/MUS/MUS-PWCIMWEP.jpg,5,MUS,848,5,0,7,0.95240456,0.78023434,1.0,0.68664676,2.8660238
/content/Dataset/TUM/TUM-SLYAIFDH.jpg,8,TUM,849,6,1,6,0.99341,0.81429684,1.0,0.68296456,2.9415631
/content/Dataset/DEB/DEB-QWRKDEGF.jpg,2,DEB,850,3,1,3,1.0199099,0.79581827,1.0,0.6868998,3.169812
/content/Dataset/LYM/LYM-NGSLHMIY.jpg,3,LYM,851,3,0,4,1.0521462,0.81497484,0.978267,0.7108201,3.2090802
/content/Dataset/MUC/MUC-AYNVYEDV.jpg,4,MUC,852,4,0,7,0.99353004,0.7952407,1.0,0.6797291,3.045447
/content/Dataset/STR/STR-WSHPGVVW.jpg,7,STR,853,7,0,5,0.92487085,0.77352965,1.0,0.65843076,2.8326817
/content/Dataset/MUC/MUC-CIYVDVMA.jpg,4,MUC,854,4,0,7,0.9946367,0.80296683,1.0,0.676099,3.0254838
/content/Dataset/MUS/MUS-PHGKSHMM.jpg,5,MUS,855,5,0,7,0.96011883,0.78354985,1.0,0.69261616,2.8742003
/content/Dataset/BACK/BACK-ICQSDFGL.jpg,1,BACK,856,2,1,2,1.0782732,0.8271768,1.0,0.69795656,3.3026197
/content/Dataset/STR/STR-WIWYLQAI.jpg,7,STR,857,7,0,5,0.92131037,0.7680262,1.0,0.65808153,2.8395822
/content/Dataset/MUS/MUS-PTYLWGVL.jpg,5,MUS,858,5,0,7,0.95729846,0.77967155,1.0,0.6921807,2.8783708
/content/Dataset/MUS/MUS-PYLHKNGL.jpg,5,MUS,859,5,0,7,0.95647055,0.77826214,1.0,0.692222,2.8803554
/content/Dataset/STR/STR-RDLCQMIN.jpg,7,STR,860,7,0,8,0.8831959,0.8752027,1.0,0.511573,2.6300611
/content/Dataset/ADI/ADI-KFPFPGKN.jpg,0,ADI,861,3,1,3,1.1026933,0.82172906,1.0,0.7221112,3.385398
/content/Dataset/TUM/TUM-RRMVTCWW.jpg,8,TUM,862,8,0,6,0.9838884,0.7868536,1.0,0.6905589,2.9966607
/content/Dataset/BACK/BACK-DDCYPNYQ.jpg,1,BACK,863,0,1,0,1.075766,0.8111601,1.0,0.70417947,3.3527787
/content/Dataset/STR/STR-YIYNSNYA.jpg,7,STR,864,7,0,5,0.9253751,0.77499413,1.0,0.65810275,2.8297002
/content/Dataset/LYM/LYM-PSFMRWWE.jpg,3,LYM,865,3,0,8,0.5596339,0.9040759,1.0,0.24354902,1.637501
/content/Dataset/NORM/NORM-VRQPTMQC.jpg,6,NORM,866,6,0,8,0.97495633,0.78042865,1.0,0.6843678,2.9983296
/content/Dataset/BACK/BACK-LHTMENIK.jpg,1,BACK,867,1,0,3,1.0658588,0.8094524,1.0,0.7042872,3.3031816
/content/Dataset/MUC/MUC-RHYTCHYM.jpg,4,MUC,868,3,1,3,1.0181231,0.79326713,1.0,0.6794969,3.199201
/content/Dataset/DEB/DEB-TPVPFPSV.jpg,2,DEB,869,3,1,3,1.0197845,0.7951671,1.0,0.68722075,3.171382
/content/Dataset/NORM/NORM-NMRPWHGW.jpg,6,NORM,870,4,1,4,1.0052485,0.8079287,0.936322,0.6837719,3.1430607
/content/Dataset/MUC/MUC-AGNDLDRV.jpg,4,MUC,871,4,0,6,1.0157279,0.8041868,1.0,0.67668056,3.1377745
/content/Dataset/DEB/DEB-RTPTTHFP.jpg,2,DEB,872,5,1,5,1.0536176,0.8269176,1.0,0.6851807,3.2080052
/content/Dataset/BACK/BACK-PDYQALEM.jpg,1,BACK,873,0,1,0,1.079192,0.834361,1.0,0.69256413,3.2892277
/content/Dataset/LYM/LYM-RPSYYCPQ.jpg,3,LYM,874,2,1,2,1.0539943,0.83083,1.0,0.7008446,3.1349587
/content/Dataset/DEB/DEB-QGCYKFWG.jpg,2,DEB,875,2,0,3,1.0188919,0.79290295,1.0,0.6878087,3.1760597
/content/Dataset/STR/STR-TSKTYSSK.jpg,7,STR,876,8,1,8,0.99453014,0.82431775,1.0,0.6341263,3.0629952
/content/Dataset/NORM/NORM-PMIAPPQM.jpg,6,NORM,877,6,0,8,0.97369075,0.7786846,1.0,0.6841901,3.0004013
/content/Dataset/BACK/BACK-PCMFWICY.jpg,1,BACK,878,1,0,3,1.0663584,0.8099754,1.0,0.70442325,3.3027503
/content/Dataset/MUC/MUC-FWIYCKHH.jpg,4,MUC,879,4,0,3,1.0164707,0.7919747,1.0,0.6786601,3.1993322
/content/Dataset/ADI/ADI-FYKLMYKC.jpg,0,ADI,880,3,1,3,1.1023792,0.82123,1.0,0.7221613,3.386164
/content/Dataset/MUS/MUS-RPTHRIAS.jpg,5,MUS,881,5,0,7,0.9548036,0.77611053,1.0,0.6918703,2.8824666
/content/Dataset/STR/STR-WNNSCPAC.jpg,7,STR,882,5,1,5,0.92888224,0.7850802,1.0,0.655703,2.8101032
/content/Dataset/DEB/DEB-VPHTECLQ.jpg,2,DEB,883,3,1,3,1.0193303,0.7942315,1.0,0.68737644,3.1731205
/content/Dataset/MUS/MUS-RVHKPVSQ.jpg,5,MUS,884,5,0,7,0.9567552,0.7788996,1.0,0.69209605,2.8792965
/content/Dataset/STR/STR-VQLRVSQK.jpg,7,STR,885,7,0,5,0.91961735,0.7634977,1.0,0.65915006,2.8480532
/content/Dataset/BACK/BACK-IYRFCWVD.jpg,1,BACK,886,1,0,4,1.0619637,0.83332264,1.0,0.6918438,3.1985826
/content/Dataset/MUC/MUC-WHGHWEYI.jpg,4,MUC,887,4,0,7,0.9938122,0.79606646,1.0,0.67945004,3.0438573
/content/Dataset/MUS/MUS-AKEFECWS.jpg,5,MUS,888,5,0,7,0.9548796,0.77736145,1.0,0.69107586,2.8794265
/content/Dataset/STR/STR-YNCEQKPA.jpg,7,STR,889,7,0,5,0.9271466,0.81848484,1.0,0.6353013,2.7158558
/content/Dataset/BACK/BACK-KSSKFQLK.jpg,1,BACK,890,5,1,5,1.0772741,0.8286977,1.0,0.70371383,3.267567
/content/Dataset/STR/STR-VPDPLNFR.jpg,7,STR,891,7,0,5,0.92277634,0.7688576,1.0,0.65916497,2.8405235
/content/Dataset/TUM/TUM-RDFQQACD.jpg,8,TUM,892,8,0,6,0.9852335,0.7878491,1.0,0.6912749,2.9969628
/content/Dataset/MUS/MUS-RRKMLVHL.jpg,5,MUS,893,4,1,4,1.0477861,0.84568334,1.0,0.6676249,3.141652
/content/Dataset/MUC/MUC-CAVRIVIQ.jpg,4,MUC,894,3,1,3,1.0178233,0.79274243,1.0,0.6795107,3.2001839
/content/Dataset/STR/STR-WKYWCSKF.jpg,7,STR,895,7,0,5,0.8760683,0.8371521,1.0,0.5768818,2.5456846
/content/Dataset/BACK/BACK-IDLMMIDG.jpg,1,BACK,896,1,0,5,1.0650142,0.8244356,0.96911484,0.70379496,3.27447
/content/Dataset/NORM/NORM-PIASLEII.jpg,6,NORM,897,6,0,8,0.9819746,0.82335675,1.0,0.6653102,2.893973
/content/Dataset/MUS/MUS-SCIWCDQF.jpg,5,MUS,898,5,0,7,0.9555852,0.77744526,1.0,0.6918528,2.8804986
/content/Dataset/BACK/BACK-CDAEAMMG.jpg,1,BACK,899,1,0,3,1.0665607,0.8103886,1.0,0.7043493,3.3019443
/content/Dataset/TUM/TUM-VYEADYTS.jpg,8,TUM,900,6,1,6,0.98603505,0.7890948,1.0,0.6912756,2.995315
/content/Dataset/MUS/MUS-RAQLEPTN.jpg,5,MUS,901,5,0,7,0.57499135,0.89137125,1.0,0.30961728,1.60125
/content/Dataset/LYM/LYM-TEIAENDP.jpg,3,LYM,902,3,0,2,1.0511781,0.8383194,1.0,0.69367296,3.1065838
/content/Dataset/MUC/MUC-VQPEPGFP.jpg,4,MUC,903,4,0,7,0.9922955,0.79452133,1.0,0.67886543,3.0449302
/content/Dataset/DEB/DEB-QWLMEHSS.jpg,2,DEB,904,2,0,3,1.0182161,0.79219306,1.0,0.68756676,3.1767187
/content/Dataset/ADI/ADI-GSFGEEYI.jpg,0,ADI,905,3,1,3,1.1022061,0.8212411,1.0,0.7219749,3.3857865
/content/Dataset/ADI/ADI-DPTHCCVM.jpg,0,ADI,906,0,0,5,1.1011369,0.83336663,1.0,0.72197133,3.312803
/content/Dataset/TUM/TUM-WFWFARFN.jpg,8,TUM,907,8,0,6,0.9856914,0.78890944,1.0,0.6910483,2.995044
/content/Dataset/MUC/MUC-GDKEEYRH.jpg,4,MUC,908,4,0,6,1.016756,0.8021743,0.9996339,0.67907053,3.1464014
/content/Dataset/ADI/ADI-HCYNLMES.jpg,0,ADI,909,0,0,5,1.097247,0.8312109,0.9917336,0.72217447,3.3163445
/content/Dataset/LYM/LYM-KYPGARIT.jpg,3,LYM,910,3,0,2,1.0480603,0.80587846,1.0,0.71108806,3.1944644
/content/Dataset/NORM/NORM-QRNCNIMG.jpg,6,NORM,911,6,0,8,0.97348684,0.77833486,1.0,0.6842184,3.000891
/content/Dataset/MUC/MUC-NQNFLGVY.jpg,4,MUC,912,4,0,3,1.0173422,0.79207116,1.0,0.6794584,3.2011166
/content/Dataset/LYM/LYM-SPWAFSGA.jpg,3,LYM,913,8,1,8,1.08692,0.8474523,1.0,0.68928725,3.276297
/content/Dataset/NORM/NORM-MDNEVQPL.jpg,6,NORM,914,6,0,4,0.9988169,0.8066213,0.91709167,0.68394285,3.1453831
/content/Dataset/NORM/NORM-RWITSMLQ.jpg,6,NORM,915,6,0,8,0.97479653,0.78024846,1.0,0.6843104,2.9985063
/content/Dataset/ADI/ADI-ESIADPID.jpg,0,ADI,916,0,0,5,1.101613,0.8347498,1.0,0.7215478,3.3096106
/content/Dataset/STR/STR-YDVANGCC.jpg,7,STR,917,7,0,2,0.28586337,0.80349195,1.0,0.039383717,0.90626425
/content/Dataset/STR/STR-QANAHSVW.jpg,7,STR,918,7,0,5,0.92776436,0.77746284,1.0,0.65903866,2.828618
/content/Dataset/ADI/ADI-FTWMGMYL.jpg,0,ADI,919,0,0,2,1.0916985,0.8217523,1.0,0.72222704,3.3206797
/content/Dataset/TUM/TUM-QQYRRCIC.jpg,8,TUM,920,8,0,6,0.9847967,0.788103,1.0,0.6906705,2.9952328
/content/Dataset/NORM/NORM-LTIEPFTF.jpg,6,NORM,921,6,0,8,0.9727606,0.7771229,1.0,0.6842419,3.0027254
/content/Dataset/MUS/MUS-QYYDMDDS.jpg,5,MUS,922,5,0,7,0.9561562,0.7790581,1.0,0.6913742,2.8774981
/content/Dataset/MUS/MUS-RFKPPPPT.jpg,5,MUS,923,5,0,7,0.9536133,0.77452123,1.0,0.6916223,2.8842192
/content/Dataset/MUC/MUC-TEHSMDWY.jpg,4,MUC,924,4,0,6,1.0108055,0.83814234,1.0,0.6521686,3.0255902
/content/Dataset/ADI/ADI-EAFKDLYV.jpg,0,ADI,925,0,0,4,1.0843304,0.82302153,0.999024,0.7220893,3.273637
/content/Dataset/MUS/MUS-VIADCFWM.jpg,5,MUS,926,5,0,7,0.95745206,0.77957875,1.0,0.6923832,2.8790226
/content/Dataset/TUM/TUM-TAWMPVPA.jpg,8,TUM,927,8,0,4,0.36477348,0.6927402,1.0,0.03722327,1.4942538
/content/Dataset/BACK/BACK-LAPRGDYF.jpg,1,BACK,928,1,0,3,1.0668445,0.81090415,1.0,0.70428026,3.3010395
/content/Dataset/BACK/BACK-NTKNYTWI.jpg,1,BACK,929,1,0,5,1.0655785,0.82512313,0.9700617,0.7036112,3.2730024
/content/Dataset/TUM/TUM-RWGHLWEV.jpg,8,TUM,930,6,1,6,0.9893578,0.81394875,1.0,0.67921054,2.933194
/content/Dataset/ADI/ADI-DEDLANKA.jpg,0,ADI,931,0,0,4,1.0841267,0.8232723,0.9980488,0.722023,3.273109
/content/Dataset/NORM/NORM-PVLQCFLA.jpg,6,NORM,932,6,0,4,1.0010105,0.80782044,0.9210184,0.6841578,3.1442862
/content/Dataset/LYM/LYM-RDNDAIMK.jpg,3,LYM,933,3,0,2,1.0516921,0.81245077,1.0,0.7103085,3.183438
/content/Dataset/LYM/LYM-PMTVEVMT.jpg,3,LYM,934,4,1,4,1.0551093,0.8148795,0.9883496,0.71077806,3.2089534
/content/Dataset/TUM/TUM-RHQALWKD.jpg,8,TUM,935,0,1,0,1.0715219,0.85511124,1.0,0.65376925,3.2795064
/content/Dataset/MUS/MUS-RFANVRKD.jpg,5,MUS,936,2,1,2,1.0494138,0.8288883,0.9791032,0.68267053,3.2189567
/content/Dataset/TUM/TUM-YAAWENMM.jpg,8,TUM,937,8,0,5,0.9171331,0.8806058,1.0,0.5416609,2.6944015
/content/Dataset/MUS/MUS-APETDSFS.jpg,5,MUS,938,5,0,7,0.9591063,0.78299177,1.0,0.69189906,2.8735101
/content/Dataset/STR/STR-TMGHGDFA.jpg,7,STR,939,5,1,5,0.9334768,0.8009579,1.0,0.6512489,2.7773814
/content/Dataset/LYM/LYM-NWFTKAED.jpg,3,LYM,940,3,0,2,1.0502367,0.81173354,1.0,0.70936036,3.1822157
/content/Dataset/MUS/MUS-PHCDPQVH.jpg,5,MUS,941,5,0,7,0.95523095,0.77662957,1.0,0.69197655,2.882029
/content/Dataset/LYM/LYM-PIIIWNMC.jpg,3,LYM,942,3,0,2,1.0477656,0.80663204,1.0,0.71029425,3.1915886
/content/Dataset/NORM/NORM-VLFLVRPQ.jpg,6,NORM,943,4,1,4,1.0029765,0.8060471,0.93987197,0.68167055,3.1407623
/content/Dataset/MUC/MUC-TPNELEEH.jpg,4,MUC,944,4,0,3,1.0174247,0.7931507,1.0,0.67888594,3.197882
/content/Dataset/MUS/MUS-PVEHAVFT.jpg,5,MUS,945,5,0,7,0.9559048,0.7779481,1.0,0.69181144,2.8800058
/content/Dataset/BACK/BACK-CWLWRRDP.jpg,1,BACK,946,0,1,0,1.0765741,0.813772,1.0,0.7032069,3.3466542
/content/Dataset/MUC/MUC-YSAWHLAG.jpg,4,MUC,947,3,1,3,1.0180558,0.79313004,1.0,0.67950946,3.1994908
/content/Dataset/TUM/TUM-VDEIIEIM.jpg,8,TUM,948,8,0,6,0.9822515,0.7919558,1.0,0.68548304,2.9789958
/content/Dataset/LYM/LYM-PPCQNWDM.jpg,3,LYM,949,3,0,2,1.0485045,0.8068859,1.0,0.71083766,3.1925778
/content/Dataset/MUS/MUS-QHLFEAAP.jpg,5,MUS,950,5,0,7,0.95902747,0.7832541,1.0,0.6916305,2.8726797
/content/Dataset/TUM/TUM-YATFPWYW.jpg,8,TUM,951,6,1,6,0.98822874,0.7937619,1.0,0.69051325,2.9871593
/content/Dataset/DEB/DEB-VHPCTRIL.jpg,2,DEB,952,2,0,3,1.0185406,0.79283386,1.0,0.68749774,3.1754675
/content/Dataset/TUM/TUM-TIPMFLKG.jpg,8,TUM,953,8,0,6,0.9853593,0.7882966,1.0,0.6911185,2.9959729
/content/Dataset/NORM/NORM-NQGLHQYK.jpg,6,NORM,954,6,0,4,0.9984067,0.805835,0.9182118,0.6837337,3.1458821
/content/Dataset/BACK/BACK-KWMHGVKE.jpg,1,BACK,955,0,1,0,1.0760007,0.81205314,1.0,0.7038152,3.3505511
/content/Dataset/TUM/TUM-TPVVAVEH.jpg,8,TUM,956,8,0,6,0.9855835,0.7892692,1.0,0.6907489,2.9936447
/content/Dataset/TUM/TUM-VSEPPRGL.jpg,8,TUM,957,6,1,6,0.98633105,0.79105747,1.0,0.69032335,2.99043
/content/Dataset/TUM/TUM-YQGYVKWP.jpg,8,TUM,958,8,0,6,0.985757,0.8142336,1.0,0.67532474,2.9247122
/content/Dataset/DEB/DEB-WFMFPGVW.jpg,2,DEB,959,3,1,3,1.020212,0.7964567,1.0,0.68677825,3.16864
/content/Dataset/MUC/MUC-ATPEERMM.jpg,4,MUC,960,4,0,3,1.0171736,0.7921935,1.0,0.6792171,3.200328
/content/Dataset/LYM/LYM-MWWRQGIF.jpg,3,LYM,961,3,0,8,0.28389755,0.81262404,1.0,0.037845943,0.8899395
/content/Dataset/LYM/LYM-TAEWLYIM.jpg,3,LYM,962,3,0,4,1.0513674,0.8145063,0.9769543,0.7107851,3.2095299
/content/Dataset/MUC/MUC-PDQQFTVH.jpg,4,MUC,963,8,1,8,1.0302411,0.81625074,0.9391837,0.6774196,3.2643104
/content/Dataset/MUC/MUC-VEERSFSY.jpg,4,MUC,964,2,1,2,1.0598509,0.8268913,1.0,0.6742062,3.2844758
/content/Dataset/BACK/BACK-MICKWAHI.jpg,1,BACK,965,1,0,8,1.0593894,0.81552076,0.98281544,0.7033018,3.2669697
/content/Dataset/BACK/BACK-MLISHDSA.jpg,1,BACK,966,1,0,3,1.0668314,0.81080586,1.0,0.70433986,3.3012817
/content/Dataset/MUC/MUC-RYVDMEWE.jpg,4,MUC,967,4,0,3,1.0163196,0.79137284,1.0,0.6788796,3.2008736
/content/Dataset/NORM/NORM-YGGFCMGF.jpg,6,NORM,968,6,0,8,0.98228675,0.79700005,1.0,0.6812276,2.9685297
/content/Dataset/BACK/BACK-LWNFWHQL.jpg,1,BACK,969,0,1,0,1.0766636,0.81354165,1.0,0.7034718,3.3474748
/content/Dataset/ADI/ADI-IPCCRPWS.jpg,0,ADI,970,3,1,3,1.102461,0.8212361,1.0,0.7222333,3.3863406
/content/Dataset/BACK/BACK-HHEFPHCW.jpg,1,BACK,971,0,1,0,1.0764399,0.81264305,1.0,0.7038416,3.349769
/content/Dataset/MUS/MUS-TAFIPVFQ.jpg,5,MUS,972,7,1,7,0.9647381,0.7954382,1.0,0.6897782,2.8527381
/content/Dataset/DEB/DEB-VASSENFM.jpg,2,DEB,973,3,1,3,1.019508,0.794375,1.0,0.6874674,3.1730802
/content/Dataset/STR/STR-NNPQSWMS.jpg,7,STR,974,7,0,5,0.9211221,0.7651478,1.0,0.6597016,2.8470123
/content/Dataset/ADI/ADI-INMTHMKL.jpg,0,ADI,975,0,0,4,1.0847769,0.8226719,1.0,0.7224493,3.2750256
/content/Dataset/BACK/BACK-LLKITQSH.jpg,1,BACK,976,1,0,3,1.0658246,0.80960625,1.0,0.70417255,3.3025565
/content/Dataset/STR/STR-YEIADRKP.jpg,7,STR,977,2,1,2,0.9768931,0.80404735,0.94018745,0.6532517,3.0963845
/content/Dataset/STR/STR-PINAYMPQ.jpg,7,STR,978,7,0,5,0.9257802,0.77230954,1.0,0.66024697,2.8377912
/content/Dataset/DEB/DEB-WIISQFKW.jpg,2,DEB,979,2,0,3,1.0180099,0.7916274,1.0,0.68776655,3.1778038
/content/Dataset/TUM/TUM-YSESGTLP.jpg,8,TUM,980,6,1,6,0.9858517,0.78973436,1.0,0.6906999,2.993019
/content/Dataset/TUM/TUM-VGKSWYLF.jpg,8,TUM,981,8,0,6,0.98487335,0.78775764,1.0,0.69095755,2.9964287
/content/Dataset/TUM/TUM-WLMYPSTG.jpg,8,TUM,982,8,0,6,0.98485726,0.7876345,1.0,0.6910426,2.9966679
/content/Dataset/TUM/TUM-RAKLYFWF.jpg,8,TUM,983,8,0,6,0.98273516,0.7860974,1.0,0.6898147,2.9963443
/content/Dataset/ADI/ADI-FLHGACRS.jpg,0,ADI,984,3,1,3,1.1024408,0.8213806,1.0,0.7221039,3.3858972
/content/Dataset/MUS/MUS-RELDDMTA.jpg,5,MUS,985,5,0,7,0.958564,0.7813487,1.0,0.6923879,2.876757
/content/Dataset/BACK/BACK-GKSAGLCA.jpg,1,BACK,986,1,0,3,1.0664335,0.810306,1.0,0.704282,3.3018973
/content/Dataset/LYM/LYM-SMYNGFGW.jpg,3,LYM,987,3,0,2,1.048146,0.8062195,1.0,0.7109181,3.1937535
/content/Dataset/STR/STR-YRVIHCEI.jpg,7,STR,988,7,0,5,0.92292815,0.7680466,1.0,0.65974605,2.8433697
/content/Dataset/DEB/DEB-SYTRRFAH.jpg,2,DEB,989,2,0,4,0.9887833,0.8617393,1.0,0.59292585,2.9952114
/content/Dataset/NORM/NORM-AKNTRPRK.jpg,6,NORM,990,6,0,8,0.97057635,0.77489346,1.0,0.6834715,3.0039434
/content/Dataset/NORM/NORM-VSPVHMVT.jpg,6,NORM,991,6,0,4,0.9998296,0.80776715,0.9182119,0.68384916,3.1436396
/content/Dataset/LYM/LYM-TAKLDKKT.jpg,3,LYM,992,4,1,4,1.0591667,0.81550026,1.0,0.71081936,3.2082615
/content/Dataset/ADI/ADI-EACLCKTG.jpg,0,ADI,993,0,0,4,1.0854278,0.8244076,1.0,0.72191185,3.2713737
/content/Dataset/MUC/MUC-TPRYEMCT.jpg,4,MUC,994,4,0,7,0.9936992,0.79562485,1.0,0.6796344,3.0448043
/content/Dataset/NORM/NORM-TCKKLVHF.jpg,6,NORM,995,6,0,4,0.99857044,0.80579734,0.91888463,0.683743,3.1458273
/content/Dataset/NORM/NORM-MWFIAVCK.jpg,6,NORM,996,6,0,8,0.46209142,0.8840932,1.0,0.20511667,1.3161228
/content/Dataset/MUS/MUS-RRTRFSSY.jpg,5,MUS,997,5,0,8,0.3352945,0.8303963,1.0,0.0690461,1.0517608
/content/Dataset/MUC/MUC-WFAFKMLD.jpg,4,MUC,998,0,1,0,1.0315279,0.8288493,1.0,0.6601972,3.1605985
/content/Dataset/BACK/BACK-FDFTPSDI.jpg,1,BACK,999,1,0,3,1.0665061,0.8100116,1.0,0.70454496,3.3029723
/content/Dataset/TUM/TUM-SWLGQRYS.jpg,8,TUM,1000,8,0,6,0.9856843,0.79080594,1.0,0.6898053,2.9897354
/content/Dataset/STR/STR-SNSYNGVM.jpg,7,STR,1001,7,0,5,0.9207931,0.76562,1.0,0.65897334,2.8452091
/content/Dataset/LYM/LYM-PRCISLCV.jpg,3,LYM,1002,3,0,2,1.0476235,0.8051878,1.0,0.7111189,3.1954958
/content/Dataset/LYM/LYM-VGHLDHNV.jpg,3,LYM,1003,3,0,2,1.047665,0.805688,1.0,0.71079993,3.1942132
/content/Dataset/MUS/MUS-AMQFPNLH.jpg,5,MUS,1004,5,0,7,0.92396927,0.8525386,1.0,0.6200197,2.6057575
/content/Dataset/STR/STR-PRHFETTQ.jpg,7,STR,1005,5,1,5,0.9310722,0.7870749,1.0,0.6568261,2.8095675
/content/Dataset/ADI/ADI-GWHLTCVA.jpg,0,ADI,1006,0,0,5,1.1007503,0.83270127,1.0,0.7220541,3.313882
/content/Dataset/STR/STR-TYSYEYQI.jpg,7,STR,1007,7,0,5,0.9249629,0.77035594,1.0,0.6604931,2.8415987
/content/Dataset/MUC/MUC-RHSHCAKF.jpg,4,MUC,1008,4,0,3,1.0173494,0.79283345,1.0,0.67897934,3.1987963
/content/Dataset/TUM/TUM-YDFMECPD.jpg,8,TUM,1009,6,1,6,0.9908743,0.8012779,1.0,0.6883902,2.9722292
/content/Dataset/BACK/BACK-MHSVFPAM.jpg,1,BACK,1010,1,0,3,1.066555,0.8099266,1.0,0.70465606,3.3033173
/content/Dataset/NORM/NORM-PNMLVNCP.jpg,6,NORM,1011,4,1,4,1.0105231,0.80852497,0.9526936,0.6837903,3.142073
/content/Dataset/MUS/MUS-NRPYLKEY.jpg,5,MUS,1012,5,0,7,0.9515157,0.82440007,1.0,0.65960926,2.7456563
/content/Dataset/TUM/TUM-WIGATRQE.jpg,8,TUM,1013,8,0,6,0.98475176,0.78731954,1.0,0.691132,2.9973383
/content/Dataset/ADI/ADI-AKHVDEEM.jpg,0,ADI,1014,0,0,5,1.0993819,0.83106625,0.99780524,0.7224949,3.3172386
/content/Dataset/STR/STR-PAFWIHHL.jpg,7,STR,1015,2,1,2,0.996145,0.80473626,1.0,0.65490144,3.0977008
/content/Dataset/MUS/MUS-SRMNPGSS.jpg,5,MUS,1016,5,0,7,0.95230776,0.773748,1.0,0.6907483,2.8834028
/content/Dataset/LYM/LYM-NTRFVFHQ.jpg,3,LYM,1017,4,1,4,1.0553042,0.8151497,0.9877466,0.7109528,3.2090871
/content/Dataset/NORM/NORM-SIVGIDFY.jpg,6,NORM,1018,4,1,4,1.0174285,0.80814534,0.97910327,0.68309295,3.1407301
/content/Dataset/LYM/LYM-ADKWELGI.jpg,3,LYM,1019,3,0,2,1.0470818,0.8051921,1.0,0.71057564,3.1942728
/content/Dataset/DEB/DEB-WLKIQNGM.jpg,2,DEB,1020,2,0,3,1.0183576,0.79297376,1.0,0.68720573,3.174687
/content/Dataset/TUM/TUM-VIIGKGSK.jpg,8,TUM,1021,8,0,6,0.9849574,0.78886604,1.0,0.69036514,2.993373
/content/Dataset/ADI/ADI-DCIWCWNQ.jpg,0,ADI,1022,5,1,5,1.1043928,0.8450022,1.0,0.7176156,3.284976
/content/Dataset/LYM/LYM-AKKDGDVV.jpg,3,LYM,1023,3,0,2,1.0472437,0.8050953,1.0,0.7107661,3.1950443
/content/Dataset/DEB/DEB-QQFKGTAI.jpg,2,DEB,1024,3,1,3,1.0201024,0.7973331,1.0,0.6861019,3.165774
/content/Dataset/TUM/TUM-RPLECCPE.jpg,8,TUM,1025,8,0,6,0.9846693,0.7876338,1.0,0.6908595,2.9962146
/content/Dataset/STR/STR-QNHFYAVA.jpg,7,STR,1026,5,1,5,0.9298893,0.79098487,1.0,0.6532031,2.7965326
/content/Dataset/MUC/MUC-SYYEHSRN.jpg,4,MUC,1027,4,0,7,0.99093235,0.79626757,1.0,0.676454,3.0365539
/content/Dataset/MUS/MUS-PGQRAHMN.jpg,5,MUS,1028,7,1,7,0.96457386,0.8046459,1.0,0.68389326,2.8279054
/content/Dataset/BACK/BACK-LLYYNNSF.jpg,1,BACK,1029,1,0,3,1.0671425,0.81165206,1.0,0.70406806,3.2994742
/content/Dataset/TUM/TUM-SLFRFDHS.jpg,8,TUM,1030,6,1,6,0.986526,0.7931031,1.0,0.68918943,2.9851952
/content/Dataset/DEB/DEB-WKSGPHRS.jpg,2,DEB,1031,2,0,3,1.0169389,0.7924857,1.0,0.68615764,3.1726635
/content/Dataset/DEB/DEB-WMIMWIRM.jpg,2,DEB,1032,3,1,3,1.0192817,0.7936806,1.0,0.68768406,3.174664
/content/Dataset/TUM/TUM-WNFQKMMN.jpg,8,TUM,1033,6,1,6,0.98767126,0.7941665,1.0,0.6896848,2.9847724
/content/Dataset/MUC/MUC-ACGWRTPH.jpg,4,MUC,1034,6,1,6,1.017809,0.80424815,1.0,0.6786795,3.142488
/content/Dataset/LYM/LYM-YNKWAEDE.jpg,3,LYM,1035,4,1,4,1.0591625,0.815269,1.0,0.7109761,3.2089012
/content/Dataset/NORM/NORM-NVAVLGWV.jpg,6,NORM,1036,4,1,4,1.0049095,0.80732954,0.9357506,0.68402076,3.1443577
/content/Dataset/STR/STR-QCCTQHCG.jpg,7,STR,1037,7,0,5,0.9220409,0.7667924,1.0,0.65960735,2.844721
/content/Dataset/ADI/ADI-HRLKQYAP.jpg,0,ADI,1038,0,0,5,1.0937036,0.8308245,0.98017967,0.7225223,3.3177192
/content/Dataset/NORM/NORM-YKLVPVRL.jpg,6,NORM,1039,6,0,8,0.9768178,0.784384,1.0,0.6836787,2.9915326
/content/Dataset/TUM/TUM-RAYLAPNG.jpg,8,TUM,1040,8,0,6,0.98412174,0.78680956,1.0,0.6908183,2.9973419
/content/Dataset/ADI/ADI-ERTGFKAF.jpg,0,ADI,1041,0,0,4,1.0847689,0.8231211,1.0,0.7221518,3.2736409
/content/Dataset/MUC/MUC-WCQRFHAI.jpg,4,MUC,1042,4,0,3,1.0172353,0.79189163,1.0,0.67947245,3.2013936
/content/Dataset/STR/STR-YEGSIKIL.jpg,7,STR,1043,7,0,5,0.92733485,0.7761253,1.0,0.6594519,2.8311517
/content/Dataset/DEB/DEB-VGIWQHYC.jpg,2,DEB,1044,2,0,3,1.017458,0.7911757,1.0,0.6874846,3.1779616
/content/Dataset/NORM/NORM-QFYYQRQM.jpg,6,NORM,1045,6,0,8,0.9736969,0.77851963,1.0,0.68430585,3.0008776
/content/Dataset/LYM/LYM-TVRWLELY.jpg,3,LYM,1046,4,1,4,1.0570478,0.8151602,0.99476475,0.7105479,3.208097
/content/Dataset/LYM/LYM-TDFFSFNN.jpg,3,LYM,1047,3,0,8,0.6787296,0.91080004,1.0,0.33297002,1.9783976
/content/Dataset/ADI/ADI-EQACQDMV.jpg,0,ADI,1048,0,0,4,1.0883701,0.8298865,1.0,0.7211179,3.2617607
/content/Dataset/ADI/ADI-GHWRVLEI.jpg,0,ADI,1049,3,1,3,1.1024034,0.8213669,1.0,0.72208565,3.3858225
/content/Dataset/STR/STR-VTMCCMPK.jpg,7,STR,1050,7,0,5,0.922727,0.76956177,1.0,0.6587123,2.8383574
/content/Dataset/LYM/LYM-QWVREWYL.jpg,3,LYM,1051,3,0,6,0.9008202,0.88563687,1.0,0.5197536,2.65722
/content/Dataset/ADI/ADI-DVDLKTGS.jpg,0,ADI,1052,0,0,4,1.0847608,0.8233956,1.0,0.7219613,3.272808
/content/Dataset/LYM/LYM-SQALKCLF.jpg,3,LYM,1053,4,1,4,1.0547761,0.81455994,0.9881083,0.7107296,3.2093296
/content/Dataset/STR/STR-VQTESIAH.jpg,7,STR,1054,7,0,5,0.9267081,0.77606237,1.0,0.658817,2.8299341
/content/Dataset/DEB/DEB-NYKYEGNF.jpg,2,DEB,1055,2,0,3,0.74237853,0.8965477,1.0,0.40267462,2.1504855
/content/Dataset/MUC/MUC-NDRVTHYH.jpg,4,MUC,1056,4,0,3,1.0171871,0.7926662,1.0,0.678911,3.198976
/content/Dataset/NORM/NORM-TLEIHTTT.jpg,6,NORM,1057,6,0,4,0.9991649,0.8069708,0.91731554,0.6840036,3.1449764
/content/Dataset/LYM/LYM-RPMSAKCL.jpg,3,LYM,1058,4,1,4,1.0571684,0.81528926,0.9947647,0.7105868,3.2079687
/content/Dataset/DEB/DEB-VCHGHCDN.jpg,2,DEB,1059,3,1,3,1.0194722,0.79435223,1.0,0.6874457,3.1730688
/content/Dataset/LYM/LYM-NSQIVTAR.jpg,3,LYM,1060,3,0,2,1.0490345,0.80765426,1.0,0.7108544,3.1915076
/content/Dataset/STR/STR-QWLSGIPW.jpg,7,STR,1061,7,0,5,0.9226584,0.76933783,1.0,0.6586866,2.8391023
/content/Dataset/MUC/MUC-QDTYMQVW.jpg,4,MUC,1062,4,0,3,1.0166246,0.79142565,1.0,0.67913854,3.2014694
/content/Dataset/LYM/LYM-SDWAQESV.jpg,3,LYM,1063,3,0,4,1.0509844,0.8141555,0.97683495,0.71066546,3.2098215
/content/Dataset/TUM/TUM-WMSKKHDQ.jpg,8,TUM,1064,8,0,6,0.854412,0.8870322,1.0,0.52560914,2.4000108
/content/Dataset/BACK/BACK-LMEDTMSP.jpg,1,BACK,1065,0,1,0,1.075711,0.8115957,1.0,0.70382965,3.3513303
/content/Dataset/MUS/MUS-QTARLHSC.jpg,5,MUS,1066,7,1,7,0.9650692,0.8015677,1.0,0.68633306,2.8370402
/content/Dataset/TUM/TUM-WPDIHNIM.jpg,8,TUM,1067,8,0,6,0.9845549,0.78664386,1.0,0.69137454,2.9987779
/content/Dataset/BACK/BACK-AGYGTQAS.jpg,1,BACK,1068,0,1,0,1.0780345,0.81764007,1.0,0.70208955,3.338018
/content/Dataset/STR/STR-MLGECRWP.jpg,7,STR,1069,7,0,5,0.9265328,0.7779197,1.0,0.6575674,2.8242414
/content/Dataset/LYM/LYM-QYFQEWPH.jpg,3,LYM,1070,3,0,2,1.0486895,0.80700475,1.0,0.710945,3.192634
/content/Dataset/ADI/ADI-CQHVYKKR.jpg,0,ADI,1071,3,1,3,1.1021272,0.8208508,1.0,0.72218215,3.3867338
/content/Dataset/LYM/LYM-SHWHNVQW.jpg,3,LYM,1072,3,0,2,1.0501666,0.80962133,1.0,0.71065855,3.18833
/content/Dataset/TUM/TUM-TYCLKGEN.jpg,8,TUM,1073,6,1,6,0.9876932,0.7936699,1.0,0.6900277,2.986205
/content/Dataset/MUC/MUC-YIAENVFH.jpg,4,MUC,1074,0,1,0,1.0186778,0.8470717,1.0,0.63824964,3.0744472
/content/Dataset/MUS/MUS-PMAELDVG.jpg,5,MUS,1075,5,0,0,0.32033703,0.8656183,1.0,0.07320927,0.9423146
/content/Dataset/DEB/DEB-QMMPGASQ.jpg,2,DEB,1076,2,0,3,1.0188464,0.7935537,1.0,0.68736494,3.173916
/content/Dataset/TUM/TUM-RHEDPNAM.jpg,8,TUM,1077,8,0,6,0.9836493,0.7859142,1.0,0.690909,2.9988153
/content/Dataset/MUS/MUS-PSWHPAVP.jpg,5,MUS,1078,5,0,7,0.3277992,0.8185594,1.0,0.10257601,0.99026054
/content/Dataset/MUC/MUC-ASRGLRCH.jpg,4,MUC,1079,0,1,0,1.0302366,0.7976488,1.0,0.678124,3.2525752
/content/Dataset/NORM/NORM-LVYRVGMT.jpg,6,NORM,1080,4,1,4,1.0262219,0.81707096,1.0,0.67989606,3.120791
/content/Dataset/ADI/ADI-ECAGAFRN.jpg,0,ADI,1081,0,0,4,1.0890794,0.83776134,1.0,0.71677476,3.2398086
/content/Dataset/NORM/NORM-NEAHATPK.jpg,6,NORM,1082,4,1,4,1.0024389,0.80680835,0.9290354,0.6838945,3.1448402
/content/Dataset/LYM/LYM-SSAYELSW.jpg,3,LYM,1083,4,1,4,1.0568879,0.8139337,0.99683106,0.71057385,3.2099276
/content/Dataset/ADI/ADI-FQKFHALD.jpg,0,ADI,1084,0,0,5,1.1015489,0.8344263,1.0,0.7217027,3.310423
/content/Dataset/DEB/DEB-WGVWTWIM.jpg,2,DEB,1085,3,1,3,1.019691,0.7959925,1.0,0.68656504,3.168797
/content/Dataset/STR/STR-STHASGCG.jpg,7,STR,1086,5,1,5,0.9292819,0.7815565,1.0,0.65821636,2.8206732
/content/Dataset/STR/STR-PLAAMFLW.jpg,7,STR,1087,5,1,5,0.9301385,0.8121482,1.0,0.64172506,2.7394874
/content/Dataset/DEB/DEB-YQRYIGNC.jpg,2,DEB,1088,2,0,3,1.0188104,0.79311264,1.0,0.68756515,3.1753335
/content/Dataset/MUS/MUS-QHAVSCRY.jpg,5,MUS,1089,5,0,7,0.95996994,0.79380524,1.0,0.6858572,2.8465946
/content/Dataset/DEB/DEB-PEGPNIHL.jpg,2,DEB,1090,4,1,4,1.0657185,0.84283876,1.0,0.67273885,3.2396567
/content/Dataset/ADI/ADI-DFFVTRVK.jpg,0,ADI,1091,0,0,5,1.1019671,0.8347436,1.0,0.7218673,3.3105
/content/Dataset/LYM/LYM-NHPWDNQM.jpg,3,LYM,1092,4,1,4,1.0556453,0.8149092,0.98931533,0.7109813,3.209449
/content/Dataset/MUC/MUC-MTNSWSRI.jpg,4,MUC,1093,4,0,3,1.0174819,0.79310715,1.0,0.6789328,3.1982853
/content/Dataset/LYM/LYM-TFIYPVRQ.jpg,3,LYM,1094,3,0,7,0.38075745,0.82901984,1.0,0.07560778,1.2526991
/content/Dataset/LYM/LYM-SMDMCFGD.jpg,3,LYM,1095,4,1,4,1.0538574,0.81472063,0.9837757,0.71101224,3.2098508
/content/Dataset/STR/STR-TGAERRKM.jpg,7,STR,1096,7,0,5,0.9209287,0.772463,1.0,0.6547941,2.8269627
/content/Dataset/MUS/MUS-ADPKLESA.jpg,5,MUS,1097,5,0,7,0.9582729,0.78190196,1.0,0.6917428,2.8745582
/content/Dataset/MUC/MUC-VPQVQNMQ.jpg,4,MUC,1098,4,0,7,0.97864944,0.84521925,1.0,0.6374339,2.866429
/content/Dataset/STR/STR-WYTQKIEC.jpg,7,STR,1099,7,0,5,0.9247213,0.7772826,1.0,0.65590245,2.8223007
/content/Dataset/MUC/MUC-WSYLLWYS.jpg,4,MUC,1100,4,0,7,0.98472244,0.80434597,1.0,0.66539055,2.9986115
/content/Dataset/TUM/TUM-RGDEEEYV.jpg,8,TUM,1101,6,1,6,0.9860685,0.78955793,1.0,0.69102705,2.9940336
/content/Dataset/MUS/MUS-SFMYNTEC.jpg,5,MUS,1102,7,1,7,0.96159184,0.78634155,1.0,0.6923291,2.8700392
/content/Dataset/ADI/ADI-GALWYNMW.jpg,0,ADI,1103,0,0,5,1.0960948,0.83131105,0.98931533,0.7217507,3.315103
/content/Dataset/ADI/ADI-CYQVGSRF.jpg,0,ADI,1104,0,0,5,1.1009637,0.83305836,1.0,0.7220361,3.3132398
/content/Dataset/DEB/DEB-PSEGPTNP.jpg,2,DEB,1105,2,0,7,1.0087658,0.808306,0.9496747,0.68663895,3.1283238
/content/Dataset/ADI/ADI-DFNFFAEN.jpg,0,ADI,1106,3,1,3,1.1023558,0.8212909,1.0,0.72207636,3.3860047
/content/Dataset/BACK/BACK-IHSTKQWF.jpg,1,BACK,1107,1,0,4,1.0621183,0.81947124,0.9900402,0.70355153,3.2477207
/content/Dataset/ADI/ADI-IAKMKQCI.jpg,0,ADI,1108,0,0,4,1.0851833,0.82376164,1.0,0.72212034,3.2726884
/content/Dataset/STR/STR-TPWQYEGF.jpg,7,STR,1109,5,1,5,0.9332598,0.79497564,1.0,0.6544649,2.7930505
/content/Dataset/TUM/TUM-TYPYIIWK.jpg,8,TUM,1110,6,1,6,0.9875781,0.7974714,1.0,0.68739206,2.9756281
/content/Dataset/NORM/NORM-YATLGRAW.jpg,6,NORM,1111,6,0,2,0.3630597,0.83421326,1.0,0.08424496,1.1485543
/content/Dataset/TUM/TUM-YWPTNDEK.jpg,8,TUM,1112,8,0,6,0.98305583,0.7851993,1.0,0.69076884,2.9994707
/content/Dataset/ADI/ADI-GSVTTWFR.jpg,0,ADI,1113,0,0,2,1.0912669,0.821279,1.0,0.72211915,3.3211672
/content/Dataset/LYM/LYM-NFPPRFHE.jpg,3,LYM,1114,4,1,4,1.0579512,0.81449723,1.0,0.7103157,3.2083802
/content/Dataset/MUS/MUS-VKEGRYCC.jpg,5,MUS,1115,5,0,7,0.7156131,0.89478326,1.0,0.4260296,1.9731727
/content/Dataset/NORM/NORM-VDFVWNQY.jpg,6,NORM,1116,6,0,8,0.9733022,0.777941,1.0,0.68426096,3.0016646
/content/Dataset/STR/STR-TTACAAFC.jpg,7,STR,1117,7,0,4,0.46033332,0.82253885,1.0,0.16007723,1.4979504
/content/Dataset/NORM/NORM-VCTHKTAK.jpg,6,NORM,1118,4,1,4,1.0079967,0.8075109,0.9470122,0.68363094,3.1431148
/content/Dataset/BACK/BACK-MDFNMKIE.jpg,1,BACK,1119,1,0,0,0.66698635,0.9118668,1.0,0.32740587,1.9331459
/content/Dataset/DEB/DEB-RPCAILRA.jpg,2,DEB,1120,8,1,8,1.0319993,0.8178135,0.9379235,0.6853361,3.2396035
/content/Dataset/DEB/DEB-VSPVWQCY.jpg,2,DEB,1121,2,0,3,1.0183189,0.79289794,1.0,0.68722296,3.1748009
/content/Dataset/LYM/LYM-QPTIMYWK.jpg,3,LYM,1122,4,1,4,1.0590307,0.816415,1.0,0.71013635,3.2050881
/content/Dataset/MUS/MUS-CGWNHLFD.jpg,5,MUS,1123,5,0,7,0.9556184,0.7772161,1.0,0.6920303,2.8812156
/content/Dataset/TUM/TUM-VWDQCRWT.jpg,8,TUM,1124,8,0,6,0.9853117,0.78854954,1.0,0.6909188,2.99511
/content/Dataset/MUC/MUC-RKAFQKRQ.jpg,4,MUC,1125,3,1,3,1.0179563,0.79383254,1.0,0.67893624,3.197203
/content/Dataset/MUC/MUC-QCVWRPEN.jpg,4,MUC,1126,4,0,3,1.016796,0.79207456,1.0,0.6789068,3.1998408
/content/Dataset/BACK/BACK-LVYHPGHA.jpg,1,BACK,1127,0,1,0,1.0758444,0.8117212,1.0,0.7038678,3.351279
/content/Dataset/MUC/MUC-QHPVEEIQ.jpg,4,MUC,1128,4,0,7,0.9945402,0.79811764,1.0,0.6789738,3.0393493
/content/Dataset/STR/STR-WQTCDHPK.jpg,7,STR,1129,7,0,6,0.2952075,0.81755835,1.0,0.04458255,0.92478716
/content/Dataset/LYM/LYM-AIDLWQEH.jpg,3,LYM,1130,3,0,2,1.0490268,0.8076972,1.0,0.7108217,3.1913533
/content/Dataset/LYM/LYM-TLIAHHVF.jpg,3,LYM,1131,3,0,4,1.0534122,0.8158502,0.9825754,0.7101582,3.2064543
/content/Dataset/DEB/DEB-VYLEWRHH.jpg,2,DEB,1132,2,0,3,1.017538,0.7918284,1.0,0.6871517,3.1761444
/content/Dataset/MUS/MUS-SNDYPYFL.jpg,5,MUS,1133,5,0,7,0.9597566,0.78305537,1.0,0.692548,2.8747554
/content/Dataset/NORM/NORM-TRKQDGRG.jpg,6,NORM,1134,6,0,8,0.97575426,0.7811328,1.0,0.6847234,2.9981904
/content/Dataset/LYM/LYM-YMRTEAWF.jpg,3,LYM,1135,3,0,2,1.0477995,0.8059369,1.0,0.71076787,3.1937847
/content/Dataset/BACK/BACK-HWKSMWMA.jpg,1,BACK,1136,0,1,0,1.0771066,0.8143957,1.0,0.7033203,3.3459156
/content/Dataset/BACK/BACK-HSGMMDED.jpg,1,BACK,1137,0,1,0,1.0751184,0.81189513,1.0,0.70308393,3.3489335
/content/Dataset/LYM/LYM-CLQESLYK.jpg,3,LYM,1138,3,0,2,1.0476314,0.80553794,1.0,0.7108648,3.1945856
/content/Dataset/NORM/NORM-PPTVYRHI.jpg,6,NORM,1139,4,1,4,1.0113437,0.80751956,0.9582922,0.6836333,3.1429021
/content/Dataset/LYM/LYM-YYCFPFNE.jpg,3,LYM,1140,8,1,8,1.0884643,0.83115435,0.9726705,0.70870596,3.350328
/content/Dataset/NORM/NORM-RGQSAKVQ.jpg,6,NORM,1141,4,1,4,1.0073925,0.80702704,0.94724345,0.68327737,3.1429543
/content/Dataset/TUM/TUM-VFRSNMAN.jpg,8,TUM,1142,6,1,6,0.98590404,0.78916,1.0,0.6911146,2.994785
/content/Dataset/MUC/MUC-WCVTYRWT.jpg,4,MUC,1143,0,1,0,1.0291806,0.79482377,1.0,0.6789335,3.2586958
/content/Dataset/ADI/ADI-DPQEAKHD.jpg,0,ADI,1144,3,1,3,1.1029015,0.82201433,1.0,0.7221176,3.384997
/content/Dataset/STR/STR-PMAELLKA.jpg,7,STR,1145,7,0,5,0.9250802,0.7727408,1.0,0.65920126,2.835128
/content/Dataset/STR/STR-SGFKRCWQ.jpg,7,STR,1146,5,1,5,0.9287525,0.77959424,1.0,0.6589172,2.8246162
/content/Dataset/DEB/DEB-AAPGFFCC.jpg,2,DEB,1147,2,0,3,1.0185101,0.7933566,1.0,0.6871038,3.1739135
/content/Dataset/MUC/MUC-WANNYQNQ.jpg,4,MUC,1148,4,0,3,1.0167475,0.7914272,1.0,0.6792531,3.2017784
/content/Dataset/NORM/NORM-VWRTQHLV.jpg,6,NORM,1149,6,0,8,0.9740928,0.7795479,1.0,0.6840533,2.9988377
/content/Dataset/STR/STR-QDVITYYL.jpg,7,STR,1150,7,0,5,0.9205378,0.7647952,1.0,0.65930897,2.8466146
/content/Dataset/TUM/TUM-VRMAMKHH.jpg,8,TUM,1151,8,0,6,0.7536849,0.87942153,1.0,0.43956894,2.1620035
/content/Dataset/NORM/NORM-RGHRESQR.jpg,6,NORM,1152,6,0,8,0.97185683,0.7760062,1.0,0.68405104,3.0037801
/content/Dataset/MUS/MUS-PHLIFYTR.jpg,5,MUS,1153,5,0,7,0.95538765,0.77687895,1.0,0.691985,2.881683
/content/Dataset/LYM/LYM-YMHIFFSH.jpg,3,LYM,1154,3,0,2,1.0475165,0.80535644,1.0,0.71087575,3.194846
/content/Dataset/DEB/DEB-NRPNELMK.jpg,2,DEB,1155,0,1,0,1.0386136,0.80862075,1.0,0.6739977,3.2581553
/content/Dataset/MUS/MUS-VHAPWQWM.jpg,5,MUS,1156,0,1,0,1.0602076,0.82039,1.0,0.6834044,3.2874494
/content/Dataset/TUM/TUM-WFNLWTNS.jpg,8,TUM,1157,6,1,6,0.9886431,0.7948074,1.0,0.6902735,2.9851415
/content/Dataset/MUS/MUS-QECGRELY.jpg,5,MUS,1158,8,1,8,1.0456722,0.82099795,1.0,0.68462586,3.1951876
/content/Dataset/MUS/MUS-PFPAIWYY.jpg,5,MUS,1159,5,0,7,0.95357716,0.77500653,1.0,0.69130176,2.8827102
/content/Dataset/TUM/TUM-RMPFLMRC.jpg,8,TUM,1160,8,0,6,0.9842469,0.7871303,1.0,0.69074476,2.9967022
/content/Dataset/STR/STR-PHLELNGQ.jpg,7,STR,1161,5,1,5,0.9282368,0.7777461,1.0,0.65945524,2.8286335
/content/Dataset/DEB/DEB-AFGHKLAR.jpg,2,DEB,1162,3,1,3,1.0199789,0.7957321,1.0,0.6870234,3.170233
/content/Dataset/NORM/NORM-LIQWQWRS.jpg,6,NORM,1163,6,0,8,0.97274363,0.7772068,1.0,0.6841592,3.002482
/content/Dataset/TUM/TUM-VDGDIQQT.jpg,8,TUM,1164,6,1,6,0.992579,0.81375694,1.0,0.6824239,2.9413204
/content/Dataset/NORM/NORM-LYTGIIWN.jpg,6,NORM,1165,6,0,8,0.9733826,0.77864844,1.0,0.6839215,2.9997108
/content/Dataset/MUC/MUC-YGQQQWGH.jpg,4,MUC,1166,5,1,5,1.0397471,0.8346769,1.0,0.6667742,3.1545603
/content/Dataset/LYM/LYM-SGKIFPCR.jpg,3,LYM,1167,3,0,2,1.0488354,0.8071809,1.0,0.710982,3.1924121
/content/Dataset/MUS/MUS-QLIRRWNY.jpg,5,MUS,1168,5,0,7,0.9556004,0.7773345,1.0,0.69188297,2.8810134
/content/Dataset/LYM/LYM-NFHQAFCS.jpg,3,LYM,1169,3,0,4,1.052794,0.8143129,0.9820958,0.7107684,3.20973
/content/Dataset/MUC/MUC-WWCDLIHL.jpg,4,MUC,1170,4,0,6,1.0109179,0.8008466,0.98197585,0.67936796,3.1489875
/content/Dataset/LYM/LYM-VCEAAAAE.jpg,3,LYM,1171,3,0,2,1.0473975,0.80831444,1.0,0.7089646,3.185299
/content/Dataset/DEB/DEB-RQHHDYQH.jpg,2,DEB,1172,2,0,3,1.0192274,0.79550314,1.0,0.6864279,3.1691544
/content/Dataset/NORM/NORM-SHNTECWG.jpg,6,NORM,1173,6,0,4,1.0005748,0.8085633,0.91860414,0.68391764,3.1428883
/content/Dataset/MUS/MUS-SDCEPPLH.jpg,5,MUS,1174,5,0,7,0.9609924,0.78668976,1.0,0.6914748,2.8677905
/content/Dataset/MUC/MUC-QERVKLIY.jpg,4,MUC,1175,4,0,3,1.0171604,0.7925153,1.0,0.67902994,3.1991985
/content/Dataset/MUC/MUC-NHYSESDK.jpg,4,MUC,1176,4,0,7,0.99232435,0.79415727,1.0,0.67916495,3.0459113
/content/Dataset/BACK/BACK-NMKVNSAN.jpg,1,BACK,1177,1,0,3,1.0659944,0.8095517,1.0,0.7043678,3.3031368
/content/Dataset/STR/STR-VDEDFILC.jpg,7,STR,1178,7,0,5,0.92723995,0.77702606,1.0,0.6588877,2.8282013
/content/Dataset/STR/STR-QSILKHVN.jpg,7,STR,1179,7,0,5,0.9261981,0.7753633,1.0,0.65870905,2.83068
/content/Dataset/ADI/ADI-DGYNVDGG.jpg,0,ADI,1180,3,1,3,1.1028255,0.82282436,1.0,0.72151023,3.382296
/content/Dataset/ADI/ADI-IRHVSPSS.jpg,0,ADI,1181,0,0,5,1.0992067,0.83129585,0.99683124,0.72245544,3.3168924
/content/Dataset/NORM/NORM-WCEVQCYQ.jpg,6,NORM,1182,6,0,4,1.0007548,0.85547745,1.0,0.63504887,2.9469552
/content/Dataset/LYM/LYM-QEHDPNTN.jpg,3,LYM,1183,4,1,4,1.0583549,0.8148089,0.9995119,0.7106477,3.2087286
/content/Dataset/MUC/MUC-ADDVQREK.jpg,4,MUC,1184,3,1,3,1.0177547,0.79268783,1.0,0.679495,3.2001264
/content/Dataset/LYM/LYM-ALNEGYDG.jpg,3,LYM,1185,3,0,2,1.0484991,0.80665517,1.0,0.7109947,3.1932113
/content/Dataset/NORM/NORM-WCCNEFVA.jpg,6,NORM,1186,6,0,8,0.9726318,0.7771878,1.0,0.68408823,3.0021727
/content/Dataset/MUC/MUC-HPCEKAVR.jpg,4,MUC,1187,4,0,3,1.0166354,0.79153806,1.0,0.67915606,3.200868
/content/Dataset/DEB/DEB-PDVAWAGV.jpg,2,DEB,1188,3,1,3,1.019493,0.7941743,1.0,0.68758196,3.173649
/content/Dataset/DEB/DEB-TDDWQWEC.jpg,2,DEB,1189,2,0,3,1.0164604,0.7905573,1.0,0.686861,3.177596
/content/Dataset/DEB/DEB-WMVKEWVY.jpg,2,DEB,1190,2,0,3,1.0173064,0.79083616,1.0,0.68756443,3.1785939
/content/Dataset/MUC/MUC-TIQHLYMD.jpg,4,MUC,1191,3,1,3,1.0177478,0.7934112,1.0,0.6789878,3.1980362
/content/Dataset/DEB/DEB-VPVGGNYQ.jpg,2,DEB,1192,6,1,6,1.0374671,0.82205343,0.9605174,0.6820067,3.2207074
/content/Dataset/NORM/NORM-YCRHKDAK.jpg,6,NORM,1193,6,0,8,0.9791044,0.7874673,1.0,0.6840786,2.9879215
/content/Dataset/MUS/MUS-PYVNLWDN.jpg,5,MUS,1194,5,0,7,0.9602149,0.7853604,1.0,0.6915387,2.8695724
/content/Dataset/ADI/ADI-FNMFGMLF.jpg,0,ADI,1195,0,0,5,1.0999464,0.832088,1.0,0.7217012,3.3138852
/content/Dataset/STR/STR-SMSQMGDH.jpg,7,STR,1196,5,1,5,0.9285238,0.7773905,1.0,0.65996665,2.830284
/content/Dataset/STR/STR-NKTTYKHM.jpg,7,STR,1197,7,0,5,0.9236,0.7695632,1.0,0.6594848,2.8408308
/content/Dataset/MUC/MUC-FYIFCQLH.jpg,4,MUC,1198,6,1,6,1.0183504,0.8054235,1.0,0.67848265,3.1402304
/content/Dataset/DEB/DEB-VMQSCWEH.jpg,2,DEB,1199,2,0,3,1.017615,0.7912208,1.0,0.6875972,3.1782453
/content/Dataset/LYM/LYM-SIGYREDW.jpg,3,LYM,1200,3,0,2,1.0490539,0.80818427,1.0,0.7105456,3.1899135
/content/Dataset/BACK/BACK-KGGMMVMD.jpg,1,BACK,1201,1,0,2,1.0556742,0.8519643,1.0,0.6624227,3.1731155
/content/Dataset/MUC/MUC-QDAWFILW.jpg,4,MUC,1202,4,0,7,0.9920309,0.7940327,1.0,0.67890334,3.0457447
/content/Dataset/DEB/DEB-THVGKHWY.jpg,2,DEB,1203,2,0,3,1.0177977,0.79162574,1.0,0.68753743,3.1773791
/content/Dataset/DEB/DEB-VLSSCEPN.jpg,2,DEB,1204,3,1,3,1.020386,0.79547423,1.0,0.68762463,3.171848
/content/Dataset/LYM/LYM-VFYHHWST.jpg,3,LYM,1205,3,0,4,1.0517796,0.81552005,0.9757624,0.71083707,3.2084482
/content/Dataset/NORM/NORM-WGFHDWKA.jpg,6,NORM,1206,4,1,4,1.0249547,0.8110964,1.0,0.6825428,3.1348197
/content/Dataset/DEB/DEB-SPPETMMP.jpg,2,DEB,1207,5,1,5,1.0361304,0.85784036,1.0,0.651767,3.0726666
/content/Dataset/DEB/DEB-RVMFGDRT.jpg,2,DEB,1208,2,0,3,1.0183028,0.7925893,1.0,0.6874126,3.1756706
/content/Dataset/DEB/DEB-TLYPHASE.jpg,2,DEB,1209,2,0,3,1.01794,0.7915484,1.0,0.6877368,3.1779196
/content/Dataset/DEB/DEB-PGKGMRIN.jpg,2,DEB,1210,2,0,3,1.0191746,0.793631,1.0,0.6876272,3.1745002
/content/Dataset/STR/STR-TTKAGGYI.jpg,7,STR,1211,0,1,0,1.0101005,0.8019582,0.992218,0.65070015,3.2233377
/content/Dataset/LYM/LYM-REPIMCKP.jpg,3,LYM,1212,3,0,2,1.0485252,0.8067665,1.0,0.7109432,3.1929553
/content/Dataset/BACK/BACK-NPCRVGNE.jpg,1,BACK,1213,1,0,0,1.0750751,0.8099862,1.0,0.7042867,3.3548348
/content/Dataset/BACK/BACK-LLDLDFSP.jpg,1,BACK,1214,1,0,8,1.0611304,0.8152599,0.9858192,0.7042602,3.2696471
/content/Dataset/TUM/TUM-SCVFTPAY.jpg,8,TUM,1215,8,0,6,0.98250467,0.8378825,1.0,0.6591803,2.8507094
/content/Dataset/ADI/ADI-AVVPFKVT.jpg,0,ADI,1216,0,0,4,1.0842975,0.8225511,1.0,0.72208416,3.2742467
/content/Dataset/MUS/MUS-CFYQKKYH.jpg,5,MUS,1217,7,1,7,0.96310383,0.79308677,1.0,0.68956697,2.8554153
/content/Dataset/DEB/DEB-WEICRFMV.jpg,2,DEB,1218,2,0,3,1.0185773,0.7933763,1.0,0.6871693,3.1739707
/content/Dataset/MUS/MUS-QSKVLSCK.jpg,5,MUS,1219,7,1,7,0.96439344,0.7953838,1.0,0.6894897,2.852019
/content/Dataset/DEB/DEB-WPHPSWSA.jpg,2,DEB,1220,2,0,7,1.0130521,0.8102596,0.9577074,0.6872501,3.1269724
/content/Dataset/LYM/LYM-ADSCGWQH.jpg,3,LYM,1221,3,0,2,1.0479207,0.80628663,1.0,0.71064705,3.1930592
/content/Dataset/STR/STR-RVVLFDRQ.jpg,7,STR,1222,2,1,2,0.9731242,0.801394,0.92506063,0.65567166,3.1055427
/content/Dataset/DEB/DEB-PYVFCYDG.jpg,2,DEB,1223,2,0,3,1.0178593,0.79247785,1.0,0.6870505,3.1749425
/content/Dataset/STR/STR-VNEADHAW.jpg,7,STR,1224,7,0,5,0.9262171,0.77674973,1.0,0.6579842,2.8266077
/content/Dataset/MUS/MUS-NPMCWEWW.jpg,5,MUS,1225,7,1,7,0.96220624,0.7884153,1.0,0.6916132,2.8659134
/content/Dataset/MUC/MUC-VHRVMGTC.jpg,4,MUC,1226,4,0,3,1.0171562,0.7924742,1.0,0.6790203,3.1994286
/content/Dataset/BACK/BACK-GTYIQCFW.jpg,1,BACK,1227,0,1,0,1.0778773,0.81804085,1.0,0.7016829,3.3363945
/content/Dataset/MUC/MUC-PGKLTKPF.jpg,4,MUC,1228,6,1,6,1.0204338,0.8199625,1.0,0.67165166,3.1019194
/content/Dataset/ADI/ADI-DYWKCWME.jpg,0,ADI,1229,0,0,5,1.1010598,0.8330137,1.0,0.7221332,3.3136766
/content/Dataset/DEB/DEB-YEQWYEVS.jpg,2,DEB,1230,3,1,3,1.0198087,0.79627514,1.0,0.68651134,3.1681845
/content/Dataset/NORM/NORM-WMWAHNQT.jpg,6,NORM,1231,4,1,4,1.0220438,0.81022054,0.9908865,0.6828297,3.1372333
/content/Dataset/MUS/MUS-AGCGRPMV.jpg,5,MUS,1232,7,1,7,0.96201104,0.7895662,1.0,0.69071877,2.8622603
/content/Dataset/ADI/ADI-GCTSSLWN.jpg,0,ADI,1233,3,1,3,1.1021667,0.82084227,1.0,0.72221136,3.3869035
/content/Dataset/LYM/LYM-NCYENVNA.jpg,3,LYM,1234,8,1,8,1.0817702,0.82875216,0.9530425,0.70984375,3.35633
/content/Dataset/DEB/DEB-SFDHVVRV.jpg,2,DEB,1235,3,1,3,1.0200579,0.79598784,1.0,0.68695146,3.1696005
/content/Dataset/BACK/BACK-IAPRSDMS.jpg,1,BACK,1236,1,0,3,1.0661582,0.8100392,1.0,0.70417446,3.3021364
/content/Dataset/LYM/LYM-TQEPWSRY.jpg,3,LYM,1237,3,0,4,1.0517592,0.81434315,0.97767013,0.7110459,3.2104616
/content/Dataset/MUC/MUC-RNEICTSI.jpg,4,MUC,1238,4,0,3,1.0175608,0.79254776,1.0,0.67937905,3.2001445
/content/Dataset/DEB/DEB-PLSRWSSR.jpg,2,DEB,1239,2,0,7,1.0082659,0.8085069,0.9451642,0.6873422,3.1297653
/content/Dataset/TUM/TUM-AAHWCYNC.jpg,8,TUM,1240,8,0,6,0.98528767,0.788465,1.0,0.69092983,2.995356
/content/Dataset/LYM/LYM-TNIVRWCC.jpg,3,LYM,1241,3,0,2,1.04711,0.8046101,1.0,0.7109895,3.1960554
/content/Dataset/MUS/MUS-NYKLPEQQ.jpg,5,MUS,1242,5,0,7,0.95448905,0.77711594,1.0,0.6908445,2.8791568
/content/Dataset/TUM/TUM-YWYDPMFM.jpg,8,TUM,1243,7,1,7,1.0160106,0.8280561,1.0,0.6593142,3.0792768
/content/Dataset/LYM/LYM-RLSGTAAP.jpg,3,LYM,1244,3,0,2,1.0465946,0.8044269,1.0,0.7105934,3.1954548
/content/Dataset/BACK/BACK-MAGFSCMD.jpg,1,BACK,1245,1,0,3,1.0652109,0.8082826,1.0,0.70445293,3.3051846
/content/Dataset/TUM/TUM-YRGETPGT.jpg,8,TUM,1246,6,1,6,0.99147016,0.80407363,1.0,0.6872808,2.96565
/content/Dataset/MUC/MUC-AWGFMWVV.jpg,4,MUC,1247,4,0,3,1.0175833,0.7923256,1.0,0.6795327,3.2009144
/content/Dataset/MUC/MUC-QPADPYGN.jpg,4,MUC,1248,3,1,3,1.0177416,0.7932733,1.0,0.679106,3.1983116
/content/Dataset/DEB/DEB-NSYNMGEF.jpg,2,DEB,1249,2,0,3,1.0188454,0.79478014,1.0,0.68650055,3.1704814
/content/Dataset/DEB/DEB-RKCNMPGV.jpg,2,DEB,1250,2,0,3,1.0178312,0.7920542,1.0,0.68731356,3.176094
/content/Dataset/LYM/LYM-TWKPAHRA.jpg,3,LYM,1251,4,1,4,1.0589774,0.815199,1.0,0.7108376,3.2087014
/content/Dataset/STR/STR-WGWNCNAE.jpg,7,STR,1252,8,1,8,0.94408524,0.80294967,0.8758965,0.63120747,3.0942428
/content/Dataset/MUC/MUC-PHIKKWLM.jpg,4,MUC,1253,4,0,7,0.98950326,0.80529636,1.0,0.6694183,3.007454
/content/Dataset/BACK/BACK-LLYMYSMP.jpg,1,BACK,1254,1,0,3,1.0668321,0.8104881,1.0,0.7045461,3.3022704
/content/Dataset/STR/STR-NCLYGGTR.jpg,7,STR,1255,7,0,5,0.7631111,0.8861413,1.0,0.46281955,2.129135
/content/Dataset/ADI/ADI-FERCVHSR.jpg,0,ADI,1256,5,1,5,1.1028684,0.8368753,1.0,0.72133756,3.306108
/content/Dataset/MUC/MUC-WVTNEVNP.jpg,4,MUC,1257,4,0,6,1.0164268,0.80243254,1.0,0.678462,3.144655
/content/Dataset/NORM/NORM-YERADCRR.jpg,6,NORM,1258,6,0,8,0.8769116,0.8821041,1.0,0.54493934,2.474042
/content/Dataset/BACK/BACK-KGQMYGAH.jpg,1,BACK,1259,0,1,0,1.0752099,0.810392,1.0,0.70416963,3.3538036
/content/Dataset/MUC/MUC-NYLDRDMV.jpg,4,MUC,1260,4,0,3,1.0175049,0.79402727,1.0,0.6783894,3.195455
/content/Dataset/MUC/MUC-QFLSPNQC.jpg,4,MUC,1261,4,0,7,0.9963456,0.80175865,1.0,0.6784855,3.0331073
/content/Dataset/DEB/DEB-YRDPGYIW.jpg,2,DEB,1262,2,0,3,1.0175229,0.79180866,1.0,0.68715245,3.1761584
/content/Dataset/STR/STR-PCVCCWYL.jpg,7,STR,1263,5,1,5,0.9279314,0.77648425,1.0,0.65992767,2.8313217
/content/Dataset/STR/STR-PISNHFHR.jpg,7,STR,1264,7,0,5,0.92021114,0.7660984,1.0,0.65803546,2.8426108
/content/Dataset/NORM/NORM-NRQTMTDN.jpg,6,NORM,1265,6,0,8,0.97187424,0.7759697,1.0,0.6841028,3.0038917
/content/Dataset/DEB/DEB-RGEARGRH.jpg,2,DEB,1266,5,1,5,1.050325,0.83668554,1.0,0.6762605,3.1707604
/content/Dataset/BACK/BACK-LKKGFNVA.jpg,1,BACK,1267,1,0,3,1.0663248,0.8100262,1.0,0.70436794,3.3024766
/content/Dataset/LYM/LYM-ACVKCFHM.jpg,3,LYM,1268,3,0,2,1.0516396,0.81585807,1.0,0.7080371,3.1733377
/content/Dataset/DEB/DEB-YYTAWMMY.jpg,2,DEB,1269,8,1,8,1.0313566,0.8165496,0.9390692,0.68519247,3.2410905
/content/Dataset/LYM/LYM-DGERCNGD.jpg,3,LYM,1270,4,1,4,1.0547038,0.81430453,0.98991925,0.71028626,3.2086418
/content/Dataset/NORM/NORM-AGMYGEKF.jpg,6,NORM,1271,6,0,4,1.000646,0.8064642,0.923157,0.68408954,3.1457806
/content/Dataset/MUC/MUC-VTPSMKDW.jpg,4,MUC,1272,4,0,7,0.9920239,0.7951677,0.9964661,0.6792635,3.044708
/content/Dataset/MUC/MUC-QHNAFTNE.jpg,4,MUC,1273,3,1,3,1.0176371,0.79264456,1.0,0.67939234,3.20003
/content/Dataset/DEB/DEB-SSIDITED.jpg,2,DEB,1274,2,0,3,1.0185755,0.79376805,1.0,0.6869211,3.1727645
/content/Dataset/MUS/MUS-SHYECHSF.jpg,5,MUS,1275,7,1,7,0.9658673,0.8043746,1.0,0.6854016,2.8314183
/content/Dataset/NORM/NORM-LILNSWMM.jpg,6,NORM,1276,6,0,8,0.9732588,0.77782637,1.0,0.6843024,3.001853
/content/Dataset/STR/STR-MWMIWHRG.jpg,7,STR,1277,7,0,5,0.92444575,0.77228266,1.0,0.658896,2.8346758
/content/Dataset/STR/STR-QWAGLNPQ.jpg,7,STR,1278,5,1,5,0.9329261,0.7920015,1.0,0.65579367,2.8005419
/content/Dataset/BACK/BACK-LIYVTDNY.jpg,1,BACK,1279,1,0,3,1.0659747,0.8108124,1.0,0.7034806,3.2993708
/content/Dataset/TUM/TUM-VRYPEPMG.jpg,8,TUM,1280,6,1,6,0.9867487,0.7910971,1.0,0.6907179,2.9912841
/content/Dataset/ADI/ADI-HCWCMGYS.jpg,0,ADI,1281,0,0,5,1.1010092,0.8337284,1.0,0.72165847,3.3112636
/content/Dataset/NORM/NORM-QVFIIKFR.jpg,6,NORM,1282,6,0,8,0.9761287,0.78246564,1.0,0.68424743,2.9952617
/content/Dataset/TUM/TUM-YTFTFHYF.jpg,8,TUM,1283,8,0,6,0.98419845,0.78661036,1.0,0.69104695,2.9980102
/content/Dataset/MUS/MUS-AVMSRARP.jpg,5,MUS,1284,5,0,7,0.74524426,0.8954108,1.0,0.4510886,2.0482934
/content/Dataset/ADI/ADI-DENVFCYW.jpg,0,ADI,1285,0,0,4,1.0858971,0.8259678,1.0,0.7213451,3.267747
/content/Dataset/TUM/TUM-AAQIAARR.jpg,8,TUM,1286,8,0,6,0.9836611,0.78994626,1.0,0.6882659,2.9876487
/content/Dataset/TUM/TUM-SCDFCLVC.jpg,8,TUM,1287,8,0,6,0.98494077,0.787577,1.0,0.6911557,2.9970515
/content/Dataset/NORM/NORM-NKRHCLLH.jpg,6,NORM,1288,6,0,8,0.97123885,0.7763656,1.0,0.6831866,3.0013015
/content/Dataset/NORM/NORM-RMVQCSRD.jpg,6,NORM,1289,6,0,4,0.9993554,0.8062719,0.9188846,0.68420166,3.146339
/content/Dataset/STR/STR-WHINNKWV.jpg,7,STR,1290,5,1,5,0.9286918,0.7806654,1.0,0.6580408,2.8220582
/content/Dataset/MUC/MUC-FFVPCWFP.jpg,4,MUC,1291,4,0,3,1.0169911,0.7920831,1.0,0.6791062,3.200236
/content/Dataset/DEB/DEB-PLLVQQLE.jpg,2,DEB,1292,2,0,3,1.0188373,0.79360676,1.0,0.6872702,3.1739173
/content/Dataset/MUS/MUS-QEPFVHNH.jpg,5,MUS,1293,5,0,7,0.9550269,0.77630067,1.0,0.6919804,2.882453
/content/Dataset/STR/STR-NNGDPKQE.jpg,7,STR,1294,7,0,5,0.92283565,0.7691271,1.0,0.65905905,2.8399224
/content/Dataset/LYM/LYM-PSFEAWWF.jpg,3,LYM,1295,3,0,2,1.0508296,0.8107753,1.0,0.7105537,3.1864307
/content/Dataset/TUM/TUM-SVPADQNG.jpg,8,TUM,1296,2,1,2,1.0328968,0.8211838,0.9249334,0.6873335,3.2428763
/content/Dataset/LYM/LYM-YWLLECVR.jpg,3,LYM,1297,3,0,2,1.0474173,0.8057893,1.0,0.7104818,3.1933749
/content/Dataset/LYM/LYM-IIQTVERS.jpg,3,LYM,1298,5,1,5,1.061748,0.82300746,0.9516475,0.71101534,3.2685063
/content/Dataset/MUS/MUS-QGTNANKD.jpg,5,MUS,1299,5,0,7,0.955889,0.77771956,1.0,0.69195193,2.8805637
/content/Dataset/ADI/ADI-GMEYEHPH.jpg,0,ADI,1300,0,0,3,1.1019084,0.8210094,1.0,0.721892,3.3856478
/content/Dataset/TUM/TUM-TIKIGCWP.jpg,8,TUM,1301,8,0,6,0.9848884,0.78743905,1.0,0.6912065,2.9972723
/content/Dataset/DEB/DEB-RAMRVYLM.jpg,2,DEB,1302,3,1,3,1.0197281,0.79452556,1.0,0.6875887,3.1731424
/content/Dataset/LYM/LYM-NHCISQNL.jpg,3,LYM,1303,4,1,4,1.0582756,0.8153195,1.0,0.71013474,3.2065442
/content/Dataset/BACK/BACK-CWVNAPDC.jpg,1,BACK,1304,1,0,0,1.0747447,0.8098996,1.0,0.7040418,3.3542717
/content/Dataset/ADI/ADI-AWPQFNYQ.jpg,0,ADI,1305,0,0,4,1.0844761,0.8226997,1.0,0.72215164,3.2742286
/content/Dataset/NORM/NORM-TVNFVDCK.jpg,6,NORM,1306,6,0,8,0.9773272,0.78667325,1.0,0.6826809,2.9863906
/content/Dataset/MUS/MUS-ANCDANVE.jpg,5,MUS,1307,5,0,7,0.95718884,0.7795899,1.0,0.69209486,2.8784208
/content/Dataset/BACK/BACK-IKRHEEPW.jpg,1,BACK,1308,1,0,3,1.066113,0.80964863,1.0,0.7043983,3.3031905
/content/Dataset/MUS/MUS-QVPYVAKA.jpg,5,MUS,1309,7,1,7,0.96392065,0.7963842,1.0,0.6883113,2.8484964
/content/Dataset/NORM/NORM-QDAIMDSM.jpg,6,NORM,1310,4,1,4,1.0036703,0.80787855,0.9311926,0.68376213,3.1431031
/content/Dataset/LYM/LYM-RRQMHWRR.jpg,3,LYM,1311,3,0,2,1.0505973,0.8112885,1.0,0.7099554,3.184515
/content/Dataset/LYM/LYM-TFGNLRLC.jpg,3,LYM,1312,4,1,4,1.0584048,0.8153763,1.0,0.71020806,3.2067242
/content/Dataset/TUM/TUM-SWAAHFYH.jpg,8,TUM,1313,8,0,6,0.98462754,0.7870395,1.0,0.6912029,2.9977918
/content/Dataset/MUC/MUC-RMCHALYV.jpg,4,MUC,1314,3,1,3,1.0179368,0.7930441,1.0,0.6794318,3.199525
/content/Dataset/DEB/DEB-AENPEKAL.jpg,2,DEB,1315,2,0,3,1.0191158,0.79479957,1.0,0.6867426,3.1711042
/content/Dataset/NORM/NORM-QYRAVTCK.jpg,6,NORM,1316,4,1,4,1.0121136,0.80806655,0.95981425,0.6835662,3.1421108
/content/Dataset/NORM/NORM-NWVEYGSK.jpg,6,NORM,1317,6,0,8,0.977262,0.7846476,1.0,0.6839821,2.9917462
/content/Dataset/NORM/NORM-VRYGHIND.jpg,6,NORM,1318,6,0,8,0.98005843,0.7928182,1.0,0.6816039,2.9751678
/content/Dataset/DEB/DEB-AAEKWFVN.jpg,2,DEB,1319,2,0,7,1.0092826,0.80911446,0.94909525,0.68681127,3.1275232
/content/Dataset/TUM/TUM-YEQKPFEI.jpg,8,TUM,1320,8,0,6,0.98056537,0.7826217,1.0,0.68985087,3.0012102
/content/Dataset/TUM/TUM-TKSVAFQI.jpg,8,TUM,1321,6,1,6,0.9867519,0.79101014,1.0,0.6907906,2.991492
/content/Dataset/ADI/ADI-GGDKERAM.jpg,0,ADI,1322,3,1,3,1.1029458,0.82224405,1.0,0.7219972,3.3844218
/content/Dataset/NORM/NORM-VIERREKL.jpg,6,NORM,1323,6,0,8,0.97632104,0.7831359,1.0,0.683989,2.9938781
/content/Dataset/MUS/MUS-RTWCFNWQ.jpg,5,MUS,1324,5,0,7,0.9547353,0.77697754,1.0,0.6912493,2.8799098
/content/Dataset/MUC/MUC-VIIDACMP.jpg,4,MUC,1325,4,0,3,1.017279,0.79243094,1.0,0.679152,3.199915
/content/Dataset/DEB/DEB-SQIEPLTL.jpg,2,DEB,1326,3,1,3,1.0204736,0.7987555,1.0,0.6855746,3.1623254
/content/Dataset/DEB/DEB-PMLLYCTQ.jpg,2,DEB,1327,2,0,4,0.94795805,0.8627137,1.0,0.55605227,2.8894508
/content/Dataset/TUM/TUM-RWVPEIQT.jpg,8,TUM,1328,8,0,6,0.98499984,0.78814644,1.0,0.6908586,2.995544
/content/Dataset/BACK/BACK-KFFMMRLC.jpg,1,BACK,1329,1,0,3,1.0662922,0.81016064,1.0,0.7042408,3.302014
/content/Dataset/ADI/ADI-FWMQKIWF.jpg,0,ADI,1330,3,1,3,1.1028373,0.82195204,1.0,0.7220919,3.3850667
/content/Dataset/ADI/ADI-CHWYMITG.jpg,0,ADI,1331,0,0,2,1.0914123,0.8214414,1.0,0.7221604,3.3209693
/content/Dataset/MUS/MUS-CFVFGHMD.jpg,5,MUS,1332,7,1,7,0.9616663,0.7931017,1.0,0.68810695,2.852075
/content/Dataset/NORM/NORM-LDMWCSPC.jpg,6,NORM,1333,6,0,8,0.9761301,0.782393,1.0,0.6843105,2.9954226
/content/Dataset/LYM/LYM-SCASQEFN.jpg,3,LYM,1334,8,1,8,1.0965517,0.8446878,1.0,0.6997776,3.3074045
/content/Dataset/MUS/MUS-QSTSWRHM.jpg,5,MUS,1335,7,1,7,0.9612235,0.78611004,1.0,0.6920923,2.8698483
/content/Dataset/LYM/LYM-VNKMNDCW.jpg,3,LYM,1336,3,0,2,1.046885,0.8045999,1.0,0.71077824,3.195559
/content/Dataset/MUC/MUC-RMCVEPHN.jpg,4,MUC,1337,4,0,7,0.9919638,0.79388195,1.0,0.67897034,3.0458927
/content/Dataset/LYM/LYM-PCQYDAQS.jpg,3,LYM,1338,3,0,4,1.0517226,0.814034,0.9780281,0.71111757,3.211006
/content/Dataset/TUM/TUM-WTLPPSQD.jpg,8,TUM,1339,8,0,6,0.9848505,0.7881619,1.0,0.6906891,2.995184
/content/Dataset/DEB/DEB-RFIKPNEG.jpg,2,DEB,1340,2,0,3,1.0185217,0.7943636,1.0,0.68646353,3.1709182
/content/Dataset/MUS/MUS-QSTLIIHM.jpg,5,MUS,1341,7,1,7,0.96795326,0.8088023,1.0,0.6848514,2.824223
/content/Dataset/LYM/LYM-NQDYCGHD.jpg,3,LYM,1342,3,0,2,1.0480802,0.8060549,1.0,0.71097565,3.194042
/content/Dataset/DEB/DEB-VAYVREKT.jpg,2,DEB,1343,2,0,3,1.01774,0.79108286,1.0,0.6878619,3.1787753
/content/Dataset/MUC/MUC-AYTEREKP.jpg,4,MUC,1344,4,0,7,0.99230164,0.79462004,0.99877995,0.6791457,3.0455658
/content/Dataset/STR/STR-PPKMPGEP.jpg,7,STR,1345,7,0,5,0.92158705,0.76557374,1.0,0.65991914,2.84694
/content/Dataset/MUC/MUC-ADSAVQNN.jpg,4,MUC,1346,4,0,7,0.9947346,0.7991394,1.0,0.6785576,3.0367606
/content/Dataset/LYM/LYM-RERYYYKS.jpg,3,LYM,1347,3,0,2,1.0497062,0.80876684,1.0,0.7107735,3.1897829
/content/Dataset/STR/STR-RWFNDICL.jpg,7,STR,1348,5,1,5,0.933104,0.80549014,1.0,0.6482826,2.764423
/content/Dataset/STR/STR-NMIYCEQH.jpg,7,STR,1349,5,1,5,0.93007773,0.81264615,1.0,0.6413662,2.7380998
/content/Dataset/TUM/TUM-QVVGMSYH.jpg,8,TUM,1350,8,0,6,0.98491323,0.78807396,1.0,0.69078416,2.9956586
/content/Dataset/DEB/DEB-RLFMLAIF.jpg,2,DEB,1351,2,0,3,1.0181971,0.7924021,1.0,0.68744695,3.1759224
/content/Dataset/NORM/NORM-QINNKHLY.jpg,6,NORM,1352,6,0,8,0.9812902,0.7940403,1.0,0.68210703,2.9744675
/content/Dataset/DEB/DEB-SGLKKSCA.jpg,2,DEB,1353,2,0,3,1.0174152,0.7923395,1.0,0.6866302,3.1745584
/content/Dataset/DEB/DEB-NWAYRQAN.jpg,2,DEB,1354,2,0,3,1.0182688,0.7929555,1.0,0.6871414,3.1744907
/content/Dataset/STR/STR-YCAWMTGP.jpg,7,STR,1355,7,0,5,0.44215602,0.8801395,1.0,0.20027544,1.2468531
/content/Dataset/BACK/BACK-LAYGPFAR.jpg,1,BACK,1356,1,0,3,1.0666847,0.81016505,1.0,0.70462245,3.3028948
/content/Dataset/DEB/DEB-VSVDDWET.jpg,2,DEB,1357,7,1,7,1.0265532,0.82015437,1.0,0.6819898,3.099878
/content/Dataset/DEB/DEB-VGIYMQAF.jpg,2,DEB,1358,8,1,8,1.0377915,0.8429764,1.0,0.6581589,3.1322916
/content/Dataset/NORM/NORM-NFAKKEDK.jpg,6,NORM,1359,6,0,8,0.97273356,0.7829164,1.0,0.68055695,2.9859028
/content/Dataset/TUM/TUM-YYRLQAIQ.jpg,8,TUM,1360,8,0,6,0.9837255,0.7859932,1.0,0.6909244,2.9988022
/content/Dataset/LYM/LYM-YQCDKVFE.jpg,3,LYM,1361,3,0,4,1.0518657,0.8141836,0.9814966,0.71011525,3.2084482
/content/Dataset/DEB/DEB-PNKWWETR.jpg,2,DEB,1362,2,0,3,1.0167079,0.7904732,1.0,0.6871929,3.1783218
/content/Dataset/LYM/LYM-TIAYHQRF.jpg,3,LYM,1363,4,1,4,1.0571665,0.81403935,0.9980488,0.71046335,3.2092135
/content/Dataset/MUS/MUS-SQTSDFFH.jpg,5,MUS,1364,5,0,7,0.95642376,0.77817535,1.0,0.69223034,2.880483
/content/Dataset/ADI/ADI-IGSYNRRY.jpg,0,ADI,1365,0,0,4,1.0853949,0.8234979,1.0,0.72249395,3.2739663
/content/Dataset/NORM/NORM-RFDPKVWL.jpg,6,NORM,1366,6,0,4,0.9980721,0.80624807,0.9172036,0.6833782,3.144743
/content/Dataset/DEB/DEB-RTWDRCWE.jpg,2,DEB,1367,2,0,3,1.0184214,0.79313564,1.0,0.6871588,3.174369
/content/Dataset/MUS/MUS-RGCGNWYP.jpg,5,MUS,1368,5,0,7,0.9609739,0.786312,1.0,0.6917353,2.8686497
/content/Dataset/STR/STR-YEMEMADN.jpg,7,STR,1369,7,0,5,0.92448485,0.7835833,1.0,0.6520089,2.8041363
/content/Dataset/STR/STR-QKNSMMHT.jpg,7,STR,1370,7,0,5,0.88691545,0.8534975,1.0,0.5815819,2.5254207
/content/Dataset/NORM/NORM-SYTPWIIK.jpg,6,NORM,1371,6,0,8,0.974405,0.7796144,1.0,0.6843037,2.9994583
/content/Dataset/LYM/LYM-TVAMRIMV.jpg,3,LYM,1372,3,0,4,1.0519141,0.81488997,0.9780283,0.7107094,3.2090087
/content/Dataset/LYM/LYM-TWDFTKDC.jpg,3,LYM,1373,3,0,2,1.0474901,0.80529565,1.0,0.7108885,3.1949708
/content/Dataset/BACK/BACK-NLTRKSTE.jpg,1,BACK,1374,1,0,3,1.0667343,0.8115336,1.0,0.7037601,3.2988572
/content/Dataset/LYM/LYM-QKLVKKKS.jpg,3,LYM,1375,4,1,4,1.0550102,0.8146816,0.98762596,0.7110182,3.209858
/content/Dataset/ADI/ADI-GWYNRACV.jpg,0,ADI,1376,0,0,2,1.0912439,0.8211516,1.0,0.7221829,3.3214977
/content/Dataset/DEB/DEB-RIVLSCCE.jpg,2,DEB,1377,2,0,3,1.0163919,0.7898139,1.0,0.6872801,3.179663
/content/Dataset/NORM/NORM-VPGASRNN.jpg,6,NORM,1378,6,0,8,0.9732429,0.7777779,1.0,0.68432164,3.0019407
/content/Dataset/BACK/BACK-IKWNWICD.jpg,1,BACK,1379,1,0,2,1.0569541,0.8554646,1.0,0.6617663,3.1651268
/content/Dataset/DEB/DEB-SMVVWHHG.jpg,2,DEB,1380,2,0,3,1.0184922,0.7925198,1.0,0.68763906,3.1763492
/content/Dataset/LYM/LYM-QAPMNKTM.jpg,3,LYM,1381,3,0,2,1.0503436,0.8125142,1.0,0.7089474,3.1801937
/content/Dataset/BACK/BACK-MECIHTDP.jpg,1,BACK,1382,1,0,3,1.0654832,0.8093597,1.0,0.7039729,3.3026357
/content/Dataset/TUM/TUM-YCWRYQHG.jpg,8,TUM,1383,8,0,6,0.9851373,0.7881141,1.0,0.6910023,2.9960055
/content/Dataset/ADI/ADI-DELYGTQV.jpg,0,ADI,1384,0,0,4,1.0851474,0.8237059,1.0,0.7221254,3.2727628
/content/Dataset/STR/STR-YNAFDYNF.jpg,7,STR,1385,7,0,5,0.9234773,0.76929194,1.0,0.6596012,2.8410528
/content/Dataset/DEB/DEB-VGERCTRL.jpg,2,DEB,1386,3,1,3,1.0195801,0.79699063,1.0,0.6857898,3.1656315
/content/Dataset/TUM/TUM-QKYKVRTM.jpg,8,TUM,1387,8,0,6,0.4153257,0.8716934,1.0,0.16937827,1.1945342
/content/Dataset/NORM/NORM-MVDTLQWK.jpg,6,NORM,1388,4,1,4,1.0131147,0.8081548,0.9628653,0.6836118,3.1420062
/content/Dataset/DEB/DEB-THYACSIH.jpg,2,DEB,1389,5,1,5,1.0541047,0.83340406,1.0,0.6816926,3.1896858
/content/Dataset/MUS/MUS-PVGHGGPH.jpg,5,MUS,1390,7,1,7,0.9665732,0.8064282,1.0,0.6848791,2.8274958
/content/Dataset/NORM/NORM-VNQYPLDF.jpg,6,NORM,1391,6,0,8,0.97164565,0.7756838,1.0,0.6840442,3.0042105
/content/Dataset/BACK/BACK-KPGIPPWN.jpg,1,BACK,1392,1,0,0,1.0655471,0.8199061,1.0,0.6886284,3.3021262
/content/Dataset/ADI/ADI-AWTGIRHT.jpg,0,ADI,1393,0,0,5,1.0970745,0.8310503,0.9907655,0.7224086,3.317121
/content/Dataset/BACK/BACK-MHYWVKFP.jpg,1,BACK,1394,0,1,0,1.0768685,0.8143465,1.0,0.7031194,3.3455315
/content/Dataset/NORM/NORM-AMDITNCI.jpg,6,NORM,1395,4,1,4,1.0086056,0.8067707,0.9502545,0.6837914,3.1443257
/content/Dataset/MUC/MUC-RTMYEQTE.jpg,4,MUC,1396,3,1,3,1.0176468,0.7925402,1.0,0.6794874,3.200304
/content/Dataset/DEB/DEB-QLPRPAHN.jpg,2,DEB,1397,5,1,5,1.0515912,0.8295922,1.0,0.68156385,3.195464
/content/Dataset/DEB/DEB-YDRQYVGY.jpg,2,DEB,1398,5,1,5,1.0504807,0.8245501,1.0,0.6836716,3.207744
/content/Dataset/BACK/BACK-KQMPKQRR.jpg,1,BACK,1399,0,1,0,1.076036,0.8116471,1.0,0.7041232,3.3518736
/content/Dataset/TUM/TUM-VHRFHLVS.jpg,8,TUM,1400,8,0,6,0.98583394,0.78967184,1.0,0.69072425,2.9931474
/content/Dataset/TUM/TUM-QFWSFSGT.jpg,8,TUM,1401,5,1,5,1.0304359,0.8293849,0.9493705,0.6812887,3.1634297
/content/Dataset/BACK/BACK-PDHDENID.jpg,1,BACK,1402,1,0,3,1.066416,0.8102939,1.0,0.70427275,3.301894
/content/Dataset/DEB/DEB-RVNWQQMG.jpg,2,DEB,1403,2,0,3,1.016445,0.789624,1.0,0.6874656,3.1803286
/content/Dataset/NORM/NORM-YYVKKYYW.jpg,6,NORM,1404,4,1,4,1.0244156,0.81014013,1.0,0.68258053,3.1365068
/content/Dataset/DEB/DEB-VWGSYTAI.jpg,2,DEB,1405,3,1,3,1.019362,0.7940427,1.0,0.68750125,3.173864
/content/Dataset/NORM/NORM-YRTEQMTV.jpg,6,NORM,1406,6,0,4,0.9967331,0.80602384,0.9122905,0.6836838,3.1456373
/content/Dataset/ADI/ADI-GVPAYNPH.jpg,0,ADI,1407,0,0,5,1.0973847,0.8314004,0.9917336,0.7221802,3.3160863
/content/Dataset/MUC/MUC-PQFTKECD.jpg,4,MUC,1408,6,1,6,1.0199488,0.81031644,1.0,0.6770143,3.1294081
/content/Dataset/NORM/NORM-QDRYWGIV.jpg,6,NORM,1409,4,1,4,1.0263209,0.8180517,1.0,0.6794706,3.117862
/content/Dataset/TUM/TUM-RMHWSHLE.jpg,8,TUM,1410,8,0,6,0.9850094,0.7879136,1.0,0.69101375,2.9962392
/content/Dataset/DEB/DEB-RNYCKDFI.jpg,2,DEB,1411,2,0,7,1.0093479,0.8079578,0.99403644,0.67411536,3.100824
/content/Dataset/NORM/NORM-QEICINDD.jpg,6,NORM,1412,6,0,4,0.99935025,0.80699396,0.9183239,0.68386114,3.1446652
/content/Dataset/MUC/MUC-RDDYVYID.jpg,4,MUC,1413,4,0,3,1.0175664,0.7925466,1.0,0.6793858,3.2001593
/content/Dataset/DEB/DEB-SSIEMCSI.jpg,2,DEB,1414,2,0,8,0.33108717,0.73734665,1.0,0.03311809,1.2214965
/content/Dataset/LYM/LYM-RVYYRPGK.jpg,3,LYM,1415,3,0,2,1.0474436,0.8051307,1.0,0.71096224,3.1953156
/content/Dataset/MUC/MUC-VMMDICLF.jpg,4,MUC,1416,4,0,3,1.0171026,0.7928052,1.0,0.6787701,3.198237
/content/Dataset/NORM/NORM-LFDDCHVR.jpg,6,NORM,1417,6,0,8,0.9732058,0.7777505,1.0,0.6843234,3.001861
/content/Dataset/MUS/MUS-PQLSDYIL.jpg,5,MUS,1418,5,0,7,0.95859605,0.78169423,1.0,0.6922128,2.8758473
/content/Dataset/MUC/MUC-SMFMWRPV.jpg,4,MUC,1419,0,1,0,1.0330354,0.8262539,1.0,0.6631157,3.1721306
/content/Dataset/MUS/MUS-CHYAYRCG.jpg,5,MUS,1420,0,1,0,1.0564522,0.84075916,1.0,0.6674919,3.2163615
/content/Dataset/BACK/BACK-KDALWMCW.jpg,1,BACK,1421,1,0,8,1.0613112,0.8149829,0.98762596,0.70407397,3.269618
/content/Dataset/DEB/DEB-VSHVANDS.jpg,2,DEB,1422,5,1,5,1.0525794,0.8273355,1.0,0.6838797,3.204539
/content/Dataset/LYM/LYM-RRWENSWK.jpg,3,LYM,1423,6,1,6,1.0838006,0.84049714,1.0,0.7002335,3.2551017
/content/Dataset/TUM/TUM-RTGPCTLN.jpg,8,TUM,1424,8,0,6,0.9838744,0.7860317,1.0,0.6910871,2.998917
/content/Dataset/MUC/MUC-VQCHKGSH.jpg,4,MUC,1425,4,0,3,1.0165803,0.7920519,1.0,0.678664,3.199555
/content/Dataset/DEB/DEB-WAKNKDFC.jpg,2,DEB,1426,2,0,3,1.0176922,0.7920082,1.0,0.6871719,3.176024
/content/Dataset/MUS/MUS-RPLEMLLG.jpg,5,MUS,1427,5,0,7,0.95949775,0.7829606,1.0,0.69234514,2.8744147
/content/Dataset/STR/STR-SGVMSLWI.jpg,7,STR,1428,5,1,5,0.9324474,0.8006705,1.0,0.6503733,2.775778
/content/Dataset/TUM/TUM-STRKFSLE.jpg,8,TUM,1429,8,0,6,0.94422513,0.8667959,1.0,0.6107242,2.678673
/content/Dataset/DEB/DEB-SIYPIQEA.jpg,2,DEB,1430,3,1,3,1.019739,0.7946763,1.0,0.6875196,3.1726542
/content/Dataset/DEB/DEB-PSFVKMFD.jpg,2,DEB,1431,2,0,3,1.0189703,0.7930887,1.0,0.6877721,3.1756644
/content/Dataset/STR/STR-MYMHKARN.jpg,7,STR,1432,7,0,5,0.92755747,0.8167664,1.0,0.6368298,2.7207482
/content/Dataset/NORM/NORM-VVCFDERN.jpg,6,NORM,1433,4,1,4,1.0066265,0.8072731,0.94320494,0.683553,3.1432838
/content/Dataset/LYM/LYM-RNYAHFTK.jpg,3,LYM,1434,3,0,2,1.046998,0.8045678,1.0,0.7108944,3.1959696
/content/Dataset/MUS/MUS-QEWCMWLS.jpg,5,MUS,1435,5,0,7,0.9547215,0.7759679,1.0,0.69186485,2.8827076
/content/Dataset/BACK/BACK-KQFKQGQW.jpg,1,BACK,1436,1,0,3,1.0664757,0.8101171,1.0,0.70443845,3.3026059
/content/Dataset/TUM/TUM-SWFHLALM.jpg,8,TUM,1437,8,0,6,0.9654998,0.8543466,1.0,0.63531184,2.7645404
/content/Dataset/BACK/BACK-AETSVPLH.jpg,1,BACK,1438,1,0,3,1.0665317,0.8102704,1.0,0.70441514,3.3021796
/content/Dataset/DEB/DEB-PEAIHYNG.jpg,2,DEB,1439,2,0,3,1.017715,0.79206663,1.0,0.6871648,3.1758726
/content/Dataset/TUM/TUM-WVEMMNIF.jpg,8,TUM,1440,8,0,6,0.983006,0.7859547,1.0,0.69017583,2.9973931
/content/Dataset/STR/STR-PQHSHRQQ.jpg,7,STR,1441,7,0,5,0.9259513,0.7725754,1.0,0.66017485,2.8377287
/content/Dataset/LYM/LYM-MEEMTCHD.jpg,3,LYM,1442,4,1,4,1.056402,0.8146264,0.9920967,0.711077,3.210042
/content/Dataset/BACK/BACK-LWMPSVRW.jpg,1,BACK,1443,1,0,3,1.0658356,0.8095367,1.0,0.7042068,3.3028777
/content/Dataset/LYM/LYM-PFWPMDQG.jpg,3,LYM,1444,3,0,2,1.0481985,0.80625653,1.0,0.71096635,3.19369
/content/Dataset/LYM/LYM-RMVNRSVW.jpg,3,LYM,1445,4,1,4,1.0550493,0.81447905,0.9894361,0.7106399,3.2093005
/content/Dataset/MUS/MUS-RLNWIVLV.jpg,5,MUS,1446,5,0,7,0.9547541,0.7761628,1.0,0.69178545,2.8822095
/content/Dataset/BACK/BACK-IICDLWEL.jpg,1,BACK,1447,1,0,3,1.0665547,0.8101461,1.0,0.7045168,3.302623
/content/Dataset/MUS/MUS-SKPSRETS.jpg,5,MUS,1448,5,0,7,0.95711464,0.7794282,1.0,0.6921387,2.8786404
/content/Dataset/MUC/MUC-TLYKAFPV.jpg,4,MUC,1449,4,0,3,1.0169463,0.7914787,1.0,0.6794414,3.2020056
/content/Dataset/DEB/DEB-WDELRSLH.jpg,2,DEB,1450,3,1,3,1.0196155,0.7958674,1.0,0.6865847,3.1689467
/content/Dataset/TUM/TUM-TDDMNQEP.jpg,8,TUM,1451,6,1,6,0.98592407,0.78941476,1.0,0.69096893,2.9941187
/content/Dataset/NORM/NORM-MLADGDMF.jpg,6,NORM,1452,6,0,8,0.9719887,0.77626365,1.0,0.6839977,3.003421
/content/Dataset/MUS/MUS-VIFMYTVE.jpg,5,MUS,1453,7,1,7,0.9655714,0.7961204,1.0,0.6902428,2.8526561
/content/Dataset/LYM/LYM-PTCKHKNH.jpg,3,LYM,1454,3,0,2,1.0470179,0.80469084,1.0,0.71082634,3.195673
/content/Dataset/NORM/NORM-MKQKEQTK.jpg,6,NORM,1455,4,1,4,1.0041251,0.80685204,0.93540806,0.6836524,3.1441612
/content/Dataset/ADI/ADI-DARANCTY.jpg,0,ADI,1456,0,0,4,1.0851893,0.8232432,1.0,0.7224653,3.2742608
/content/Dataset/LYM/LYM-YPKKPTHA.jpg,3,LYM,1457,3,0,2,1.0467902,0.8045789,1.0,0.7107162,3.1953437
/content/Dataset/TUM/TUM-WEHLPWWC.jpg,8,TUM,1458,8,0,6,0.98565274,0.78907585,1.0,0.6909232,2.994416
/content/Dataset/NORM/NORM-WSRIYKSA.jpg,6,NORM,1459,6,0,4,0.99699306,0.8577391,1.0,0.63056827,2.9311724
/content/Dataset/NORM/NORM-LVWVNWGG.jpg,6,NORM,1460,4,1,4,1.0047461,0.80762446,0.9347232,0.68396425,3.1438468
/content/Dataset/LYM/LYM-SWEIAGEQ.jpg,3,LYM,1461,3,0,2,1.0473614,0.8049681,1.0,0.71099657,3.195582
/content/Dataset/DEB/DEB-QSMLANPV.jpg,2,DEB,1462,2,0,3,1.018162,0.7927398,1.0,0.6871845,3.1748552
/content/Dataset/LYM/LYM-QWEQSQHF.jpg,3,LYM,1463,3,0,4,1.0531715,0.8158708,0.9810174,0.71040106,3.206852
/content/Dataset/NORM/NORM-AHDKVSIM.jpg,6,NORM,1464,6,0,8,0.9771081,0.7837417,1.0,0.6844311,2.993883
/content/Dataset/DEB/DEB-PYRCHLHH.jpg,2,DEB,1465,2,0,3,1.0186293,0.7930516,1.0,0.6874458,3.1750166
/content/Dataset/NORM/NORM-QERYMMIR.jpg,6,NORM,1466,6,0,8,0.9729364,0.77749777,1.0,0.6841617,3.0021195
/content/Dataset/DEB/DEB-QILELIAT.jpg,2,DEB,1467,3,1,3,1.0199952,0.79498905,1.0,0.6875447,3.1724105
/content/Dataset/MUS/MUS-PANVNPIR.jpg,5,MUS,1468,5,0,7,0.8698336,0.8745943,1.0,0.5627542,2.4170506
/content/Dataset/STR/STR-TEREGHAQ.jpg,7,STR,1469,7,0,5,0.7121049,0.8930953,1.0,0.4193348,1.9769571
/content/Dataset/NORM/NORM-WMWHKHCP.jpg,6,NORM,1470,4,1,4,1.0219566,0.81117016,0.98690283,0.6832813,3.1371033
/content/Dataset/ADI/ADI-FGLEVHQF.jpg,0,ADI,1471,0,0,4,1.082824,0.82237935,0.99561507,0.7220824,3.27459
/content/Dataset/NORM/NORM-NWVHWVLY.jpg,6,NORM,1472,6,0,4,0.9987872,0.80724114,0.91468793,0.68422586,3.1451788
/content/Dataset/MUS/MUS-AAVYIFRP.jpg,5,MUS,1473,5,0,7,0.95612967,0.7775863,1.0,0.6923033,2.8814273
/content/Dataset/TUM/TUM-TLVNADGQ.jpg,8,TUM,1474,8,0,6,0.9852809,0.788252,1.0,0.6910641,2.9959292
/content/Dataset/LYM/LYM-NYQHFHLL.jpg,3,LYM,1475,3,0,4,1.0495499,0.81387866,0.97278917,0.7106681,3.2101827
/content/Dataset/MUS/MUS-QLYEVGGE.jpg,5,MUS,1476,5,0,7,0.95817184,0.7828728,1.0,0.69101655,2.8716931
/content/Dataset/MUC/MUC-QICIARME.jpg,4,MUC,1477,6,1,6,1.0197945,0.82435226,1.0,0.668464,3.0873907
/content/Dataset/NORM/NORM-MCVTMTLL.jpg,6,NORM,1478,6,0,8,0.972078,0.77649164,1.0,0.6839324,3.0030055
/content/Dataset/BACK/BACK-KEMYHYSN.jpg,1,BACK,1479,1,0,3,1.0666618,0.81049514,1.0,0.70438415,3.301827
/content/Dataset/BACK/BACK-FMQPGKIQ.jpg,1,BACK,1480,0,1,0,1.0761579,0.8122114,1.0,0.70384693,3.3504837
/content/Dataset/MUS/MUS-PQRPWNIN.jpg,5,MUS,1481,5,0,7,0.95328075,0.77545416,1.0,0.69074243,2.8806891
/content/Dataset/BACK/BACK-KHAYCNDN.jpg,1,BACK,1482,1,0,3,1.0662333,0.8094387,1.0,0.7046643,3.3040736
/content/Dataset/STR/STR-PPQKQIIF.jpg,7,STR,1483,7,0,5,0.922346,0.7664274,1.0,0.6601955,2.8463187
/content/Dataset/TUM/TUM-RKAWGKVP.jpg,8,TUM,1484,8,0,6,0.98504823,0.78784984,1.0,0.69109726,2.996499
/content/Dataset/DEB/DEB-RPSSSERF.jpg,2,DEB,1485,4,1,4,1.0575688,0.846348,1.0,0.6631281,3.2098663
/content/Dataset/MUC/MUC-QEPRTMNS.jpg,4,MUC,1486,4,0,3,1.0170271,0.792636,1.0,0.6788017,3.1985824
/content/Dataset/MUS/MUS-QDYTMQMW.jpg,5,MUS,1487,5,0,7,0.9562413,0.77882564,1.0,0.69160277,2.8783545
/content/Dataset/ADI/ADI-CDWATIGH.jpg,0,ADI,1488,0,0,4,1.0841475,0.82291645,0.9985363,0.7221334,3.273868
/content/Dataset/MUS/MUS-RRWIFSNG.jpg,5,MUS,1489,7,1,7,0.9627158,0.78895974,1.0,0.69183815,2.8654494
/content/Dataset/ADI/ADI-ATGLNTWT.jpg,0,ADI,1490,0,0,4,1.0845257,0.82287896,1.0,0.7220783,3.2738135
/content/Dataset/BACK/BACK-ADFFHSYV.jpg,1,BACK,1491,1,0,3,1.0664766,0.8098568,1.0,0.70462716,3.303346
/content/Dataset/LYM/LYM-SDMKSDNV.jpg,3,LYM,1492,3,0,2,1.0484632,0.8070762,1.0,0.7106655,3.191943
/content/Dataset/TUM/TUM-WEHPGANA.jpg,8,TUM,1493,8,0,6,0.9830562,0.7890183,1.0,0.6881881,2.9890683
/content/Dataset/BACK/BACK-LVCPPQMD.jpg,1,BACK,1494,1,0,3,1.0656673,0.80921364,1.0,0.70426977,3.3034286
/content/Dataset/DEB/DEB-WVGMGKYL.jpg,2,DEB,1495,7,1,7,1.022439,0.81844723,1.0,0.6790357,3.0953882
/content/Dataset/LYM/LYM-QFFPQGYA.jpg,3,LYM,1496,3,0,2,1.0470562,0.80446756,1.0,0.71102774,3.1963654
/content/Dataset/ADI/ADI-GCCLHPRT.jpg,0,ADI,1497,3,1,3,1.1025358,0.8210471,1.0,0.72241443,3.3871596
/content/Dataset/LYM/LYM-NDRMQVHW.jpg,3,LYM,1498,3,0,2,1.0482984,0.8062799,1.0,0.7110476,3.1938536
/content/Dataset/TUM/TUM-SGNKKWVE.jpg,8,TUM,1499,8,0,6,0.9853345,0.7885593,1.0,0.69091254,2.9952114
/content/Dataset/DEB/DEB-PWMIPRHN.jpg,2,DEB,1500,2,0,3,1.0179285,0.79200053,1.0,0.6874504,3.1764653
/content/Dataset/LYM/LYM-SYVHVECA.jpg,3,LYM,1501,8,1,8,1.0752493,0.8663423,1.0,0.6684443,3.1892657
/content/Dataset/TUM/TUM-VLMDVKHD.jpg,8,TUM,1502,6,1,6,0.9909614,0.8007311,1.0,0.68884,2.9738932
/content/Dataset/MUS/MUS-RTEFPEKW.jpg,5,MUS,1503,5,0,7,0.95906836,0.7835008,1.0,0.6915638,2.871951
/content/Dataset/ADI/ADI-CMPAKMDI.jpg,0,ADI,1504,0,0,5,1.0929782,0.8303445,0.9787448,0.7225783,3.3185549
/content/Dataset/MUS/MUS-QTQEGVVI.jpg,5,MUS,1505,5,0,7,0.9560125,0.77832925,1.0,0.69171137,2.8791056
/content/Dataset/MUC/MUC-RQYFYKES.jpg,4,MUC,1506,6,1,6,1.0204474,0.8166929,1.0,0.67362577,3.1116202
/content/Dataset/ADI/ADI-ECADQVVL.jpg,0,ADI,1507,0,0,2,1.0912459,0.82116294,1.0,0.7221967,3.3213966
/content/Dataset/NORM/NORM-PEQVTVCP.jpg,6,NORM,1508,6,0,8,0.9762139,0.783329,1.0,0.68374383,2.99312
/content/Dataset/STR/STR-WQRMPIDT.jpg,7,STR,1509,7,0,5,0.91753435,0.7620027,1.0,0.65772367,2.8478272
/content/Dataset/TUM/TUM-YCDNDLLD.jpg,8,TUM,1510,8,0,6,0.98383224,0.7863909,1.0,0.6908112,2.9978063
/content/Dataset/ADI/ADI-DLHPVHVL.jpg,0,ADI,1511,3,1,3,1.1025566,0.82106745,1.0,0.7224257,3.387126
/content/Dataset/MUC/MUC-WIFNRLIK.jpg,4,MUC,1512,6,1,6,1.0204824,0.8215189,1.0,0.670784,3.0973976
/content/Dataset/STR/STR-QSYDHPKS.jpg,7,STR,1513,7,0,5,0.9246667,0.77197397,1.0,0.65923643,2.8362896
/content/Dataset/MUS/MUS-NMHKCTAK.jpg,5,MUS,1514,7,1,7,0.9613985,0.78651786,1.0,0.6920138,2.8691378
/content/Dataset/BACK/BACK-NWLMQNFG.jpg,1,BACK,1515,1,0,3,1.0660987,0.80987084,1.0,0.70423996,3.302469
/content/Dataset/ADI/ADI-DGIMFQQI.jpg,0,ADI,1516,0,0,2,1.0913395,0.82228315,1.0,0.72151244,3.3183208
/content/Dataset/BACK/BACK-LLEDVAED.jpg,1,BACK,1517,1,0,3,1.0655026,0.8088956,1.0,0.7043187,3.3040268
/content/Dataset/DEB/DEB-QYPLDMCG.jpg,2,DEB,1518,2,0,3,1.0182067,0.79236686,1.0,0.68751866,3.1759124
/content/Dataset/STR/STR-QAHPWPVN.jpg,7,STR,1519,5,1,5,0.9280032,0.7887763,1.0,0.65278494,2.7974894
/content/Dataset/STR/STR-PNEIDQCC.jpg,7,STR,1520,5,1,5,0.92786777,0.8098304,1.0,0.64045423,2.7412415
/content/Dataset/STR/STR-YIWRLKAM.jpg,7,STR,1521,7,0,5,0.92177796,0.76619685,1.0,0.6597193,2.8456995
/content/Dataset/LYM/LYM-VAGWDFPW.jpg,3,LYM,1522,2,1,2,1.053912,0.82372874,1.0,0.7051598,3.1556284
/content/Dataset/TUM/TUM-RLAEITIK.jpg,8,TUM,1523,6,1,6,0.9861607,0.7898378,1.0,0.69095206,2.9934177
/content/Dataset/NORM/NORM-NWLNIKSK.jpg,6,NORM,1524,6,0,8,0.982401,0.8137086,1.0,0.67121965,2.922034
/content/Dataset/BACK/BACK-KIQPICDW.jpg,1,BACK,1525,1,0,0,1.074589,0.8097378,1.0,0.7039887,3.3544495
/content/Dataset/TUM/TUM-QLNGGLCV.jpg,8,TUM,1526,8,0,6,0.97853416,0.7940177,1.0,0.68039715,2.9647505
/content/Dataset/ADI/ADI-DYLVCMSH.jpg,0,ADI,1527,0,0,3,1.101947,0.82064104,1.0,0.7221413,3.3870053
/content/Dataset/BACK/BACK-LAMWWNVK.jpg,1,BACK,1528,0,1,0,1.075913,0.81152225,1.0,0.7040934,3.3519514
/content/Dataset/MUC/MUC-NCAKNIDN.jpg,4,MUC,1529,4,0,7,0.9915847,0.7989878,1.0,0.6753877,3.0303063
/content/Dataset/BACK/BACK-KTNNCSCT.jpg,1,BACK,1530,1,0,3,1.0665673,0.8105699,1.0,0.70423585,3.3014061
/content/Dataset/LYM/LYM-KSYWTPCV.jpg,3,LYM,1531,3,0,4,1.0528454,0.81445545,0.98053855,0.7111888,3.210535
/content/Dataset/NORM/NORM-YKVFITIE.jpg,6,NORM,1532,4,1,4,1.0059,0.851236,1.0,0.6419184,2.9715242
/content/Dataset/LYM/LYM-NGNMWNFG.jpg,3,LYM,1533,3,0,4,1.0501603,0.8150906,0.97267044,0.7104915,3.2080977
/content/Dataset/MUS/MUS-CDLQWFIT.jpg,5,MUS,1534,7,1,7,0.9639464,0.7953394,1.0,0.68906856,2.8511097
/content/Dataset/MUS/MUS-QYCRKLIF.jpg,5,MUS,1535,7,1,7,0.9661762,0.8179774,1.0,0.67770654,2.79574
/content/Dataset/MUC/MUC-RPWQWCQI.jpg,4,MUC,1536,3,1,3,1.0177249,0.7926827,1.0,0.6794616,3.200097
/content/Dataset/ADI/ADI-GCKILLEN.jpg,0,ADI,1537,0,0,3,1.1019484,0.8206885,1.0,0.7221167,3.3868399
/content/Dataset/DEB/DEB-VMIEHAPI.jpg,2,DEB,1538,2,0,3,1.0167646,0.79031026,1.0,0.6873579,3.178938
/content/Dataset/MUC/MUC-WKYSWRTA.jpg,4,MUC,1539,3,1,3,1.0179914,0.79332554,1.0,0.67928934,3.1988535
/content/Dataset/STR/STR-TYTTKNYV.jpg,7,STR,1540,7,0,5,0.92351973,0.77041113,1.0,0.6589809,2.8379812
/content/Dataset/ADI/ADI-DDGYIVHA.jpg,0,ADI,1541,0,0,4,1.0849855,0.8237208,1.0,0.7219494,3.2723925
/content/Dataset/DEB/DEB-SANYDNRP.jpg,2,DEB,1542,5,1,5,1.0512844,0.8242116,0.99695295,0.6854701,3.212994
/content/Dataset/NORM/NORM-QEIHLYMV.jpg,6,NORM,1543,6,0,8,0.97286695,0.77749825,1.0,0.6841279,3.001832
/content/Dataset/MUS/MUS-QKEVIVYR.jpg,5,MUS,1544,5,0,7,0.9519185,0.7722658,1.0,0.6913658,2.8863854
/content/Dataset/MUS/MUS-AADNSWYC.jpg,5,MUS,1545,7,1,7,0.9627601,0.78942215,1.0,0.69155425,2.8644142
/content/Dataset/TUM/TUM-WANHQHVH.jpg,8,TUM,1546,8,0,6,0.9831838,0.78598505,1.0,0.69034714,2.9976828
/content/Dataset/TUM/TUM-SSQEYNAN.jpg,8,TUM,1547,8,0,6,0.9387169,0.86857706,1.0,0.6051899,2.6601074
/content/Dataset/MUS/MUS-NVGYFPKP.jpg,5,MUS,1548,5,0,7,0.95861804,0.78380775,1.0,0.69083846,2.8702984
/content/Dataset/STR/STR-QKSQWRVR.jpg,7,STR,1549,7,0,5,0.9236314,0.7705279,1.0,0.6590186,2.8379416
/content/Dataset/ADI/ADI-CFLSPKDN.jpg,0,ADI,1550,0,0,4,1.0846993,0.8233699,1.0,0.72190726,3.272789
/content/Dataset/BACK/BACK-KVFAQQAC.jpg,1,BACK,1551,1,0,0,1.0743003,0.8156324,1.0,0.69973445,3.3358574
/content/Dataset/NORM/NORM-LLAEPGTA.jpg,6,NORM,1552,6,0,4,0.9978987,0.8061318,0.9145204,0.68413347,3.1464345
/content/Dataset/DEB/DEB-QQRSEHRE.jpg,2,DEB,1553,8,1,8,1.0452969,0.83430076,1.0,0.67001,3.1765885
/content/Dataset/ADI/ADI-EYYQSCKH.jpg,0,ADI,1554,0,0,5,1.1017627,0.8342881,1.0,0.7219752,3.3113935
/content/Dataset/BACK/BACK-IQIFPIIM.jpg,1,BACK,1555,1,0,3,1.0668266,0.8104871,1.0,0.7045441,3.3022504
/content/Dataset/TUM/TUM-YIQIKHRH.jpg,8,TUM,1556,6,1,6,0.9917227,0.82532066,1.0,0.67487425,2.9070063
/content/Dataset/DEB/DEB-RWLAKGFH.jpg,2,DEB,1557,2,0,7,0.5664909,0.837904,1.0,0.2581779,1.7874298
/content/Dataset/DEB/DEB-SWLPYPGK.jpg,2,DEB,1558,2,0,3,1.0176806,0.7915979,1.0,0.68742186,3.177249
/content/Dataset/DEB/DEB-TTHIERII.jpg,2,DEB,1559,2,0,3,1.0187814,0.7932658,1.0,0.68745446,3.174743
/content/Dataset/LYM/LYM-RMLVIGWA.jpg,3,LYM,1560,3,0,2,1.0472022,0.8049488,1.0,0.7108332,3.1953442
/content/Dataset/MUS/MUS-PLNLSAWG.jpg,5,MUS,1561,7,1,7,0.963546,0.79119825,1.0,0.6912242,2.8614407
/content/Dataset/MUS/MUS-QFSNFHVT.jpg,5,MUS,1562,5,0,7,0.9497903,0.77817476,1.0,0.68523455,2.8657112
/content/Dataset/ADI/ADI-HRMTTPSP.jpg,0,ADI,1563,0,0,4,1.0873638,0.82887393,1.0,0.7208353,3.2624414
/content/Dataset/MUS/MUS-CIKKELKA.jpg,5,MUS,1564,5,0,7,0.95642436,0.7788595,1.0,0.6917776,2.878657
/content/Dataset/NORM/NORM-VEGHVYAS.jpg,6,NORM,1565,6,0,8,0.32002777,0.8323021,1.0,0.09091545,0.95643455
/content/Dataset/STR/STR-YKQPAWRS.jpg,7,STR,1566,5,1,5,0.9334343,0.79603434,1.0,0.65403616,2.7905653
/content/Dataset/BACK/BACK-LRESVHME.jpg,1,BACK,1567,0,1,0,1.0755705,0.8373851,1.0,0.687325,3.271503
/content/Dataset/BACK/BACK-DLGLIAQG.jpg,1,BACK,1568,0,1,0,1.0756978,0.8111912,1.0,0.70408916,3.352538
/content/Dataset/LYM/LYM-NHVYNWIS.jpg,3,LYM,1569,3,0,2,1.0486461,0.80790174,1.0,0.7103158,3.1898725
/content/Dataset/ADI/ADI-CCRDIHVF.jpg,0,ADI,1570,3,1,3,1.1022612,0.8210462,1.0,0.7221682,3.3864765
/content/Dataset/BACK/BACK-AEPSLEWR.jpg,1,BACK,1571,1,0,3,1.066282,0.8101485,1.0,0.7042462,3.3020015
/content/Dataset/MUS/MUS-PVYKITKL.jpg,5,MUS,1572,5,0,7,0.9599612,0.7839938,1.0,0.69213533,2.8727446
/content/Dataset/TUM/TUM-VQSTHCDG.jpg,8,TUM,1573,8,0,6,0.9849469,0.7875771,1.0,0.69117403,2.9970255
/content/Dataset/NORM/NORM-MDDCHKPP.jpg,6,NORM,1574,4,1,4,1.0172485,0.8094755,0.974929,0.6832541,3.1394439
/content/Dataset/MUS/MUS-QSHKGGWA.jpg,5,MUS,1575,0,1,0,1.0584712,0.83321,1.0,0.67361367,3.2450132
/content/Dataset/MUC/MUC-AFVKMCKE.jpg,4,MUC,1576,4,0,7,0.9989534,0.8122671,1.0,0.67470723,3.008781
/content/Dataset/MUC/MUC-WIYMQNST.jpg,4,MUC,1577,4,0,7,0.9938963,0.79701036,1.0,0.67892444,3.041385
/content/Dataset/TUM/TUM-RHNYLNAA.jpg,8,TUM,1578,8,0,6,0.98569274,0.78989553,1.0,0.69042176,2.992243
/content/Dataset/BACK/BACK-MKYWPQER.jpg,1,BACK,1579,1,0,8,1.0649788,0.81691945,1.0,0.7026693,3.2633717
/content/Dataset/TUM/TUM-TYLEPMWM.jpg,8,TUM,1580,8,0,7,0.37803432,0.79126114,1.0,0.087028794,1.2810534
/content/Dataset/TUM/TUM-QMLMMTDG.jpg,8,TUM,1581,8,0,6,0.9814869,0.78657955,1.0,0.6882024,2.992212
/content/Dataset/MUC/MUC-PEEVPRPK.jpg,4,MUC,1582,4,0,3,1.0174485,0.7929347,1.0,0.67897505,3.1988575
/content/Dataset/LYM/LYM-RCWCETRR.jpg,3,LYM,1583,3,0,2,1.0503746,0.8112661,1.0,0.70977974,3.1839776
/content/Dataset/NORM/NORM-SGNHVHPS.jpg,6,NORM,1584,5,1,5,1.0416338,0.8309257,0.9356364,0.6776243,3.258126
/content/Dataset/MUC/MUC-RMMCVIAS.jpg,4,MUC,1585,3,1,3,1.0176612,0.79305696,1.0,0.6791315,3.198902
/content/Dataset/DEB/DEB-VGNTIIKE.jpg,2,DEB,1586,3,1,3,1.0194763,0.79405844,1.0,0.68763554,3.173975
/content/Dataset/LYM/LYM-QNSPPQET.jpg,3,LYM,1587,3,0,2,1.0478711,0.80694824,1.0,0.7101894,3.1908958
/content/Dataset/STR/STR-MYMDDFDN.jpg,7,STR,1588,7,0,5,0.92390656,0.76955533,1.0,0.6598415,2.841472
/content/Dataset/NORM/NORM-VYGYWCPV.jpg,6,NORM,1589,6,0,8,0.9830139,0.80084425,1.0,0.6796211,2.9592545
/content/Dataset/MUC/MUC-QFTWFHSW.jpg,4,MUC,1590,4,0,3,1.0167168,0.7918365,1.0,0.67895514,3.2004733
/content/Dataset/NORM/NORM-NFWASFME.jpg,6,NORM,1591,6,0,8,0.9778673,0.7879188,1.0,0.68244123,2.9840941
/content/Dataset/ADI/ADI-HNDKQIRY.jpg,0,ADI,1592,0,0,5,0.9579025,0.9015075,1.0,0.5657992,2.7476244
/content/Dataset/ADI/ADI-CPQDIPWR.jpg,0,ADI,1593,0,0,5,1.098018,0.8603975,1.0,0.70270395,3.2230783
/content/Dataset/DEB/DEB-VIATKSWR.jpg,2,DEB,1594,2,0,3,1.0178304,0.7921037,1.0,0.68724954,3.1760533
/content/Dataset/MUC/MUC-RQIKMLDQ.jpg,4,MUC,1595,6,1,6,1.0187883,0.807116,1.0,0.6778736,3.136162
/content/Dataset/MUS/MUS-SNDRMGYR.jpg,5,MUS,1596,5,0,7,0.95559543,0.7776683,1.0,0.69167644,2.8800473
/content/Dataset/STR/STR-RHYSWNPA.jpg,7,STR,1597,7,0,5,0.91868615,0.78927726,1.0,0.64210576,2.777041
/content/Dataset/NORM/NORM-WAWRRKSR.jpg,6,NORM,1598,6,0,8,0.98071164,0.80116355,1.0,0.6769695,2.9535608
/content/Dataset/MUC/MUC-LQSYKYML.jpg,4,MUC,1599,4,0,3,1.01689,0.7917588,1.0,0.67921454,3.2009854
/content/Dataset/LYM/LYM-NLENSHMF.jpg,3,LYM,1600,3,0,2,1.0485548,0.8075613,1.0,0.7104662,3.1906142
/content/Dataset/MUC/MUC-PTLYGNAP.jpg,4,MUC,1601,4,0,6,1.0164554,0.80183005,1.0,0.67886007,3.1465514
/content/Dataset/DEB/DEB-NVRHQGCP.jpg,2,DEB,1602,2,0,3,1.0169749,0.7910211,1.0,0.6870712,3.1774101
/content/Dataset/LYM/LYM-SACKGWKF.jpg,3,LYM,1603,3,0,2,1.048817,0.80763096,1.0,0.7106605,3.1910665
/content/Dataset/NORM/NORM-SAGLWLVW.jpg,6,NORM,1604,6,0,8,0.9807944,0.7908277,1.0,0.6836485,2.9823363
/content/Dataset/BACK/BACK-LPRHKLTG.jpg,1,BACK,1605,1,0,3,1.0662242,0.81003356,1.0,0.7042545,3.3022616
/content/Dataset/LYM/LYM-AWTDQIAL.jpg,3,LYM,1606,3,0,2,1.050963,0.81152755,1.0,0.71017194,3.1845903
/content/Dataset/BACK/BACK-NWQMAYWA.jpg,1,BACK,1607,2,1,2,1.0774096,0.8247422,0.98726434,0.7024012,3.3174632
/content/Dataset/STR/STR-PFGFTHRE.jpg,7,STR,1608,6,1,6,0.9838681,0.82124263,1.0,0.62772,3.0392451
/content/Dataset/DEB/DEB-WPMNGRYR.jpg,2,DEB,1609,7,1,7,1.0274161,0.81594914,1.0,0.6854448,3.1140378
/content/Dataset/TUM/TUM-WAQFRIVW.jpg,8,TUM,1610,8,0,6,0.9836401,0.787602,1.0,0.68977565,2.9941325
/content/Dataset/NORM/NORM-LTHAVHPK.jpg,6,NORM,1611,6,0,4,1.000883,0.80486125,0.9298295,0.68343806,3.146171
/content/Dataset/ADI/ADI-APWIQDNW.jpg,0,ADI,1612,0,0,5,1.1006664,0.8323989,1.0,0.72216564,3.3146288
/content/Dataset/STR/STR-VKKGTYHI.jpg,7,STR,1613,7,0,5,0.89792496,0.76644635,1.0,0.63323325,2.7926912
/content/Dataset/TUM/TUM-WMFARFQT.jpg,8,TUM,1614,6,1,6,0.9862957,0.7902999,1.0,0.690773,2.992486
/content/Dataset/BACK/BACK-NVVLVIKW.jpg,1,BACK,1615,0,1,0,1.0775828,0.8151964,1.0,0.703248,3.344557
/content/Dataset/BACK/BACK-NSTPKSMG.jpg,1,BACK,1616,5,1,5,1.0769169,0.83273274,1.0,0.70082223,3.254601
/content/Dataset/MUS/MUS-PQEFKIAM.jpg,5,MUS,1617,5,0,7,0.956862,0.77906096,1.0,0.6921103,2.8790762
/content/Dataset/STR/STR-YGQSNQMR.jpg,7,STR,1618,7,0,5,0.9087353,0.8348924,1.0,0.6097026,2.6278718
/content/Dataset/MUC/MUC-TILNWDMV.jpg,4,MUC,1619,4,0,7,0.989736,0.79875433,1.0,0.6736751,3.0267286
/content/Dataset/BACK/BACK-KCGWYRGS.jpg,1,BACK,1620,1,0,3,1.0662327,0.81000865,1.0,0.7042837,3.3023403
/content/Dataset/NORM/NORM-NEKWSSQA.jpg,6,NORM,1621,6,0,4,0.9983463,0.8056849,0.9182119,0.68379194,3.1461177
/content/Dataset/MUS/MUS-SNLHSYFR.jpg,5,MUS,1622,0,1,0,1.0543555,0.83225995,1.0,0.6703956,3.2379258
/content/Dataset/MUC/MUC-TSGRWIKD.jpg,4,MUC,1623,4,0,7,0.99231744,0.79454064,0.99877995,0.67921716,3.0458133
/content/Dataset/MUC/MUC-AAAERKWD.jpg,4,MUC,1624,4,0,7,0.8797026,0.84813404,1.0,0.54479617,2.6158292
/content/Dataset/LYM/LYM-SIYCPYYK.jpg,3,LYM,1625,3,0,4,1.0531603,0.8148355,0.9830554,0.71045285,3.2084882
/content/Dataset/BACK/BACK-PFFCVRPR.jpg,1,BACK,1626,1,0,3,1.065381,0.8097266,1.0,0.70363265,3.3012722
/content/Dataset/NORM/NORM-TEINHWVQ.jpg,6,NORM,1627,4,1,4,1.0085646,0.8072274,0.94955873,0.6836464,3.143414
/content/Dataset/DEB/DEB-WAMGFMYK.jpg,2,DEB,1628,2,0,3,1.016052,0.79223,1.0,0.68535745,3.1716468
/content/Dataset/TUM/TUM-RIFTPQQD.jpg,8,TUM,1629,8,0,6,0.9846606,0.7869596,1.0,0.69127464,2.9981382
/content/Dataset/ADI/ADI-EDTWGNHY.jpg,0,ADI,1630,0,0,5,1.0951332,0.8315879,0.9844964,0.7220719,3.3156166
/content/Dataset/ADI/ADI-DYNNMQAW.jpg,0,ADI,1631,3,1,3,1.1023043,0.82109916,1.0,0.72215825,3.3864713
/content/Dataset/MUC/MUC-YTLWTYVQ.jpg,4,MUC,1632,4,0,3,1.0170254,0.79174364,1.0,0.67932975,3.201455
/content/Dataset/MUS/MUS-SHLCNWTV.jpg,5,MUS,1633,5,0,7,0.9554665,0.7771172,1.0,0.6918862,2.881296
/content/Dataset/BACK/BACK-NLAYVMKR.jpg,1,BACK,1634,1,0,3,1.065999,0.80964434,1.0,0.7043037,3.3028913
/content/Dataset/MUC/MUC-YQHMAANW.jpg,4,MUC,1635,4,0,3,1.0165586,0.7917266,1.0,0.67890364,3.2003098
/content/Dataset/TUM/TUM-YIEWIMGC.jpg,8,TUM,1636,8,0,6,0.9845251,0.7868658,1.0,0.6911899,2.9981167
/content/Dataset/MUC/MUC-QHGVLIPY.jpg,4,MUC,1637,4,0,7,0.9927512,0.79426956,1.0,0.6795331,3.0465405
/content/Dataset/STR/STR-YDYSQKAY.jpg,7,STR,1638,7,0,5,0.92020214,0.76499254,1.0,0.6586577,2.8458269
/content/Dataset/NORM/NORM-LWDKTMFT.jpg,6,NORM,1639,6,0,8,0.9745831,0.7799058,1.0,0.6843047,2.9990172
/content/Dataset/LYM/LYM-PCTVAPDD.jpg,3,LYM,1640,3,0,4,1.0519551,0.81444114,0.97838646,0.71094465,3.21016
/content/Dataset/DEB/DEB-SMWFCAQI.jpg,2,DEB,1641,4,1,4,1.0625982,0.8356016,1.0,0.67395896,3.25508
/content/Dataset/MUC/MUC-SRMELSKP.jpg,4,MUC,1642,4,0,6,0.9977256,0.84812516,1.0,0.6347344,2.9652612
/content/Dataset/LYM/LYM-VGYEMTSV.jpg,3,LYM,1643,3,0,2,1.049103,0.8082496,1.0,0.7104968,3.190023
/content/Dataset/DEB/DEB-YNAIGTRA.jpg,2,DEB,1644,2,0,3,1.015124,0.79175824,1.0,0.6847061,3.1710029
/content/Dataset/ADI/ADI-IMILMPIS.jpg,0,ADI,1645,5,1,5,1.1035548,0.8449017,1.0,0.71689355,3.2833974
/content/Dataset/MUS/MUS-RALKSPTK.jpg,5,MUS,1646,5,0,7,0.95475006,0.7766732,1.0,0.69141763,2.8809104
/content/Dataset/BACK/BACK-NDVSDDGH.jpg,1,BACK,1647,0,1,0,1.0754209,0.8126647,1.0,0.7028538,3.347302
/content/Dataset/NORM/NORM-SYKNTPPR.jpg,6,NORM,1648,4,1,4,1.0171654,0.80753493,0.9798207,0.68303764,3.1413276
/content/Dataset/ADI/ADI-EHNFLPNW.jpg,0,ADI,1649,0,0,4,1.0850335,0.82300466,1.0,0.7224838,3.2745833
/content/Dataset/DEB/DEB-QFYGWQQC.jpg,2,DEB,1650,2,0,3,1.0186948,0.792657,1.0,0.68776804,3.1763523
/content/Dataset/MUS/MUS-VIHYKWAE.jpg,5,MUS,1651,5,0,7,0.95323837,0.7740208,1.0,0.6915904,2.8846269
/content/Dataset/ADI/ADI-DEPMKYLS.jpg,0,ADI,1652,0,0,4,1.0848001,0.8231486,1.0,0.7221561,3.2736566
/content/Dataset/STR/STR-YKGHTNVT.jpg,7,STR,1653,7,0,5,0.9247754,0.77148443,1.0,0.6595985,2.8380556
/content/Dataset/MUS/MUS-ADPSVFMI.jpg,5,MUS,1654,7,1,7,0.9614919,0.7871728,1.0,0.691692,2.8675818
/content/Dataset/BACK/BACK-NNACNSGK.jpg,1,BACK,1655,1,0,2,0.37785876,0.7143574,1.0,0.054971777,1.4884049
/content/Dataset/MUS/MUS-QAGNWTIE.jpg,5,MUS,1656,5,0,7,0.9301768,0.81534487,1.0,0.64310336,2.7218792
/content/Dataset/NORM/NORM-WDLSLMRN.jpg,6,NORM,1657,6,0,8,0.9633195,0.8452793,1.0,0.6361655,2.7890375
/content/Dataset/TUM/TUM-WVCKIPPV.jpg,8,TUM,1658,8,0,6,0.98485214,0.7890661,1.0,0.6900878,2.9927027
/content/Dataset/NORM/NORM-LGYLMNTD.jpg,6,NORM,1659,6,0,8,0.9722829,0.77675474,1.0,0.68398756,3.002678
/content/Dataset/LYM/LYM-VMYGEWTE.jpg,3,LYM,1660,3,0,4,1.0527662,0.814839,0.9811372,0.7106625,3.2088501
/content/Dataset/DEB/DEB-VEERNRTY.jpg,2,DEB,1661,2,0,3,1.0173002,0.79024225,1.0,0.6879489,3.180354
/content/Dataset/MUS/MUS-CIHSSWPV.jpg,5,MUS,1662,7,1,7,0.9653437,0.7950967,1.0,0.6906303,2.8549523
/content/Dataset/STR/STR-TGHNFPWL.jpg,7,STR,1663,7,0,5,0.92305654,0.76838976,1.0,0.6596229,2.8428614
/content/Dataset/BACK/BACK-FWVLTWWW.jpg,1,BACK,1664,1,0,3,1.0659791,0.81014293,1.0,0.70392376,3.3014367
/content/Dataset/MUS/MUS-NMFKCINH.jpg,5,MUS,1665,5,0,7,0.95483416,0.77620196,1.0,0.69184065,2.882293
/content/Dataset/NORM/NORM-RCTFWQEE.jpg,6,NORM,1666,4,1,4,1.0170765,0.80713296,0.980778,0.6829432,3.1415737
/content/Dataset/STR/STR-PGYLMGQR.jpg,7,STR,1667,7,0,5,0.9248099,0.777285,1.0,0.6560161,2.822428
/content/Dataset/BACK/BACK-LRTWFSDS.jpg,1,BACK,1668,1,0,3,1.066731,0.81053877,1.0,0.7044128,3.3018887
/content/Dataset/ADI/ADI-CGQSGDQN.jpg,0,ADI,1669,0,0,2,1.0910606,0.82111263,1.0,0.7220369,3.3211856
/content/Dataset/ADI/ADI-DFQHGWGD.jpg,0,ADI,1670,0,0,5,1.1000601,0.8317261,1.0,0.72200996,3.315365
/content/Dataset/BACK/BACK-NVKNGRFC.jpg,1,BACK,1671,1,0,3,1.0656432,0.8091873,1.0,0.70425916,3.3034713
/content/Dataset/MUC/MUC-ASDCDTEV.jpg,4,MUC,1672,4,0,7,0.99246854,0.7942743,0.9985362,0.6796298,3.0470288
/content/Dataset/STR/STR-WFWLEACE.jpg,7,STR,1673,7,0,5,0.9005892,0.84651256,1.0,0.59698826,2.577213
/content/Dataset/BACK/BACK-MDLCLTFD.jpg,1,BACK,1674,2,1,2,1.082285,0.832759,1.0,0.69820553,3.2949
/content/Dataset/LYM/LYM-NNRYLVSW.jpg,3,LYM,1675,2,1,2,1.054044,0.8266653,1.0,0.70346624,3.147262
/content/Dataset/MUS/MUS-AWRAQDTE.jpg,5,MUS,1676,5,0,7,0.95864344,0.7819598,1.0,0.6920704,2.8752987
/content/Dataset/NORM/NORM-PYCTYHHS.jpg,6,NORM,1677,6,0,8,0.98303306,0.798311,1.0,0.6811999,2.9664354
/content/Dataset/MUS/MUS-AQDASDTW.jpg,5,MUS,1678,5,0,7,0.95495075,0.7779015,1.0,0.6908277,2.8780334
/content/Dataset/MUS/MUS-STTQIPRA.jpg,5,MUS,1679,7,1,7,0.96606684,0.8035753,1.0,0.68608063,2.8340266
/content/Dataset/TUM/TUM-TCIDEDKG.jpg,8,TUM,1680,6,1,6,0.9896352,0.83030504,1.0,0.6700447,2.8883843
/content/Dataset/MUC/MUC-MLYPAFMT.jpg,4,MUC,1681,4,0,3,1.0163331,0.7910337,1.0,0.67911124,3.201941
/content/Dataset/STR/STR-QWGPHYTK.jpg,7,STR,1682,7,0,5,0.9218773,0.76577276,1.0,0.66007876,2.8471353
/content/Dataset/MUC/MUC-PGLGIMNC.jpg,4,MUC,1683,4,0,3,1.0173349,0.7920223,1.0,0.67948115,3.2012534
/content/Dataset/ADI/ADI-AANCAVPI.jpg,0,ADI,1684,3,1,3,1.1023903,0.8212086,1.0,0.7221987,3.3862092
/content/Dataset/DEB/DEB-YQIDAILY.jpg,2,DEB,1685,2,0,7,1.0094267,0.81078136,0.9471277,0.6864224,3.124455
/content/Dataset/ADI/ADI-EQWHIPDH.jpg,0,ADI,1686,0,0,4,1.0854999,0.8237559,1.0,0.72242796,3.27342
/content/Dataset/LYM/LYM-QLELMPKC.jpg,3,LYM,1687,3,0,2,1.0468585,0.8048639,1.0,0.71056426,3.1947637
/content/Dataset/MUC/MUC-STAPVKDL.jpg,4,MUC,1688,8,1,8,1.0323352,0.83178294,1.0,0.6525746,3.1776412
/content/Dataset/ADI/ADI-GAWMTLAY.jpg,0,ADI,1689,0,0,4,1.0852754,0.8233998,1.0,0.7224519,3.2739615
/content/Dataset/STR/STR-SKCWRSGI.jpg,7,STR,1690,5,1,5,0.9298588,0.7828934,1.0,0.65807134,2.8181639
/content/Dataset/STR/STR-RITAQCRM.jpg,7,STR,1691,7,0,5,0.92728215,0.77597,1.0,0.65956855,2.831218
/content/Dataset/STR/STR-NFDHGDFV.jpg,7,STR,1692,2,1,2,0.9884619,0.8090394,0.97949183,0.6502066,3.0822985
/content/Dataset/TUM/TUM-YSVLEHPR.jpg,8,TUM,1693,8,0,6,0.9810959,0.78301585,1.0,0.6901924,3.00113
/content/Dataset/NORM/NORM-TNHTLDTY.jpg,6,NORM,1694,6,0,4,0.99749947,0.8076108,0.90989923,0.6840915,3.144548
/content/Dataset/MUC/MUC-VTVQENVP.jpg,4,MUC,1695,4,0,3,1.0175774,0.79245365,1.0,0.679468,3.2004273
/content/Dataset/TUM/TUM-QIDMKVMC.jpg,8,TUM,1696,8,0,6,0.98510647,0.787696,1.0,0.6912564,2.9970653
/content/Dataset/NORM/NORM-NGGTQMAG.jpg,6,NORM,1697,6,0,8,0.9756371,0.7828295,1.0,0.6834235,2.993378
/content/Dataset/LYM/LYM-SQHNMKSC.jpg,3,LYM,1698,4,1,4,1.0593112,0.81593686,1.0,0.7107114,3.20717
/content/Dataset/TUM/TUM-YRSNLTIA.jpg,8,TUM,1699,6,1,6,0.986045,0.7897775,1.0,0.69087225,2.9933271
/content/Dataset/LYM/LYM-EMSTHTVW.jpg,3,LYM,1700,3,0,4,1.0496565,0.8144193,0.97065413,0.71104336,3.2103796
/content/Dataset/MUC/MUC-TVGSQTEI.jpg,4,MUC,1701,4,0,3,1.0160351,0.7913004,1.0,0.6786776,3.2002993
/content/Dataset/NORM/NORM-MILDQLMY.jpg,6,NORM,1702,6,0,4,0.9961368,0.8054187,0.91028804,0.6841195,3.1473472
/content/Dataset/BACK/BACK-CPCYVNAH.jpg,1,BACK,1703,1,0,5,1.0639373,0.8246451,0.9640413,0.7041809,3.2748039
/content/Dataset/STR/STR-QCHLPRQK.jpg,7,STR,1704,7,0,5,0.825018,0.8769919,1.0,0.5186373,2.3100057
/content/Dataset/DEB/DEB-SPEAALPR.jpg,2,DEB,1705,5,1,5,1.0456716,0.8248089,0.9895568,0.68178844,3.2036195
/content/Dataset/STR/STR-RRSDNKWG.jpg,7,STR,1706,4,1,4,0.9741975,0.8039848,1.0,0.6503686,2.9910462
/content/Dataset/DEB/DEB-YAGQKWLD.jpg,2,DEB,1707,3,1,3,1.0198721,0.79756886,1.0,0.68573123,3.1644998
/content/Dataset/MUC/MUC-WPGHWRYR.jpg,4,MUC,1708,4,0,7,0.9923174,0.79504263,1.0,0.6786278,3.0432436
/content/Dataset/MUC/MUC-QHIMRNSE.jpg,4,MUC,1709,6,1,6,1.0184835,0.8064705,1.0,0.67800033,3.1372855
/content/Dataset/STR/STR-MLVQEISY.jpg,7,STR,1710,7,0,5,0.92771316,0.77605206,1.0,0.6599388,2.8320808
/content/Dataset/BACK/BACK-NPHQYKII.jpg,1,BACK,1711,1,0,3,1.0662428,0.809785,1.0,0.7044494,3.3030179
/content/Dataset/DEB/DEB-TSSNTRYS.jpg,2,DEB,1712,3,1,3,1.019303,0.79466534,1.0,0.6870351,3.171874
/content/Dataset/DEB/DEB-VCTTNPPC.jpg,2,DEB,1713,2,0,3,1.0154908,0.7919568,1.0,0.68494004,3.1712768
/content/Dataset/MUS/MUS-PHLTYSWI.jpg,5,MUS,1714,0,1,0,1.0614321,0.8177275,1.0,0.68634987,3.298186
/content/Dataset/NORM/NORM-TEGLRCIQ.jpg,6,NORM,1715,6,0,4,0.99931,0.8072301,0.9164202,0.6842266,3.1452587
/content/Dataset/NORM/NORM-QSPSYAMI.jpg,6,NORM,1716,4,1,4,1.0134739,0.80661076,0.9698249,0.68293965,3.1424003
/content/Dataset/LYM/LYM-NFGFCSHM.jpg,3,LYM,1717,3,0,2,1.0489923,0.8111825,1.0,0.70857304,3.1807585
/content/Dataset/MUS/MUS-PGTWQCCK.jpg,5,MUS,1718,7,1,7,0.9671562,0.8160615,1.0,0.6797578,2.8031309
/content/Dataset/MUC/MUC-WDISHLGI.jpg,4,MUC,1719,4,0,3,1.016427,0.7913667,1.0,0.67900723,3.201085
/content/Dataset/BACK/BACK-NMHKQWST.jpg,1,BACK,1720,0,1,0,1.0790809,0.82026523,1.0,0.7013793,3.332355
/content/Dataset/DEB/DEB-RQAAQLHY.jpg,2,DEB,1721,2,0,3,1.0178795,0.7918911,1.0,0.6874306,3.1768284
/content/Dataset/DEB/DEB-TATSGTNQ.jpg,2,DEB,1722,2,0,3,1.0192194,0.79359794,1.0,0.68768543,3.1747322
/content/Dataset/MUS/MUS-CAFTRNKC.jpg,5,MUS,1723,5,0,7,0.95619833,0.7797034,1.0,0.6909282,2.8760688
/content/Dataset/MUC/MUC-YHDPFRIE.jpg,4,MUC,1724,6,1,6,1.0195298,0.8100763,1.0,0.67675763,3.1291287
/content/Dataset/MUS/MUS-ANHEQFIY.jpg,5,MUS,1725,5,0,7,0.9560762,0.77772796,1.0,0.69215393,2.8809261
/content/Dataset/MUC/MUC-WKLVNFGY.jpg,4,MUC,1726,4,0,7,0.992419,0.7952581,1.0,0.67854273,3.0430295
/content/Dataset/MUC/MUC-SPCDQASF.jpg,4,MUC,1727,4,0,3,1.0170949,0.7919252,1.0,0.67928344,3.2010605
/content/Dataset/LYM/LYM-QSVVIENV.jpg,3,LYM,1728,4,1,4,1.0579709,0.8148075,1.0,0.7101398,3.2074811
/content/Dataset/DEB/DEB-VVFERIRS.jpg,2,DEB,1729,2,0,8,0.9800873,0.87471807,1.0,0.591789,2.8928246
/content/Dataset/NORM/NORM-QLKASDHV.jpg,6,NORM,1730,6,0,4,0.99400586,0.8588941,1.0,0.62740004,2.9203007
/content/Dataset/NORM/NORM-VQSHVPRS.jpg,6,NORM,1731,6,0,8,0.97489405,0.780693,1.0,0.684098,2.9975483
/content/Dataset/ADI/ADI-DIQQVKTE.jpg,0,ADI,1732,0,0,4,1.0850482,0.8231095,1.0,0.7224251,3.2743163
/content/Dataset/TUM/TUM-SHCFPTPL.jpg,8,TUM,1733,8,0,6,0.984032,0.7865457,1.0,0.6909074,2.99785
/content/Dataset/LYM/LYM-ENGRGCNS.jpg,3,LYM,1734,3,0,2,1.0477724,0.8056327,1.0,0.7109524,3.1945865
/content/Dataset/BACK/BACK-IMWGAHCI.jpg,1,BACK,1735,0,1,0,1.0755093,0.810786,1.0,0.7041902,3.3533041
/content/Dataset/BACK/BACK-KNDMNWSD.jpg,1,BACK,1736,1,0,3,1.0658078,0.8095591,1.0,0.7041568,3.302775
/content/Dataset/ADI/ADI-GLCKFFHH.jpg,0,ADI,1737,3,1,3,1.1024921,0.8215837,1.0,0.72201055,3.3854096
/content/Dataset/DEB/DEB-NYNNMAQV.jpg,2,DEB,1738,2,0,3,1.0170628,0.7915106,1.0,0.6868523,3.1761022
/content/Dataset/NORM/NORM-LPKSLNDV.jpg,6,NORM,1739,4,1,4,1.0243872,0.83225465,1.0,0.6690953,3.0719745
/content/Dataset/BACK/BACK-NQFVNQEE.jpg,1,BACK,1740,1,0,3,1.0660762,0.8100636,1.0,0.7040696,3.3019059
/content/Dataset/ADI/ADI-ILGYMTMD.jpg,0,ADI,1741,0,0,5,1.1014585,0.83368367,1.0,0.7220887,3.312501
/content/Dataset/LYM/LYM-QHRGTAWF.jpg,3,LYM,1742,3,0,2,1.0502508,0.8114953,1.0,0.7095099,3.1830182
/content/Dataset/MUS/MUS-RHIRCWRM.jpg,5,MUS,1743,7,1,7,0.9673016,0.80328226,1.0,0.6875741,2.837377
/content/Dataset/ADI/ADI-FCNVGGLT.jpg,0,ADI,1744,0,0,3,1.1018682,0.82119775,1.0,0.72168195,3.3851445
/content/Dataset/MUC/MUC-NFDIQTDP.jpg,4,MUC,1745,0,1,0,1.0318234,0.80089664,1.0,0.67758083,3.246396
/content/Dataset/ADI/ADI-FMVKQDVF.jpg,0,ADI,1746,0,0,5,1.095254,0.8308108,0.9861805,0.7222078,3.3169892
/content/Dataset/STR/STR-PDMFMRAL.jpg,7,STR,1747,7,0,5,0.925565,0.78392506,1.0,0.6528544,2.8059163
/content/Dataset/MUS/MUS-VHHNCFSE.jpg,5,MUS,1748,5,0,7,0.954711,0.77659327,1.0,0.69147086,2.8809085
/content/Dataset/STR/STR-TEFLLAFP.jpg,7,STR,1749,7,0,5,0.92284846,0.76847434,1.0,0.6593763,2.8420668
/content/Dataset/MUC/MUC-VYEFPCIW.jpg,4,MUC,1750,4,0,3,1.0145681,0.7913004,1.0,0.6772562,3.1966982
/content/Dataset/MUC/MUC-KGYLSIMC.jpg,4,MUC,1751,4,0,3,1.0162777,0.7913028,1.0,0.6788788,3.2010026
/content/Dataset/DEB/DEB-QNRQMSCI.jpg,2,DEB,1752,2,0,3,1.0168389,0.79112875,1.0,0.68690777,3.1766179
/content/Dataset/NORM/NORM-RPGMLQRF.jpg,6,NORM,1753,4,1,4,1.0139524,0.8076701,0.9665158,0.68367624,3.1428304
/content/Dataset/DEB/DEB-THRLRTRT.jpg,2,DEB,1754,2,0,3,1.018382,0.79332125,1.0,0.6869979,3.173724
/content/Dataset/NORM/NORM-LERYKWPF.jpg,6,NORM,1755,6,0,8,0.97401744,0.7792486,1.0,0.6841281,2.9996545
/content/Dataset/DEB/DEB-QPTNQDAD.jpg,2,DEB,1756,2,0,3,1.0178615,0.7913771,1.0,0.68778014,3.1782136
/content/Dataset/NORM/NORM-MARKYYFD.jpg,6,NORM,1757,6,0,4,0.99763894,0.807233,0.9119564,0.68385947,3.1445515
/content/Dataset/BACK/BACK-KTGGGQCH.jpg,1,BACK,1758,1,0,3,1.0656792,0.8093985,1.0,0.7041404,3.30296
/content/Dataset/ADI/ADI-FPMSCHQT.jpg,0,ADI,1759,3,1,3,1.1024396,0.82126665,1.0,0.7221822,3.386235
/content/Dataset/DEB/DEB-QKMITKWQ.jpg,2,DEB,1760,3,1,3,1.0199457,0.79486823,1.0,0.68757254,3.1726613
/content/Dataset/ADI/ADI-DSNSHEGY.jpg,0,ADI,1761,0,0,2,1.0917069,0.82198477,1.0,0.72207904,3.3199995
/content/Dataset/MUS/MUS-QKESTRAS.jpg,5,MUS,1762,7,1,7,0.96600616,0.8022423,1.0,0.6868828,2.8372998
/content/Dataset/LYM/LYM-ADYSQHMP.jpg,3,LYM,1763,4,1,4,1.0586538,0.81574315,0.99780506,0.7108061,3.207953
/content/Dataset/TUM/TUM-TYTDAHVK.jpg,8,TUM,1764,8,0,6,0.9852014,0.7887218,1.0,0.6906866,2.9944017
/content/Dataset/BACK/BACK-INTMREYA.jpg,1,BACK,1765,1,0,0,1.0745621,0.8093209,1.0,0.70423955,3.355682
/content/Dataset/ADI/ADI-AWENKMSP.jpg,0,ADI,1766,0,0,3,1.0992763,0.82109255,0.9907656,0.72208446,3.3862607
/content/Dataset/ADI/ADI-DEPQMWQP.jpg,0,ADI,1767,0,0,5,1.0937226,0.8300022,0.9830553,0.72223425,3.3181417
/content/Dataset/LYM/LYM-KDVKYVCK.jpg,3,LYM,1768,3,0,2,1.0470328,0.80455375,1.0,0.7109405,3.1960816
/content/Dataset/MUC/MUC-YFMMGSFW.jpg,4,MUC,1769,4,0,3,1.0172653,0.7926312,1.0,0.67901057,3.1992693
/content/Dataset/STR/STR-PSPMMPWK.jpg,7,STR,1770,7,0,5,0.9265018,0.7734728,1.0,0.66019523,2.8365467
/content/Dataset/BACK/BACK-IGLLCYTH.jpg,1,BACK,1771,1,0,3,1.0662491,0.80989337,1.0,0.70438695,3.30269
/content/Dataset/LYM/LYM-MMDMMDMR.jpg,3,LYM,1772,4,1,4,1.053755,0.81502026,0.9826954,0.7110388,3.2094886
/content/Dataset/BACK/BACK-LSFTSGSV.jpg,1,BACK,1773,0,1,0,1.0755548,0.8107526,1.0,0.70426,3.3535006
/content/Dataset/TUM/TUM-THSCMWVN.jpg,8,TUM,1774,8,0,6,0.9594177,0.85780144,1.0,0.6282067,2.740375
/content/Dataset/MUS/MUS-NRIRTDSE.jpg,5,MUS,1775,5,0,7,0.95343506,0.7797789,1.0,0.6880295,2.8695343
/content/Dataset/STR/STR-NVTEARTY.jpg,7,STR,1776,7,0,5,0.9197448,0.76289165,1.0,0.65956086,2.8503556
/content/Dataset/MUC/MUC-QTMCCWPV.jpg,4,MUC,1777,6,1,6,1.0183089,0.8051411,1.0,0.67864674,3.140874
/content/Dataset/LYM/LYM-VACRYKPI.jpg,3,LYM,1778,3,0,2,1.0476501,0.80555576,1.0,0.71089303,3.1944993
/content/Dataset/TUM/TUM-QYWGMRQI.jpg,8,TUM,1779,8,0,6,0.9848313,0.7876346,1.0,0.6910014,2.9966564
/content/Dataset/MUC/MUC-NTEGQIAF.jpg,4,MUC,1780,4,0,3,1.017009,0.7931603,1.0,0.6784595,3.196899
/content/Dataset/LYM/LYM-VKIPLEQN.jpg,3,LYM,1781,3,0,4,1.052763,0.81469876,0.9810175,0.71078306,3.2093608
/content/Dataset/MUC/MUC-QKWCLQTE.jpg,4,MUC,1782,1,1,1,1.0263557,0.8003588,0.97802824,0.6784558,3.253289
/content/Dataset/STR/STR-QRQLKGAD.jpg,7,STR,1783,7,0,5,0.48366976,0.84874845,1.0,0.21996987,1.4458135
/content/Dataset/MUC/MUC-VSYYEEKF.jpg,4,MUC,1784,4,0,3,1.0166097,0.7914438,1.0,0.67914593,3.2012572
/content/Dataset/LYM/LYM-TLKGGQHK.jpg,3,LYM,1785,3,0,2,1.0481185,0.80646056,1.0,0.71072096,3.193017
/content/Dataset/NORM/NORM-PGYFCSFP.jpg,6,NORM,1786,6,0,4,0.999581,0.8057791,0.9233823,0.68340516,3.145127
/content/Dataset/STR/STR-YFYPDGNQ.jpg,7,STR,1787,7,0,6,0.8361653,0.78640777,1.0,0.49233317,2.7976165
/content/Dataset/TUM/TUM-SKTSFMTV.jpg,8,TUM,1788,8,0,6,0.9834963,0.78591585,1.0,0.6907643,2.9984193
/content/Dataset/ADI/ADI-IHYAFMQQ.jpg,0,ADI,1789,0,0,5,1.0984615,0.83139205,1.0,0.72080094,3.3124323
/content/Dataset/ADI/ADI-IAWRHYVP.jpg,0,ADI,1790,0,0,2,1.0913287,0.8214653,1.0,0.7220607,3.3207204
/content/Dataset/TUM/TUM-TDEGIHRE.jpg,8,TUM,1791,8,0,6,0.983437,0.7858196,1.0,0.6907634,2.9985647
/content/Dataset/MUC/MUC-SQEPWWRH.jpg,4,MUC,1792,4,0,7,0.99347275,0.79583305,1.0,0.6792653,3.0437167
/content/Dataset/LYM/LYM-PQEQVCYK.jpg,3,LYM,1793,3,0,4,1.0510448,0.81474453,0.9743342,0.711088,3.2099743
/content/Dataset/TUM/TUM-RSFRLEHW.jpg,8,TUM,1794,8,0,6,0.98417366,0.786775,1.0,0.6909307,2.9974375
/content/Dataset/LYM/LYM-ALWKVHGC.jpg,3,LYM,1795,3,0,2,1.0242933,0.8654071,1.0,0.65480024,2.9628487
/content/Dataset/LYM/LYM-QADFSPWA.jpg,3,LYM,1796,3,0,2,1.048877,0.8077033,1.0,0.71064794,3.1910727
/content/Dataset/NORM/NORM-AGIKSVFD.jpg,6,NORM,1797,4,1,4,1.0064021,0.8093668,0.9377517,0.68350816,3.1406791
/content/Dataset/ADI/ADI-CGSAGNYP.jpg,0,ADI,1798,0,0,4,1.0847617,0.82308793,1.0,0.7221597,3.2737496
/content/Dataset/ADI/ADI-GVGLSGCA.jpg,0,ADI,1799,0,0,4,1.0850223,0.8236367,1.0,0.72205,3.2726912
/content/Dataset/ADI/ADI-HHNKEKAS.jpg,0,ADI,1800,3,1,3,1.1026133,0.8215259,1.0,0.722182,3.3858016
/content/Dataset/MUS/MUS-PCDLGAYE.jpg,5,MUS,1801,5,0,7,0.41140988,0.79915714,1.0,0.15535283,1.3128558
/content/Dataset/DEB/DEB-YIIEGYSC.jpg,2,DEB,1802,2,0,3,1.0184922,0.792745,1.0,0.6875,3.1756475
/content/Dataset/MUC/MUC-VMTHDNNM.jpg,4,MUC,1803,4,0,7,0.996575,0.8206215,1.0,0.6674301,2.9794934
/content/Dataset/DEB/DEB-VETMAHHM.jpg,2,DEB,1804,2,0,3,1.0162394,0.7897339,1.0,0.68719184,3.179504
/content/Dataset/DEB/DEB-PTPELGDY.jpg,2,DEB,1805,3,1,3,1.01936,0.7947681,1.0,0.68701595,3.1717324
/content/Dataset/NORM/NORM-RDISDRVS.jpg,6,NORM,1806,6,0,8,0.97400403,0.77911544,1.0,0.6842451,2.999856
/content/Dataset/DEB/DEB-QMLDFIQS.jpg,2,DEB,1807,3,1,3,1.0198934,0.79551107,1.0,0.6870776,3.1707091
/content/Dataset/ADI/ADI-EFYALYHV.jpg,0,ADI,1808,0,0,4,1.0836761,0.82263327,0.99658793,0.7224316,3.2751055
/content/Dataset/STR/STR-PWSANTSS.jpg,7,STR,1809,7,0,5,0.78474367,0.87877995,1.0,0.48243836,2.2046402
/content/Dataset/ADI/ADI-HEEKMAFH.jpg,0,ADI,1810,0,0,4,1.0892341,0.83434516,1.0,0.7190718,3.250403
/content/Dataset/BACK/BACK-AICKAMWM.jpg,1,BACK,1811,1,0,3,1.0657198,0.8092141,1.0,0.704309,3.303592
/content/Dataset/DEB/DEB-WSKTKTVD.jpg,2,DEB,1812,3,1,3,1.0195365,0.7947188,1.0,0.6872622,3.1721551
/content/Dataset/NORM/NORM-LFGRKDHT.jpg,6,NORM,1813,6,0,8,0.9753988,0.78125405,1.0,0.6842656,2.9970753
/content/Dataset/LYM/LYM-TRQKVQFT.jpg,3,LYM,1814,3,0,2,1.0520294,0.8168103,1.0,0.70781624,3.1713808
/content/Dataset/TUM/TUM-QGQTCNHQ.jpg,8,TUM,1815,8,0,6,0.9838782,0.7885131,1.0,0.6894344,2.9920955
/content/Dataset/DEB/DEB-QWQEKAQD.jpg,2,DEB,1816,2,0,3,1.0188081,0.79334867,1.0,0.68742764,3.1745555
/content/Dataset/MUC/MUC-AKGREGHR.jpg,4,MUC,1817,8,1,8,1.030101,0.8179643,0.93255776,0.6780911,3.2637055
/content/Dataset/MUC/MUC-WRGDKAGE.jpg,4,MUC,1818,4,0,3,1.0171491,0.7922756,1.0,0.67918754,3.1998494
/content/Dataset/LYM/LYM-QWQIMIAI.jpg,3,LYM,1819,4,1,4,1.0551858,0.8152862,0.988229,0.7106036,3.208072
/content/Dataset/BACK/BACK-LNVSFRMW.jpg,1,BACK,1820,1,0,3,1.0666691,0.8109177,1.0,0.7040915,3.3006287
/content/Dataset/TUM/TUM-TVISPRIK.jpg,8,TUM,1821,8,0,6,0.98454803,0.78655124,1.0,0.6914275,2.9990242
/content/Dataset/MUC/MUC-NHPFKFGG.jpg,4,MUC,1822,4,0,7,0.9933985,0.795972,1.0,0.6790815,3.0432172
/content/Dataset/BACK/BACK-KDVFAYHK.jpg,1,BACK,1823,1,0,3,1.0662524,0.8100445,1.0,0.70428324,3.3022614
/content/Dataset/MUS/MUS-RQPNVQPN.jpg,5,MUS,1824,5,0,7,0.9561749,0.77766573,1.0,0.6923141,2.8812656
/content/Dataset/LYM/LYM-NHAYHADD.jpg,3,LYM,1825,3,0,2,1.0477597,0.8057686,1.0,0.7108278,3.1942332
/content/Dataset/MUS/MUS-QKEAQHHS.jpg,5,MUS,1826,5,0,7,0.95847774,0.7815846,1.0,0.6921698,2.8758497
/content/Dataset/TUM/TUM-RCYDTQIQ.jpg,8,TUM,1827,8,0,6,0.9831011,0.7875582,1.0,0.68924534,2.9930534
/content/Dataset/TUM/TUM-WMKMMDIW.jpg,8,TUM,1828,8,0,6,0.9847688,0.787365,1.0,0.6911285,2.997221
/content/Dataset/STR/STR-TMDTMRVI.jpg,7,STR,1829,7,0,5,0.9259525,0.7828197,1.0,0.65389377,2.809887
/content/Dataset/STR/STR-RQLAWCST.jpg,7,STR,1830,5,1,5,0.93008345,0.8138588,1.0,0.6406863,2.7349617
/content/Dataset/ADI/ADI-AMRHGYPF.jpg,0,ADI,1831,0,0,4,1.0840994,0.8223248,0.99878,0.7224054,3.2753556
/content/Dataset/BACK/BACK-KGWAQHSG.jpg,1,BACK,1832,1,0,3,1.0656706,0.8097973,1.0,0.7038744,3.3016992
/content/Dataset/MUS/MUS-NSSIYRWI.jpg,5,MUS,1833,5,0,7,0.9557737,0.7775962,1.0,0.69193983,2.8805516
/content/Dataset/BACK/BACK-IRFFHINV.jpg,1,BACK,1834,0,1,0,1.0782001,0.81742287,1.0,0.70238614,3.3390882
/content/Dataset/LYM/LYM-QMGDGNSI.jpg,3,LYM,1835,3,0,4,1.052999,0.81480956,0.9810175,0.710939,3.2095785
/content/Dataset/ADI/ADI-CPKKVKRD.jpg,0,ADI,1836,0,0,5,1.0977385,0.83089864,0.992945,0.72249895,3.3174858
/content/Dataset/BACK/BACK-EEKDWVRY.jpg,1,BACK,1837,0,1,0,1.0755473,0.8130849,1.0,0.70268375,3.3463497
/content/Dataset/DEB/DEB-WGLCNWSK.jpg,2,DEB,1838,2,0,3,1.0180327,0.7924361,1.0,0.68726104,3.1754355
/content/Dataset/TUM/TUM-YFNLHPWE.jpg,8,TUM,1839,6,1,6,0.9902033,0.7985127,1.0,0.6895092,2.9782655
/content/Dataset/DEB/DEB-RANSEQTA.jpg,2,DEB,1840,3,1,3,1.0206615,0.7963905,1.0,0.6872899,3.1698053
/content/Dataset/DEB/DEB-PAVTYCLI.jpg,2,DEB,1841,2,0,3,1.0151569,0.7907609,1.0,0.6855285,3.1735735
/content/Dataset/DEB/DEB-WQNMVNSL.jpg,2,DEB,1842,2,0,3,1.0177097,0.7910336,1.0,0.68783706,3.1789474
/content/Dataset/BACK/BACK-INIVVTNQ.jpg,1,BACK,1843,1,0,3,1.0667142,0.81056505,1.0,0.70439017,3.3017285
/content/Dataset/MUC/MUC-TKNATFIG.jpg,4,MUC,1844,4,0,7,0.99401355,0.7990155,1.0,0.67780244,3.0358267
/content/Dataset/BACK/BACK-PFALSANQ.jpg,1,BACK,1845,1,0,3,1.0662557,0.81011015,1.0,0.70423496,3.3020976
/content/Dataset/MUC/MUC-YNCWGCWD.jpg,4,MUC,1846,4,0,3,1.0164925,0.7911268,1.0,0.6792069,3.2020428
/content/Dataset/LYM/LYM-PGMATALP.jpg,3,LYM,1847,3,0,2,1.0468131,0.804693,1.0,0.7106439,3.1951263
/content/Dataset/STR/STR-WYYFHQEH.jpg,7,STR,1848,7,0,5,0.9247876,0.8126263,1.0,0.63600516,2.7262287
/content/Dataset/BACK/BACK-KVLNNIGK.jpg,1,BACK,1849,1,0,3,1.066678,0.8104997,1.0,0.7044019,3.3018303
/content/Dataset/BACK/BACK-HTQDMAPA.jpg,1,BACK,1850,1,0,3,1.066726,0.8106632,1.0,0.7043284,3.301487
/content/Dataset/BACK/BACK-ACDHCLVC.jpg,1,BACK,1851,0,1,0,1.0769534,0.8143585,1.0,0.7031914,3.3456988
/content/Dataset/DEB/DEB-NVMFHIDN.jpg,2,DEB,1852,5,1,5,1.0539912,0.8341695,1.0,0.6811863,3.1869118
/content/Dataset/NORM/NORM-WPYLLRAT.jpg,6,NORM,1853,4,1,4,1.0160006,0.8081313,0.97409636,0.68316185,3.1409616
/content/Dataset/TUM/TUM-WWYLVIHC.jpg,8,TUM,1854,8,0,6,0.9856017,0.7896938,1.0,0.69046134,2.9925961
/content/Dataset/MUS/MUS-TCWPSAEA.jpg,5,MUS,1855,5,0,7,0.9551235,0.779027,1.0,0.6903174,2.875252
/content/Dataset/MUC/MUC-EPTTQMKS.jpg,4,MUC,1856,4,0,6,1.0175292,0.83038485,1.0,0.66278905,3.0644023
/content/Dataset/STR/STR-NYAGCPDV.jpg,7,STR,1857,7,0,5,0.9238085,0.76940846,1.0,0.659893,2.8414516
/content/Dataset/MUC/MUC-HYVLSEGF.jpg,4,MUC,1858,4,0,7,0.9930788,0.79509175,1.0,0.6793309,3.044966
/content/Dataset/DEB/DEB-AEHIQKLQ.jpg,2,DEB,1859,5,1,5,1.0323008,0.85704094,1.0,0.6485752,3.0663993
/content/Dataset/TUM/TUM-QEMEDNFP.jpg,8,TUM,1860,8,0,6,0.98196125,0.78370667,1.0,0.6906229,3.0011768
/content/Dataset/BACK/BACK-KKTSADFD.jpg,1,BACK,1861,1,0,3,1.0667692,0.81016785,1.0,0.7047114,3.3030496
/content/Dataset/ADI/ADI-EQLWGTII.jpg,0,ADI,1862,0,0,5,1.1007439,0.8328882,1.0,0.7219496,3.3132172
/content/Dataset/LYM/LYM-TSQTQSGF.jpg,3,LYM,1863,3,0,2,1.047035,0.80464685,1.0,0.7109128,3.1957002
/content/Dataset/ADI/ADI-IGESIHPS.jpg,0,ADI,1864,0,0,4,1.0861475,0.84735924,1.0,0.7081589,3.204375
/content/Dataset/TUM/TUM-RMQAAECA.jpg,8,TUM,1865,8,0,6,0.98582673,0.78901184,1.0,0.6911594,2.9949348
/content/Dataset/MUC/MUC-WYDCIGPG.jpg,4,MUC,1866,4,0,6,0.5455635,0.8861806,1.0,0.24344298,1.6101397
/content/Dataset/MUC/MUC-SPRQELTC.jpg,4,MUC,1867,4,0,7,0.99210656,0.7946234,1.0,0.67866737,3.04401
/content/Dataset/NORM/NORM-SLAMKTVI.jpg,6,NORM,1868,6,0,4,0.99748844,0.80634284,0.91418564,0.683668,3.1451123
/content/Dataset/NORM/NORM-MMCNLYYD.jpg,6,NORM,1869,6,0,8,0.9752199,0.78083885,1.0,0.6843621,2.9978056
/content/Dataset/MUC/MUC-MPQLSSWA.jpg,4,MUC,1870,0,1,0,1.0333353,0.8035359,1.0,0.67739147,3.241813
/content/Dataset/MUC/MUC-APFCPPKN.jpg,4,MUC,1871,4,0,6,0.9932968,0.85373056,1.0,0.6281119,2.9374485
/content/Dataset/ADI/ADI-GPHMFCNG.jpg,0,ADI,1872,0,0,5,1.1010895,0.83337414,1.0,0.72192687,3.3126528
/content/Dataset/MUC/MUC-EIWTWDWD.jpg,4,MUC,1873,4,0,8,0.4579338,0.8745242,1.0,0.1586852,1.3930051
/content/Dataset/MUC/MUC-CAFIGRRA.jpg,4,MUC,1874,4,0,6,1.0173415,0.8035395,1.0,0.6786636,3.1435077
/content/Dataset/NORM/NORM-WLRGNLMH.jpg,6,NORM,1875,5,1,5,1.0643232,0.83493906,1.0,0.67830765,3.2525833
/content/Dataset/MUC/MUC-PFGWEHNQ.jpg,4,MUC,1876,3,1,3,1.0177633,0.79261535,1.0,0.679524,3.2004607
/content/Dataset/TUM/TUM-RCKFMSVY.jpg,8,TUM,1877,8,0,6,0.28946438,0.7915464,1.0,0.058887016,0.91180813
/content/Dataset/BACK/BACK-AELMLGVK.jpg,1,BACK,1878,1,0,4,1.0660558,0.8235892,1.0,0.7017161,3.2374718
/content/Dataset/STR/STR-QCHNHPWD.jpg,7,STR,1879,7,0,5,0.8497154,0.8708054,1.0,0.54207754,2.3881364
/content/Dataset/MUC/MUC-YDMMHTCH.jpg,4,MUC,1880,4,0,7,0.99244475,0.79414606,1.0,0.67925066,3.0463648
/content/Dataset/LYM/LYM-PSFMHTGV.jpg,3,LYM,1881,3,0,2,1.0477272,0.80634564,1.0,0.7104323,3.1923933
/content/Dataset/DEB/DEB-VPEVYGVK.jpg,2,DEB,1882,2,0,3,1.0182235,0.7915593,1.0,0.68801063,3.1785562
/content/Dataset/STR/STR-PWFLNTMW.jpg,7,STR,1883,7,0,5,0.9219696,0.7660834,1.0,0.65993613,2.846634
/content/Dataset/BACK/BACK-ACNKAIEP.jpg,1,BACK,1884,1,0,3,1.0661606,0.80989033,1.0,0.7042946,3.3025255
/content/Dataset/NORM/NORM-NNESMLRM.jpg,6,NORM,1885,6,0,8,0.8430861,0.88490605,1.0,0.51484746,2.3812907
/content/Dataset/TUM/TUM-YKKDDYGG.jpg,8,TUM,1886,6,1,6,0.98625875,0.79080325,1.0,0.6904191,2.9909604
/content/Dataset/LYM/LYM-TYHFQSVL.jpg,3,LYM,1887,5,1,5,1.0759144,0.8286376,1.0,0.7067227,3.249207
/content/Dataset/MUC/MUC-FLFSERYD.jpg,4,MUC,1888,6,1,6,1.0196614,0.8224485,1.0,0.6694095,3.0928566
/content/Dataset/STR/STR-NIRPRSGY.jpg,7,STR,1889,7,0,5,0.91988784,0.76669496,1.0,0.657298,2.8402896
/content/Dataset/NORM/NORM-SELWFAVV.jpg,6,NORM,1890,6,0,8,0.9751484,0.78094053,1.0,0.6842,2.9974267
/content/Dataset/LYM/LYM-VKHGDGIH.jpg,3,LYM,1891,3,0,2,1.048326,0.80744064,1.0,0.71029115,3.1905532
/content/Dataset/TUM/TUM-RLITHDDC.jpg,8,TUM,1892,6,1,6,0.9874052,0.7934283,1.0,0.68990654,2.9861743
/content/Dataset/MUS/MUS-SCIRKSIG.jpg,5,MUS,1893,5,0,7,0.95239973,0.7736139,1.0,0.69094795,2.883927
/content/Dataset/STR/STR-WLQHSKHM.jpg,7,STR,1894,7,0,5,0.9221149,0.766911,1.0,0.6596065,2.8445818
/content/Dataset/STR/STR-VHWDATIE.jpg,7,STR,1895,2,1,2,0.9684189,0.7962024,0.92104644,0.6555317,3.1121552
/content/Dataset/DEB/DEB-RLQPDEKM.jpg,2,DEB,1896,2,0,3,1.0185994,0.7927741,1.0,0.68760884,3.175736
/content/Dataset/TUM/TUM-QIGYPPNR.jpg,8,TUM,1897,6,1,6,0.98684245,0.79196405,1.0,0.69023854,2.9891193
/content/Dataset/STR/STR-SCVIDYND.jpg,7,STR,1898,5,1,5,0.9303101,0.7949743,1.0,0.65127283,2.7868226
/content/Dataset/BACK/BACK-MGWCEVIK.jpg,1,BACK,1899,1,0,3,1.0658777,0.8095908,1.0,0.70421076,3.3028135
/content/Dataset/ADI/ADI-EGEYRHRM.jpg,0,ADI,1900,3,1,3,1.1021295,0.8207804,1.0,0.7222253,3.38698
/content/Dataset/ADI/ADI-AWFVGMQM.jpg,0,ADI,1901,5,1,5,1.1021973,0.8350065,1.0,0.7219183,3.3102117
/content/Dataset/DEB/DEB-WRTMYPQS.jpg,2,DEB,1902,2,0,3,1.0175157,0.7922095,1.0,0.6868927,3.1749084
/content/Dataset/BACK/BACK-KHVMMIIT.jpg,1,BACK,1903,1,0,2,0.9831992,0.8726311,1.0,0.58841765,2.9302723
/content/Dataset/LYM/LYM-VPMARNPY.jpg,3,LYM,1904,3,0,2,1.0487897,0.8077208,1.0,0.7105935,3.1906722
/content/Dataset/BACK/BACK-KSVCYVAM.jpg,1,BACK,1905,1,0,3,1.0666516,0.81031656,1.0,0.7045115,3.3022766
/content/Dataset/MUC/MUC-QQQSRCMG.jpg,4,MUC,1906,4,0,0,0.94689643,0.8802481,1.0,0.56048393,2.7937174
/content/Dataset/STR/STR-QQTGIVCP.jpg,7,STR,1907,5,1,5,0.93208975,0.8106808,1.0,0.64452547,2.7477553
/content/Dataset/NORM/NORM-AEDSVCGQ.jpg,6,NORM,1908,4,1,4,1.0091476,0.80712295,0.95153135,0.68370825,3.1437035
/content/Dataset/MUS/MUS-SVCADEQR.jpg,5,MUS,1909,5,0,7,0.9572388,0.77887094,1.0,0.6926381,2.8804054
/content/Dataset/LYM/LYM-TMAREWLI.jpg,3,LYM,1910,4,1,4,1.053578,0.81491494,0.98245555,0.71100956,3.2095568
/content/Dataset/STR/STR-SKWNDDHR.jpg,7,STR,1911,7,0,5,0.92431045,0.7967923,1.0,0.6439724,2.7685013
/content/Dataset/DEB/DEB-RCWSCAHL.jpg,2,DEB,1912,3,1,3,1.0202076,0.79718006,1.0,0.6863129,3.166448
/content/Dataset/DEB/DEB-VIQKFIDK.jpg,2,DEB,1913,2,0,3,1.0167681,0.79077476,1.0,0.68706304,3.177533
/content/Dataset/MUC/MUC-WFEQNDKD.jpg,4,MUC,1914,4,0,3,1.0175275,0.79242474,1.0,0.679399,3.2005334
/content/Dataset/BACK/BACK-IACQYCMY.jpg,1,BACK,1915,5,1,5,1.0770341,0.8346863,1.0,0.69975346,3.2488375
/content/Dataset/ADI/ADI-EHWVWAWP.jpg,0,ADI,1916,3,1,3,1.1036729,0.8231101,1.0,0.7221234,3.3833632
/content/Dataset/BACK/BACK-PANANLTE.jpg,1,BACK,1917,0,1,0,1.079875,0.8222183,1.0,0.70086056,3.328223
/content/Dataset/ADI/ADI-FIQSNSSR.jpg,0,ADI,1918,0,0,4,1.0854534,0.82373667,1.0,0.7223941,3.2733793
/content/Dataset/ADI/ADI-HEMWSLPP.jpg,0,ADI,1919,0,0,3,1.1020468,0.82079834,1.0,0.7221456,3.3866932
/content/Dataset/TUM/TUM-SNNSIYVE.jpg,8,TUM,1920,6,1,6,0.99089456,0.8264666,1.0,0.6734424,2.9018545
/content/Dataset/MUS/MUS-QFKRFLCG.jpg,5,MUS,1921,5,0,7,0.9562342,0.7801715,1.0,0.69072616,2.8746855
/content/Dataset/LYM/LYM-QNEASEAA.jpg,3,LYM,1922,6,1,6,1.0829285,0.843811,1.0,0.6973691,3.2431889
/content/Dataset/BACK/BACK-PEEGKWLM.jpg,1,BACK,1923,0,1,0,1.0770917,0.81284815,1.0,0.70435625,3.350565
/content/Dataset/ADI/ADI-FENIALVD.jpg,0,ADI,1924,3,1,3,1.1022984,0.8212385,1.0,0.722058,3.38603
/content/Dataset/LYM/LYM-TLFSCSPC.jpg,3,LYM,1925,3,0,2,1.0488048,0.8082352,1.0,0.71025324,3.1892462
/content/Dataset/NORM/NORM-YMEAQFVE.jpg,6,NORM,1926,4,1,4,1.0109674,0.8072609,0.9573568,0.6837087,3.1434286
/content/Dataset/DEB/DEB-VKTNILKT.jpg,2,DEB,1927,2,0,3,1.0192157,0.79380816,1.0,0.687531,3.174144
/content/Dataset/ADI/ADI-EVHFNLSQ.jpg,0,ADI,1928,3,1,3,1.1022096,0.8210192,1.0,0.7221319,3.3864615
/content/Dataset/TUM/TUM-RTAGCGHE.jpg,8,TUM,1929,8,0,6,0.9851523,0.78891987,1.0,0.6904912,2.9937887
/content/Dataset/NORM/NORM-ANMENTLS.jpg,6,NORM,1930,6,0,8,0.9738032,0.780016,1.0,0.68342865,2.996916
/content/Dataset/DEB/DEB-SLQNLINR.jpg,2,DEB,1931,2,0,3,1.0174582,0.7923922,1.0,0.6866351,3.1745152
/content/Dataset/LYM/LYM-AKCTVAVQ.jpg,3,LYM,1932,3,0,2,1.0470262,0.805049,1.0,0.7106085,3.1945932
/content/Dataset/DEB/DEB-YNKWAAIE.jpg,2,DEB,1933,2,0,3,1.0192232,0.7952089,1.0,0.6865891,3.170114
/content/Dataset/MUS/MUS-PRNFDFKD.jpg,5,MUS,1934,5,0,7,0.9573018,0.78009045,1.0,0.69191086,2.8772485
/content/Dataset/TUM/TUM-YGGQRPEP.jpg,8,TUM,1935,6,1,6,0.98607934,0.7894898,1.0,0.6910733,2.994279
/content/Dataset/STR/STR-SMHWGPTH.jpg,7,STR,1936,7,0,5,0.9249233,0.77405566,1.0,0.6581362,2.8314428
/content/Dataset/MUC/MUC-WVKYGVQF.jpg,4,MUC,1937,4,0,7,0.992826,0.79528105,1.0,0.67898,3.0437593
/content/Dataset/TUM/TUM-VEQCSVAQ.jpg,8,TUM,1938,6,1,6,0.9880877,0.7974204,1.0,0.6879976,2.9767375
/content/Dataset/MUC/MUC-IGCQENLL.jpg,4,MUC,1939,4,0,7,0.99125,0.79528207,0.9945219,0.6789896,3.0438948
/content/Dataset/BACK/BACK-PEWPDWCA.jpg,1,BACK,1940,2,1,2,1.080361,0.8247099,0.9984143,0.70196617,3.3162198
/content/Dataset/TUM/TUM-TILGYVSN.jpg,8,TUM,1941,6,1,6,0.9919112,0.80917275,1.0,0.68459016,2.952399
/content/Dataset/STR/STR-SLQRFIST.jpg,7,STR,1942,7,0,5,0.9249862,0.7714046,1.0,0.6599023,2.8386607
/content/Dataset/BACK/BACK-IFSFGTRS.jpg,1,BACK,1943,1,0,3,1.0655768,0.8102521,1.0,0.7034988,3.3000343
/content/Dataset/STR/STR-PNYVLYVV.jpg,7,STR,1944,7,0,5,0.9192953,0.76213765,1.0,0.65958047,2.8513284
/content/Dataset/STR/STR-NGDSICFF.jpg,7,STR,1945,7,0,5,0.9262727,0.7750912,1.0,0.6590343,2.8313484
/content/Dataset/LYM/LYM-PPPQPICM.jpg,3,LYM,1946,3,0,4,1.0518824,0.8155934,0.9771927,0.71047395,3.207407
/content/Dataset/ADI/ADI-DWMGDHIN.jpg,0,ADI,1947,3,1,3,1.1023155,0.82061684,1.0,0.722521,3.3878803
/content/Dataset/LYM/LYM-RAFGPPFR.jpg,3,LYM,1948,3,0,2,1.0525765,0.81871045,1.0,0.70708376,3.167204
/content/Dataset/ADI/ADI-FANFGDIK.jpg,0,ADI,1949,3,1,3,1.1026638,0.8211121,1.0,0.7225082,3.3871949
/content/Dataset/DEB/DEB-WCGAQDIK.jpg,2,DEB,1950,2,0,3,1.0179396,0.79258275,1.0,0.6870191,3.1749685
/content/Dataset/DEB/DEB-PCVVEQPG.jpg,2,DEB,1951,2,0,3,1.017216,0.7912164,1.0,0.6871961,3.177346
/content/Dataset/NORM/NORM-ACAANNPV.jpg,6,NORM,1952,6,0,4,0.9974888,0.8066319,0.9125131,0.68396515,3.1454988
/content/Dataset/NORM/NORM-RTKGFYCN.jpg,6,NORM,1953,6,0,4,1.0007018,0.80740947,0.9220308,0.6838079,3.144081
/content/Dataset/NORM/NORM-YNSKKSVI.jpg,6,NORM,1954,6,0,8,0.97874546,0.7873804,1.0,0.6837861,2.9872847
/content/Dataset/DEB/DEB-PCHQPWCA.jpg,2,DEB,1955,3,1,3,1.0196289,0.7948982,1.0,0.687236,3.1718392
/content/Dataset/STR/STR-QLTLDGCC.jpg,7,STR,1956,7,0,5,0.9276886,0.7781316,1.0,0.6585746,2.826543
/content/Dataset/TUM/TUM-YCFAFDGS.jpg,8,TUM,1957,6,1,6,0.98836106,0.7951975,1.0,0.68975806,2.9833453
/content/Dataset/DEB/DEB-PRIWSWRE.jpg,2,DEB,1958,2,0,3,1.0186872,0.79313135,1.0,0.6874696,3.1748495
/content/Dataset/BACK/BACK-IQPANVCK.jpg,1,BACK,1959,0,1,0,1.076827,0.8129171,1.0,0.7040377,3.349804
/content/Dataset/ADI/ADI-FDWKVLWP.jpg,0,ADI,1960,0,0,5,1.1007036,0.8320034,1.0,0.7224593,3.3159065
/content/Dataset/NORM/NORM-WCTYVELV.jpg,6,NORM,1961,6,0,8,0.97285914,0.77731776,1.0,0.6842165,3.0023978
/content/Dataset/STR/STR-PCFNFGSM.jpg,7,STR,1962,7,0,5,0.9255222,0.8081678,1.0,0.63895035,2.7404594
/content/Dataset/MUC/MUC-CGLFTDTI.jpg,4,MUC,1963,4,0,6,1.0174708,0.8036053,1.0,0.67877233,3.1435342
/content/Dataset/BACK/BACK-FIALWVGW.jpg,1,BACK,1964,1,0,3,1.0660433,0.8103368,1.0,0.7038436,3.3010457
/content/Dataset/NORM/NORM-LLRYERCK.jpg,6,NORM,1965,6,0,8,0.9729191,0.77736425,1.0,0.6842377,3.0024376
/content/Dataset/MUS/MUS-SADKDWGH.jpg,5,MUS,1966,7,1,7,0.9671937,0.80663526,1.0,0.6853769,2.8283427
/content/Dataset/LYM/LYM-TPCPTENY.jpg,3,LYM,1967,4,1,4,1.0570961,0.81523514,0.9946433,0.71057755,3.208087
/content/Dataset/ADI/ADI-GNKSCFIY.jpg,0,ADI,1968,0,0,2,1.0899804,0.8203471,0.9978051,0.72218966,3.322567
/content/Dataset/TUM/TUM-SYCARFWG.jpg,8,TUM,1969,5,1,5,1.0337069,0.82164794,1.0,0.67482525,3.1579509
/content/Dataset/MUC/MUC-AVMMWGHW.jpg,4,MUC,1970,4,0,3,1.0162888,0.79104143,1.0,0.67904556,3.201871
/content/Dataset/NORM/NORM-ALSFEDKF.jpg,6,NORM,1971,6,0,8,0.9756486,0.7817708,1.0,0.6841835,2.996196
/content/Dataset/TUM/TUM-YMDPNLRH.jpg,8,TUM,1972,6,1,6,0.9912173,0.81558836,1.0,0.6799565,2.9332244
/content/Dataset/BACK/BACK-AFRLHDVY.jpg,1,BACK,1973,1,0,3,1.0657651,0.8092381,1.0,0.70434654,3.3035886
/content/Dataset/MUS/MUS-QYDSRGGG.jpg,5,MUS,1974,5,0,7,0.95538896,0.7764602,1.0,0.6922654,2.8828049
/content/Dataset/TUM/TUM-STNTMNYR.jpg,8,TUM,1975,6,1,6,0.98931825,0.7974962,1.0,0.6892589,2.9791028
/content/Dataset/NORM/NORM-PCIMVGLK.jpg,6,NORM,1976,6,0,4,0.99949366,0.8067298,0.9188846,0.6840249,3.1453478
/content/Dataset/DEB/DEB-TYSHFCWR.jpg,2,DEB,1977,2,0,3,1.0160731,0.7907021,1.0,0.6863504,3.1763587
/content/Dataset/DEB/DEB-VREFYDPP.jpg,2,DEB,1978,5,1,5,1.0518765,0.8408236,1.0,0.67533666,3.161823
/content/Dataset/NORM/NORM-VYKQWCVR.jpg,6,NORM,1979,4,1,4,1.0093561,0.8067836,0.9553723,0.68300754,3.142445
/content/Dataset/ADI/ADI-EALTYIIT.jpg,0,ADI,1980,0,0,4,1.0849104,0.8228843,1.0,0.72243726,3.274693
/content/Dataset/TUM/TUM-WDNLYMVG.jpg,8,TUM,1981,8,0,6,0.9857922,0.7896652,1.0,0.69068563,2.9930725
/content/Dataset/STR/STR-NFCGQTER.jpg,7,STR,1982,7,0,5,0.92697227,0.7790867,1.0,0.65735406,2.8219507
/content/Dataset/STR/STR-VDMWVMNA.jpg,7,STR,1983,7,0,5,0.7434259,0.89045775,1.0,0.44590637,2.0659685
/content/Dataset/STR/STR-YRNQNHMP.jpg,7,STR,1984,7,0,5,0.92006207,0.76776314,1.0,0.6569075,2.8374724
/content/Dataset/STR/STR-QCKYPGPV.jpg,7,STR,1985,5,1,5,0.93209153,0.7981911,1.0,0.65146995,2.7815185
/content/Dataset/ADI/ADI-HDWAKTAG.jpg,0,ADI,1986,0,0,5,1.1007279,0.8354483,1.0,0.720314,3.3053048
/content/Dataset/MUS/MUS-CDGMDIPD.jpg,5,MUS,1987,5,0,7,0.9512614,0.77580106,1.0,0.68834275,2.8753648
/content/Dataset/BACK/BACK-NMDAEHFN.jpg,1,BACK,1988,1,0,3,1.0655643,0.8092804,1.0,0.70411277,3.3030338
/content/Dataset/NORM/NORM-NIDMVVTS.jpg,6,NORM,1989,6,0,4,1.002225,0.8087028,0.92377687,0.6839619,3.1426013
/content/Dataset/MUS/MUS-CKGERNRR.jpg,5,MUS,1990,7,1,7,0.9618775,0.82514733,1.0,0.6693918,2.7670753
/content/Dataset/MUS/MUS-NTWKDHPF.jpg,5,MUS,1991,5,0,7,0.95411897,0.77519745,1.0,0.69173884,2.8834343
/content/Dataset/DEB/DEB-VKLGDLLC.jpg,2,DEB,1992,2,0,3,1.017979,0.79166704,1.0,0.687688,3.1776907
/content/Dataset/BACK/BACK-NCFVYNIT.jpg,1,BACK,1993,0,1,0,1.0782074,0.81648904,1.0,0.7030116,3.3419635
/content/Dataset/STR/STR-NASRTMMN.jpg,7,STR,1994,5,1,5,0.93239295,0.7969681,1.0,0.65242344,2.785685
/content/Dataset/NORM/NORM-AMNAFMMT.jpg,6,NORM,1995,3,1,3,1.04596,0.8246715,1.0,0.66950333,3.2322495
/content/Dataset/ADI/ADI-IMWTCTWP.jpg,0,ADI,1996,0,0,4,1.086884,0.827497,1.0,0.7212657,3.2654967
/content/Dataset/MUS/MUS-NSKCLQAA.jpg,5,MUS,1997,7,1,7,0.9632366,0.7923031,1.0,0.6902358,2.857695
/content/Dataset/STR/STR-VCFQLADM.jpg,7,STR,1998,7,0,5,0.9256266,0.7934452,1.0,0.6471429,2.780847
/content/Dataset/MUS/MUS-AIKPVLED.jpg,5,MUS,1999,5,0,7,0.95979494,0.7849652,1.0,0.6913538,2.8697045
/content/Dataset/MUS/MUS-RWSKNRSY.jpg,5,MUS,2000,5,0,7,0.9524748,0.7744849,1.0,0.69053805,2.8814766
/content/Dataset/LYM/LYM-NTAAPSVL.jpg,3,LYM,2001,3,0,2,1.0473886,0.8049366,1.0,0.71105,3.1957169
/content/Dataset/BACK/BACK-KKTLMIIT.jpg,1,BACK,2002,1,0,3,1.0665331,0.81047106,1.0,0.70428187,3.3015778
/content/Dataset/STR/STR-VSTIDQPI.jpg,7,STR,2003,5,1,5,0.9306173,0.7842548,1.0,0.65798813,2.816357
/content/Dataset/TUM/TUM-QDYICDSW.jpg,8,TUM,2004,6,1,6,0.9860701,0.7904676,1.0,0.69041973,2.9915516
/content/Dataset/MUS/MUS-CKADIGTE.jpg,5,MUS,2005,5,0,7,0.95615554,0.7778357,1.0,0.6921729,2.8807938
/content/Dataset/TUM/TUM-RPRSGVKP.jpg,8,TUM,2006,8,0,6,0.9853149,0.78818417,1.0,0.69112086,2.9962697
/content/Dataset/LYM/LYM-YSLDLFWS.jpg,3,LYM,2007,3,0,2,1.0475274,0.8052769,1.0,0.71094006,3.1951025
/content/Dataset/TUM/TUM-RWPETDID.jpg,8,TUM,2008,8,0,6,0.9843391,0.7872765,1.0,0.69075173,2.9964755
/content/Dataset/TUM/TUM-SYMGQVMW.jpg,8,TUM,2009,6,1,6,0.9916387,0.8184713,1.0,0.6787218,2.925986
/content/Dataset/NORM/NORM-QPVEDGCF.jpg,6,NORM,2010,6,0,8,0.9728845,0.7772814,1.0,0.68426585,3.0025609
/content/Dataset/DEB/DEB-RDWPYYHN.jpg,2,DEB,2011,4,1,4,1.0489947,0.8322682,0.92982954,0.68345326,3.2835002
/content/Dataset/STR/STR-YREGWRRT.jpg,7,STR,2012,7,0,5,0.9183172,0.7629801,1.0,0.65788853,2.8471086
/content/Dataset/BACK/BACK-LHIKAPHS.jpg,1,BACK,2013,1,0,3,1.066288,0.8101085,1.0,0.7042754,3.302149
/content/Dataset/ADI/ADI-EADPPWKR.jpg,0,ADI,2014,3,1,3,1.1029494,0.82159275,1.0,0.7224572,3.3863666
/content/Dataset/LYM/LYM-TCMDIKKI.jpg,3,LYM,2015,3,0,4,1.050398,0.8145118,0.9730267,0.7109943,3.2101314
/content/Dataset/BACK/BACK-AFEQPIHI.jpg,1,BACK,2016,1,0,3,1.066688,0.8102187,1.0,0.70459205,3.302732
/content/Dataset/STR/STR-RILAQQLN.jpg,7,STR,2017,7,0,5,0.8736312,0.8320873,1.0,0.57609344,2.5549104
/content/Dataset/MUC/MUC-GHEYKPGD.jpg,4,MUC,2018,4,0,3,1.0165423,0.79192805,1.0,0.6787294,3.1997585
/content/Dataset/MUS/MUS-SKCDHTGV.jpg,5,MUS,2019,8,1,8,1.0317879,0.8168731,0.9545561,0.6869,3.2079804
/content/Dataset/STR/STR-TIAIQCLW.jpg,7,STR,2020,2,1,2,0.97435147,0.8031249,0.92617625,0.6554501,3.1026514
/content/Dataset/LYM/LYM-QTIQWDQT.jpg,3,LYM,2021,3,0,2,1.0473591,0.8052827,1.0,0.7107716,3.1946974
/content/Dataset/MUC/MUC-YTWLQNNY.jpg,4,MUC,2022,3,1,3,1.0178821,0.7930776,1.0,0.67936546,3.19926
/content/Dataset/LYM/LYM-RLKEAKQN.jpg,3,LYM,2023,4,1,4,1.0561197,0.8153065,0.9906446,0.71081156,3.2083273
/content/Dataset/NORM/NORM-SVAKMFWH.jpg,6,NORM,2024,6,0,8,0.9731108,0.7776805,1.0,0.6842348,3.00196
/content/Dataset/ADI/ADI-IEDTTPSY.jpg,0,ADI,2025,0,0,4,1.0851537,0.82383096,1.0,0.7220373,3.2724462
/content/Dataset/STR/STR-TGMFGCVC.jpg,7,STR,2026,4,1,4,0.9533405,0.80147326,0.9639236,0.6407477,2.974911
/content/Dataset/NORM/NORM-LMNLQSEG.jpg,6,NORM,2027,4,1,4,1.0153931,0.80739343,0.9742153,0.68301564,3.1415818
/content/Dataset/LYM/LYM-QHTNMYQR.jpg,3,LYM,2028,4,1,4,1.0546461,0.8138597,0.9893154,0.71071875,3.2101984
/content/Dataset/ADI/ADI-HWRYYQAI.jpg,0,ADI,2029,3,1,3,1.1026756,0.8217493,1.0,0.7220815,3.3852925
/content/Dataset/LYM/LYM-MNPPLHPS.jpg,3,LYM,2030,3,0,2,1.0476675,0.80608773,1.0,0.7105608,3.192959
/content/Dataset/STR/STR-PMRRTGHD.jpg,7,STR,2031,5,1,5,0.9284138,0.79053056,1.0,0.65194005,2.7944083
/content/Dataset/TUM/TUM-STFIEPYC.jpg,8,TUM,2032,8,0,6,0.9821787,0.7843101,1.0,0.69044137,3.0000052
/content/Dataset/LYM/LYM-NGLYVMFQ.jpg,3,LYM,2033,3,0,4,1.0528013,0.8151202,0.97946197,0.71101403,3.2092776
/content/Dataset/NORM/NORM-QCYWEPHT.jpg,6,NORM,2034,4,1,4,1.007106,0.80694276,0.9463188,0.6833363,3.1431315
/content/Dataset/DEB/DEB-QVPEQRFF.jpg,2,DEB,2035,3,1,3,1.0192411,0.79377997,1.0,0.6875781,3.1742747
/content/Dataset/DEB/DEB-SYCQYRSS.jpg,2,DEB,2036,2,0,7,0.6039795,0.8904791,1.0,0.29549235,1.7617849
/content/Dataset/MUC/MUC-WIPIVPQI.jpg,4,MUC,2037,4,0,7,0.98459125,0.82736284,1.0,0.6523627,2.9313846
/content/Dataset/NORM/NORM-SIPPPHWL.jpg,6,NORM,2038,6,0,8,0.97350985,0.7782622,1.0,0.6842689,3.001218
/content/Dataset/ADI/ADI-AYCIHVCN.jpg,0,ADI,2039,0,0,4,1.0842683,0.8455882,1.0,0.7075119,3.2052705
/content/Dataset/DEB/DEB-RSQDNRCM.jpg,2,DEB,2040,2,0,3,1.0183947,0.7925097,1.0,0.68755734,3.1761198
/content/Dataset/MUS/MUS-QNPWISMM.jpg,5,MUS,2041,5,0,7,0.95744145,0.78112566,1.0,0.69133586,2.8749192
/content/Dataset/ADI/ADI-FQKMTACV.jpg,0,ADI,2042,0,0,4,1.084659,0.82321143,1.0,0.721982,3.2731392
/content/Dataset/STR/STR-NFEMHRVW.jpg,7,STR,2043,7,0,5,0.91755974,0.7615265,1.0,0.65814364,2.848912
/content/Dataset/LYM/LYM-QAYIEIPW.jpg,3,LYM,2044,3,0,2,1.0466969,0.8042264,1.0,0.7108213,3.1963017
/content/Dataset/NORM/NORM-PQKNGCKQ.jpg,6,NORM,2045,6,0,8,0.97627354,0.7827178,1.0,0.68422884,2.9948926
/content/Dataset/LYM/LYM-VHNVHNIC.jpg,3,LYM,2046,3,0,4,1.0498013,0.81420374,0.97172105,0.7110074,3.210597
/content/Dataset/MUC/MUC-RALVLVVE.jpg,4,MUC,2047,6,1,6,1.0203741,0.8204812,1.0,0.67125773,3.1003428
/content/Dataset/ADI/ADI-NTRASARP.jpg,0,ADI,2048,5,1,5,1.1042051,0.8489988,1.0,0.7149809,3.2724082
/content/Dataset/STR/STR-VFQKPRCE.jpg,7,STR,2049,2,1,2,0.949289,0.8567079,1.0,0.58401364,2.8301656
/content/Dataset/NORM/NORM-MGCKDILA.jpg,6,NORM,2050,6,0,8,0.9728694,0.77697635,1.0,0.68446606,3.0033402
/content/Dataset/LYM/LYM-PMYIPNNM.jpg,3,LYM,2051,3,0,2,1.0495584,0.8111384,1.0,0.70909375,3.182394
/content/Dataset/DEB/DEB-PPPFAVTA.jpg,2,DEB,2052,2,0,3,1.018032,0.79348385,1.0,0.6865397,3.1724339
/content/Dataset/TUM/TUM-TRANQQIC.jpg,8,TUM,2053,6,1,6,0.9870262,0.7924012,1.0,0.6901482,2.9882982
/content/Dataset/DEB/DEB-VDLKSVSL.jpg,2,DEB,2054,2,0,3,1.0186721,0.79373527,1.0,0.6870818,3.1729355
/content/Dataset/BACK/BACK-MQGMGQFT.jpg,1,BACK,2055,1,0,3,1.0658404,0.8099575,1.0,0.7039465,3.3015535
/content/Dataset/LYM/LYM-RATFFIQQ.jpg,3,LYM,2056,3,0,4,1.0506885,0.8143102,0.9755242,0.71066165,3.2096298
/content/Dataset/LYM/LYM-NIPYKICN.jpg,3,LYM,2057,3,0,4,1.0519929,0.8144525,0.97850585,0.71095556,3.2100668
/content/Dataset/DEB/DEB-QLQGRFEG.jpg,2,DEB,2058,2,0,8,0.9999842,0.8656488,1.0,0.61285824,2.9707859
/content/Dataset/STR/STR-YDTIQDEV.jpg,7,STR,2059,7,0,5,0.92688054,0.78700143,1.0,0.6523886,2.8005946
/content/Dataset/MUS/MUS-NMRPRIFC.jpg,5,MUS,2060,7,1,7,0.96214604,0.7907665,1.0,0.6900668,2.8594313
/content/Dataset/STR/STR-RDMNHTDT.jpg,7,STR,2061,7,0,5,0.91983205,0.7629837,1.0,0.6595964,2.850301
/content/Dataset/BACK/BACK-LRRRHFHR.jpg,1,BACK,2062,1,0,3,1.0666724,0.8107406,1.0,0.7042319,3.3011022
/content/Dataset/NORM/NORM-SLWPNYML.jpg,6,NORM,2063,4,1,4,1.0180868,0.8129066,0.97368014,0.6821505,3.1325483
/content/Dataset/TUM/TUM-SKNWFYIV.jpg,8,TUM,2064,8,0,6,0.9846634,0.7873958,1.0,0.69100267,2.9968884
/content/Dataset/BACK/BACK-MNLMPFVN.jpg,1,BACK,2065,1,0,3,1.0655091,0.8089905,1.0,0.7042495,3.3037982
/content/Dataset/NORM/NORM-QEHPWMLC.jpg,6,NORM,2066,4,1,4,1.0076649,0.8068154,0.9500227,0.6828575,3.1422677
/content/Dataset/BACK/BACK-MMTTVCDF.jpg,1,BACK,2067,1,0,3,1.0661862,0.8099246,1.0,0.7042952,3.302486
/content/Dataset/MUC/MUC-SVPVTWLG.jpg,4,MUC,2068,3,1,3,1.018131,0.7933912,1.0,0.67939526,3.1989484
/content/Dataset/BACK/BACK-ICKARVPK.jpg,1,BACK,2069,1,0,4,1.0641742,0.81930435,0.9951291,0.70411503,3.2494013
/content/Dataset/STR/STR-WHWVFTES.jpg,7,STR,2070,7,0,5,0.92239946,0.78845775,1.0,0.6468649,2.786448
/content/Dataset/ADI/ADI-HLCIWQGT.jpg,0,ADI,2071,0,0,5,1.0996107,0.8323265,0.99780506,0.7218704,3.3140092
/content/Dataset/STR/STR-ACSHPVFF.jpg,7,STR,2072,7,0,5,0.9202849,0.7634733,1.0,0.65980047,2.8498998
/content/Dataset/STR/STR-QCSLDFTL.jpg,7,STR,2073,7,0,5,0.9022503,0.78366864,1.0,0.62777114,2.7556822
/content/Dataset/MUS/MUS-TCPNFKSP.jpg,5,MUS,2074,5,0,7,0.95285714,0.77332777,1.0,0.69165355,2.8856227
/content/Dataset/STR/STR-NSNQNSPE.jpg,7,STR,2075,7,0,5,0.8998687,0.85032296,1.0,0.59488285,2.5649157
/content/Dataset/LYM/LYM-AACHDAGQ.jpg,3,LYM,2076,3,0,2,1.048548,0.806827,1.0,0.71091366,3.1928709
/content/Dataset/DEB/DEB-TWTNPWWH.jpg,2,DEB,2077,3,1,3,1.0200214,0.7991554,1.0,0.68480325,3.1603162
/content/Dataset/TUM/TUM-RLHMPLKK.jpg,8,TUM,2078,8,0,6,0.9851263,0.78928494,1.0,0.6902569,2.9926112
/content/Dataset/BACK/BACK-AFFWVFYP.jpg,1,BACK,2079,2,1,2,1.079976,0.8231425,0.9958582,0.7033695,3.3219805
/content/Dataset/BACK/BACK-IDCNCCRT.jpg,1,BACK,2080,1,0,3,1.0662208,0.8097252,1.0,0.70447415,3.3031251
/content/Dataset/MUS/MUS-AAKHYDPK.jpg,5,MUS,2081,5,0,0,0.30187115,0.8580783,1.0,0.060699712,0.8907907
/content/Dataset/ADI/ADI-CIQFYTVP.jpg,0,ADI,2082,0,0,2,1.0912565,0.8210977,1.0,0.72224796,3.3216276
/content/Dataset/STR/STR-NGDQSRLK.jpg,7,STR,2083,2,1,2,0.9765708,0.80004543,0.93322676,0.65769565,3.111795
/content/Dataset/TUM/TUM-YVPLQFIT.jpg,8,TUM,2084,8,0,6,0.9836362,0.78777784,1.0,0.68971694,2.9934356
/content/Dataset/DEB/DEB-QSIRCEQF.jpg,2,DEB,2085,2,0,3,1.0172429,0.7915391,1.0,0.68702406,3.1764
/content/Dataset/NORM/NORM-RLTREQGT.jpg,6,NORM,2086,6,0,8,0.97473705,0.7801293,1.0,0.6843347,2.9986813
/content/Dataset/STR/STR-MNIEDWPV.jpg,7,STR,2087,7,0,5,0.91782427,0.7638073,1.0,0.65679425,2.843841
/content/Dataset/MUC/MUC-WEFLTISI.jpg,4,MUC,2088,6,1,6,1.0184278,0.81172025,1.0,0.67466855,3.1216948
/content/Dataset/BACK/BACK-MVRTNAAG.jpg,1,BACK,2089,0,1,0,1.0794317,0.8254635,1.0,0.69836193,3.3171806
/content/Dataset/TUM/TUM-WYKARVWM.jpg,8,TUM,2090,8,0,6,0.9852374,0.78867394,1.0,0.69076854,2.9945714
/content/Dataset/ADI/ADI-FKQSLINT.jpg,0,ADI,2091,0,0,4,1.0848773,0.8233695,1.0,0.7220811,3.2731824
/content/Dataset/MUS/MUS-PWPNYPMV.jpg,5,MUS,2092,5,0,7,0.958739,0.7848617,1.0,0.69032097,2.8676243
/content/Dataset/MUS/MUS-ARSWLHYA.jpg,5,MUS,2093,5,0,7,0.9571535,0.7793674,1.0,0.69219977,2.8789515
/content/Dataset/STR/STR-QAVGTLTS.jpg,7,STR,2094,5,1,5,0.9294805,0.7827068,1.0,0.6577576,2.8179054
/content/Dataset/STR/STR-NKWASKHN.jpg,7,STR,2095,7,0,5,0.92295104,0.77258694,1.0,0.6568884,2.8311608
/content/Dataset/TUM/TUM-SKWPKRPY.jpg,8,TUM,2096,6,1,6,0.98929304,0.7963,1.0,0.68997574,2.9824493
/content/Dataset/TUM/TUM-RMEKLAVK.jpg,8,TUM,2097,8,0,6,0.9843578,0.78732175,1.0,0.6907336,2.9964156
/content/Dataset/MUS/MUS-RAYIAKRC.jpg,5,MUS,2098,5,0,7,0.959667,0.7837611,1.0,0.6920034,2.8726385
/content/Dataset/TUM/TUM-YYTSKKFI.jpg,8,TUM,2099,8,0,6,0.98531634,0.83233,1.0,0.6648367,2.8726566
/content/Dataset/STR/STR-PNNRPIIC.jpg,7,STR,2100,7,0,5,0.92323846,0.76842505,1.0,0.6598838,2.8429022
/content/Dataset/MUC/MUC-PKHMYYRA.jpg,4,MUC,2101,4,0,3,1.0172071,0.7923081,1.0,0.6791858,3.200025
/content/Dataset/LYM/LYM-NGASFGWN.jpg,3,LYM,2102,4,1,4,1.0593529,0.81559443,1.0,0.7109436,3.2083898
/content/Dataset/LYM/LYM-YTGKCFCM.jpg,3,LYM,2103,3,0,2,1.0498298,0.8113778,1.0,0.7092102,3.1822822
/content/Dataset/TUM/TUM-AALYFTMF.jpg,8,TUM,2104,6,1,6,0.9858403,0.7904356,1.0,0.690196,2.991152
/content/Dataset/NORM/NORM-AFWFGWHY.jpg,6,NORM,2105,6,0,8,0.32364842,0.83562714,1.0,0.09437761,0.9633356
/content/Dataset/MUS/MUS-AWGGHCVA.jpg,5,MUS,2106,5,0,7,0.95511925,0.7762996,1.0,0.6920529,2.882741
/content/Dataset/ADI/ADI-FNAEWAFW.jpg,0,ADI,2107,3,1,3,1.1024464,0.820874,1.0,0.72247356,3.3873842
/content/Dataset/DEB/DEB-SSHLYVSE.jpg,2,DEB,2108,2,0,3,1.0186216,0.792578,1.0,0.6877495,3.1764078
/content/Dataset/STR/STR-VRHGLHYN.jpg,7,STR,2109,7,0,5,0.92697865,0.77902496,1.0,0.6572911,2.8224652
/content/Dataset/LYM/LYM-RHKCDCVN.jpg,3,LYM,2110,3,0,2,1.0476154,0.8055858,1.0,0.7108153,3.1944149
/content/Dataset/LYM/LYM-QYIHRGDY.jpg,3,LYM,2111,3,0,4,1.0510708,0.8146578,0.9749291,0.7109826,3.2099032
/content/Dataset/BACK/BACK-IQYNWQGA.jpg,1,BACK,2112,1,0,3,1.0664928,0.81074756,1.0,0.70403665,3.300726
/content/Dataset/ADI/ADI-IVYNESAY.jpg,0,ADI,2113,0,0,4,1.0865629,0.82553136,1.0,0.7222641,3.2705717
/content/Dataset/MUC/MUC-RMPLPHTE.jpg,4,MUC,2114,4,0,3,1.0170113,0.7913558,1.0,0.67960113,3.202477
/content/Dataset/LYM/LYM-TPANSQVN.jpg,3,LYM,2115,3,0,2,1.0485809,0.8069185,1.0,0.7108979,3.1926322
/content/Dataset/STR/STR-SACCCMFA.jpg,7,STR,2116,7,0,5,0.9268271,0.7752809,1.0,0.65951633,2.8320522
/content/Dataset/ADI/ADI-GESNNWFG.jpg,0,ADI,2117,5,1,5,1.1039646,0.83847946,1.0,0.72133976,3.3037348
/content/Dataset/NORM/NORM-NRHVIVGM.jpg,6,NORM,2118,4,1,4,1.0033885,0.8071226,0.93119264,0.68398964,3.1446364
/content/Dataset/BACK/BACK-LCVILWLH.jpg,1,BACK,2119,1,0,3,1.0663091,0.80973744,1.0,0.70455253,3.30329
/content/Dataset/ADI/ADI-GPCDMGKF.jpg,0,ADI,2120,3,1,3,1.1021326,0.8208391,1.0,0.7221916,3.3867958
/content/Dataset/LYM/LYM-SSAYARVA.jpg,3,LYM,2121,3,0,4,1.0496343,0.8148915,0.9701802,0.7108426,3.2092915
/content/Dataset/NORM/NORM-QTNPKQKM.jpg,6,NORM,2122,6,0,8,0.978808,0.7876357,1.0,0.683718,2.9866047
/content/Dataset/MUS/MUS-PATTVAAW.jpg,5,MUS,2123,5,0,7,0.95833653,0.78231657,1.0,0.6915645,2.8735094
/content/Dataset/ADI/ADI-AAHTSYCW.jpg,0,ADI,2124,3,1,3,1.1021883,0.8209981,1.0,0.7221442,3.3864093
/content/Dataset/NORM/NORM-AMGTIGSP.jpg,6,NORM,2125,0,1,0,1.0364106,0.812698,0.9057435,0.68267095,3.364888
/content/Dataset/MUS/MUS-PNYEHYNI.jpg,5,MUS,2126,5,0,7,0.95359963,0.7754034,1.0,0.69103444,2.8817816
/content/Dataset/TUM/TUM-VIVGGNQY.jpg,8,TUM,2127,8,0,6,0.9855871,0.78953224,1.0,0.6905413,2.9930487
/content/Dataset/MUS/MUS-CGTWIQFY.jpg,5,MUS,2128,2,1,2,1.0383697,0.8430598,1.0,0.65777063,3.136518
/content/Dataset/STR/STR-PTWRCTKV.jpg,7,STR,2129,7,0,5,0.92690545,0.77615476,1.0,0.65905035,2.8298776
/content/Dataset/MUC/MUC-RWILLTSR.jpg,4,MUC,2130,0,1,0,1.0301676,0.7966202,1.0,0.6787486,3.2554739
/content/Dataset/STR/STR-MPDFHRLF.jpg,7,STR,2131,7,0,5,0.92425424,0.77054155,1.0,0.6595498,2.839706
/content/Dataset/MUC/MUC-TEHAYFPF.jpg,4,MUC,2132,6,1,6,1.0193996,0.8126353,1.0,0.675039,3.1213074
/content/Dataset/ADI/ADI-HCCWYSCK.jpg,0,ADI,2133,0,0,4,1.085286,0.8239582,1.0,0.7220876,3.2723393
/content/Dataset/MUS/MUS-AHYKWVLM.jpg,5,MUS,2134,5,0,7,0.8741228,0.8777388,1.0,0.56578445,2.4186547
/content/Dataset/LYM/LYM-YQPLHNKM.jpg,3,LYM,2135,3,0,2,1.0473143,0.80476815,1.0,0.71109086,3.196037
/content/Dataset/BACK/BACK-LQLTLTGT.jpg,1,BACK,2136,1,0,3,1.0660468,0.8097852,1.0,0.7042562,3.3025749
/content/Dataset/STR/STR-SGAMPDMN.jpg,7,STR,2137,7,0,8,0.3559071,0.8202787,1.0,0.07124772,1.1554301
/content/Dataset/STR/STR-NSQPRCCN.jpg,7,STR,2138,7,0,5,0.9258538,0.7741978,1.0,0.6591018,2.8329616
/content/Dataset/ADI/ADI-FRVQFNYP.jpg,0,ADI,2139,0,0,4,1.0843799,0.82351154,0.9982925,0.7220245,3.2728336
/content/Dataset/MUS/MUS-CKCCEEFR.jpg,5,MUS,2140,5,0,7,0.96106905,0.7874956,1.0,0.691028,2.8658278
/content/Dataset/DEB/DEB-SHYRCCFF.jpg,2,DEB,2141,2,0,3,1.0186676,0.7944336,1.0,0.68658835,3.1709614
/content/Dataset/DEB/DEB-RGSKNADW.jpg,2,DEB,2142,2,0,3,1.0154964,0.79010224,1.0,0.6862753,3.1764224
/content/Dataset/NORM/NORM-QGFEKQRK.jpg,6,NORM,2143,6,0,8,0.97264826,0.7767345,1.0,0.6843986,3.0035102
/content/Dataset/DEB/DEB-PPVLDSTL.jpg,2,DEB,2144,2,0,8,1.0170236,0.86045074,1.0,0.6304801,3.0282996
/content/Dataset/MUC/MUC-YGARIGQE.jpg,4,MUC,2145,6,1,6,1.017697,0.80379283,1.0,0.6789201,3.1433544
/content/Dataset/MUS/MUS-RWPMPRYN.jpg,5,MUS,2146,5,0,7,0.957677,0.7800126,1.0,0.6923398,2.8783438
/content/Dataset/ADI/ADI-FQWHWYWL.jpg,0,ADI,2147,0,0,4,1.0828341,0.82226914,0.995372,0.72225064,3.27507
/content/Dataset/BACK/BACK-LKAFDFWT.jpg,1,BACK,2148,1,0,2,1.0648665,0.85775596,1.0,0.66787493,3.1762242
/content/Dataset/TUM/TUM-WWIPFHGT.jpg,8,TUM,2149,8,0,6,0.9852423,0.78918415,1.0,0.6904487,2.9931304
/content/Dataset/MUC/MUC-VDEWDQPA.jpg,4,MUC,2150,4,0,3,1.0163225,0.7917793,1.0,0.6786102,3.19968
/content/Dataset/TUM/TUM-YWRAERNK.jpg,8,TUM,2151,8,0,6,0.98360246,0.78589654,1.0,0.69088894,2.9987047
/content/Dataset/BACK/BACK-KQEIQNGA.jpg,1,BACK,2152,1,0,3,1.0660778,0.8095375,1.0,0.7044579,3.303375
/content/Dataset/DEB/DEB-YVGRREHT.jpg,2,DEB,2153,2,0,3,1.0191277,0.79416007,1.0,0.6872134,3.17289
/content/Dataset/ADI/ADI-ILKCAYVS.jpg,0,ADI,2154,0,0,3,1.1020691,0.8211673,1.0,0.7219,3.3856766
/content/Dataset/LYM/LYM-TCVLLEWH.jpg,3,LYM,2155,0,1,0,1.0901995,0.8182197,1.0,0.7103061,3.3758626
/content/Dataset/MUC/MUC-THCCCVSR.jpg,4,MUC,2156,4,0,7,0.9970998,0.81234884,1.0,0.67277604,3.004473
/content/Dataset/MUS/MUS-NYLIHYGF.jpg,5,MUS,2157,8,1,8,1.0446019,0.8158034,1.0,0.68688434,3.2081327
/content/Dataset/ADI/ADI-CTGFYHMV.jpg,0,ADI,2158,3,1,3,1.102098,0.8209502,1.0,0.72207105,3.3864212
/content/Dataset/BACK/BACK-FWPAVPEW.jpg,1,BACK,2159,1,0,3,1.0663798,0.810198,1.0,0.70430714,3.302081
/content/Dataset/LYM/LYM-RHLPADNR.jpg,3,LYM,2160,3,0,2,1.0506226,0.81049365,1.0,0.7105289,3.1868124
/content/Dataset/STR/STR-YNNLTYPL.jpg,7,STR,2161,7,0,2,0.8448883,0.8496395,1.0,0.48905957,2.5931578
/content/Dataset/MUS/MUS-SSSQERYR.jpg,5,MUS,2162,7,1,7,0.962181,0.7879338,1.0,0.69191533,2.8670874
/content/Dataset/DEB/DEB-SYSKQDGL.jpg,2,DEB,2163,2,0,3,1.0169456,0.79099166,1.0,0.68711466,3.1772404
/content/Dataset/ADI/ADI-HMYDTGSM.jpg,0,ADI,2164,3,1,3,1.1029013,0.8215629,1.0,0.7224292,3.3863566
/content/Dataset/STR/STR-SYIDTGCK.jpg,7,STR,2165,7,0,5,0.9227718,0.76780725,1.0,0.6597508,2.8436031
/content/Dataset/BACK/BACK-LACQVMKH.jpg,1,BACK,2166,1,0,8,1.0636969,0.81537014,0.99342984,0.7043852,3.2698371
/content/Dataset/STR/STR-VDKLLYKS.jpg,7,STR,2167,7,0,5,0.9220213,0.7678519,1.0,0.6588342,2.8420417
/content/Dataset/STR/STR-WASGCCHS.jpg,7,STR,2168,2,1,2,0.9698254,0.796817,0.91689575,0.657788,3.1167326
/content/Dataset/MUS/MUS-SCWAETRR.jpg,5,MUS,2169,7,1,7,0.9619911,0.78937674,1.0,0.6907725,2.8628662
/content/Dataset/MUC/MUC-YMVWVPMM.jpg,4,MUC,2170,6,1,6,1.0195467,0.82057977,1.0,0.67039347,3.0981486
/content/Dataset/LYM/LYM-YPPDYYSI.jpg,3,LYM,2171,4,1,4,1.0568331,0.8146541,0.9952505,0.7105278,3.208755
/content/Dataset/ADI/ADI-FMHMNDHC.jpg,0,ADI,2172,0,0,2,1.0918458,0.82201076,1.0,0.72219,3.3202546
/content/Dataset/STR/STR-VMGNCFQR.jpg,7,STR,2173,7,0,5,0.9052413,0.7713235,1.0,0.6380466,2.7964733
/content/Dataset/BACK/BACK-AFTGRVIY.jpg,1,BACK,2174,1,0,0,1.0747635,0.809632,1.0,0.7042349,3.3551571
/content/Dataset/BACK/BACK-LTDKPVHT.jpg,1,BACK,2175,1,0,0,1.0437223,0.8695223,1.0,0.6416001,3.0940104
/content/Dataset/STR/STR-TPVTFCVW.jpg,7,STR,2176,7,0,5,0.9247544,0.7743987,1.0,0.6576992,2.8302655
/content/Dataset/BACK/BACK-ACQADCDK.jpg,1,BACK,2177,1,0,3,1.0663048,0.8102679,1.0,0.7041724,3.3017516
/content/Dataset/BACK/BACK-FFRNCPHL.jpg,1,BACK,2178,0,1,0,1.075488,0.8108833,1.0,0.7041058,3.3529491
/content/Dataset/DEB/DEB-WYGSFDCL.jpg,2,DEB,2179,2,0,3,1.0178682,0.791411,1.0,0.68772495,3.1782694
/content/Dataset/ADI/ADI-HDFECMAT.jpg,0,ADI,2180,6,1,6,1.1151382,0.8472367,1.0,0.7138552,3.3479717
/content/Dataset/MUC/MUC-SAYDKEND.jpg,4,MUC,2181,4,0,6,1.0118705,0.82109004,1.0,0.6625693,3.079122
/content/Dataset/DEB/DEB-VPWYIMHV.jpg,2,DEB,2182,4,1,4,1.0357399,0.83071756,0.8873579,0.68416595,3.2879167
/content/Dataset/DEB/DEB-RSAFWCVK.jpg,2,DEB,2183,2,0,3,1.0159347,0.7901252,1.0,0.6866298,3.1776218
/content/Dataset/DEB/DEB-WENSVDCR.jpg,2,DEB,2184,2,0,3,1.0188305,0.793528,1.0,0.6873364,3.1740592
/content/Dataset/BACK/BACK-NIEPGYNF.jpg,1,BACK,2185,1,0,3,1.0660757,0.80979633,1.0,0.7042802,3.3025954
/content/Dataset/ADI/ADI-HCLFWWDT.jpg,0,ADI,2186,0,0,4,1.0856209,0.8245676,1.0,0.722008,3.2712736
/content/Dataset/LYM/LYM-RFYWRVAG.jpg,3,LYM,2187,4,1,4,1.0586494,0.8151914,1.0,0.71053517,3.207938
/content/Dataset/MUC/MUC-RISWDCCN.jpg,4,MUC,2188,4,0,7,0.99154854,0.7939091,1.0,0.6785708,3.0447352
/content/Dataset/BACK/BACK-LYEPPDHW.jpg,1,BACK,2189,0,1,0,1.0782197,0.816929,1.0,0.7027168,3.3407004
/content/Dataset/MUC/MUC-TDPSDACM.jpg,4,MUC,2190,4,0,3,1.0173267,0.793103,1.0,0.67879295,3.1978903
/content/Dataset/BACK/BACK-NQYVYPCI.jpg,1,BACK,2191,0,1,0,1.0758771,0.81189346,1.0,0.7037978,3.3507733
/content/Dataset/STR/STR-MYHTRWFC.jpg,7,STR,2192,2,1,2,0.9783689,0.82987726,1.0,0.62272364,2.9836257
/content/Dataset/STR/STR-VAEQWVNE.jpg,7,STR,2193,2,1,2,0.9951081,0.80983543,1.0,0.6509386,3.079769
/content/Dataset/STR/STR-SFYGKSHF.jpg,7,STR,2194,5,1,5,0.9279702,0.7782066,1.0,0.65891266,2.8267088
/content/Dataset/NORM/NORM-LTATNADF.jpg,6,NORM,2195,6,0,4,1.0014124,0.8064909,0.9272226,0.6836174,3.1446404
/content/Dataset/MUC/MUC-RMQYHSCH.jpg,4,MUC,2196,6,1,6,1.0181519,0.8052041,1.0,0.67841303,3.1404612
/content/Dataset/NORM/NORM-VIRYHLEV.jpg,6,NORM,2197,6,0,8,0.97783697,0.7856455,1.0,0.68391263,2.990295
/content/Dataset/LYM/LYM-SDTTHGAW.jpg,3,LYM,2198,3,0,4,1.050724,0.81484103,0.9735019,0.7109418,3.209604
/content/Dataset/BACK/BACK-HCTDFYLK.jpg,1,BACK,2199,0,1,0,1.0752038,0.8104203,1.0,0.7041271,3.3537698
/content/Dataset/STR/STR-TREDLVLR.jpg,7,STR,2200,7,0,5,0.9270634,0.77511233,1.0,0.65986586,2.8330631
/content/Dataset/MUC/MUC-TLKYMKDY.jpg,4,MUC,2201,4,0,7,0.9988746,0.81102514,1.0,0.67537564,3.0121608
/content/Dataset/BACK/BACK-LRNIEMNP.jpg,1,BACK,2202,1,0,3,1.0666411,0.8104501,1.0,0.70439905,3.3018968
/content/Dataset/NORM/NORM-RVHIQFPF.jpg,6,NORM,2203,4,1,4,1.0202688,0.83789414,1.0,0.6621227,3.045428
/content/Dataset/TUM/TUM-RDKFNPMR.jpg,8,TUM,2204,8,0,6,0.9854796,0.7886795,1.0,0.6909867,2.9951904
/content/Dataset/ADI/ADI-FYPNFCWM.jpg,0,ADI,2205,3,1,3,1.1022661,0.8210777,1.0,0.7221548,3.3863792
/content/Dataset/MUS/MUS-ATNSDHNT.jpg,5,MUS,2206,5,0,7,0.9589834,0.7831527,1.0,0.69168967,2.8727307
/content/Dataset/MUC/MUC-REWSSRHC.jpg,4,MUC,2207,4,0,3,1.0173379,0.7921399,1.0,0.6793757,3.2010202
/content/Dataset/LYM/LYM-TLEYQRQI.jpg,3,LYM,2208,3,0,4,1.0506498,0.81467366,0.97516704,0.7104828,3.2087414
/content/Dataset/TUM/TUM-SMITEEDE.jpg,8,TUM,2209,6,1,6,0.9895016,0.7970728,1.0,0.68972504,2.9806633
/content/Dataset/ADI/ADI-ICIQGGFQ.jpg,0,ADI,2210,3,1,3,1.1023915,0.82120204,1.0,0.72218317,3.3863108
/content/Dataset/DEB/DEB-NRMWVKVP.jpg,2,DEB,2211,2,0,3,1.0181679,0.79358864,1.0,0.68662226,3.1723838
/content/Dataset/TUM/TUM-TDRNCCIA.jpg,8,TUM,2212,8,0,6,0.9842117,0.7870207,1.0,0.6907671,2.996972
/content/Dataset/DEB/DEB-TVCLSCPE.jpg,2,DEB,2213,2,0,3,1.0181408,0.79258275,1.0,0.68726283,3.1752868
/content/Dataset/DEB/DEB-PMYCTCYH.jpg,2,DEB,2214,2,0,3,1.0140584,0.79047257,1.0,0.68447274,3.1723828
/content/Dataset/MUC/MUC-RRTLRLNI.jpg,4,MUC,2215,6,1,6,1.0200027,0.81812364,1.0,0.6723228,3.1063921
/content/Dataset/NORM/NORM-NMIYCMIL.jpg,6,NORM,2216,6,0,8,0.9734547,0.7784077,1.0,0.6841121,3.0006948
/content/Dataset/DEB/DEB-QNRTAEKD.jpg,2,DEB,2217,2,0,5,0.9886278,0.8782324,1.0,0.6006373,2.8940313
/content/Dataset/DEB/DEB-SMSRYHLN.jpg,2,DEB,2218,2,0,3,1.0158936,0.7957288,1.0,0.68298227,3.1606514
/content/Dataset/STR/STR-NPFNGWRP.jpg,7,STR,2219,8,1,8,0.9895847,0.8067704,0.94603,0.65593344,3.1378458
/content/Dataset/MUC/MUC-VIQANKSQ.jpg,4,MUC,2220,4,0,3,1.0176245,0.7930986,1.0,0.67906016,3.1987178
/content/Dataset/MUS/MUS-PWTYFKRH.jpg,5,MUS,2221,5,0,7,0.95492274,0.7773982,1.0,0.6910966,2.8794253
/content/Dataset/BACK/BACK-HKTLTFYR.jpg,1,BACK,2222,1,0,0,1.0739683,0.8111856,1.0,0.7024159,3.3485608
/content/Dataset/STR/STR-PQPFCIFE.jpg,7,STR,2223,7,0,5,0.92072326,0.76592004,1.0,0.6586747,2.8443348
/content/Dataset/STR/STR-YENVMSWD.jpg,7,STR,2224,7,0,5,0.65255094,0.8921834,1.0,0.36907008,1.8211429
/content/Dataset/TUM/TUM-QEQNSYFV.jpg,8,TUM,2225,6,1,6,0.99225307,0.8218588,1.0,0.6773792,2.917854
/content/Dataset/MUS/MUS-PEFITHSL.jpg,5,MUS,2226,5,0,7,0.9609345,0.7863997,1.0,0.69161844,2.8683863
/content/Dataset/MUS/MUS-RERGCYDD.jpg,5,MUS,2227,5,0,0,0.5025201,0.90872717,1.0,0.2028165,1.4521724
/content/Dataset/TUM/TUM-WQWNQLAV.jpg,8,TUM,2228,8,0,6,0.98390627,0.78721434,1.0,0.69034606,2.995676
/content/Dataset/DEB/DEB-QTQRYALC.jpg,2,DEB,2229,2,0,3,1.0185021,0.7939671,1.0,0.6867747,3.1718001
/content/Dataset/LYM/LYM-NYQQALFF.jpg,3,LYM,2230,3,0,2,1.0478966,0.80612755,1.0,0.71076334,3.1933517
/content/Dataset/BACK/BACK-KACSAIIC.jpg,1,BACK,2231,1,0,3,1.0657654,0.80937725,1.0,0.7042344,3.3032384
/content/Dataset/MUS/MUS-ASQAYIVC.jpg,5,MUS,2232,5,0,2,0.9384049,0.88717365,1.0,0.5497102,2.7547643
/content/Dataset/NORM/NORM-AFFMISAF.jpg,6,NORM,2233,4,1,4,1.0043582,0.805886,0.9390691,0.6834491,3.1449018
/content/Dataset/BACK/BACK-KEQFLCEK.jpg,1,BACK,2234,2,1,2,1.0824957,0.8258633,1.0,0.7027776,3.3165052
/content/Dataset/MUC/MUC-RWFNIILS.jpg,4,MUC,2235,4,0,3,1.0173515,0.7921852,1.0,0.67938197,3.200835
/content/Dataset/ADI/ADI-HVDTFDFS.jpg,0,ADI,2236,3,1,3,1.1022495,0.8210601,1.0,0.7221446,3.3864188
/content/Dataset/TUM/TUM-RILKNRIM.jpg,8,TUM,2237,8,0,6,0.9857843,0.789149,1.0,0.6909965,2.9945533
/content/Dataset/STR/STR-THHKQIGD.jpg,7,STR,2238,7,0,5,0.92423284,0.76951003,1.0,0.66027534,2.842159
/content/Dataset/MUC/MUC-RHYREMVE.jpg,4,MUC,2239,4,0,3,1.0173801,0.79256535,1.0,0.6792087,3.19959
/content/Dataset/NORM/NORM-SWANMQNN.jpg,6,NORM,2240,4,1,4,1.0022409,0.8079505,0.9262612,0.68372667,3.143117
/content/Dataset/NORM/NORM-PVDERIAF.jpg,6,NORM,2241,6,0,8,0.97225577,0.7763411,1.0,0.6842508,3.0037246
/content/Dataset/MUC/MUC-VMEYLDWM.jpg,4,MUC,2242,4,0,3,1.0165033,0.79177964,1.0,0.6788127,3.2000234
/content/Dataset/TUM/TUM-TNDCWWST.jpg,8,TUM,2243,8,0,6,0.9820845,0.7846843,1.0,0.6901156,2.998686
/content/Dataset/ADI/ADI-HKWYWTLS.jpg,0,ADI,2244,0,0,4,1.0887036,0.8322644,1.0,0.7198837,3.255478
/content/Dataset/MUC/MUC-QTYLYQPA.jpg,4,MUC,2245,6,1,6,1.0188552,0.8059386,1.0,0.6786629,3.1398537
/content/Dataset/LYM/LYM-NWDGGHGP.jpg,3,LYM,2246,3,0,4,1.0530677,0.814841,0.980778,0.71106946,3.209768
/content/Dataset/STR/STR-RAQLSKTD.jpg,7,STR,2247,4,1,4,0.9584901,0.82581735,1.0,0.62313765,2.8903708
/content/Dataset/BACK/BACK-NGKTETST.jpg,1,BACK,2248,1,0,0,1.073818,0.8132251,1.0,0.70090884,3.3419552
/content/Dataset/NORM/NORM-WSHFRNNY.jpg,6,NORM,2249,6,0,8,0.97387487,0.77896863,1.0,0.6841856,3.0000484
/content/Dataset/DEB/DEB-YGLRAPVY.jpg,2,DEB,2250,2,0,3,1.0180811,0.7928031,1.0,0.6870481,3.1745276
/content/Dataset/STR/STR-YGLGMNNN.jpg,7,STR,2251,2,1,2,0.9738619,0.800091,0.92735004,0.65666705,3.1092753
/content/Dataset/MUS/MUS-RLPILAAL.jpg,5,MUS,2252,0,1,0,1.0310118,0.8102375,0.9080131,0.6893549,3.3161004
/content/Dataset/ADI/ADI-IEIIKPVT.jpg,0,ADI,2253,0,0,5,1.1006396,0.83180094,1.0,0.72254044,3.3163402
/content/Dataset/NORM/NORM-TQHLSNEI.jpg,6,NORM,2254,6,0,8,0.976991,0.7836094,1.0,0.68440443,2.993963
/content/Dataset/ADI/ADI-FYFFPMDP.jpg,0,ADI,2255,3,1,3,1.1023916,0.8212955,1.0,0.722119,3.3860285
/content/Dataset/MUC/MUC-AGESAYAW.jpg,4,MUC,2256,4,0,3,1.0168202,0.792717,1.0,0.6785278,3.197906
/content/Dataset/DEB/DEB-RHPGGKFY.jpg,2,DEB,2257,2,0,3,1.0182681,0.79240465,1.0,0.6874915,3.176168
/content/Dataset/ADI/ADI-ILVRQWIK.jpg,0,ADI,2258,0,0,4,1.0775632,0.86011773,1.0,0.69305176,3.145905
/content/Dataset/ADI/ADI-EHKNNRDD.jpg,0,ADI,2259,0,0,5,1.1019506,0.8350874,1.0,0.7216349,3.3094027
/content/Dataset/TUM/TUM-QSGDHMCQ.jpg,8,TUM,2260,6,1,6,0.9872429,0.7921228,1.0,0.6905789,2.989468
/content/Dataset/DEB/DEB-PCHVMHNM.jpg,2,DEB,2261,2,0,3,1.0172517,0.79122627,1.0,0.6872304,3.1773827
/content/Dataset/DEB/DEB-QDTQNEQW.jpg,2,DEB,2262,2,0,3,1.0182558,0.7922101,1.0,0.68762034,3.1766713
/content/Dataset/TUM/TUM-VGHAQLFD.jpg,8,TUM,2263,8,0,6,0.9846837,0.78776866,1.0,0.6907576,2.9959633
/content/Dataset/DEB/DEB-SAYCGCSR.jpg,2,DEB,2264,4,1,4,1.0653545,0.8379992,1.0,0.67516065,3.2539964
/content/Dataset/MUS/MUS-RCFFTVKE.jpg,5,MUS,2265,5,0,7,0.9609736,0.78905207,1.0,0.68995965,2.861363
/content/Dataset/MUS/MUS-QMHLTFLY.jpg,5,MUS,2266,5,0,7,0.9550798,0.77649146,1.0,0.6919241,2.8820143
/content/Dataset/NORM/NORM-SCRPAGPV.jpg,6,NORM,2267,4,1,4,1.0126245,0.80636764,0.9673421,0.6830045,3.1428192
/content/Dataset/NORM/NORM-QAQKFPPQ.jpg,6,NORM,2268,6,0,8,0.9764238,0.7825793,1.0,0.6844624,2.995664
/content/Dataset/NORM/NORM-MTLYCHFG.jpg,6,NORM,2269,6,0,8,0.9757016,0.78169614,1.0,0.6843282,2.996392
/content/Dataset/TUM/TUM-WMNNSWDH.jpg,8,TUM,2270,8,0,6,0.9838305,0.78610396,1.0,0.69098014,2.998663
/content/Dataset/ADI/ADI-IDSQHCCA.jpg,0,ADI,2271,3,1,3,1.102215,0.8209907,1.0,0.7221714,3.3865044
/content/Dataset/ADI/ADI-HSVQWAEP.jpg,0,ADI,2272,0,0,4,1.0845873,0.8229528,1.0,0.7220926,3.2737184
/content/Dataset/LYM/LYM-YVPGYNIE.jpg,3,LYM,2273,3,0,2,1.0483853,0.80750436,1.0,0.7103059,3.1905046
/content/Dataset/NORM/NORM-NLGGRMAL.jpg,6,NORM,2274,4,1,4,1.0255492,0.8297899,1.0,0.6716055,3.0819876
/content/Dataset/LYM/LYM-PIHGQENT.jpg,3,LYM,2275,2,1,2,1.0543073,0.82927024,1.0,0.702069,3.140353
/content/Dataset/ADI/ADI-GMIMMWRM.jpg,0,ADI,2276,0,0,4,1.0852185,0.8232186,1.0,0.7225222,3.2743552
/content/Dataset/TUM/TUM-TIIPQPTD.jpg,8,TUM,2277,8,0,6,0.984462,0.78749704,1.0,0.6907004,2.9962454
/content/Dataset/MUS/MUS-CKDCHFWG.jpg,5,MUS,2278,7,1,7,0.96163833,0.78781545,1.0,0.6914296,2.866191
/content/Dataset/TUM/TUM-TDFDMHYI.jpg,8,TUM,2279,8,0,6,0.9837907,0.78628755,1.0,0.6908234,2.9980445
/content/Dataset/MUS/MUS-TCAQPLTS.jpg,5,MUS,2280,5,0,7,0.9607909,0.78576744,1.0,0.6918512,2.8698404
/content/Dataset/NORM/NORM-NQAYDNDG.jpg,6,NORM,2281,6,0,8,0.97278523,0.7773604,1.0,0.68410754,3.0021222
/content/Dataset/LYM/LYM-SEGMFCLW.jpg,3,LYM,2282,3,0,2,1.050762,0.8117868,1.0,0.7098,3.1833918
/content/Dataset/MUC/MUC-NMEGNFDS.jpg,4,MUC,2283,4,0,3,1.0175515,0.79280394,1.0,0.6792031,3.1993494
/content/Dataset/ADI/ADI-DMDQSCGE.jpg,0,ADI,2284,3,1,3,1.102527,0.82141596,1.0,0.722167,3.385968
/content/Dataset/ADI/ADI-ICGHRGGE.jpg,0,ADI,2285,3,1,3,1.1027762,0.82184887,1.0,0.7221093,3.38522
/content/Dataset/MUC/MUC-QEPNDGIC.jpg,4,MUC,2286,6,1,6,1.0180188,0.80457073,1.0,0.6787206,3.1418886
/content/Dataset/BACK/BACK-ADNSCDLA.jpg,1,BACK,2287,0,1,0,1.0754073,0.8110403,1.0,0.7039015,3.3523586
/content/Dataset/MUC/MUC-NPQHRYQH.jpg,4,MUC,2288,4,0,7,0.9929866,0.7955322,1.0,0.6789678,3.043458
/content/Dataset/ADI/ADI-FEPGPRFI.jpg,0,ADI,2289,0,0,2,1.0913081,0.82116085,1.0,0.7222487,3.3215778
/content/Dataset/ADI/ADI-GEEMLQVL.jpg,0,ADI,2290,5,1,5,1.1032084,0.8533682,1.0,0.71148896,3.2566137
/content/Dataset/MUC/MUC-ADDEFSDH.jpg,4,MUC,2291,4,0,8,0.28504026,0.819867,1.0,0.03573047,0.8896472
/content/Dataset/ADI/ADI-AQNRKATR.jpg,0,ADI,2292,3,1,3,1.1026833,0.82157254,1.0,0.7222129,3.3858352
/content/Dataset/LYM/LYM-VQVTYPEF.jpg,3,LYM,2293,3,0,2,1.0476148,0.80571437,1.0,0.7107427,3.1939876
/content/Dataset/ADI/ADI-CVCQEGLL.jpg,0,ADI,2294,3,1,3,1.1024314,0.82077944,1.0,0.72251284,3.3876793
/content/Dataset/TUM/TUM-YMCVVSMD.jpg,8,TUM,2295,8,0,6,0.9852988,0.7879527,1.0,0.6912761,2.996814
/content/Dataset/TUM/TUM-SSSEKRWK.jpg,8,TUM,2296,8,0,6,0.9832209,0.7862125,1.0,0.69027907,2.9969897
/content/Dataset/NORM/NORM-PCGIGVHG.jpg,6,NORM,2297,6,0,8,0.6875311,0.9008471,1.0,0.38382003,1.9256066
/content/Dataset/BACK/BACK-IVYDPCTH.jpg,1,BACK,2298,1,0,3,1.0666972,0.8106048,1.0,0.7043506,3.3015568
/content/Dataset/STR/STR-WYEKVTEK.jpg,7,STR,2299,7,0,5,0.921732,0.7677505,1.0,0.6586334,2.8415208
/content/Dataset/NORM/NORM-RMQFMWTE.jpg,6,NORM,2300,6,0,8,0.9745613,0.77983683,1.0,0.68435115,2.9990835
/content/Dataset/DEB/DEB-NVRTVSQN.jpg,2,DEB,2301,2,0,7,0.9638361,0.85039896,1.0,0.6069523,2.8620067
/content/Dataset/DEB/DEB-RWYYVTYC.jpg,2,DEB,2302,2,0,3,1.018922,0.7948495,1.0,0.6865773,3.170291
/content/Dataset/ADI/ADI-DPCVCRLH.jpg,0,ADI,2303,0,0,5,1.0916147,0.8297459,0.97588164,0.7225395,3.3193
/content/Dataset/MUS/MUS-SWTWVSCS.jpg,5,MUS,2304,7,1,7,0.96663314,0.8048425,1.0,0.6859088,2.8318331
/content/Dataset/MUS/MUS-PSSRSHID.jpg,5,MUS,2305,5,0,7,0.9535967,0.77483565,1.0,0.6914223,2.8832552
/content/Dataset/STR/STR-YMYFSERT.jpg,7,STR,2306,7,0,5,0.9204396,0.7644224,1.0,0.65933806,2.8477306
/content/Dataset/MUS/MUS-PNMIPGNY.jpg,5,MUS,2307,5,0,7,0.9559302,0.7787997,1.0,0.69124925,2.8778648
/content/Dataset/ADI/ADI-HLGKLIVV.jpg,0,ADI,2308,0,0,5,1.0952138,0.830751,0.9852178,0.7225078,3.3177314
/content/Dataset/DEB/DEB-YILAPNMR.jpg,2,DEB,2309,2,0,3,1.0175211,0.7913527,1.0,0.6874352,3.1775682
/content/Dataset/TUM/TUM-RSVWIIWD.jpg,8,TUM,2310,8,0,6,0.9740198,0.8382377,1.0,0.6507938,2.830507
/content/Dataset/TUM/TUM-WETSQMEP.jpg,8,TUM,2311,6,1,6,0.9913976,0.8017149,1.0,0.68866813,2.9721107
/content/Dataset/BACK/BACK-IFMKPGRI.jpg,1,BACK,2312,0,1,0,1.0773354,0.8139912,1.0,0.7038112,3.3476834
/content/Dataset/MUS/MUS-AEFDYGII.jpg,5,MUS,2313,5,0,7,0.9597639,0.7834989,1.0,0.6922634,2.8735933
/content/Dataset/TUM/TUM-RPKWKCAM.jpg,8,TUM,2314,8,0,6,0.98572046,0.78937113,1.0,0.6908168,2.9936883
/content/Dataset/MUC/MUC-CTAWLISH.jpg,4,MUC,2315,0,1,0,1.0338218,0.8064785,1.0,0.67600054,3.2339501
/content/Dataset/NORM/NORM-VQLNEVLV.jpg,6,NORM,2316,4,1,4,1.0046829,0.80797935,0.93403864,0.6838602,3.1431742
/content/Dataset/DEB/DEB-YKRQSMRW.jpg,2,DEB,2317,3,1,3,1.0198205,0.79658103,1.0,0.6863087,3.1673577
/content/Dataset/BACK/BACK-KHYSTDYT.jpg,1,BACK,2318,1,0,3,1.0657822,0.80950415,1.0,0.7041716,3.3028708
/content/Dataset/TUM/TUM-QNVVLRDE.jpg,8,TUM,2319,8,0,6,0.98511773,0.78789765,1.0,0.6911287,2.9965506
/content/Dataset/MUS/MUS-QGMWQLST.jpg,5,MUS,2320,5,0,7,0.95680755,0.7797446,1.0,0.6916161,2.877083
/content/Dataset/ADI/ADI-CHAQRAET.jpg,0,ADI,2321,3,1,3,1.1023272,0.8212575,1.0,0.7221124,3.3858883
/content/Dataset/BACK/BACK-EIWHTGGQ.jpg,1,BACK,2322,1,0,5,1.0749755,0.8257201,1.0,0.70343417,3.271247
/content/Dataset/ADI/ADI-DCICDYFS.jpg,0,ADI,2323,0,0,2,1.0911878,0.8212062,1.0,0.7221097,3.3211422
/content/Dataset/STR/STR-WQHKKPDG.jpg,7,STR,2324,7,0,5,0.92091703,0.76554954,1.0,0.6591866,2.8455727
/content/Dataset/MUS/MUS-PQYFGTHK.jpg,5,MUS,2325,5,0,7,0.9556475,0.77687544,1.0,0.6922696,2.882247
/content/Dataset/NORM/NORM-NTEKDHHP.jpg,6,NORM,2326,6,0,4,1.001013,0.8061563,0.92631763,0.68372524,3.145274
/content/Dataset/STR/STR-VFLFQYKH.jpg,7,STR,2327,7,0,5,0.92080283,0.76497394,1.0,0.6594736,2.8467484
/content/Dataset/TUM/TUM-REIGDGNC.jpg,8,TUM,2328,8,0,6,0.98425204,0.786386,1.0,0.69122434,2.998841
/content/Dataset/MUS/MUS-PCDAEQFD.jpg,5,MUS,2329,7,1,7,0.96225727,0.7918561,1.0,0.6894603,2.8568566
/content/Dataset/DEB/DEB-NRAYINQG.jpg,2,DEB,2330,2,0,3,1.0189534,0.793819,1.0,0.6872429,3.1735692
/content/Dataset/DEB/DEB-WKGKSIMQ.jpg,2,DEB,2331,3,1,3,1.0199022,0.7960904,1.0,0.68673694,3.168908
/content/Dataset/MUS/MUS-ACDCRCGI.jpg,5,MUS,2332,5,0,7,0.95984256,0.78491557,1.0,0.6914294,2.8699622
/content/Dataset/STR/STR-YSMMLAGQ.jpg,7,STR,2333,7,0,5,0.9240038,0.7691916,1.0,0.6602594,2.8424203
/content/Dataset/DEB/DEB-SPSEKTYF.jpg,2,DEB,2334,3,1,3,1.0203547,0.79568064,1.0,0.6874571,3.1711683
/content/Dataset/NORM/NORM-YDCYWICY.jpg,6,NORM,2335,4,1,4,1.0229119,0.8351917,1.0,0.6661282,3.0595505
/content/Dataset/NORM/NORM-AGSQMYTE.jpg,6,NORM,2336,6,0,4,1.0008023,0.8070622,0.9236078,0.6836745,3.1441967
/content/Dataset/NORM/NORM-MPARCWGW.jpg,6,NORM,2337,7,1,7,1.0041052,0.8163322,0.90629655,0.68270075,3.1485574
/content/Dataset/MUS/MUS-RIGRLLSN.jpg,5,MUS,2338,5,0,7,0.95468307,0.7776147,1.0,0.6906995,2.878315
/content/Dataset/DEB/DEB-QVEGFKEM.jpg,2,DEB,2339,6,1,6,1.0461241,0.820908,0.99016094,0.6824674,3.223243
/content/Dataset/STR/STR-VGETEWFM.jpg,7,STR,2340,7,0,5,0.32724318,0.8368975,1.0,0.10551353,0.9631175
/content/Dataset/TUM/TUM-QDKKKWCA.jpg,8,TUM,2341,8,0,6,0.98434526,0.7869513,1.0,0.690975,2.9973862
/content/Dataset/STR/STR-SWMGGNKW.jpg,7,STR,2342,7,0,5,0.8548923,0.86254585,1.0,0.5487634,2.4241643
/content/Dataset/DEB/DEB-WEDEALPD.jpg,2,DEB,2343,3,1,3,1.0202266,0.7956397,1.0,0.6873647,3.170962
/content/Dataset/NORM/NORM-SQHDMHIP.jpg,6,NORM,2344,4,1,4,1.0114982,0.80644363,0.9633356,0.6830067,3.1428325
/content/Dataset/ADI/ADI-CAMFGLWC.jpg,0,ADI,2345,3,1,3,1.1030303,0.82227975,1.0,0.7220815,3.3844013
/content/Dataset/MUC/MUC-YSVSHFNS.jpg,4,MUC,2346,4,0,3,1.0169146,0.7920784,1.0,0.6790234,3.200105
/content/Dataset/ADI/ADI-CTCYYVFV.jpg,0,ADI,2347,3,1,3,1.1025255,0.8218282,1.0,0.7218703,3.3847623
/content/Dataset/TUM/TUM-RVDDSNAR.jpg,8,TUM,2348,8,0,6,0.98513395,0.78824985,1.0,0.690904,2.9956386
/content/Dataset/MUS/MUS-RECSDDCH.jpg,5,MUS,2349,7,1,7,0.96148795,0.7873126,1.0,0.6916199,2.8671305
/content/Dataset/BACK/BACK-KNIKHITL.jpg,1,BACK,2350,1,0,0,1.0460172,0.8666622,1.0,0.64491844,3.108815
/content/Dataset/LYM/LYM-PVDCPAWK.jpg,3,LYM,2351,3,0,2,1.0481057,0.8062764,1.0,0.7108457,3.1934764
/content/Dataset/MUC/MUC-YQREETVH.jpg,4,MUC,2352,0,1,0,1.0342232,0.8158196,1.0,0.67051435,3.2066355
/content/Dataset/BACK/BACK-AFLDCQPP.jpg,1,BACK,2353,1,0,3,1.0664113,0.8103135,1.0,0.7042624,3.3017972
/content/Dataset/STR/STR-WIWMHHTF.jpg,7,STR,2354,5,1,5,0.9285271,0.78047234,1.0,0.65803033,2.8220696
/content/Dataset/MUC/MUC-SMCADGPE.jpg,4,MUC,2355,0,1,0,1.0313495,0.79999644,1.0,0.67774504,3.2478502
/content/Dataset/BACK/BACK-KDPNAGCH.jpg,1,BACK,2356,1,0,3,1.0658016,0.80979013,1.0,0.7039991,3.302051
/content/Dataset/MUS/MUS-STAEEKAA.jpg,5,MUS,2357,7,1,7,0.96476156,0.79427135,1.0,0.6905454,2.855883
/content/Dataset/MUS/MUS-ADEILERA.jpg,5,MUS,2358,5,0,7,0.6771233,0.8216493,1.0,0.3948403,2.067374
/content/Dataset/ADI/ADI-AHFNCCQM.jpg,0,ADI,2359,3,1,3,1.102598,0.82168126,1.0,0.72203696,3.3853855
/content/Dataset/MUC/MUC-SVMVYRDA.jpg,4,MUC,2360,4,0,3,1.0169288,0.7922458,1.0,0.6789229,3.1996531
/content/Dataset/TUM/TUM-QNASLVMG.jpg,8,TUM,2361,6,1,6,0.987313,0.7930509,1.0,0.690017,2.987146
/content/Dataset/NORM/NORM-PAAQFWRI.jpg,6,NORM,2362,6,0,8,0.9805493,0.79108906,1.0,0.6832213,2.9810781
/content/Dataset/NORM/NORM-WYGSMTDG.jpg,6,NORM,2363,6,0,8,0.97697985,0.7840153,1.0,0.6840996,2.9928908
/content/Dataset/TUM/TUM-YYQALQIY.jpg,8,TUM,2364,8,0,6,0.98447466,0.7873671,1.0,0.6908101,2.9965992
/content/Dataset/ADI/ADI-AWYHTIRG.jpg,0,ADI,2365,0,0,4,1.0832406,0.8221933,0.99707454,0.72218114,3.2750063
/content/Dataset/ADI/ADI-GDSLEHPG.jpg,0,ADI,2366,0,0,5,1.0975988,0.8309656,0.995372,0.72161514,3.3151639
/content/Dataset/TUM/TUM-TKSKLDVH.jpg,8,TUM,2367,6,1,6,0.992798,0.80983347,1.0,0.6850395,2.9526644
/content/Dataset/MUC/MUC-TISIYTIN.jpg,4,MUC,2368,6,1,6,1.0184094,0.80585515,1.0,0.67828256,3.1390438
/content/Dataset/BACK/BACK-HPFNEFKS.jpg,1,BACK,2369,1,0,3,1.0663105,0.8097372,1.0,0.70453924,3.3033483
/content/Dataset/BACK/BACK-DWFHRLAG.jpg,1,BACK,2370,1,0,3,1.0664173,0.8100548,1.0,0.7044524,3.302553
/content/Dataset/ADI/ADI-CGPLYVFL.jpg,0,ADI,2371,0,0,5,1.0955355,0.8302009,0.98883235,0.72210056,3.3175137
/content/Dataset/ADI/ADI-CAGFPRDW.jpg,0,ADI,2372,3,1,3,1.103093,0.8217805,1.0,0.7224575,3.3861558
/content/Dataset/NORM/NORM-RTGLVYDV.jpg,6,NORM,2373,6,0,8,0.9781381,0.78589094,1.0,0.6840863,2.9902143
/content/Dataset/STR/STR-VNTNYPRV.jpg,7,STR,2374,7,0,5,0.92395514,0.7745905,1.0,0.6567115,2.8279939
/content/Dataset/MUS/MUS-NWLMLCDV.jpg,5,MUS,2375,5,0,7,0.9543977,0.7756143,1.0,0.6917636,2.8829148
/content/Dataset/LYM/LYM-TFIRAVPL.jpg,3,LYM,2376,4,1,4,1.0561149,0.8146838,0.99088657,0.7111179,3.21008
/content/Dataset/NORM/NORM-NEVAFYVD.jpg,6,NORM,2377,6,0,8,0.9727701,0.777169,1.0,0.6842175,3.0026302
/content/Dataset/ADI/ADI-DSRRHADV.jpg,0,ADI,2378,3,1,3,1.1021683,0.8209757,1.0,0.72212005,3.3865077
/content/Dataset/BACK/BACK-ILKQRWPE.jpg,1,BACK,2379,0,1,0,1.0792409,0.82078606,1.0,0.7011759,3.3311884
/content/Dataset/MUC/MUC-AHILCCSR.jpg,4,MUC,2380,4,0,3,1.0164535,0.7918663,1.0,0.67870075,3.1996655
/content/Dataset/LYM/LYM-SMHMIDSC.jpg,3,LYM,2381,3,0,2,1.0471919,0.8046768,1.0,0.7110254,3.1960468
/content/Dataset/TUM/TUM-WNPDWHRY.jpg,8,TUM,2382,8,0,6,0.9854378,0.79013014,1.0,0.6899977,2.991047
/content/Dataset/BACK/BACK-LKPMVPLF.jpg,1,BACK,2383,1,0,3,1.0661469,0.8097972,1.0,0.70433015,3.302825
/content/Dataset/ADI/ADI-DGNWHTGW.jpg,0,ADI,2384,0,0,5,1.1003643,0.8575962,1.0,0.7064191,3.2371373
/content/Dataset/NORM/NORM-VNMGSRTM.jpg,6,NORM,2385,4,1,4,1.026932,0.81886375,1.0,0.679386,3.1175156
/content/Dataset/NORM/NORM-SSNLASCM.jpg,6,NORM,2386,6,0,8,0.97332054,0.7778913,1.0,0.68432385,3.0018098
/content/Dataset/NORM/NORM-NMVPCGIK.jpg,6,NORM,2387,6,0,8,0.9740513,0.77925634,1.0,0.68418217,2.99963
/content/Dataset/NORM/NORM-AGGVQEKC.jpg,6,NORM,2388,4,1,4,1.0066752,0.8073473,0.9426294,0.68372065,3.1436
/content/Dataset/STR/STR-PREYQNSP.jpg,7,STR,2389,7,0,5,0.9261274,0.78165734,1.0,0.65484756,2.8132236
/content/Dataset/ADI/ADI-EEVSPTGT.jpg,0,ADI,2390,0,0,5,1.1003871,0.83311886,1.0,0.72145987,3.3117206
/content/Dataset/MUS/MUS-ALFDEWPD.jpg,5,MUS,2391,5,0,7,0.95928097,0.7826782,1.0,0.69228804,2.8747334
/content/Dataset/ADI/ADI-HPKLPYTM.jpg,0,ADI,2392,0,0,4,1.0848681,0.82276547,1.0,0.72246784,3.274978
/content/Dataset/ADI/ADI-GAWTPVSY.jpg,0,ADI,2393,0,0,4,1.0845371,0.8227367,1.0,0.722166,3.2743266
/content/Dataset/MUC/MUC-PVFHPIKN.jpg,4,MUC,2394,6,1,6,1.0185502,0.8071522,1.0,0.67764956,3.1353872
/content/Dataset/STR/STR-MLNFPWAF.jpg,7,STR,2395,7,0,5,0.92616814,0.7786409,1.0,0.65667975,2.8216434
/content/Dataset/TUM/TUM-TGWSPCNM.jpg,8,TUM,2396,8,0,6,0.9850798,0.7883424,1.0,0.69082296,2.9951434
/content/Dataset/TUM/TUM-VVGPNAGH.jpg,8,TUM,2397,8,0,6,0.98338085,0.7855705,1.0,0.6908531,2.999188
/content/Dataset/STR/STR-SHVFHYHD.jpg,7,STR,2398,7,0,4,0.9224428,0.85418534,1.0,0.57608694,2.7220662
/content/Dataset/STR/STR-NKDCCWAP.jpg,7,STR,2399,2,1,2,0.9925884,0.82082033,1.0,0.6420405,3.0416749
/content/Dataset/MUS/MUS-NSVFFVET.jpg,5,MUS,2400,5,0,7,0.9550672,0.77670157,1.0,0.6917563,2.8814704
/content/Dataset/MUC/MUC-QEMCTTEG.jpg,4,MUC,2401,4,0,7,0.9933683,0.8020152,1.0,0.67534304,3.0255568
/content/Dataset/LYM/LYM-SKGYCHDW.jpg,3,LYM,2402,3,0,4,1.0516458,0.8150678,0.9758815,0.7109878,3.2093325
/content/Dataset/TUM/TUM-RFGVCKVW.jpg,8,TUM,2403,8,0,6,0.984007,0.78629994,1.0,0.691031,2.9985209
/content/Dataset/NORM/NORM-SGDSYGAY.jpg,6,NORM,2404,6,0,8,0.9748712,0.78036696,1.0,0.6843219,2.9983032
/content/Dataset/LYM/LYM-PFMRGDTD.jpg,3,LYM,2405,4,1,4,1.0554965,0.81501716,0.98979855,0.710616,3.2084658
/content/Dataset/ADI/ADI-FKMWSSRV.jpg,0,ADI,2406,0,0,5,1.1003366,0.8319592,1.0,0.72213763,3.3152199
/content/Dataset/TUM/TUM-YHWEVRME.jpg,8,TUM,2407,8,0,6,0.9837892,0.7860048,1.0,0.69100785,2.9988308
/content/Dataset/ADI/ADI-HQEKFWCL.jpg,0,ADI,2408,0,0,4,1.0845813,0.8230242,1.0,0.7220376,3.273499
/content/Dataset/DEB/DEB-YYCMVCKP.jpg,2,DEB,2409,3,1,3,1.0204489,0.79559356,1.0,0.6876206,3.1716006
/content/Dataset/NORM/NORM-SPLISKKV.jpg,6,NORM,2410,6,0,4,1.0013598,0.8068292,0.92541355,0.68388397,3.1447957
/content/Dataset/MUS/MUS-SKGLLGGQ.jpg,5,MUS,2411,5,0,7,0.9594537,0.7844684,1.0,0.6912803,2.8703964
/content/Dataset/BACK/BACK-IPILYESN.jpg,1,BACK,2412,1,0,3,1.0660597,0.8096262,1.0,0.70438755,3.3030398
/content/Dataset/TUM/TUM-RFLREYRF.jpg,8,TUM,2413,8,0,6,0.9852336,0.78796726,1.0,0.6912224,2.996551
/content/Dataset/STR/STR-SKRQGVSA.jpg,7,STR,2414,5,1,5,0.9297442,0.8191153,1.0,0.6376996,2.719689
/content/Dataset/TUM/TUM-VRGNCWSV.jpg,8,TUM,2415,8,0,6,0.9829947,0.7858848,1.0,0.6902409,2.997462
/content/Dataset/BACK/BACK-LFRQSEQA.jpg,1,BACK,2416,1,0,3,1.0661049,0.80998576,1.0,0.7041694,3.3021345
/content/Dataset/ADI/ADI-EHFWQCLG.jpg,0,ADI,2417,0,0,5,1.0919336,0.82988304,0.9765966,0.7225364,3.319103
/content/Dataset/NORM/NORM-PKKAGELP.jpg,6,NORM,2418,6,0,8,0.9729451,0.77736866,1.0,0.6842834,3.002413
/content/Dataset/LYM/LYM-SAEGMNYF.jpg,3,LYM,2419,4,1,4,1.057551,0.8148813,0.99610144,0.71081984,3.2091348
/content/Dataset/LYM/LYM-MLFVHWNI.jpg,3,LYM,2420,3,0,2,1.0515887,0.8168944,1.0,0.70727986,3.1703207
/content/Dataset/MUS/MUS-SAWRLHYT.jpg,5,MUS,2421,5,0,7,0.95342505,0.7754517,1.0,0.69084275,2.8811855
/content/Dataset/ADI/ADI-CMAADCPH.jpg,0,ADI,2422,0,0,4,1.085198,0.8232714,1.0,0.7224561,3.2741923
/content/Dataset/TUM/TUM-VNMEVIQC.jpg,8,TUM,2423,8,0,6,0.9849074,0.7874888,1.0,0.6911874,2.997196
/content/Dataset/STR/STR-WTAARSCH.jpg,7,STR,2424,7,0,5,0.9265766,0.7734082,1.0,0.6603514,2.8367789
/content/Dataset/MUS/MUS-PKKAFAVY.jpg,5,MUS,2425,5,0,7,0.9598684,0.7848593,1.0,0.69144773,2.8703103
/content/Dataset/LYM/LYM-SLSCVIRH.jpg,3,LYM,2426,3,0,4,1.0534022,0.8148518,0.9825755,0.7108315,3.2092993
/content/Dataset/MUS/MUS-SIHMSWNF.jpg,5,MUS,2427,7,1,7,0.96382976,0.79459864,1.0,0.68935037,2.8530252
/content/Dataset/DEB/DEB-NTPMYGAW.jpg,2,DEB,2428,2,0,3,1.0170991,0.7908452,1.0,0.68734795,3.1780941
/content/Dataset/BACK/BACK-LLCQVHPG.jpg,1,BACK,2429,1,0,3,1.0666052,0.8101338,1.0,0.7045618,3.3028226
/content/Dataset/BACK/BACK-HMLFCPKC.jpg,1,BACK,2430,1,0,0,1.0740187,0.80899775,1.0,0.70395243,3.3553338
/content/Dataset/LYM/LYM-SDAFVHGQ.jpg,3,LYM,2431,4,1,4,1.0545872,0.8148246,0.98605996,0.7109668,3.2096193
/content/Dataset/STR/STR-MPTFECNK.jpg,7,STR,2432,7,0,5,0.92657274,0.7799816,1.0,0.65627605,2.8189576
/content/Dataset/STR/STR-SHHNWPNC.jpg,7,STR,2433,5,1,5,0.9316791,0.80902946,1.0,0.644883,2.7516534
/content/Dataset/LYM/LYM-NRKCPIKI.jpg,3,LYM,2434,3,0,2,1.0472093,0.80472857,1.0,0.71101195,3.19592
/content/Dataset/DEB/DEB-AAKCHALC.jpg,2,DEB,2435,2,0,3,1.015493,0.7950415,1.0,0.6828153,3.1625137
/content/Dataset/DEB/DEB-NSIVMSWQ.jpg,2,DEB,2436,2,0,3,1.017926,0.79181623,1.0,0.6875469,3.1770866
/content/Dataset/NORM/NORM-VIWHEPAT.jpg,6,NORM,2437,4,1,4,1.0124962,0.80718,0.9643945,0.68319476,3.142295
/content/Dataset/NORM/NORM-TRKLCCYG.jpg,6,NORM,2438,6,0,4,0.997767,0.806688,0.9138509,0.6837986,3.145062
/content/Dataset/MUC/MUC-QLRHTEMT.jpg,4,MUC,2439,4,0,3,1.0169019,0.791866,1.0,0.6791545,3.2006965
/content/Dataset/TUM/TUM-WFSSYHTL.jpg,8,TUM,2440,8,0,6,0.9851135,0.78821266,1.0,0.69092524,2.9956381
/content/Dataset/TUM/TUM-QFKMAYQR.jpg,8,TUM,2441,8,0,6,0.307859,0.8043657,1.0,0.07459224,0.95718145
/content/Dataset/DEB/DEB-RCQVALFN.jpg,2,DEB,2442,2,0,3,1.0180898,0.7920822,1.0,0.68752885,3.1767006
/content/Dataset/NORM/NORM-PITRIQWI.jpg,6,NORM,2443,4,1,4,1.0266976,0.81395876,1.0,0.6822932,3.131004
/content/Dataset/LYM/LYM-EMEGLSAA.jpg,3,LYM,2444,3,0,4,1.0513885,0.8144343,0.97647744,0.7109697,3.2102244
/content/Dataset/MUC/MUC-AHSTRELG.jpg,4,MUC,2445,3,1,3,1.0180854,0.79406905,1.0,0.67892563,3.196741
/content/Dataset/DEB/DEB-TLQKSNRQ.jpg,2,DEB,2446,2,0,3,1.0180161,0.79214215,1.0,0.6874293,3.1763022
/content/Dataset/MUS/MUS-SEYCWFAT.jpg,5,MUS,2447,7,1,7,0.9622648,0.7881377,1.0,0.69190043,2.8666377
/content/Dataset/STR/STR-RDFWAQVA.jpg,7,STR,2448,7,0,5,0.9259794,0.78497505,1.0,0.652508,2.8044817
/content/Dataset/NORM/NORM-LMYSVLKR.jpg,6,NORM,2449,6,0,8,0.9719884,0.7762202,1.0,0.6840414,3.0034928
/content/Dataset/LYM/LYM-VLELQRIW.jpg,3,LYM,2450,3,0,2,1.048043,0.8062192,1.0,0.7108197,3.1935098
/content/Dataset/STR/STR-QGALRAIF.jpg,7,STR,2451,7,0,5,0.92629296,0.7751923,1.0,0.6589812,2.831156
/content/Dataset/STR/STR-WWFDIINA.jpg,7,STR,2452,7,0,5,0.9165957,0.79086614,1.0,0.63900447,2.7680144
/content/Dataset/ADI/ADI-DFFKNFAN.jpg,0,ADI,2453,0,0,4,1.0836109,0.82282794,0.99731815,0.7220408,3.2737858
/content/Dataset/STR/STR-RKGCFHYP.jpg,7,STR,2454,5,1,5,0.92842233,0.78437614,1.0,0.6555578,2.8112357
/content/Dataset/MUS/MUS-RLVAGQQT.jpg,5,MUS,2455,5,0,7,0.9543969,0.77646244,1.0,0.69120616,2.8806207
/content/Dataset/MUC/MUC-TRDNMSTK.jpg,4,MUC,2456,4,0,7,0.9928989,0.7946125,1.0,0.6794457,3.045956
/content/Dataset/MUC/MUC-CNASAWGQ.jpg,4,MUC,2457,4,0,3,1.0173134,0.7931977,1.0,0.6787055,3.1976185
/content/Dataset/ADI/ADI-CVRWKKGI.jpg,0,ADI,2458,0,0,4,1.0846602,0.8232039,1.0,0.72197926,3.273196
/content/Dataset/ADI/ADI-CTEISPMC.jpg,0,ADI,2459,3,1,3,1.1029059,0.822096,1.0,0.72206646,3.3847573
/content/Dataset/MUC/MUC-ADRKSYVY.jpg,4,MUC,2460,6,1,6,1.0199455,0.81852794,1.0,0.6720299,3.1050467
/content/Dataset/LYM/LYM-RPCMYLIL.jpg,3,LYM,2461,4,1,4,1.0553048,0.81545454,0.98714393,0.7109373,3.208596
/content/Dataset/DEB/DEB-PDKCIRKA.jpg,2,DEB,2462,2,0,3,1.0181286,0.7941108,1.0,0.68620515,3.170868
/content/Dataset/NORM/NORM-TFGVMCGN.jpg,6,NORM,2463,6,0,4,1.0004284,0.80468464,0.931079,0.6827049,3.1447935
/content/Dataset/BACK/BACK-HEGQPVIW.jpg,1,BACK,2464,0,1,0,1.0758327,0.8115941,1.0,0.70396084,3.3515701
/content/Dataset/ADI/ADI-DKPSPYYK.jpg,0,ADI,2465,0,0,3,1.1015908,0.8207745,1.0,0.721703,3.3858094
/content/Dataset/BACK/BACK-MEKKRWRS.jpg,1,BACK,2466,0,1,0,1.0799947,0.8245005,1.0,0.699512,3.321452
/content/Dataset/MUS/MUS-QDRGGGFM.jpg,5,MUS,2467,5,0,7,0.956447,0.7791951,1.0,0.6916158,2.8776982
/content/Dataset/BACK/BACK-EGNGNSEA.jpg,1,BACK,2468,0,1,0,1.0778053,0.8169681,1.0,0.7022888,3.339637
/content/Dataset/BACK/BACK-LFDHFYDT.jpg,1,BACK,2469,1,0,3,1.0663574,0.81004107,1.0,0.70438814,3.3025122
/content/Dataset/BACK/BACK-IMFMGVNL.jpg,1,BACK,2470,1,0,3,1.066715,0.81094235,1.0,0.7041211,3.3006542
/content/Dataset/DEB/DEB-TSVDEVDI.jpg,2,DEB,2471,3,1,3,1.0212339,0.79743963,1.0,0.6871907,3.1679673
/content/Dataset/NORM/NORM-PSVEPQQI.jpg,6,NORM,2472,3,1,3,1.0277603,0.83535194,1.0,0.6452582,3.159414
/content/Dataset/MUS/MUS-SEIQNRMS.jpg,5,MUS,2473,5,0,7,0.96072376,0.7892103,1.0,0.6895812,2.8604398
/content/Dataset/LYM/LYM-YNWNYHNP.jpg,3,LYM,2474,3,0,2,1.0483379,0.80648094,1.0,0.7109473,3.1933722
/content/Dataset/TUM/TUM-SDTCDDQC.jpg,8,TUM,2475,8,0,6,0.98359305,0.7862491,1.0,0.69066054,2.9976552
/content/Dataset/MUC/MUC-MWNAVLTH.jpg,4,MUC,2476,4,0,3,1.0170242,0.792199,1.0,0.67907697,3.1999161
/content/Dataset/LYM/LYM-SSIFARSI.jpg,3,LYM,2477,3,0,2,1.0495211,0.8084954,1.0,0.71076965,3.1901648
/content/Dataset/TUM/TUM-WIYQQWWQ.jpg,8,TUM,2478,6,1,6,0.98607063,0.78968096,1.0,0.6909625,2.993651
/content/Dataset/NORM/NORM-VICKLQSA.jpg,6,NORM,2479,6,0,8,0.97073,0.77447164,1.0,0.6838879,3.0055637
/content/Dataset/BACK/BACK-DMMNLVSS.jpg,1,BACK,2480,1,0,3,1.0650924,0.80863154,1.0,0.704103,3.3038552
/content/Dataset/DEB/DEB-QYTMNMTH.jpg,2,DEB,2481,2,0,3,1.0173788,0.7913178,1.0,0.6873647,3.1771662
/content/Dataset/ADI/ADI-ELFEHFKN.jpg,0,ADI,2482,0,0,7,1.0044905,0.886297,1.0,0.6142984,2.8981907
/content/Dataset/LYM/LYM-SSSGKCAS.jpg,3,LYM,2483,4,1,4,1.0586321,0.81503206,1.0,0.7106825,3.208157
/content/Dataset/BACK/BACK-CWCPGQHK.jpg,1,BACK,2484,0,1,0,1.07578,0.8107803,1.0,0.70444375,3.353995
/content/Dataset/STR/STR-ADGIVVPD.jpg,7,STR,2485,5,1,5,0.93106437,0.78656954,1.0,0.6571248,2.8109055
/content/Dataset/TUM/TUM-WLSPWQQY.jpg,8,TUM,2486,6,1,6,0.98990035,0.809699,1.0,0.6821785,2.9466639
/content/Dataset/MUS/MUS-NMYHHTKA.jpg,5,MUS,2487,5,0,7,0.95759064,0.7802046,1.0,0.69214654,2.8775635
/content/Dataset/STR/STR-YPSHMNVY.jpg,7,STR,2488,5,1,5,0.92985857,0.7809404,1.0,0.65921605,2.8235965
/content/Dataset/MUC/MUC-PVYEFTVE.jpg,4,MUC,2489,3,1,3,1.0179981,0.79326874,1.0,0.6793183,3.1990929
/content/Dataset/NORM/NORM-QWCKPTMV.jpg,6,NORM,2490,6,0,8,0.9724564,0.7764199,1.0,0.68439305,3.0040069
/content/Dataset/LYM/LYM-TPIWCTYH.jpg,3,LYM,2491,3,0,2,1.0476795,0.80554175,1.0,0.7109243,3.1946323
/content/Dataset/LYM/LYM-HYPCLRDW.jpg,3,LYM,2492,3,0,2,1.0462468,0.80462116,1.0,0.7101346,3.194042
/content/Dataset/LYM/LYM-ALSMTSLR.jpg,3,LYM,2493,4,1,4,1.0579926,0.81439763,1.0,0.7104556,3.208647
/content/Dataset/MUC/MUC-AKAGTNQD.jpg,4,MUC,2494,4,0,3,1.0174222,0.7920499,1.0,0.6795637,3.201326
/content/Dataset/TUM/TUM-VDIAALMI.jpg,8,TUM,2495,8,0,6,0.9842842,0.78679895,1.0,0.69101465,2.9976661
/content/Dataset/MUS/MUS-AGVTELMP.jpg,5,MUS,2496,5,0,7,0.95442563,0.7763005,1.0,0.69135153,2.881095
/content/Dataset/MUC/MUC-VQAIDPMA.jpg,4,MUC,2497,4,0,6,1.0166067,0.8029114,1.0,0.6783744,3.1435218
/content/Dataset/TUM/TUM-WEAQVFYH.jpg,8,TUM,2498,6,1,6,0.98595965,0.789465,1.0,0.6909802,2.9940333
/content/Dataset/NORM/NORM-QMSARLWK.jpg,6,NORM,2499,4,1,4,1.0084656,0.8069545,0.9495587,0.68372154,3.1440039
/content/Dataset/MUC/MUC-GHWTHRVY.jpg,4,MUC,2500,0,1,0,1.0325307,0.80863416,1.0,0.67341405,3.2242255
/content/Dataset/STR/STR-QENVIQAN.jpg,7,STR,2501,7,0,5,0.9213348,0.7666172,1.0,0.6588432,2.8439643
/content/Dataset/DEB/DEB-YAKPRPIR.jpg,2,DEB,2502,2,0,7,1.010367,0.8096044,0.9519961,0.68668675,3.1266685
/content/Dataset/ADI/ADI-HTPERGWW.jpg,0,ADI,2503,3,1,3,1.1024011,0.8211463,1.0,0.7222441,3.3864515
/content/Dataset/BACK/BACK-KLCQNWQL.jpg,1,BACK,2504,1,0,4,1.0610507,0.8203701,0.98365563,0.70381016,3.2471833
/content/Dataset/STR/STR-ACRNIMHM.jpg,7,STR,2505,7,0,5,0.9198966,0.7656816,1.0,0.65795106,2.8430674
/content/Dataset/MUS/MUS-RPHYMYDC.jpg,5,MUS,2506,5,0,7,0.9584598,0.7820629,1.0,0.69185114,2.8744884
/content/Dataset/NORM/NORM-WFDMWFTC.jpg,6,NORM,2507,4,1,4,1.0027895,0.807477,0.9285819,0.6839138,3.144103
/content/Dataset/NORM/NORM-VFQSRFEI.jpg,6,NORM,2508,6,0,8,0.97898877,0.7883209,1.0,0.6833704,2.9853923
/content/Dataset/BACK/BACK-MEEKHIGM.jpg,1,BACK,2509,1,0,4,1.0670584,0.8238572,1.0,0.70254016,3.2388458
/content/Dataset/BACK/BACK-KAKHGYKE.jpg,1,BACK,2510,0,1,0,1.0758951,0.81217104,1.0,0.70364195,3.3499157
/content/Dataset/TUM/TUM-SIQSRHGL.jpg,8,TUM,2511,6,1,6,0.98628175,0.79009384,1.0,0.6909173,2.9929502
/content/Dataset/MUC/MUC-TEGAANFS.jpg,4,MUC,2512,0,1,0,1.0340639,0.8099528,1.0,0.6739962,3.224116
/content/Dataset/TUM/TUM-SDGLKGDN.jpg,8,TUM,2513,8,0,6,0.9844126,0.78710335,1.0,0.6909222,2.9971862
/content/Dataset/NORM/NORM-SCAEDNPD.jpg,6,NORM,2514,6,0,4,0.99969345,0.8069022,0.9194455,0.68393004,3.1449537
/content/Dataset/MUC/MUC-VHIMIWRF.jpg,4,MUC,2515,3,1,3,1.0177796,0.79289794,1.0,0.67938125,3.1995573
/content/Dataset/ADI/ADI-EWNSIEMC.jpg,0,ADI,2516,0,0,4,1.0846168,0.8230893,1.0,0.7220258,3.273395
/content/Dataset/MUS/MUS-NWMDPLLN.jpg,5,MUS,2517,7,1,7,0.9616158,0.7885008,1.0,0.6909569,2.8643353
/content/Dataset/ADI/ADI-EYCIHTAS.jpg,0,ADI,2518,0,0,4,1.0845382,0.82278115,1.0,0.7221585,3.2741218
/content/Dataset/TUM/TUM-WDGYGMPC.jpg,8,TUM,2519,6,1,6,0.98898536,0.8308494,1.0,0.66910654,2.885415
/content/Dataset/DEB/DEB-QIIKTPVH.jpg,2,DEB,2520,2,0,3,1.0185171,0.7933202,1.0,0.6871326,3.1740456
/content/Dataset/MUC/MUC-VDMAKMVV.jpg,4,MUC,2521,4,0,7,0.9925536,0.79468125,0.9986582,0.6794404,3.0459056
/content/Dataset/BACK/BACK-GIEGELYA.jpg,1,BACK,2522,1,0,4,1.0589963,0.81914616,0.97850585,0.7041648,3.2497525
/content/Dataset/MUS/MUS-QSFSTCSR.jpg,5,MUS,2523,7,1,7,0.9625759,0.78950584,1.0,0.69131494,2.8637652
/content/Dataset/LYM/LYM-VGGFVDMY.jpg,3,LYM,2524,3,0,2,1.0477563,0.80561507,1.0,0.7109488,3.1945999
/content/Dataset/STR/STR-NIRSFFNR.jpg,7,STR,2525,7,0,5,0.55604416,0.8153202,1.0,0.27444634,1.7535802
/content/Dataset/NORM/NORM-NTQVWGTS.jpg,6,NORM,2526,6,0,8,0.9816179,0.80640936,1.0,0.6747552,2.9407265
/content/Dataset/MUC/MUC-PYGQNCRP.jpg,4,MUC,2527,4,0,3,1.0174719,0.79239583,1.0,0.67940354,3.2003434
/content/Dataset/MUC/MUC-YKMIWTNP.jpg,4,MUC,2528,0,1,0,1.0279735,0.7965282,1.0,0.6765939,3.250756
/content/Dataset/DEB/DEB-VFKGPFWG.jpg,2,DEB,2529,2,0,3,1.017599,0.79399747,1.0,0.6857624,3.1699312
/content/Dataset/ADI/ADI-DLQPPHDN.jpg,0,ADI,2530,0,0,4,1.0837016,0.8226098,0.99804884,0.72205794,3.2741077
/content/Dataset/MUC/MUC-SDGQRHDT.jpg,4,MUC,2531,4,0,7,0.9955481,0.80282944,1.0,0.6770325,3.0281768
/content/Dataset/MUS/MUS-QAHRLYID.jpg,5,MUS,2532,7,1,7,0.9641166,0.8000834,1.0,0.6862091,2.8390775
/content/Dataset/DEB/DEB-QWVQMCMQ.jpg,2,DEB,2533,2,0,3,0.84928787,0.88648105,1.0,0.49162713,2.4719422
/content/Dataset/LYM/LYM-PGKELLYC.jpg,3,LYM,2534,4,1,4,1.0586665,0.8148443,1.0,0.7107523,3.2090964
/content/Dataset/MUS/MUS-VFTDQPGT.jpg,5,MUS,2535,0,1,0,0.9886104,0.87892884,1.0,0.58842057,2.9317691
/content/Dataset/STR/STR-YQDEAKKV.jpg,7,STR,2536,7,0,4,0.7746395,0.78852224,1.0,0.4491887,2.562965
/content/Dataset/DEB/DEB-TEYARNQH.jpg,2,DEB,2537,4,1,4,1.0543982,0.84771633,1.0,0.65949774,3.197934
/content/Dataset/BACK/BACK-MIITLQNT.jpg,1,BACK,2538,0,1,0,1.075152,0.80984515,1.0,0.70446885,3.3553987
/content/Dataset/MUC/MUC-PNRGRTGP.jpg,4,MUC,2539,4,0,6,1.0146127,0.80188155,0.99585825,0.67827433,3.1448169
/content/Dataset/LYM/LYM-RVFTIEGL.jpg,3,LYM,2540,3,0,2,1.0490446,0.8073555,1.0,0.71107644,3.1923587
/content/Dataset/ADI/ADI-ECNAMPNF.jpg,0,ADI,2541,0,0,4,1.0847389,0.8227873,0.99926794,0.72255814,3.275107
/content/Dataset/BACK/BACK-KHAAKDLT.jpg,1,BACK,2542,0,1,0,1.0756254,0.8105705,1.0,0.70444816,3.3542325
/content/Dataset/MUC/MUC-WQQLMTNR.jpg,4,MUC,2543,4,0,3,1.0170671,0.79209995,1.0,0.6791717,3.2003608
/content/Dataset/NORM/NORM-SKLCCAWE.jpg,6,NORM,2544,6,0,8,0.97280854,0.77714014,1.0,0.6842924,3.0027463
/content/Dataset/BACK/BACK-MNSPFFTE.jpg,1,BACK,2545,1,0,3,1.0663344,0.80982304,1.0,0.7045245,3.3030717
/content/Dataset/NORM/NORM-SDVNICCK.jpg,6,NORM,2546,4,1,4,1.0027335,0.8061789,0.93278545,0.683498,3.1446848
/content/Dataset/MUC/MUC-YATKIVDS.jpg,4,MUC,2547,0,1,0,1.0311847,0.79964423,1.0,0.6777658,3.2487018
/content/Dataset/DEB/DEB-RVYSINNT.jpg,2,DEB,2548,2,0,3,1.0178704,0.79115534,1.0,0.6879243,3.1789348
/content/Dataset/STR/STR-RRAVVTNS.jpg,7,STR,2549,7,0,5,0.92772394,0.7796942,1.0,0.65780544,2.8219109
/content/Dataset/BACK/BACK-IHWHIEAH.jpg,1,BACK,2550,1,0,3,1.0663909,0.8103397,1.0,0.70421594,3.3017037
/content/Dataset/STR/STR-QIEFNLQQ.jpg,7,STR,2551,7,0,5,0.926397,0.7743977,1.0,0.6595484,2.8336663
/content/Dataset/NORM/NORM-YRKLTIEL.jpg,6,NORM,2552,6,0,8,0.9793051,0.79007196,1.0,0.6827127,2.9807346
/content/Dataset/DEB/DEB-YFMMMDER.jpg,2,DEB,2553,2,0,3,1.0181227,0.79286313,1.0,0.6870194,3.1745555
/content/Dataset/MUC/MUC-TQRICHHF.jpg,4,MUC,2554,4,0,6,1.0022645,0.80171484,1.0,0.6648004,3.1140494
/content/Dataset/MUS/MUS-QVFFPESY.jpg,5,MUS,2555,5,0,7,0.9549774,0.7762195,1.0,0.6919994,2.882505
/content/Dataset/MUS/MUS-QLCQWAQI.jpg,5,MUS,2556,5,0,7,0.95679677,0.7790559,1.0,0.69203305,2.8789814
/content/Dataset/LYM/LYM-ACLKVKMK.jpg,3,LYM,2557,3,0,2,1.0474864,0.8054414,1.0,0.7107814,3.1945565
/content/Dataset/MUS/MUS-RAITYFFT.jpg,5,MUS,2558,5,0,7,0.96044916,0.7848566,1.0,0.6921078,2.8714476
/content/Dataset/MUC/MUC-WAHNGQLC.jpg,4,MUC,2559,4,0,3,1.0169145,0.7918065,1.0,0.6791959,3.2009413
/content/Dataset/STR/STR-YHAHRGRG.jpg,7,STR,2560,7,0,5,0.91583097,0.7877022,1.0,0.64003557,2.7747967
/content/Dataset/STR/STR-YHTPMIFK.jpg,7,STR,2561,4,1,4,0.9422228,0.84354955,1.0,0.5991678,2.8001566
/content/Dataset/DEB/DEB-PGVVNTTM.jpg,2,DEB,2562,3,1,3,1.0199045,0.8017683,1.0,0.6829945,3.152351
/content/Dataset/BACK/BACK-FNTIHSMF.jpg,1,BACK,2563,1,0,3,1.0665572,0.81024075,1.0,0.70443416,3.3024225
/content/Dataset/ADI/ADI-ECCWCPAI.jpg,0,ADI,2564,0,0,4,1.087042,0.8271112,1.0,0.721686,3.266942
/content/Dataset/NORM/NORM-VWVTNDLY.jpg,6,NORM,2565,6,0,8,0.9736388,0.77861387,1.0,0.68417215,3.000517
/content/Dataset/ADI/ADI-ECRWDSYG.jpg,0,ADI,2566,0,0,4,1.0850388,0.8237328,1.0,0.72199166,3.2724798
/content/Dataset/STR/STR-SEKMVSDA.jpg,7,STR,2567,2,1,2,0.9465783,0.8054872,1.0,0.60389286,2.9826891
/content/Dataset/DEB/DEB-PCSSDTIA.jpg,2,DEB,2568,3,1,3,1.0201392,0.7954741,1.0,0.68736666,3.1713188
/content/Dataset/TUM/TUM-WQPCYFMA.jpg,8,TUM,2569,8,0,6,0.9851825,0.78880507,1.0,0.69062555,2.9940844
/content/Dataset/MUS/MUS-ACTYDCNK.jpg,5,MUS,2570,5,0,7,0.960946,0.78534263,1.0,0.69230485,2.8712704
/content/Dataset/LYM/LYM-KPRKRVYC.jpg,3,LYM,2571,3,0,4,1.050427,0.8151996,0.9723143,0.710762,3.208727
/content/Dataset/DEB/DEB-VNCTFNKA.jpg,2,DEB,2572,2,0,3,1.0183989,0.7930232,1.0,0.68718696,3.1747327
/content/Dataset/ADI/ADI-AVQVYFAA.jpg,0,ADI,2573,0,0,2,1.0910659,0.82085276,1.0,0.7222275,3.3219397
/content/Dataset/BACK/BACK-APPSKGPM.jpg,1,BACK,2574,1,0,3,1.0661652,0.809858,1.0,0.70432407,3.3026226
/content/Dataset/STR/STR-MWCEDDAP.jpg,7,STR,2575,5,1,5,0.92876554,0.7775559,1.0,0.66015655,2.8302696
/content/Dataset/DEB/DEB-TCVKWTLD.jpg,2,DEB,2576,3,1,3,1.0197399,0.8069978,1.0,0.6795327,3.1364489
/content/Dataset/MUS/MUS-NYYHTPVV.jpg,5,MUS,2577,5,0,7,0.9599412,0.78516614,1.0,0.6913551,2.8695576
/content/Dataset/DEB/DEB-NYKDQEAR.jpg,2,DEB,2578,3,1,3,1.0194894,0.79410946,1.0,0.68762314,3.1738248
/content/Dataset/DEB/DEB-SSYGQQRQ.jpg,2,DEB,2579,2,0,3,1.0174575,0.7918985,1.0,0.6870107,3.1757994
/content/Dataset/BACK/BACK-KDLIVNRY.jpg,1,BACK,2580,0,1,0,1.0791187,0.8340291,1.0,0.69269544,3.2900949
/content/Dataset/ADI/ADI-DWMHFNPN.jpg,0,ADI,2581,0,0,4,1.0847139,0.82301795,1.0,0.7221606,3.2738483
/content/Dataset/BACK/BACK-MFVFGLGD.jpg,1,BACK,2582,0,1,0,1.0756217,0.8119038,1.0,0.70356125,3.3500855
/content/Dataset/ADI/ADI-CPMPCEMH.jpg,0,ADI,2583,0,0,4,1.084498,0.8228946,1.0,0.72205025,3.273673
/content/Dataset/ADI/ADI-GQQPWYIS.jpg,0,ADI,2584,0,0,2,1.0912443,0.8212435,1.0,0.7221217,3.3212214
/content/Dataset/MUC/MUC-RVGWLWMI.jpg,4,MUC,2585,4,0,3,1.0166299,0.79154336,1.0,0.6791034,3.2009969
/content/Dataset/STR/STR-WSGKVKHN.jpg,7,STR,2586,7,0,5,0.9248474,0.77438426,1.0,0.6578714,2.8303154
/content/Dataset/DEB/DEB-TGKVDWKY.jpg,2,DEB,2587,8,1,8,1.0393296,0.8205435,0.96563137,0.68250495,3.2287867
/content/Dataset/STR/STR-VIIAQESF.jpg,7,STR,2588,7,0,5,0.92073816,0.7642217,1.0,0.65980464,2.8489022
/content/Dataset/MUS/MUS-QYPWLHWC.jpg,5,MUS,2589,5,0,7,0.9610613,0.7870489,1.0,0.69134104,2.8669024
/content/Dataset/TUM/TUM-SIRQWWGG.jpg,8,TUM,2590,8,0,6,0.98438424,0.7871008,1.0,0.6909083,2.9970849
/content/Dataset/LYM/LYM-QARYNEKE.jpg,3,LYM,2591,4,1,4,1.0562838,0.81504756,0.9906447,0.7111132,3.2095685
/content/Dataset/LYM/LYM-QDNCQTHV.jpg,3,LYM,2592,3,0,2,1.0459448,0.8092333,1.0,0.7067714,3.179863
/content/Dataset/DEB/DEB-VKTNSNCC.jpg,2,DEB,2593,2,0,3,1.0191082,0.79394174,1.0,0.6873205,3.1735513
/content/Dataset/NORM/NORM-TGCERIWD.jpg,6,NORM,2594,6,0,8,0.9810315,0.79151875,1.0,0.6834525,2.9809256
/content/Dataset/DEB/DEB-SCRCAHYW.jpg,2,DEB,2595,2,0,3,1.0183703,0.7923005,1.0,0.6876809,3.1766486
/content/Dataset/TUM/TUM-REIKGTFL.jpg,8,TUM,2596,8,0,6,0.98350143,0.786272,1.0,0.69051164,2.9975133
/content/Dataset/MUC/MUC-NQYTHCKD.jpg,4,MUC,2597,6,1,6,1.0176668,0.80612814,1.0,0.6774224,3.1363614
/content/Dataset/STR/STR-QDPMWLVE.jpg,7,STR,2598,7,0,5,0.52204925,0.88823247,1.0,0.26329663,1.4647908
/content/Dataset/DEB/DEB-VWLQVNCK.jpg,2,DEB,2599,2,0,3,1.018577,0.7925882,1.0,0.68771565,3.1762123
/content/Dataset/LYM/LYM-QWIMRQPQ.jpg,3,LYM,2600,3,0,2,1.0519748,0.81822455,1.0,0.706885,3.167004
/content/Dataset/BACK/BACK-KDGHGASY.jpg,1,BACK,2601,1,0,4,1.0613115,0.8472913,1.0,0.6831045,3.1547737
/content/Dataset/ADI/ADI-GAVEENFW.jpg,0,ADI,2602,0,0,5,1.0908376,0.8300997,0.9727891,0.72247976,3.318723
/content/Dataset/TUM/TUM-VTVIHDCV.jpg,8,TUM,2603,7,1,7,1.0162129,0.8234325,0.9266004,0.68351877,3.1437023
/content/Dataset/STR/STR-RWHCRNMQ.jpg,7,STR,2604,2,1,2,0.9744551,0.8070941,0.9614558,0.64216566,3.0688138
/content/Dataset/LYM/LYM-TDLNHCHN.jpg,3,LYM,2605,3,0,2,1.0481238,0.8069786,1.0,0.71042466,3.1913583
/content/Dataset/DEB/DEB-AFCLITFN.jpg,2,DEB,2606,2,0,3,1.0179396,0.7922321,1.0,0.687311,3.175795
/content/Dataset/LYM/LYM-NEYYHVEC.jpg,3,LYM,2607,3,0,2,1.0481224,0.8070334,1.0,0.7103862,3.191196
/content/Dataset/ADI/ADI-EHFGNRET.jpg,0,ADI,2608,0,0,2,1.0915079,0.8214348,1.0,0.72226864,3.3211622
/content/Dataset/NORM/NORM-SIHCYALL.jpg,6,NORM,2609,4,1,4,1.0086969,0.8059106,0.95502245,0.6830474,3.14364
/content/Dataset/TUM/TUM-RTSNMQKW.jpg,8,TUM,2610,2,1,2,1.0477294,0.83929914,1.0,0.6686329,3.1698968
/content/Dataset/BACK/BACK-LSQIVMRD.jpg,1,BACK,2611,1,0,3,1.0661186,0.80992454,1.0,0.70422447,3.3023486
/content/Dataset/NORM/NORM-YCIVTNMR.jpg,6,NORM,2612,4,1,4,1.0182126,0.8072206,0.9844965,0.6829021,3.141404
/content/Dataset/ADI/ADI-EGLVDDLV.jpg,0,ADI,2613,0,0,4,1.0851307,0.82318294,1.0,0.7224618,3.2742615
/content/Dataset/TUM/TUM-WWDGNFTL.jpg,8,TUM,2614,8,0,6,0.98533905,0.78842556,1.0,0.6909944,2.995628
/content/Dataset/NORM/NORM-SFMATVCA.jpg,6,NORM,2615,6,0,4,1.0017334,0.80631906,0.93085176,0.68297386,3.1433022
/content/Dataset/LYM/LYM-SNFCWDAW.jpg,3,LYM,2616,3,0,2,1.0493301,0.8086078,1.0,0.7105137,3.1893795
/content/Dataset/ADI/ADI-AHMWKSHW.jpg,0,ADI,2617,0,0,5,1.100419,0.83199894,1.0,0.72221,3.3152134
/content/Dataset/ADI/ADI-DWLVQYMS.jpg,0,ADI,2618,5,1,5,1.1027316,0.8358349,1.0,0.7218878,3.3089118
/content/Dataset/BACK/BACK-KIDEIRNL.jpg,1,BACK,2619,1,0,3,1.0659513,0.80938184,1.0,0.7044251,3.303606
/content/Dataset/LYM/LYM-TDSDCYTN.jpg,3,LYM,2620,4,1,4,1.0587683,0.8146419,1.0,0.7110075,3.2098422
/content/Dataset/MUS/MUS-QFGSMCEV.jpg,5,MUS,2621,5,0,7,0.9556434,0.7774086,1.0,0.69189376,2.8808656
/content/Dataset/ADI/ADI-HTYWIKYD.jpg,0,ADI,2622,0,0,4,1.0845304,0.823413,0.99877995,0.7220939,3.2731004
/content/Dataset/ADI/ADI-AVHTYAHN.jpg,0,ADI,2623,0,0,2,1.0911468,0.8214191,1.0,0.72193545,3.3203783
/content/Dataset/LYM/LYM-RDMSYFQK.jpg,3,LYM,2624,3,0,2,1.0465173,0.8041269,1.0,0.7107251,3.1961339
/content/Dataset/ADI/ADI-CCPFHYVV.jpg,0,ADI,2625,0,0,5,1.1007248,0.83211535,1.0,0.72240555,3.3156197
/content/Dataset/DEB/DEB-RKGDRFQQ.jpg,2,DEB,2626,7,1,7,1.0264248,0.82071483,1.0,0.6814706,3.0981312
/content/Dataset/ADI/ADI-IPFPHELW.jpg,0,ADI,2627,0,0,4,1.0843977,0.8225534,1.0,0.72216874,3.2745037
/content/Dataset/LYM/LYM-ALRVPPWE.jpg,3,LYM,2628,3,0,2,1.0506043,0.81172085,1.0,0.70971626,3.1831305
/content/Dataset/MUC/MUC-KSGTAQGR.jpg,4,MUC,2629,4,0,3,1.0156192,0.791209,1.0,0.678272,3.1997774
/content/Dataset/LYM/LYM-PEWAIHLR.jpg,3,LYM,2630,3,0,2,1.0478326,0.8060521,1.0,0.7107114,3.1935654
/content/Dataset/STR/STR-PLNAEDHI.jpg,7,STR,2631,5,1,5,0.9320308,0.79157436,1.0,0.65510553,2.7997055
/content/Dataset/DEB/DEB-STRCRFNM.jpg,2,DEB,2632,2,0,3,1.0175023,0.79192233,1.0,0.6870572,3.1757712
/content/Dataset/BACK/BACK-HTQLDVST.jpg,1,BACK,2633,1,0,0,1.0745019,0.81394655,1.0,0.7010629,3.3414266
/content/Dataset/STR/STR-QFHRHRPF.jpg,7,STR,2634,7,0,5,0.92472893,0.7724418,1.0,0.65896696,2.835292
/content/Dataset/STR/STR-RWRHPERC.jpg,7,STR,2635,7,0,5,0.914529,0.8360347,1.0,0.6147732,2.6383376
/content/Dataset/LYM/LYM-PHLIAMEN.jpg,3,LYM,2636,3,0,4,1.0516654,0.8146673,0.9776701,0.7107384,3.20929
/content/Dataset/ADI/ADI-HNAGNWVC.jpg,0,ADI,2637,3,1,3,1.1020939,0.8208376,1.0,0.72214574,3.3867488
/content/Dataset/BACK/BACK-LKWKMFYD.jpg,1,BACK,2638,1,0,3,1.0660884,0.8094455,1.0,0.7045213,3.3037088
/content/Dataset/BACK/BACK-NKGLGQAG.jpg,1,BACK,2639,1,0,3,1.0658445,0.80952144,1.0,0.70423543,3.3029082
/content/Dataset/TUM/TUM-QYPWWDRT.jpg,8,TUM,2640,8,0,6,0.9848357,0.7886931,1.0,0.6902848,2.9938042
/content/Dataset/BACK/BACK-NPRTRYPR.jpg,1,BACK,2641,2,1,2,1.0822662,0.82576776,1.0,0.7026114,3.3163028
/content/Dataset/LYM/LYM-AIVAFFDI.jpg,3,LYM,2642,3,0,2,1.0471386,0.8050927,1.0,0.7106769,3.194768
/content/Dataset/BACK/BACK-MGENDAGS.jpg,1,BACK,2643,1,0,3,1.0662614,0.8099812,1.0,0.7043373,3.302463
/content/Dataset/STR/STR-PMCCIKLN.jpg,7,STR,2644,8,1,8,0.9917167,0.8077019,0.9590528,0.65356207,3.1313756
/content/Dataset/STR/STR-PSWRLVHS.jpg,7,STR,2645,7,0,5,0.9232206,0.77032536,1.0,0.65865076,2.837737
/content/Dataset/LYM/LYM-TKNVKNFM.jpg,3,LYM,2646,3,0,4,1.0526512,0.8148687,0.9794618,0.711043,3.2096462
/content/Dataset/STR/STR-QNHPHRRQ.jpg,7,STR,2647,7,0,5,0.92719465,0.7839395,1.0,0.6546125,2.8093941
/content/Dataset/ADI/ADI-MLHFQRNF.jpg,0,ADI,2648,0,0,5,1.0978761,0.8312402,0.99270254,0.7224532,3.3170276
/content/Dataset/MUC/MUC-SRIPEWDL.jpg,4,MUC,2649,4,0,3,1.0173225,0.7929686,1.0,0.67889214,3.1982288
/content/Dataset/MUC/MUC-NNGTAVVC.jpg,4,MUC,2650,4,0,3,1.0163589,0.7921293,1.0,0.67838967,3.198813
/content/Dataset/NORM/NORM-PCNYCEVK.jpg,6,NORM,2651,6,0,8,0.97603506,0.7828809,1.0,0.6838548,2.9939616
/content/Dataset/ADI/ADI-CGWQVMDT.jpg,0,ADI,2652,0,0,5,1.0962139,0.83117807,0.9878671,0.7223757,3.3168468
/content/Dataset/DEB/DEB-TCNVEKEC.jpg,2,DEB,2653,5,1,5,1.0308963,0.82296896,0.9269964,0.6870128,3.2188606
/content/Dataset/NORM/NORM-QCRIKSCY.jpg,6,NORM,2654,6,0,4,1.0017471,0.80726224,0.9254134,0.68398917,3.14442
/content/Dataset/DEB/DEB-TATDQMGE.jpg,2,DEB,2655,2,0,3,1.0161572,0.79005796,1.0,0.6869368,3.1781993
/content/Dataset/STR/STR-NTWVNFFS.jpg,7,STR,2656,7,0,5,0.9263611,0.7732464,1.0,0.6602207,2.8367393
/content/Dataset/TUM/TUM-WAGQPLFG.jpg,8,TUM,2657,8,0,6,0.9850974,0.78782356,1.0,0.6911509,2.99673
/content/Dataset/LYM/LYM-KGCGRHQP.jpg,3,LYM,2658,3,0,2,1.0470207,0.8044355,1.0,0.71102434,3.196343
/content/Dataset/LYM/LYM-QQTFSRIV.jpg,3,LYM,2659,3,0,2,1.0485543,0.80703104,1.0,0.7107819,3.1922941
/content/Dataset/MUS/MUS-CFTPQHFM.jpg,5,MUS,2660,5,0,7,0.9566606,0.7789658,1.0,0.69195986,2.878887
/content/Dataset/LYM/LYM-NVIVNDDM.jpg,3,LYM,2661,3,0,2,1.0485122,0.80733824,1.0,0.71055186,3.1912422
/content/Dataset/ADI/ADI-GSCSRQNG.jpg,0,ADI,2662,3,1,3,1.1023897,0.8212986,1.0,0.7221221,3.385989
/content/Dataset/LYM/LYM-RCFWDTHE.jpg,3,LYM,2663,3,0,2,1.047359,0.8049114,1.0,0.7110267,3.1957626
/content/Dataset/LYM/LYM-PRENRAMD.jpg,3,LYM,2664,3,0,2,1.0473499,0.80493313,1.0,0.71100104,3.1956854
/content/Dataset/MUS/MUS-NYVVVNKY.jpg,5,MUS,2665,4,1,4,1.051015,0.8327965,1.0,0.6779401,3.188602
/content/Dataset/ADI/ADI-EEYWMKGL.jpg,0,ADI,2666,0,0,4,1.0837948,0.82336664,0.9965878,0.7220703,3.2731476
/content/Dataset/MUS/MUS-QWFDIEPM.jpg,5,MUS,2667,7,1,7,0.9648247,0.7959286,1.0,0.68952197,2.8517346
/content/Dataset/STR/STR-YQRFFVCC.jpg,7,STR,2668,7,0,5,0.9214797,0.76657414,1.0,0.6590993,2.8441815
/content/Dataset/STR/STR-WHQGLISV.jpg,7,STR,2669,5,1,5,0.93033934,0.7983277,1.0,0.6495072,2.7774322
/content/Dataset/STR/STR-NMNQQDYH.jpg,7,STR,2670,7,0,5,0.9216806,0.83339936,1.0,0.62284654,2.6622465
/content/Dataset/MUC/MUC-QNLYMSQR.jpg,4,MUC,2671,4,0,7,0.9922928,0.79456836,0.9989019,0.6791688,3.0454922
/content/Dataset/LYM/LYM-AKLKVWGL.jpg,3,LYM,2672,3,0,2,1.0471379,0.8047622,1.0,0.7109028,3.195716
/content/Dataset/MUS/MUS-RQNSAKVY.jpg,5,MUS,2673,5,0,7,0.9560281,0.77817106,1.0,0.6917876,2.8797028
/content/Dataset/TUM/TUM-WEMETIWG.jpg,8,TUM,2674,8,0,6,0.98328584,0.7854374,1.0,0.6908401,2.9993546
/content/Dataset/ADI/ADI-AAVCLGTW.jpg,0,ADI,2675,3,1,3,1.102762,0.82172334,1.0,0.7221909,3.3855348
/content/Dataset/MUC/MUC-PLIDWLFC.jpg,4,MUC,2676,2,1,2,1.0195079,0.85630435,1.0,0.62038195,3.0973928
/content/Dataset/TUM/TUM-VNAWFITM.jpg,8,TUM,2677,5,1,5,1.0477598,0.8260348,0.99807924,0.68625,3.178576
/content/Dataset/DEB/DEB-RPSRCDVY.jpg,2,DEB,2678,3,1,3,1.0194303,0.7955768,1.0,0.6865838,3.1694005
/content/Dataset/MUS/MUS-RCYIWIST.jpg,5,MUS,2679,5,0,7,0.95977104,0.7857843,1.0,0.69079417,2.8674738
/content/Dataset/NORM/NORM-MFRIHPFD.jpg,6,NORM,2680,6,0,4,0.99864626,0.8053862,0.9213556,0.6833449,3.1454823
/content/Dataset/STR/STR-NIDPQMSC.jpg,7,STR,2681,7,0,5,0.7081887,0.8923765,1.0,0.41568935,1.9693223
/content/Dataset/STR/STR-NDAHMAHK.jpg,7,STR,2682,5,1,5,0.93018556,0.7969194,1.0,0.6500295,2.7812681
/content/Dataset/ADI/ADI-DEYHMTPI.jpg,0,ADI,2683,0,0,4,1.0869237,0.82612467,1.0,0.7222201,3.269615
/content/Dataset/BACK/BACK-FEILWVVR.jpg,1,BACK,2684,1,0,3,1.0662007,0.8099265,1.0,0.7043107,3.3025038
/content/Dataset/STR/STR-NQVVVTNN.jpg,7,STR,2685,7,0,5,0.9200666,0.76508266,1.0,0.65860355,2.844809
/content/Dataset/LYM/LYM-PGFVCMEC.jpg,3,LYM,2686,4,1,4,1.0539417,0.8154012,0.98269546,0.7109613,3.2088172
/content/Dataset/BACK/BACK-KFNRKFKW.jpg,1,BACK,2687,1,0,3,1.0659941,0.80951166,1.0,0.7043928,3.303264
/content/Dataset/MUC/MUC-NLSFMRHQ.jpg,4,MUC,2688,4,0,3,1.017141,0.79288065,1.0,0.67875665,3.1981091
/content/Dataset/MUS/MUS-PEAAYTIG.jpg,5,MUS,2689,7,1,7,0.9643365,0.792512,1.0,0.69126654,2.859498
/content/Dataset/ADI/ADI-DIWQYRWE.jpg,0,ADI,2690,3,1,3,1.1022131,0.8210109,1.0,0.7221402,3.3864977
/content/Dataset/MUC/MUC-NVPWAELM.jpg,4,MUC,2691,4,0,7,0.99176544,0.7941849,0.99670964,0.67954826,3.0467994
/content/Dataset/DEB/DEB-RCDYHANL.jpg,2,DEB,2692,2,0,3,1.0182734,0.7927211,1.0,0.6873085,3.1751683
/content/Dataset/ADI/ADI-AWFCSFPK.jpg,0,ADI,2693,3,1,3,1.1031762,0.8230303,1.0,0.7217073,3.3824599
/content/Dataset/BACK/BACK-LYIQQPRK.jpg,1,BACK,2694,1,0,0,1.0748502,0.8098032,1.0,0.7041931,3.3548708
/content/Dataset/MUS/MUS-AGWHPEQD.jpg,5,MUS,2695,5,0,7,0.9595263,0.7866611,1.0,0.6899627,2.8646183
/content/Dataset/NORM/NORM-YLYYAYHM.jpg,6,NORM,2696,6,0,8,0.9779161,0.78701186,1.0,0.68314594,2.9865205
/content/Dataset/BACK/BACK-LTWTYHAM.jpg,1,BACK,2697,1,0,3,1.0663813,0.8103006,1.0,0.7042448,3.3017566
/content/Dataset/NORM/NORM-QDPKRHIP.jpg,6,NORM,2698,6,0,8,0.97329396,0.7784998,1.0,0.68387914,3.000087
/content/Dataset/BACK/BACK-PEAISVVK.jpg,1,BACK,2699,5,1,5,1.0776812,0.8397939,1.0,0.697237,3.2348557
/content/Dataset/MUC/MUC-ANLPLNRR.jpg,4,MUC,2700,4,0,3,1.0163828,0.79163647,1.0,0.678797,3.2001324
/content/Dataset/BACK/BACK-KVAQQQLN.jpg,1,BACK,2701,1,0,3,1.0663956,0.81029505,1.0,0.70425826,3.301822
/content/Dataset/ADI/ADI-CNCRMFED.jpg,0,ADI,2702,0,0,5,1.093505,0.83032846,0.9816164,0.72222584,3.3177521
/content/Dataset/MUS/MUS-RRFGSAVL.jpg,5,MUS,2703,5,0,7,0.9564765,0.7779094,1.0,0.692471,2.881284
/content/Dataset/TUM/TUM-YCGAFITT.jpg,8,TUM,2704,8,0,6,0.9830312,0.786103,1.0,0.6901062,2.9970293
/content/Dataset/LYM/LYM-KAFFMFMY.jpg,3,LYM,2705,3,0,2,1.0526063,0.83048,1.0,0.69971,3.1329064
/content/Dataset/NORM/NORM-QNVRIYWY.jpg,6,NORM,2706,6,0,8,0.8157825,0.89204526,1.0,0.49053496,2.2905402
/content/Dataset/MUS/MUS-CETTVRYS.jpg,5,MUS,2707,5,0,7,0.9588507,0.7825119,1.0,0.6919508,2.874207
/content/Dataset/MUS/MUS-RFIYYCVL.jpg,5,MUS,2708,5,0,7,0.9538426,0.775483,1.0,0.6912694,2.8820136
/content/Dataset/LYM/LYM-SGRSDCHW.jpg,3,LYM,2709,4,1,4,1.053664,0.8147538,0.98317546,0.7109791,3.2097409
/content/Dataset/ADI/ADI-HYSFTRAR.jpg,0,ADI,2710,3,1,3,1.1024927,0.8213995,1.0,0.7221368,3.3859723
/content/Dataset/DEB/DEB-WLGSTPRF.jpg,2,DEB,2711,2,0,3,1.0173316,0.79137254,1.0,0.68722683,3.1770873
/content/Dataset/LYM/LYM-STMEELIR.jpg,3,LYM,2712,4,1,4,1.0557002,0.8151028,0.9888325,0.71105677,3.2093241
/content/Dataset/DEB/DEB-YSKWRADC.jpg,2,DEB,2713,3,1,3,1.0199728,0.7958664,1.0,0.6869394,3.1697865
/content/Dataset/DEB/DEB-RIKCCSKC.jpg,2,DEB,2714,2,0,3,0.9530948,0.87137914,1.0,0.5858289,2.7823577
/content/Dataset/NORM/NORM-YHMCIWHM.jpg,6,NORM,2715,4,1,4,1.0076563,0.8091646,0.9425718,0.6834627,3.140806
/content/Dataset/MUC/MUC-SFQMDQNM.jpg,4,MUC,2716,4,0,7,0.996996,0.8053411,1.0,0.6768939,3.0244067
/content/Dataset/NORM/NORM-SHFRSRVF.jpg,6,NORM,2717,6,0,8,0.97325057,0.77806056,1.0,0.6841202,3.0012364
/content/Dataset/TUM/TUM-SFRGHNEY.jpg,8,TUM,2718,8,0,6,0.9850766,0.7886169,1.0,0.69065404,2.994324
/content/Dataset/DEB/DEB-PYSTIECI.jpg,2,DEB,2719,3,1,3,1.0193795,0.79416144,1.0,0.6874767,3.173425
/content/Dataset/DEB/DEB-YSHICPRC.jpg,2,DEB,2720,3,1,3,1.0204176,0.7964696,1.0,0.68698883,3.1690273
/content/Dataset/MUC/MUC-YQHIYTFQ.jpg,4,MUC,2721,0,1,0,1.0323058,0.8010813,1.0,0.6779696,3.2468443
/content/Dataset/NORM/NORM-VQIQLFFA.jpg,6,NORM,2722,4,1,4,1.0200858,0.8117468,0.9807181,0.6828546,3.1354866
/content/Dataset/DEB/DEB-WFKQNEPS.jpg,2,DEB,2723,2,0,3,1.0190624,0.79380715,1.0,0.6873796,3.1737869
/content/Dataset/STR/STR-NSEERPLI.jpg,7,STR,2724,5,1,5,0.9300661,0.78385246,1.0,0.65767586,2.816132
/content/Dataset/ADI/ADI-ESHWTMMI.jpg,0,ADI,2725,5,1,5,1.1042211,0.84605116,1.0,0.7168313,3.2813094
/content/Dataset/MUC/MUC-VYNKEVKK.jpg,4,MUC,2726,4,0,3,1.0173482,0.7928042,1.0,0.6790073,3.1988463
/content/Dataset/MUC/MUC-VQKPRCHQ.jpg,4,MUC,2727,5,1,5,1.0222758,0.8498423,1.0,0.64211005,3.0677474
/content/Dataset/NORM/NORM-ACKRQEVR.jpg,6,NORM,2728,6,0,8,0.9762333,0.78314227,1.0,0.68391585,2.9935896
/content/Dataset/ADI/ADI-IGSSFNAK.jpg,0,ADI,2729,0,0,1,1.0967729,0.81848085,1.0,0.7210689,3.3727102
/content/Dataset/LYM/LYM-PRVYVLIK.jpg,3,LYM,2730,3,0,2,1.0494534,0.8088428,1.0,0.71048284,3.1889577
/content/Dataset/STR/STR-NMHLCRLD.jpg,7,STR,2731,7,0,5,0.9227255,0.7715757,1.0,0.6573351,2.833225
/content/Dataset/MUS/MUS-QYTHRDFI.jpg,5,MUS,2732,5,0,7,0.9526153,0.77629185,1.0,0.689416,2.8771732
/content/Dataset/DEB/DEB-SAAWQIND.jpg,2,DEB,2733,2,0,3,1.0153965,0.79136866,1.0,0.685296,3.1725793
/content/Dataset/MUC/MUC-QLITYEYY.jpg,4,MUC,2734,4,0,6,1.0118437,0.8006599,0.99016094,0.6779306,3.1461625
/content/Dataset/MUC/MUC-SKEVFGQH.jpg,4,MUC,2735,4,0,6,1.0113624,0.8023586,0.98173624,0.6788787,3.1458156
/content/Dataset/NORM/NORM-NQPQKTVY.jpg,6,NORM,2736,4,1,4,1.0052367,0.8068447,0.9391838,0.683648,3.144109
/content/Dataset/NORM/NORM-VVCNWEQF.jpg,6,NORM,2737,6,0,4,0.73798275,0.8997393,1.0,0.3983652,2.130884
/content/Dataset/STR/STR-PVPLWPRT.jpg,7,STR,2738,7,0,5,0.9221771,0.76733387,1.0,0.6593363,2.843784
/content/Dataset/MUC/MUC-TIAMYVWQ.jpg,4,MUC,2739,4,0,3,1.0173913,0.7919735,1.0,0.6795863,3.2014718
/content/Dataset/NORM/NORM-AMMHNARA.jpg,6,NORM,2740,6,0,4,1.0008864,0.80547243,0.93153375,0.6824922,3.1432729
/content/Dataset/MUC/MUC-VDRMDMRM.jpg,4,MUC,2741,4,0,6,1.0175729,0.80406475,1.0,0.67855996,3.1424906
/content/Dataset/MUS/MUS-NTLSFHVF.jpg,5,MUS,2742,7,1,7,0.96761805,0.80810314,1.0,0.68493974,2.825318
/content/Dataset/NORM/NORM-SRPEVCCS.jpg,6,NORM,2743,6,0,8,0.97239774,0.7769762,1.0,0.68395686,3.002327
/content/Dataset/ADI/ADI-IIANVMRS.jpg,0,ADI,2744,0,0,5,1.1003588,0.83157456,1.0,0.7224198,3.3163981
/content/Dataset/ADI/ADI-FHLMIKNI.jpg,0,ADI,2745,0,0,5,1.100041,0.83148956,1.0,0.7221839,3.3158996
/content/Dataset/DEB/DEB-TWAMYMEP.jpg,2,DEB,2746,2,0,3,1.0185301,0.79325676,1.0,0.6872249,3.1741304
/content/Dataset/NORM/NORM-PKVMMFEM.jpg,6,NORM,2747,6,0,8,0.97464705,0.7799959,1.0,0.6843137,2.9989023
/content/Dataset/STR/STR-WMQGPMIW.jpg,7,STR,2748,7,0,5,0.91835433,0.7614113,1.0,0.658992,2.8512957
/content/Dataset/TUM/TUM-WTWPSNGG.jpg,8,TUM,2749,8,0,6,0.9851741,0.7905518,1.0,0.6894655,2.9892356
/content/Dataset/BACK/BACK-ISLDTDLN.jpg,1,BACK,2750,0,1,0,1.0790629,0.8201308,1.0,0.7014292,3.332803
/content/Dataset/STR/STR-NLSADHNC.jpg,7,STR,2751,7,0,5,0.9260741,0.78069574,1.0,0.65542555,2.8155522
/content/Dataset/BACK/BACK-NFQDVLCQ.jpg,1,BACK,2752,0,1,0,1.0753026,0.81091046,1.0,0.7039046,3.3524501
/content/Dataset/LYM/LYM-PCQYWQTH.jpg,3,LYM,2753,3,0,4,1.0522417,0.8141928,0.97982067,0.7109702,3.2104998
/content/Dataset/ADI/ADI-HNKRKLDP.jpg,0,ADI,2754,0,0,4,1.0841072,0.8221806,0.99853635,0.7225849,3.2759645
/content/Dataset/ADI/ADI-EMKFDFSG.jpg,0,ADI,2755,0,0,4,1.0830498,0.82239985,0.9963447,0.72208166,3.2744684
/content/Dataset/STR/STR-YCGYCWHT.jpg,7,STR,2756,5,1,5,0.9284458,0.78021014,1.0,0.65810466,2.8225977
/content/Dataset/MUC/MUC-SEPIQYVE.jpg,4,MUC,2757,0,1,0,1.0279728,0.79603183,0.99306613,0.6790554,3.2570398
/content/Dataset/ADI/ADI-ILNHAHGI.jpg,0,ADI,2758,3,1,3,1.102765,0.8219193,1.0,0.7220602,3.3849444
/content/Dataset/LYM/LYM-TESDLMKG.jpg,3,LYM,2759,3,0,2,1.0485289,0.8078574,1.0,0.7102231,3.1897602
/content/Dataset/BACK/BACK-METYHPEN.jpg,1,BACK,2760,1,0,3,1.065863,0.80932754,1.0,0.7043958,3.303492
/content/Dataset/BACK/BACK-NTLSNPQD.jpg,1,BACK,2761,1,0,3,1.0665232,0.8110687,1.0,0.7038591,3.2997987
/content/Dataset/BACK/BACK-AIAKYKTW.jpg,1,BACK,2762,1,0,0,1.0686389,0.8520583,1.0,0.67263305,3.2091732
/content/Dataset/MUS/MUS-RFYPPVDI.jpg,5,MUS,2763,7,1,7,0.96720827,0.8080499,1.0,0.684561,2.8245382
/content/Dataset/STR/STR-RQINQVQY.jpg,7,STR,2764,7,0,5,0.92718637,0.77576053,1.0,0.65960205,2.831555
/content/Dataset/BACK/BACK-KWHGFYEK.jpg,1,BACK,2765,1,0,0,1.0748146,0.80996406,1.0,0.7040762,3.3541973
/content/Dataset/NORM/NORM-QKAEQMSF.jpg,6,NORM,2766,6,0,8,0.97411495,0.7801969,1.0,0.6836017,2.99722
/content/Dataset/DEB/DEB-REMVPCCK.jpg,2,DEB,2767,2,0,3,1.0174509,0.7930626,1.0,0.6862203,3.172388
/content/Dataset/MUC/MUC-EFKNEPDR.jpg,4,MUC,2768,4,0,7,0.9927987,0.79497194,1.0,0.6791319,3.0446403
/content/Dataset/ADI/ADI-CMMGYAPL.jpg,0,ADI,2769,3,1,3,1.1024259,0.82143176,1.0,0.72207576,3.3856285
/content/Dataset/TUM/TUM-SFGHENQS.jpg,8,TUM,2770,6,1,6,0.9860958,0.7910095,1.0,0.69009435,2.9900959
/content/Dataset/BACK/BACK-AEIFDIAR.jpg,1,BACK,2771,0,1,0,1.0800962,0.8296528,1.0,0.6963277,3.3058734
/content/Dataset/NORM/NORM-LGPGKHVN.jpg,6,NORM,2772,6,0,8,0.9740172,0.8380083,1.0,0.6498685,2.8343887
/content/Dataset/STR/STR-YYDSRDKV.jpg,7,STR,2773,7,0,5,0.9247181,0.77130145,1.0,0.65961957,2.838526
/content/Dataset/LYM/LYM-TEHGSYGA.jpg,3,LYM,2774,3,0,2,1.048244,0.8064157,1.0,0.7108954,3.1933603
/content/Dataset/NORM/NORM-MPHHPSIN.jpg,6,NORM,2775,6,0,4,0.99767745,0.8065599,0.91362774,0.6838684,3.145363
/content/Dataset/TUM/TUM-RPLGGRYE.jpg,8,TUM,2776,6,1,6,0.98737526,0.7921132,1.0,0.6907098,2.9898283
/content/Dataset/LYM/LYM-AGRYSCEP.jpg,3,LYM,2777,3,0,8,0.33476076,0.853822,1.0,0.08046268,1.005639
/content/Dataset/LYM/LYM-RTNDEWFF.jpg,3,LYM,2778,4,1,4,1.0542315,0.8148809,0.9846166,0.7110283,3.2096083
/content/Dataset/DEB/DEB-WGAFDGNY.jpg,2,DEB,2779,2,0,3,1.0182581,0.79258263,1.0,0.6873794,3.175562
/content/Dataset/LYM/LYM-SDAPEQKK.jpg,3,LYM,2780,4,1,4,1.0585476,0.8150123,1.0,0.71054804,3.2082543
/content/Dataset/DEB/DEB-TSKMWCNM.jpg,2,DEB,2781,3,1,3,1.0198207,0.79443896,1.0,0.68773806,3.1736143
/content/Dataset/NORM/NORM-QTYYTFMI.jpg,6,NORM,2782,6,0,8,0.97215617,0.77676356,1.0,0.683847,3.0023735
/content/Dataset/DEB/DEB-TVPDGYCQ.jpg,2,DEB,2783,2,0,3,1.0184951,0.7927846,1.0,0.6874595,3.1755974
/content/Dataset/LYM/LYM-DKSAVHGK.jpg,3,LYM,2784,3,0,4,1.0518678,0.8151206,0.9764775,0.71098477,3.2092874
/content/Dataset/ADI/ADI-HWPDTDRF.jpg,0,ADI,2785,0,0,4,1.0850052,0.82355094,1.0,0.7220837,3.272931
/content/Dataset/NORM/NORM-AQMIWHLH.jpg,6,NORM,2786,6,0,8,0.9744352,0.77964544,1.0,0.6843261,2.9994023
/content/Dataset/MUC/MUC-WAAHRNCM.jpg,4,MUC,2787,4,0,7,0.32866248,0.7519752,1.0,0.06049575,1.1414366
/content/Dataset/ADI/ADI-EYMHTVGI.jpg,0,ADI,2788,0,0,4,1.0835229,0.8230596,0.9963445,0.7220964,3.27358
/content/Dataset/MUC/MUC-QSVRHRFR.jpg,4,MUC,2789,2,1,2,1.0584917,0.8293014,1.0,0.6715214,3.2735686
/content/Dataset/DEB/DEB-QILWRDLQ.jpg,2,DEB,2790,2,0,3,1.0180637,0.7916361,1.0,0.68779135,3.1779857
/content/Dataset/TUM/TUM-YGGPHDQA.jpg,8,TUM,2791,8,0,6,0.98551506,0.78878725,1.0,0.69095016,2.9949775
/content/Dataset/ADI/ADI-GMMCDTSE.jpg,0,ADI,2792,0,0,4,1.0852414,0.82392126,1.0,0.7220736,3.2723327
/content/Dataset/TUM/TUM-YWVASKHF.jpg,8,TUM,2793,6,1,6,0.98616076,0.7906275,1.0,0.6904598,2.9911432
/content/Dataset/MUC/MUC-RAKIAMVN.jpg,4,MUC,2794,4,0,7,0.99253726,0.7945361,1.0,0.67911816,3.0453825
/content/Dataset/MUC/MUC-YMLSRIAD.jpg,4,MUC,2795,4,0,6,1.0087422,0.8002663,0.9757623,0.67941993,3.1499763
/content/Dataset/LYM/LYM-VGIHSVGM.jpg,3,LYM,2796,6,1,6,1.0842959,0.83384776,1.0,0.7048088,3.2764523
/content/Dataset/NORM/NORM-TTFVMVKP.jpg,6,NORM,2797,4,1,4,1.0081301,0.80761784,0.94666535,0.68379396,3.1433697
/content/Dataset/DEB/DEB-RFKLWCKR.jpg,2,DEB,2798,3,1,3,1.0194919,0.7951169,1.0,0.686956,3.1708734
/content/Dataset/LYM/LYM-QWMEVPCY.jpg,3,LYM,2799,3,0,4,1.0522697,0.81491375,0.97838646,0.71094406,3.2094646
/content/Dataset/MUC/MUC-WFMECKQM.jpg,4,MUC,2800,4,0,7,0.33538768,0.8253365,1.0,0.09051921,1.029562
/content/Dataset/LYM/LYM-TRAEDIHT.jpg,3,LYM,2801,3,0,2,1.0502833,0.81089544,1.0,0.70991725,3.1849148
/content/Dataset/NORM/NORM-PEPVEKMS.jpg,6,NORM,2802,6,0,4,0.99905324,0.8069779,0.9170917,0.6839357,3.1449122
/content/Dataset/LYM/LYM-PQPAMCYL.jpg,3,LYM,2803,8,1,8,1.0900885,0.85563976,1.0,0.68751806,3.2580245
/content/Dataset/MUC/MUC-QCSCIWMA.jpg,4,MUC,2804,4,0,6,1.0166308,0.8025382,1.0,0.6785831,3.1448646
/content/Dataset/DEB/DEB-TENWCLWV.jpg,2,DEB,2805,2,0,3,1.0170325,0.791592,1.0,0.6868482,3.1755068
/content/Dataset/LYM/LYM-IWVGAQIR.jpg,3,LYM,2806,4,1,4,1.0585794,0.8150412,0.99963385,0.71069354,3.208412
/content/Dataset/DEB/DEB-PDWNINMC.jpg,2,DEB,2807,3,1,3,1.0198599,0.79576945,1.0,0.6868716,3.1698778
/content/Dataset/LYM/LYM-QFCEWHLV.jpg,3,LYM,2808,3,0,2,1.0471268,0.80514956,1.0,0.7106569,3.1944697
/content/Dataset/ADI/ADI-HFIEDHIP.jpg,0,ADI,2809,3,1,3,1.1023693,0.8213825,1.0,0.72204703,3.38568
/content/Dataset/ADI/ADI-AQFESSRA.jpg,0,ADI,2810,0,0,2,1.0913061,0.82130486,1.0,0.7221448,3.321159
/content/Dataset/TUM/TUM-VYDDSIPS.jpg,8,TUM,2811,6,1,6,0.9863412,0.7906549,1.0,0.6906009,2.9915576
/content/Dataset/MUC/MUC-WIEPNKAI.jpg,4,MUC,2812,4,0,7,0.992122,0.7953701,1.0,0.6782368,3.0418093
/content/Dataset/NORM/NORM-YLCKTGAN.jpg,6,NORM,2813,4,1,4,1.0075079,0.80823255,0.94285953,0.683895,3.1428103
/content/Dataset/LYM/LYM-TLDDWEII.jpg,3,LYM,2814,3,0,2,1.04737,0.804819,1.0,0.7111041,3.1960416
/content/Dataset/DEB/DEB-SEGVMNQK.jpg,2,DEB,2815,2,0,3,1.0170155,0.79183817,1.0,0.68659806,3.1749861
/content/Dataset/BACK/BACK-NWAIADAL.jpg,1,BACK,2816,1,0,3,1.0669408,0.8105649,1.0,0.70460564,3.3022697
/content/Dataset/TUM/TUM-WWIEATPW.jpg,8,TUM,2817,8,0,6,0.9840801,0.7866168,1.0,0.6909223,2.9977205
/content/Dataset/STR/STR-VKSVHVAW.jpg,7,STR,2818,8,1,8,0.954243,0.8592584,1.0,0.58010733,2.8588116
/content/Dataset/MUC/MUC-VSRINYQM.jpg,4,MUC,2819,6,1,6,1.01899,0.8091479,1.0,0.6768416,3.1304908
/content/Dataset/ADI/ADI-HIVRAVVS.jpg,0,ADI,2820,0,0,4,1.0835874,0.8234221,0.99610126,0.7219737,3.27288
/content/Dataset/MUC/MUC-SQFSKFTH.jpg,4,MUC,2821,6,1,6,1.0187832,0.8259877,1.0,0.66642094,3.0806184
/content/Dataset/TUM/TUM-QGWPSLLK.jpg,8,TUM,2822,8,0,6,0.98488814,0.7881204,1.0,0.6907917,2.995264
/content/Dataset/MUC/MUC-VPWPWHHP.jpg,4,MUC,2823,4,0,6,1.0102907,0.80113995,0.98017955,0.67906994,3.1479692
/content/Dataset/STR/STR-QMECLSLN.jpg,7,STR,2824,7,0,5,0.4025141,0.8673134,1.0,0.16698155,1.1513032
/content/Dataset/ADI/ADI-ELMEKCET.jpg,0,ADI,2825,0,0,5,1.0901077,0.8296999,0.97350204,0.7218649,3.3176377
/content/Dataset/MUC/MUC-PSCTIEMW.jpg,4,MUC,2826,4,0,3,1.0169806,0.79150224,1.0,0.67945766,3.2020252
/content/Dataset/MUS/MUS-VGDPKKSY.jpg,5,MUS,2827,5,0,7,0.96007293,0.7918782,1.0,0.6872169,2.851846
/content/Dataset/ADI/ADI-EEWIASVN.jpg,0,ADI,2828,0,0,3,1.1018912,0.82059973,1.0,0.72211117,3.3870225
/content/Dataset/LYM/LYM-ADETEHME.jpg,3,LYM,2829,3,0,2,1.0527796,0.8180493,1.0,0.7077127,3.1695757
/content/Dataset/BACK/BACK-AECAYWLQ.jpg,1,BACK,2830,0,1,0,1.0790783,0.8209317,1.0,0.70092237,3.3303776
/content/Dataset/DEB/DEB-SLTMCLYI.jpg,2,DEB,2831,8,1,8,1.043165,0.8184038,0.97516704,0.68486583,3.2371678
/content/Dataset/MUC/MUC-VPRMQKVC.jpg,4,MUC,2832,4,0,7,0.9929146,0.79533994,1.0,0.6789884,3.0439408
/content/Dataset/MUS/MUS-VKACAGPV.jpg,5,MUS,2833,5,0,7,0.9576267,0.78031856,1.0,0.6920902,2.8773985
/content/Dataset/ADI/ADI-HFPLHGVM.jpg,0,ADI,2834,3,1,3,1.1021929,0.820967,1.0,0.7221739,3.3864985
/content/Dataset/NORM/NORM-LTADSSIF.jpg,6,NORM,2835,6,0,8,0.9728852,0.77742505,1.0,0.6841683,3.0021682
/content/Dataset/DEB/DEB-VYWDIRGP.jpg,2,DEB,2836,3,1,3,1.0194665,0.7940594,1.0,0.68763787,3.1739044
/content/Dataset/DEB/DEB-NYQQPHIE.jpg,2,DEB,2837,7,1,7,1.020754,0.8108251,1.0,0.6821582,3.1135418
/content/Dataset/MUC/MUC-ARYWMMND.jpg,4,MUC,2838,4,0,6,1.0134372,0.8017515,0.9911284,0.67857414,3.145811
/content/Dataset/LYM/LYM-VKIECRVQ.jpg,3,LYM,2839,3,0,2,1.0482489,0.80643475,1.0,0.7108706,3.1933749
/content/Dataset/MUC/MUC-RHALFEQC.jpg,4,MUC,2840,4,0,7,0.9930313,0.7966214,1.0,0.6783667,3.0402892
/content/Dataset/STR/STR-RATDPPIA.jpg,7,STR,2841,7,0,5,0.92230815,0.7662138,1.0,0.6602337,2.8469937
/content/Dataset/MUC/MUC-KFYETVSM.jpg,4,MUC,2842,4,0,6,1.0175656,0.8037874,1.0,0.67874354,3.143241
/content/Dataset/ADI/ADI-FSHFQNAA.jpg,0,ADI,2843,0,0,5,1.1008368,0.83263195,1.0,0.7221866,3.314268
/content/Dataset/TUM/TUM-VLTEFKPE.jpg,8,TUM,2844,6,1,6,0.9922037,0.80619574,1.0,0.6867099,2.96136
/content/Dataset/MUS/MUS-AKDYMMHF.jpg,5,MUS,2845,5,0,7,0.9605485,0.7849426,1.0,0.6921377,2.8714943
/content/Dataset/BACK/BACK-LTNWMESM.jpg,1,BACK,2846,2,1,2,1.0811119,0.8312096,1.0,0.69807875,3.2969027
/content/Dataset/MUS/MUS-PDMEHWLN.jpg,5,MUS,2847,0,1,0,1.0389403,0.8155087,0.92640245,0.68784785,3.3057752
/content/Dataset/NORM/NORM-YAQGFALE.jpg,6,NORM,2848,4,1,4,1.0131712,0.8064766,0.9705356,0.68252957,3.1415412
/content/Dataset/LYM/LYM-TTPCCRHN.jpg,3,LYM,2849,5,1,5,1.0628494,0.8440565,1.0,0.6848838,3.1733968
/content/Dataset/MUS/MUS-NMKPAALT.jpg,5,MUS,2850,4,1,4,1.0455233,0.8458238,1.0,0.6646339,3.1387935
/content/Dataset/MUC/MUC-YHHWNTRV.jpg,4,MUC,2851,4,0,6,1.0171221,0.8031597,1.0,0.6786848,3.1441317
/content/Dataset/STR/STR-WNNQSCKA.jpg,7,STR,2852,7,0,5,0.92475253,0.7749137,1.0,0.6574115,2.828757
/content/Dataset/MUS/MUS-NNRSNERL.jpg,5,MUS,2853,5,0,7,0.95999694,0.7849724,1.0,0.69155073,2.870163
/content/Dataset/NORM/NORM-WFIQYYWF.jpg,6,NORM,2854,6,0,8,0.9746249,0.7797209,1.0,0.68447804,2.9996054
/content/Dataset/DEB/DEB-SDVKLRAW.jpg,2,DEB,2855,2,0,7,1.0170656,0.8445579,1.0,0.6592502,3.0056908
/content/Dataset/ADI/ADI-GFNGHIAQ.jpg,0,ADI,2856,0,0,5,1.1003554,0.8321301,1.0,0.7220746,3.3146336
/content/Dataset/MUC/MUC-SPWAKCNL.jpg,4,MUC,2857,4,0,7,0.99338424,0.79642606,1.0,0.6788155,3.0417612
/content/Dataset/NORM/NORM-SHWQPCER.jpg,6,NORM,2858,4,1,4,1.0164337,0.80736333,0.9779089,0.6829858,3.1414728
/content/Dataset/ADI/ADI-FWCQWCTW.jpg,0,ADI,2859,0,0,4,1.084995,0.82310206,1.0,0.72237074,3.2742476
/content/Dataset/MUC/MUC-PHCKKMST.jpg,4,MUC,2860,4,0,3,1.0172873,0.7920068,1.0,0.6794358,3.201217
/content/Dataset/MUC/MUC-VSIIVKKP.jpg,4,MUC,2861,4,0,3,1.0175142,0.7923397,1.0,0.6794649,3.200674
/content/Dataset/NORM/NORM-YIWDQCMK.jpg,6,NORM,2862,4,1,4,1.016126,0.80876195,0.9717211,0.6835774,3.141072
/content/Dataset/TUM/TUM-QQKWLIRL.jpg,8,TUM,2863,8,0,6,0.98399436,0.7866576,1.0,0.6907462,2.9976132
/content/Dataset/TUM/TUM-TEWMWHIC.jpg,8,TUM,2864,8,0,6,0.98311985,0.78599226,1.0,0.69038224,2.9971716
/content/Dataset/NORM/NORM-STQEQAEH.jpg,6,NORM,2865,6,0,4,1.0007907,0.80757236,0.9217494,0.6838874,3.143961
/content/Dataset/NORM/NORM-RYSPHRCQ.jpg,6,NORM,2866,6,0,8,0.9760031,0.7826824,1.0,0.68393874,2.9944885
/content/Dataset/LYM/LYM-TFFQGFED.jpg,3,LYM,2867,3,0,2,1.0477016,0.8059295,1.0,0.7107176,3.1934383
/content/Dataset/NORM/NORM-NVAEMQRQ.jpg,6,NORM,2868,4,1,4,1.0044045,0.80638295,0.9368936,0.6838252,3.1450584
/content/Dataset/DEB/DEB-PYWKKKDN.jpg,2,DEB,2869,2,0,3,1.019151,0.7942521,1.0,0.6871887,3.1726267
/content/Dataset/DEB/DEB-SRQVIENT.jpg,2,DEB,2870,2,0,3,1.0183905,0.7946133,1.0,0.6861713,3.1698647
/content/Dataset/BACK/BACK-LHYCPWMS.jpg,1,BACK,2871,1,0,8,1.0660199,0.81735635,1.0,0.70338714,3.2644596
/content/Dataset/MUC/MUC-ATSIDPET.jpg,4,MUC,2872,4,0,3,1.0175449,0.79242396,1.0,0.6794378,3.200501
/content/Dataset/LYM/LYM-PWNVSFML.jpg,3,LYM,2873,3,0,4,1.0506771,0.8145536,0.9736208,0.7110744,3.2101815
/content/Dataset/NORM/NORM-MHQHQPWG.jpg,6,NORM,2874,6,0,4,1.0020615,0.8074204,0.926657,0.6838117,3.1438658
/content/Dataset/BACK/BACK-KLVSNESF.jpg,1,BACK,2875,1,0,2,1.069181,0.8228537,0.9642768,0.7025796,3.3208787
/content/Dataset/DEB/DEB-ADNYYWQP.jpg,2,DEB,2876,2,0,3,1.0176907,0.791593,1.0,0.68746024,3.1771984
/content/Dataset/STR/STR-TLAMASDW.jpg,7,STR,2877,7,0,5,0.9202887,0.76401633,1.0,0.6594273,2.8485196
/content/Dataset/DEB/DEB-VGNMTVCI.jpg,2,DEB,2878,3,1,3,1.020348,0.79774344,1.0,0.6861021,3.1650467
/content/Dataset/ADI/ADI-CTDGQAKC.jpg,0,ADI,2879,0,0,5,1.1004736,0.8321334,1.0,0.7221604,3.3149796
/content/Dataset/LYM/LYM-RHSKYNRT.jpg,3,LYM,2880,3,0,2,1.0480195,0.8061594,1.0,0.71083504,3.193638
/content/Dataset/ADI/ADI-EGWPYGKI.jpg,0,ADI,2881,3,1,3,1.1021613,0.82098866,1.0,0.7221106,3.3864286
/content/Dataset/BACK/BACK-MFSMRHDC.jpg,1,BACK,2882,6,1,6,1.0763808,0.8383376,1.0,0.69001037,3.261289
/content/Dataset/TUM/TUM-WESFKHSV.jpg,8,TUM,2883,8,0,6,0.9856286,0.7887276,1.0,0.6911251,2.9953363
/content/Dataset/DEB/DEB-WDIAYVPD.jpg,2,DEB,2884,8,1,8,1.05037,0.82909405,1.0,0.6779123,3.2041454
/content/Dataset/MUS/MUS-SIAYCSGS.jpg,5,MUS,2885,5,0,0,0.45644784,0.90125495,1.0,0.16835457,1.3252923
/content/Dataset/ADI/ADI-FFLIIIVV.jpg,0,ADI,2886,0,0,4,1.0845532,0.82280993,1.0,0.7221544,3.2740674
/content/Dataset/BACK/BACK-KDMCFFTL.jpg,1,BACK,2887,0,1,0,1.0754082,0.81056905,1.0,0.7042312,3.3537624
/content/Dataset/TUM/TUM-RLRLNTGE.jpg,8,TUM,2888,6,1,6,0.98832405,0.7944913,1.0,0.6901535,2.985298
/content/Dataset/TUM/TUM-RCMSHEWA.jpg,8,TUM,2889,8,0,6,0.98208046,0.7857996,1.0,0.6894188,2.995425
/content/Dataset/LYM/LYM-PRKAMVYI.jpg,3,LYM,2890,3,0,2,1.048119,0.8058502,1.0,0.7111636,3.1946847
/content/Dataset/BACK/BACK-IYTWDDCF.jpg,1,BACK,2891,0,1,0,1.0751433,0.8108628,1.0,0.7037594,3.3523138
/content/Dataset/LYM/LYM-PCLICYKC.jpg,3,LYM,2892,3,0,2,1.0489917,0.80773336,1.0,0.71074784,3.1912198
/content/Dataset/LYM/LYM-AFSIMLMN.jpg,3,LYM,2893,3,0,2,1.04822,0.80646896,1.0,0.71083415,3.1931577
/content/Dataset/MUC/MUC-VTMQDALR.jpg,4,MUC,2894,4,0,7,0.9927042,0.7952509,1.0,0.6788442,3.0436745
/content/Dataset/ADI/ADI-EIKEVKMA.jpg,0,ADI,2895,0,0,4,1.0845418,0.82288134,1.0,0.7220908,3.2738476
/content/Dataset/TUM/TUM-VKSASHGE.jpg,8,TUM,2896,8,0,6,0.98509467,0.78804696,1.0,0.6910044,2.9960911
/content/Dataset/DEB/DEB-TLLMYWAC.jpg,2,DEB,2897,2,0,7,1.0094618,0.8515585,1.0,0.6487833,2.9665458
/content/Dataset/MUC/MUC-QVYKFFRD.jpg,4,MUC,2898,4,0,7,0.9924324,0.79443717,1.0,0.67906636,3.0454555
/content/Dataset/TUM/TUM-YCFPGSYM.jpg,8,TUM,2899,8,0,6,0.3321079,0.8361952,1.0,0.10173955,0.98837715
/content/Dataset/ADI/ADI-ICHMRNNR.jpg,0,ADI,2900,0,0,4,1.0853422,0.8239844,1.0,0.72211987,3.2724037
/content/Dataset/MUS/MUS-PPRQSGKN.jpg,5,MUS,2901,5,0,4,0.94940746,0.8811541,1.0,0.563182,2.7946002
/content/Dataset/MUS/MUS-CLWMNIML.jpg,5,MUS,2902,5,0,7,0.9583132,0.7818128,1.0,0.6918671,2.8748128
/content/Dataset/ADI/ADI-HYDHATEA.jpg,0,ADI,2903,3,1,3,1.1022652,0.821167,1.0,0.72209436,3.3861
/content/Dataset/LYM/LYM-NYKELWWE.jpg,3,LYM,2904,4,1,4,1.0544395,0.8147201,0.9867825,0.71069086,3.2090263
/content/Dataset/ADI/ADI-FVHSVNQV.jpg,0,ADI,2905,0,0,4,1.0826539,0.8225975,0.9944006,0.72214884,3.2743793
/content/Dataset/DEB/DEB-SNRLVFDS.jpg,2,DEB,2906,3,1,3,1.0204389,0.7965744,1.0,0.68696487,3.1686842
/content/Dataset/MUS/MUS-PSCTNPKT.jpg,5,MUS,2907,7,1,7,0.9626099,0.79047537,1.0,0.690725,2.8612642
/content/Dataset/NORM/NORM-AEANPTAS.jpg,6,NORM,2908,4,1,4,1.0050772,0.8083958,0.9336399,0.6840866,3.1432016
/content/Dataset/MUS/MUS-NYFWWCCV.jpg,5,MUS,2909,7,1,7,0.96270037,0.79505515,1.0,0.6879345,2.8491895
/content/Dataset/ADI/ADI-EITDGRWR.jpg,0,ADI,2910,3,1,3,1.1023428,0.8212612,1.0,0.72209173,3.3860373
/content/Dataset/STR/STR-YREGCERY.jpg,7,STR,2911,7,0,5,0.9236904,0.770985,1.0,0.65879744,2.8368225
/content/Dataset/NORM/NORM-MWEWRFVG.jpg,6,NORM,2912,4,1,4,1.0104457,0.80754066,0.9559555,0.68340427,3.142434
/content/Dataset/BACK/BACK-KPCNRWIV.jpg,1,BACK,2913,1,0,3,1.0655258,0.80993223,1.0,0.7036579,3.3009024
/content/Dataset/DEB/DEB-SGRCGETN.jpg,2,DEB,2914,2,0,3,1.0125887,0.79263425,1.0,0.6815505,3.1626532
/content/Dataset/LYM/LYM-VNGHQRKS.jpg,3,LYM,2915,3,0,2,1.0485977,0.8069174,1.0,0.7109056,3.1927073
/content/Dataset/MUC/MUC-YQFDYMCH.jpg,4,MUC,2916,0,1,0,1.0310534,0.79827785,1.0,0.6784996,3.2526522
/content/Dataset/MUC/MUC-QRDWQAIF.jpg,4,MUC,2917,5,1,5,1.0313578,0.83032835,1.0,0.6613337,3.1480498
/content/Dataset/NORM/NORM-STMPCFVW.jpg,6,NORM,2918,6,0,8,0.97463447,0.77991176,1.0,0.684361,2.9990947
/content/Dataset/NORM/NORM-WQCPVPKH.jpg,6,NORM,2919,6,0,8,0.9725415,0.7775217,1.0,0.6837299,3.0011697
/content/Dataset/STR/STR-YGHYATEP.jpg,7,STR,2920,7,0,5,0.27999163,0.79299414,1.0,0.060279444,0.86864585
/content/Dataset/MUC/MUC-WRHHLCKM.jpg,4,MUC,2921,4,0,7,0.99100345,0.7942135,0.99500763,0.6792364,3.046209
/content/Dataset/MUC/MUC-PNNKNMPR.jpg,4,MUC,2922,4,0,6,1.0107589,0.80067074,0.9830553,0.6789672,3.1485047
/content/Dataset/BACK/BACK-IVASSIAM.jpg,1,BACK,2923,1,0,0,1.0733745,0.8471761,1.0,0.6796302,3.2357767
/content/Dataset/STR/STR-PSDLTEEQ.jpg,7,STR,2924,7,0,5,0.92719054,0.77916276,1.0,0.6575281,2.8222692
/content/Dataset/ADI/ADI-CRARWWQI.jpg,0,ADI,2925,0,0,3,1.1002978,0.820316,0.99585825,0.72205114,3.387225
/content/Dataset/STR/STR-RMQHVWAQ.jpg,7,STR,2926,2,1,2,0.99580747,0.8052919,1.0,0.65424025,3.0952322
/content/Dataset/MUC/MUC-KLINLVLR.jpg,4,MUC,2927,4,0,7,0.99220663,0.7973012,1.0,0.67705977,3.0366068
/content/Dataset/NORM/NORM-MHMVGQCR.jpg,6,NORM,2928,6,0,8,0.97571856,0.78196657,1.0,0.6841396,2.995766
/content/Dataset/MUS/MUS-AFMIPWLW.jpg,5,MUS,2929,5,0,7,0.9575978,0.7803041,1.0,0.6920743,2.8773575
/content/Dataset/BACK/BACK-LWPKQHEM.jpg,1,BACK,2930,1,0,3,1.066542,0.81016135,1.0,0.7044978,3.3025348
/content/Dataset/MUC/MUC-HIYHMNEW.jpg,4,MUC,2931,4,0,3,1.016385,0.79098046,1.0,0.679193,3.2022398
/content/Dataset/DEB/DEB-NPMNWTLN.jpg,2,DEB,2932,2,0,4,0.9761767,0.88244534,1.0,0.57475626,2.8948565
/content/Dataset/MUS/MUS-SHFMMHPA.jpg,5,MUS,2933,7,1,7,0.96196884,0.7887556,1.0,0.69118786,2.8643532
/content/Dataset/ADI/ADI-EQVHMKYV.jpg,0,ADI,2934,0,0,5,1.0917516,0.8309009,0.9746911,0.7222534,3.3169956
/content/Dataset/DEB/DEB-PRAIETIP.jpg,2,DEB,2935,2,0,3,1.0182832,0.7923118,1.0,0.6875823,3.176428
/content/Dataset/NORM/NORM-WNSEDCSK.jpg,6,NORM,2936,4,1,4,1.0148904,0.8084422,0.96852356,0.6835043,3.1413703
/content/Dataset/NORM/NORM-RQHYLAEN.jpg,6,NORM,2937,6,0,4,0.99524754,0.8055609,0.9092886,0.68341786,3.1455534
/content/Dataset/BACK/BACK-LAIFFKEL.jpg,1,BACK,2938,0,1,0,1.0753328,0.8101431,1.0,0.70444214,3.3549051
/content/Dataset/MUS/MUS-PSKRTKAC.jpg,5,MUS,2939,7,1,7,0.9643845,0.7946401,1.0,0.6899521,2.8539734
/content/Dataset/DEB/DEB-YLRYGAPN.jpg,2,DEB,2940,7,1,7,1.0267074,0.81351805,1.0,0.6861928,3.1197698
/content/Dataset/DEB/DEB-WQLEYFTR.jpg,2,DEB,2941,2,0,3,1.0182478,0.79261786,1.0,0.68737763,3.1753216
/content/Dataset/TUM/TUM-SMMTWFKW.jpg,8,TUM,2942,8,0,6,0.9844064,0.787047,1.0,0.69096804,2.9972794
/content/Dataset/TUM/TUM-TNNGCIET.jpg,8,TUM,2943,6,1,6,0.9899089,0.79810786,1.0,0.6894307,2.9788516
/content/Dataset/MUS/MUS-RQFVKGNT.jpg,5,MUS,2944,5,0,7,0.9609923,0.7868536,1.0,0.69137436,2.8673356
/content/Dataset/NORM/NORM-LSWHDWCH.jpg,6,NORM,2945,6,0,8,0.9737209,0.7810866,1.0,0.68267876,2.9935951
/content/Dataset/ADI/ADI-DANDKKSN.jpg,0,ADI,2946,0,0,5,1.0906519,0.8303524,0.97255176,0.7222125,3.3176775
/content/Dataset/STR/STR-SSNHRGHW.jpg,7,STR,2947,5,1,5,0.93345624,0.79324067,1.0,0.65561837,2.7983785
/content/Dataset/TUM/TUM-TLLIDSHK.jpg,8,TUM,2948,8,0,6,0.9837371,0.7855733,1.0,0.6912226,2.9999707
/content/Dataset/ADI/ADI-GPSTLDQL.jpg,0,ADI,2949,5,1,5,1.1021088,0.83521026,1.0,0.7217144,3.309354
/content/Dataset/STR/STR-TPSTDFAI.jpg,7,STR,2950,7,0,5,0.92146695,0.76666653,1.0,0.6590205,2.8439217
/content/Dataset/DEB/DEB-PTSDMSEK.jpg,2,DEB,2951,2,0,3,1.0184375,0.79245204,1.0,0.6876411,3.1763797
/content/Dataset/ADI/ADI-ICKGAAAS.jpg,0,ADI,2952,0,0,5,1.0947473,0.8304169,0.9852177,0.7222771,3.3177068
/content/Dataset/NORM/NORM-NGGYPIFE.jpg,6,NORM,2953,6,0,4,0.99834853,0.80658746,0.9153022,0.6840443,3.1456037
/content/Dataset/MUC/MUC-YLKYMVSY.jpg,4,MUC,2954,3,1,3,1.0176449,0.7925799,1.0,0.6794271,3.2002976
/content/Dataset/MUC/MUC-TVHMMQEH.jpg,4,MUC,2955,0,1,0,1.0347393,0.8124378,1.0,0.67316574,3.217903
/content/Dataset/DEB/DEB-SNHTQVDT.jpg,2,DEB,2956,2,0,3,1.0171458,0.7911625,1.0,0.68718237,3.1772678
/content/Dataset/NORM/NORM-PEVWFQAN.jpg,6,NORM,2957,6,0,8,0.97288764,0.7776716,1.0,0.68399835,3.0015116
/content/Dataset/ADI/ADI-EERDPYAS.jpg,0,ADI,2958,0,0,2,1.0911403,0.8213718,1.0,0.7219541,3.3205314
/content/Dataset/DEB/DEB-YMDEVMCL.jpg,2,DEB,2959,2,0,3,1.0181481,0.79273677,1.0,0.68714935,3.1749144
/content/Dataset/LYM/LYM-PGLNFHWV.jpg,3,LYM,2960,3,0,2,1.0476104,0.80578816,1.0,0.7106731,3.1938179
/content/Dataset/STR/STR-YWNRHPCY.jpg,7,STR,2961,7,0,5,0.9018885,0.79671174,1.0,0.62076354,2.7177746
/content/Dataset/MUS/MUS-RCWMLADE.jpg,5,MUS,2962,5,0,7,0.9576344,0.7804226,1.0,0.6920141,2.8771863
/content/Dataset/TUM/TUM-QSMYWEKM.jpg,8,TUM,2963,8,0,6,0.51538694,0.89177704,1.0,0.24864799,1.455758
/content/Dataset/TUM/TUM-QVHPHHNW.jpg,8,TUM,2964,8,0,6,0.9847985,0.7873113,1.0,0.6911861,2.9974644
/content/Dataset/MUS/MUS-RIMMRHLH.jpg,5,MUS,2965,5,0,7,0.95441914,0.7757185,1.0,0.6916949,2.8827522
/content/Dataset/MUS/MUS-RNHAFNMA.jpg,5,MUS,2966,5,0,7,0.96037596,0.7855587,1.0,0.691573,2.869416
/content/Dataset/MUC/MUC-VWIETNLQ.jpg,4,MUC,2967,4,0,3,1.017068,0.79179496,1.0,0.6793511,3.2013562
/content/Dataset/NORM/NORM-WQHCSECE.jpg,6,NORM,2968,6,0,8,0.9720052,0.77617395,1.0,0.68408936,3.0036619
/content/Dataset/STR/STR-WAKLWRGW.jpg,7,STR,2969,7,0,2,0.2866955,0.80584395,1.0,0.041018065,0.90536547
/content/Dataset/DEB/DEB-WKEGHSSC.jpg,2,DEB,2970,2,0,3,1.0151526,0.7890409,1.0,0.6865853,3.178947
/content/Dataset/NORM/NORM-MDAFGVTQ.jpg,6,NORM,2971,6,0,8,0.9749547,0.7807524,1.0,0.68411833,2.997531
/content/Dataset/DEB/DEB-VLNPFMML.jpg,2,DEB,2972,2,0,3,1.0176741,0.7919353,1.0,0.6872143,3.176154
/content/Dataset/LYM/LYM-RMRGTLFN.jpg,3,LYM,2973,3,0,4,1.0531056,0.81493974,0.98053855,0.7111141,3.2097273
/content/Dataset/ADI/ADI-GFEWQQYI.jpg,0,ADI,2974,0,0,2,1.0915133,0.8215442,1.0,0.72218657,3.3208954
/content/Dataset/MUS/MUS-QCVLIVGE.jpg,5,MUS,2975,7,1,7,0.9626418,0.7924975,1.0,0.68943626,2.856044
/content/Dataset/STR/STR-VRYISTYN.jpg,7,STR,2976,5,1,5,0.92849404,0.7841834,1.0,0.655836,2.811653
/content/Dataset/DEB/DEB-YPHQFQHN.jpg,2,DEB,2977,2,0,3,1.0177481,0.79164344,1.0,0.6874756,3.1772122
/content/Dataset/MUS/MUS-AKLGDITM.jpg,5,MUS,2978,5,0,7,0.9589687,0.78164446,1.0,0.69265056,2.8767648
/content/Dataset/ADI/ADI-GGLVQTAL.jpg,0,ADI,2979,3,1,3,1.1024199,0.82137847,1.0,0.72208714,3.3858488
/content/Dataset/BACK/BACK-ILDRFQTH.jpg,1,BACK,2980,1,0,3,1.0657363,0.80940753,1.0,0.7042015,3.3030212
/content/Dataset/ADI/ADI-HQWNFRSS.jpg,0,ADI,2981,3,1,3,1.1021185,0.82084703,1.0,0.72217643,3.386725
/content/Dataset/ADI/ADI-FGLLKRQG.jpg,0,ADI,2982,0,0,4,1.0872058,0.8277622,1.0,0.72140145,3.265426
/content/Dataset/NORM/NORM-AMGMPPTC.jpg,6,NORM,2983,5,1,5,1.0547607,0.84652805,1.0,0.66255146,3.1949966
/content/Dataset/TUM/TUM-QQPWEYYH.jpg,8,TUM,2984,8,0,6,0.98527926,0.78811634,1.0,0.69115686,2.9962866
/content/Dataset/BACK/BACK-KWVRFADL.jpg,1,BACK,2985,5,1,5,1.0758684,0.8259078,1.0,0.70412296,3.272885
/content/Dataset/LYM/LYM-AHQMAEPC.jpg,3,LYM,2986,3,0,2,1.0474772,0.8051088,1.0,0.7110135,3.1954439
/content/Dataset/LYM/LYM-NMWCKPVM.jpg,3,LYM,2987,3,0,2,1.0478978,0.80594844,1.0,0.7108633,3.1939528
/content/Dataset/STR/STR-NLVQTKSV.jpg,7,STR,2988,7,0,4,0.55850303,0.7712626,1.0,0.23225348,1.986748
/content/Dataset/DEB/DEB-QDHKPIAF.jpg,2,DEB,2989,2,0,7,0.30960894,0.8112354,1.0,0.064378336,0.96936387
/content/Dataset/ADI/ADI-EWTETKFM.jpg,0,ADI,2990,0,0,5,1.1009897,0.8330879,1.0,0.7220338,3.3132374
/content/Dataset/MUC/MUC-NKYNQHTQ.jpg,4,MUC,2991,0,1,0,1.030479,0.7997576,1.0,0.6769777,3.2467675
/content/Dataset/NORM/NORM-YYRFREYG.jpg,6,NORM,2992,6,0,8,0.97880167,0.7879787,1.0,0.68340576,2.9859042
/content/Dataset/DEB/DEB-PCSPQVVE.jpg,2,DEB,2993,2,0,3,1.0177773,0.79132056,1.0,0.6877412,3.1781583
/content/Dataset/LYM/LYM-PTRRHEGN.jpg,3,LYM,2994,3,0,2,1.0475587,0.8057364,1.0,0.71064943,3.1938775
/content/Dataset/LYM/LYM-TIKVLVSM.jpg,3,LYM,2995,3,0,2,1.0464512,0.80442387,1.0,0.710491,3.1950068
/content/Dataset/DEB/DEB-VMSWYGDK.jpg,2,DEB,2996,8,1,8,1.0478842,0.8321062,1.0,0.6738074,3.1890512
/content/Dataset/MUS/MUS-RRGWSAIE.jpg,5,MUS,2997,5,0,7,0.95517504,0.7765702,1.0,0.69195324,2.8820753
/content/Dataset/TUM/TUM-VFWWQLRM.jpg,8,TUM,2998,6,1,6,0.9877837,0.8210421,1.0,0.6734541,2.9100323
/content/Dataset/TUM/TUM-TQDQSSFT.jpg,8,TUM,2999,8,0,6,0.9797372,0.7837077,1.0,0.68822896,2.9964583
/content/Dataset/TUM/TUM-VCDTPMMM.jpg,8,TUM,3000,6,1,6,0.9901956,0.80035603,1.0,0.6883038,2.973209
/content/Dataset/STR/STR-PPKTKRCY.jpg,7,STR,3001,7,0,5,0.9204062,0.7636781,1.0,0.6598276,2.8495305
/content/Dataset/MUS/MUS-PCPNKPGN.jpg,5,MUS,3002,5,0,7,0.9541015,0.7752846,1.0,0.69165236,2.883193
/content/Dataset/DEB/DEB-WGIRQWQY.jpg,2,DEB,3003,2,0,3,1.0187546,0.79386085,1.0,0.6870634,3.172819
/content/Dataset/DEB/DEB-SCQFRHAH.jpg,2,DEB,3004,2,0,3,1.0185128,0.7933689,1.0,0.6870907,3.1739104
/content/Dataset/TUM/TUM-VEWKNKWE.jpg,8,TUM,3005,8,0,6,0.9827243,0.7853459,1.0,0.6903247,2.9983313
/content/Dataset/LYM/LYM-NWRVLADL.jpg,3,LYM,3006,3,0,2,1.0500575,0.81070733,1.0,0.70985764,3.1848204
/content/Dataset/ADI/ADI-CFLSHVHF.jpg,0,ADI,3007,3,1,3,1.102339,0.8215204,1.0,0.72192013,3.385205
/content/Dataset/MUC/MUC-YRYWYDTK.jpg,4,MUC,3008,0,1,0,1.0347427,0.8085499,1.0,0.67559785,3.2297685
/content/Dataset/LYM/LYM-TFGASCPF.jpg,3,LYM,3009,3,0,2,1.0484866,0.8065244,1.0,0.7110752,3.1935458
/content/Dataset/MUS/MUS-STHTHRQW.jpg,5,MUS,3010,5,0,7,0.95745736,0.78058875,1.0,0.6917157,2.8763578
/content/Dataset/MUC/MUC-SGAKQNSS.jpg,4,MUC,3011,6,1,6,1.0201503,0.81876504,1.0,0.6720921,3.104802
/content/Dataset/MUC/MUC-YYNQPECW.jpg,4,MUC,3012,4,0,6,1.0156761,0.8014333,1.0,0.67841065,3.1456692
/content/Dataset/LYM/LYM-PHLEYLWV.jpg,3,LYM,3013,3,0,2,1.0472159,0.8050753,1.0,0.7107646,3.194995
/content/Dataset/MUC/MUC-QVEFQCSR.jpg,4,MUC,3014,4,0,3,1.017131,0.79181147,1.0,0.67941207,3.201422
/content/Dataset/MUC/MUC-SESKQDVI.jpg,4,MUC,3015,4,0,7,0.99512374,0.79986453,1.0,0.6784538,3.0357068
/content/Dataset/TUM/TUM-YKQDQTQM.jpg,8,TUM,3016,8,0,6,0.9856413,0.78893983,1.0,0.6909873,2.9948127
/content/Dataset/BACK/BACK-AECPLTMV.jpg,1,BACK,3017,1,0,3,1.0661409,0.8096522,1.0,0.7044485,3.3031511
/content/Dataset/LYM/LYM-NMDKANSC.jpg,3,LYM,3018,8,1,8,1.0884366,0.8484756,1.0,0.69017965,3.276297
/content/Dataset/LYM/LYM-YQQWNPVC.jpg,3,LYM,3019,3,0,2,1.0494114,0.8086061,1.0,0.7105771,3.1896312
/content/Dataset/ADI/ADI-GMDKKHQF.jpg,0,ADI,3020,3,1,3,1.102484,0.8214235,1.0,0.72212327,3.385838
/content/Dataset/TUM/TUM-RNHDSNCL.jpg,8,TUM,3021,8,0,6,0.82313246,0.89363474,1.0,0.4981361,2.3007061
/content/Dataset/NORM/NORM-LNEAKMCM.jpg,6,NORM,3022,6,0,4,0.99821985,0.8065934,0.9153021,0.683899,3.1453216
/content/Dataset/DEB/DEB-TMTCPFRT.jpg,2,DEB,3023,2,0,3,1.0177566,0.7918609,1.0,0.68732333,3.1766474
/content/Dataset/TUM/TUM-WFVRQAGQ.jpg,8,TUM,3024,6,1,6,0.9931738,0.816234,1.0,0.6815471,2.9357228
/content/Dataset/TUM/TUM-VESCTMVG.jpg,8,TUM,3025,8,0,6,0.983571,0.78573847,1.0,0.6909251,2.9991915
/content/Dataset/TUM/TUM-SQPVKSLY.jpg,8,TUM,3026,8,0,6,0.9848464,0.78798455,1.0,0.6908071,2.9956496
/content/Dataset/MUC/MUC-APTHDVCK.jpg,4,MUC,3027,4,0,6,1.0168774,0.8019707,1.0,0.67921335,3.147028
/content/Dataset/MUS/MUS-PDVAGWNQ.jpg,5,MUS,3028,5,0,7,0.95900136,0.7833128,1.0,0.6915797,2.8724182
/content/Dataset/TUM/TUM-TSCLMMIM.jpg,8,TUM,3029,8,0,6,0.98387396,0.7872258,1.0,0.6903041,2.9955754
/content/Dataset/MUC/MUC-YYMCKHGR.jpg,4,MUC,3030,4,0,7,0.98999864,0.79277265,0.99695295,0.6786738,3.0463486
/content/Dataset/BACK/BACK-HVHFTMRM.jpg,1,BACK,3031,0,1,0,1.075959,0.81235445,1.0,0.7035745,3.349526
/content/Dataset/TUM/TUM-WFVMAISP.jpg,8,TUM,3032,2,1,2,1.03279,0.8219692,0.9253853,0.6865014,3.2401896
/content/Dataset/LYM/LYM-ALWARHGD.jpg,3,LYM,3033,3,0,2,1.0508931,0.81056285,1.0,0.7107531,3.187207
/content/Dataset/LYM/LYM-HAIPQSAA.jpg,3,LYM,3034,3,0,2,1.0474335,0.80506325,1.0,0.711003,3.1954703
/content/Dataset/TUM/TUM-RKMAEEPR.jpg,8,TUM,3035,8,0,6,0.984914,0.7873872,1.0,0.691279,2.9974349
/content/Dataset/STR/STR-WCAHSNEN.jpg,7,STR,3036,7,0,5,0.2952821,0.8139304,1.0,0.07724421,0.89104694
/content/Dataset/BACK/BACK-ILCYDSNY.jpg,1,BACK,3037,1,0,3,1.0662546,0.8095832,1.0,0.7045897,3.3036797
/content/Dataset/DEB/DEB-YFYDANQQ.jpg,2,DEB,3038,8,1,8,1.0414498,0.8459393,1.0,0.6600478,3.1314988
/content/Dataset/ADI/ADI-CHDDFWKY.jpg,0,ADI,3039,0,0,5,1.0960013,0.83114797,0.9871439,0.72239816,3.3170142
/content/Dataset/TUM/TUM-QWTCGFDV.jpg,8,TUM,3040,8,0,6,0.9829834,0.78553283,1.0,0.69047487,2.9983737
/content/Dataset/DEB/DEB-WKNQIDVK.jpg,2,DEB,3041,2,0,3,1.018252,0.79205847,1.0,0.6877174,3.1771104
/content/Dataset/LYM/LYM-TVTKSFAF.jpg,3,LYM,3042,4,1,4,1.0544972,0.8146242,0.98569894,0.7111453,3.2101688
/content/Dataset/NORM/NORM-QLHNMVTG.jpg,6,NORM,3043,4,1,4,1.0066962,0.806705,0.9466654,0.68299544,3.1425693
/content/Dataset/NORM/NORM-LQTDPQSD.jpg,6,NORM,3044,4,1,4,1.0066147,0.8074639,0.9423993,0.6836442,3.1433036
/content/Dataset/BACK/BACK-IVCRTIQD.jpg,1,BACK,3045,1,0,3,1.0665534,0.8100322,1.0,0.7045822,3.3029993
/content/Dataset/NORM/NORM-LKHCFYLM.jpg,6,NORM,3046,4,1,4,1.0049927,0.80754304,0.9356365,0.68399674,3.1440053
/content/Dataset/NORM/NORM-PPNIRCIF.jpg,6,NORM,3047,6,0,8,0.9825605,0.7960527,1.0,0.6821038,2.9717932
/content/Dataset/NORM/NORM-TNRIKFMD.jpg,6,NORM,3048,6,0,8,0.9727566,0.7769906,1.0,0.6843393,3.0030434
/content/Dataset/MUC/MUC-ADVKWAFW.jpg,4,MUC,3049,4,0,6,1.0112584,0.8021597,0.98931533,0.676672,3.1408334
/content/Dataset/MUC/MUC-VGIDWKHH.jpg,4,MUC,3050,4,0,3,1.0166484,0.79210204,1.0,0.6787448,3.1994007
/content/Dataset/ADI/ADI-CTGHPEPI.jpg,0,ADI,3051,0,0,4,1.0850058,0.8235788,1.0,0.72207695,3.27281
/content/Dataset/ADI/ADI-HSEVNKIT.jpg,0,ADI,3052,0,0,4,1.0847391,0.82324755,1.0,0.72202253,3.2732575
/content/Dataset/NORM/NORM-NWMENSPI.jpg,6,NORM,3053,6,0,4,0.99742955,0.80673873,0.9120678,0.68396705,3.1453626
/content/Dataset/LYM/LYM-KMWCWEKS.jpg,3,LYM,3054,3,0,2,1.047886,0.8056071,1.0,0.71111184,3.194814
/content/Dataset/MUS/MUS-AYWCLYAD.jpg,5,MUS,3055,7,1,7,0.96334314,0.79014295,1.0,0.69173384,2.8636696
/content/Dataset/NORM/NORM-SHNFHLWN.jpg,6,NORM,3056,6,0,8,0.9736279,0.77867967,1.0,0.6841448,3.0002174
/content/Dataset/DEB/DEB-NQWSICDI.jpg,2,DEB,3057,2,0,3,1.018909,0.7946609,1.0,0.6866728,3.1708734
/content/Dataset/STR/STR-WRKCYGTF.jpg,7,STR,3058,7,0,5,0.9202677,0.7653554,1.0,0.6585594,2.844793
/content/Dataset/BACK/BACK-KYPWFWCQ.jpg,1,BACK,3059,1,0,3,1.0661948,0.80984604,1.0,0.70436627,3.302706
/content/Dataset/BACK/BACK-HTKHRWYT.jpg,1,BACK,3060,1,0,3,1.0660106,0.8095106,1.0,0.70439106,3.303373
/content/Dataset/BACK/BACK-GEKLPNLC.jpg,1,BACK,3061,1,0,3,1.0665857,0.81044954,1.0,0.7043428,3.3017802
/content/Dataset/DEB/DEB-PWIMFNAQ.jpg,2,DEB,3062,2,0,7,0.7702825,0.89198124,1.0,0.4293726,2.2310421
/content/Dataset/DEB/DEB-YKWCHPTV.jpg,2,DEB,3063,2,0,3,1.0185269,0.7933627,1.0,0.6871184,3.1739275
/content/Dataset/MUC/MUC-SSCAGEYH.jpg,4,MUC,3064,4,0,3,1.016907,0.79198617,1.0,0.6791287,3.2001755
/content/Dataset/NORM/NORM-SYNCPGYR.jpg,6,NORM,3065,6,0,8,0.9741504,0.77959585,1.0,0.6840645,2.9988902
/content/Dataset/LYM/LYM-TPENTEID.jpg,3,LYM,3066,3,0,2,0.7518857,0.8969273,1.0,0.41500717,2.16378
/content/Dataset/MUC/MUC-PWNVFISL.jpg,4,MUC,3067,4,0,7,0.99486834,0.8025429,1.0,0.6765363,3.0274193
/content/Dataset/MUC/MUC-VSGMTAVN.jpg,4,MUC,3068,4,0,3,1.0167395,0.7912535,1.0,0.67936,3.2022793
/content/Dataset/MUC/MUC-AFYDPMHH.jpg,4,MUC,3069,6,1,6,1.0177059,0.8052857,1.0,0.67796737,3.1390252
/content/Dataset/LYM/LYM-TGDEFLQS.jpg,3,LYM,3070,4,1,4,1.0540807,0.814684,0.9854583,0.71076006,3.209248
/content/Dataset/MUC/MUC-VGKAWEKG.jpg,4,MUC,3071,4,0,6,0.37004995,0.65871656,1.0,0.044991747,1.5905784
/content/Dataset/STR/STR-NYAECEDH.jpg,7,STR,3072,7,0,5,0.29953232,0.8099478,1.0,0.077532865,0.912438
/content/Dataset/BACK/BACK-ADDSDYCP.jpg,1,BACK,3073,2,1,2,1.082085,0.82679707,1.0,0.7018165,3.312594
/content/Dataset/TUM/TUM-RRMSHRQE.jpg,8,TUM,3074,8,0,6,0.9844349,0.78744,1.0,0.69073284,2.9962683
/content/Dataset/STR/STR-NNRGLEPI.jpg,7,STR,3075,7,0,2,0.8842432,0.8729932,1.0,0.52002007,2.618127
/content/Dataset/BACK/BACK-CIHETPWM.jpg,1,BACK,3076,0,1,0,1.0774556,0.81774235,1.0,0.70146495,3.3363702
/content/Dataset/BACK/BACK-KHNRKHIQ.jpg,1,BACK,3077,1,0,4,1.0667373,0.82208514,1.0,0.70337665,3.2433822
/content/Dataset/NORM/NORM-APHRLVHG.jpg,6,NORM,3078,3,1,3,1.0506809,0.81264544,1.0,0.6818296,3.279006
/content/Dataset/STR/STR-WDMELWGA.jpg,7,STR,3079,7,0,5,0.35242316,0.84818006,1.0,0.12553045,1.0272974
/content/Dataset/TUM/TUM-TCCIFEAA.jpg,8,TUM,3080,8,0,6,0.9819069,0.7900305,1.0,0.68632907,2.983724
/content/Dataset/MUS/MUS-NTKRWHAA.jpg,5,MUS,3081,5,0,7,0.9559847,0.7800191,1.0,0.6905573,2.8745587
/content/Dataset/ADI/ADI-EIEFTFYM.jpg,0,ADI,3082,0,0,4,1.0850312,0.82297474,1.0,0.7224894,3.2747102
/content/Dataset/ADI/ADI-AYGHKDAF.jpg,0,ADI,3083,3,1,3,1.1024327,0.8213777,1.0,0.7220972,3.3858914
/content/Dataset/ADI/ADI-HEKPYCLH.jpg,0,ADI,3084,0,0,4,1.084029,0.8229513,0.99853617,0.7219856,3.273536
/content/Dataset/TUM/TUM-TNSWETYK.jpg,8,TUM,3085,8,0,6,0.98531675,0.78816915,1.0,0.6911661,2.996206
/content/Dataset/NORM/NORM-TWMCLYLQ.jpg,6,NORM,3086,6,0,8,0.97250456,0.78569746,1.0,0.67824805,2.9784803
/content/Dataset/MUC/MUC-STKSGAVA.jpg,4,MUC,3087,4,0,7,0.9950423,0.8042735,1.0,0.6756383,3.0228693
/content/Dataset/BACK/BACK-NAYRYIDM.jpg,1,BACK,3088,1,0,3,1.0669342,0.8112018,1.0,0.7041761,3.300319
/content/Dataset/ADI/ADI-IAHYIHRH.jpg,0,ADI,3089,0,0,4,1.0854148,0.82435715,1.0,0.7219448,3.2714515
/content/Dataset/MUS/MUS-PLGGLSCN.jpg,5,MUS,3090,5,0,7,0.9553464,0.7850104,1.0,0.6866118,2.85989
/content/Dataset/TUM/TUM-SPDHNAKT.jpg,8,TUM,3091,6,1,6,0.9895186,0.82326466,1.0,0.6738793,2.9077795
/content/Dataset/LYM/LYM-SSEMGHPW.jpg,3,LYM,3092,2,1,2,1.0540279,0.82490367,1.0,0.7045595,3.1523576
/content/Dataset/NORM/NORM-MHDDDEGY.jpg,6,NORM,3093,6,0,8,0.9728666,0.7772681,1.0,0.68425804,3.0025516
/content/Dataset/MUC/MUC-NWRHYVRS.jpg,4,MUC,3094,4,0,7,0.99317086,0.79504156,1.0,0.6794569,3.045317
/content/Dataset/BACK/BACK-LIWWHKVW.jpg,1,BACK,3095,1,0,3,1.0664557,0.8102354,1.0,0.7043647,3.3021104
/content/Dataset/TUM/TUM-RYQVAVTT.jpg,8,TUM,3096,8,0,6,0.37339008,0.8580785,1.0,0.13622135,1.0866096
/content/Dataset/DEB/DEB-TIMMTLGA.jpg,2,DEB,3097,2,0,3,1.0181272,0.79323137,1.0,0.68676764,3.1735227
/content/Dataset/DEB/DEB-PQVPTYES.jpg,2,DEB,3098,8,1,8,1.0435735,0.83123964,1.0,0.67020065,3.1817336
/content/Dataset/DEB/DEB-VNDYSNPY.jpg,2,DEB,3099,2,0,3,1.017189,0.7917559,1.0,0.6868613,3.1755097
/content/Dataset/MUC/MUC-NWFMITKT.jpg,4,MUC,3100,6,1,6,1.019246,0.80728376,1.0,0.67824036,3.1366522
/content/Dataset/NORM/NORM-YDEHNMFC.jpg,6,NORM,3101,6,0,8,0.9723669,0.7766049,1.0,0.68416613,3.0033183
/content/Dataset/STR/STR-RKPNNRGY.jpg,7,STR,3102,6,1,6,0.9450834,0.81326514,0.9502546,0.6053502,3.0118883
/content/Dataset/LYM/LYM-YVWQSQPP.jpg,3,LYM,3103,3,0,2,1.0488199,0.8071787,1.0,0.7109615,3.1924074
/content/Dataset/NORM/NORM-LMKQFYQT.jpg,6,NORM,3104,6,0,8,0.97416955,0.7791027,1.0,0.68442386,3.0002735
/content/Dataset/DEB/DEB-RGMTSAHD.jpg,2,DEB,3105,2,0,3,1.018348,0.79307556,1.0,0.6871096,3.1744308
/content/Dataset/TUM/TUM-WMDMYPSW.jpg,8,TUM,3106,8,0,6,0.98248875,0.78438866,1.0,0.6907179,3.0004585
/content/Dataset/MUC/MUC-PLEMHYIW.jpg,4,MUC,3107,4,0,7,0.9921697,0.794657,0.9969528,0.67958564,3.0462017
/content/Dataset/BACK/BACK-AEEFRRMP.jpg,1,BACK,3108,1,0,3,1.0668279,0.81044006,1.0,0.7045807,3.302382
/content/Dataset/NORM/NORM-SPRTHGWH.jpg,6,NORM,3109,4,1,4,1.0099319,0.8094169,0.94938505,0.68356013,3.1405349
/content/Dataset/MUS/MUS-RLANIDNS.jpg,5,MUS,3110,5,0,7,0.9579875,0.83619773,1.0,0.6598088,2.7285094
/content/Dataset/NORM/NORM-STPHQCGL.jpg,6,NORM,3111,6,0,8,0.9750783,0.78081715,1.0,0.6842383,2.997516
/content/Dataset/ADI/ADI-DHQKRIRI.jpg,0,ADI,3112,0,0,5,1.1009758,0.83251935,1.0,0.7223748,3.3149831
/content/Dataset/STR/STR-NKRGNMCQ.jpg,7,STR,3113,2,1,2,0.97823036,0.79783064,0.94447243,0.65750694,3.1143088
/content/Dataset/DEB/DEB-SVTQSCCP.jpg,2,DEB,3114,2,0,3,1.0165026,0.79386204,1.0,0.6848728,3.167372
/content/Dataset/STR/STR-RQGRAKCD.jpg,7,STR,3115,5,1,5,0.932014,0.7905002,1.0,0.655696,2.802653
/content/Dataset/STR/STR-RMLCKNIH.jpg,7,STR,3116,5,1,5,0.93065816,0.79287165,1.0,0.65300226,2.7928445
/content/Dataset/MUC/MUC-WGQIHGQK.jpg,4,MUC,3117,4,0,3,1.0173724,0.7923577,1.0,0.6793099,3.2002935
/content/Dataset/MUC/MUC-RHKQFNAP.jpg,4,MUC,3118,6,1,6,1.0179753,0.81958765,1.0,0.66945076,3.0974684
/content/Dataset/LYM/LYM-SQHHNERS.jpg,3,LYM,3119,2,1,2,1.0542073,0.8219171,1.0,0.7066157,3.1615167
/content/Dataset/ADI/ADI-IEATQFNR.jpg,0,ADI,3120,0,0,4,1.0807612,0.8222336,0.9893154,0.7220971,3.2747896
/content/Dataset/TUM/TUM-WNQYDSWD.jpg,8,TUM,3121,8,0,6,0.9798967,0.7870879,1.0,0.6861802,2.987372
/content/Dataset/LYM/LYM-EEGWTWMG.jpg,3,LYM,3122,3,0,2,1.0477098,0.80591226,1.0,0.7106931,3.1936631
/content/Dataset/STR/STR-NQNVHQYP.jpg,7,STR,3123,5,1,5,0.9283288,0.7874942,1.0,0.6535905,2.8025973
/content/Dataset/LYM/LYM-PTHQTMDS.jpg,3,LYM,3124,3,0,2,1.0473576,0.804837,1.0,0.7110776,3.1959686
/content/Dataset/MUC/MUC-WPLMHQCR.jpg,4,MUC,3125,4,0,7,0.99181324,0.79768574,1.0,0.6765387,3.034209
/content/Dataset/DEB/DEB-PFEICRWV.jpg,2,DEB,3126,2,0,3,1.0184141,0.79237366,1.0,0.68766403,3.1765778
/content/Dataset/MUC/MUC-NHDWYHWS.jpg,4,MUC,3127,4,0,7,0.9927563,0.79501736,0.99902385,0.6793165,3.0451808
/content/Dataset/DEB/DEB-WRGYQNPD.jpg,2,DEB,3128,2,0,7,1.0138901,0.8110832,0.9621603,0.68622184,3.1234374
/content/Dataset/MUS/MUS-RVNIGEWH.jpg,5,MUS,3129,5,0,7,0.9575227,0.7814274,1.0,0.69127876,2.8741217
/content/Dataset/DEB/DEB-VWKAEFPA.jpg,2,DEB,3130,2,0,3,1.0179474,0.7924276,1.0,0.68713295,3.1754344
/content/Dataset/MUC/MUC-CHMKCFIV.jpg,4,MUC,3131,4,0,7,0.99003094,0.7933172,0.9928237,0.6794751,3.0480182
/content/Dataset/DEB/DEB-TIEEEPFL.jpg,2,DEB,3132,5,1,5,1.0549288,0.8292043,1.0,0.6850071,3.2042453
/content/Dataset/DEB/DEB-TTGEHTLD.jpg,2,DEB,3133,2,0,3,1.018149,0.7919785,1.0,0.6876614,3.1771286
/content/Dataset/STR/STR-QTILSGQY.jpg,7,STR,3134,7,0,5,0.9250681,0.7710297,1.0,0.66026694,2.8397367
/content/Dataset/MUC/MUC-AVGHCTKR.jpg,4,MUC,3135,6,1,6,1.0179986,0.81662536,1.0,0.6712555,3.1062396
/content/Dataset/TUM/TUM-RLKMDHGC.jpg,8,TUM,3136,8,0,6,0.98513407,0.78786415,1.0,0.691177,2.9966497
/content/Dataset/LYM/LYM-TFLAIRCS.jpg,3,LYM,3137,3,0,2,1.0481565,0.80655336,1.0,0.7106963,3.1928325
/content/Dataset/BACK/BACK-DRLVKFMW.jpg,1,BACK,3138,0,1,0,1.0768541,0.81413126,1.0,0.7032453,3.3461716
/content/Dataset/DEB/DEB-RMSDEQIH.jpg,2,DEB,3139,8,1,8,1.0344094,0.8156036,0.9492111,0.68581724,3.2437387
/content/Dataset/STR/STR-NTQWNCVY.jpg,7,STR,3140,7,0,5,0.926884,0.7747742,1.0,0.6598372,2.8337262
/content/Dataset/LYM/LYM-SMPQPVEI.jpg,3,LYM,3141,3,0,2,1.0478218,0.80619746,1.0,0.7106462,3.1929655
/content/Dataset/DEB/DEB-NQTLRKDW.jpg,2,DEB,3142,2,0,3,1.017569,0.7922458,1.0,0.6869108,3.1749651
/content/Dataset/ADI/ADI-HQENRDRW.jpg,0,ADI,3143,0,0,5,1.094122,0.83045805,0.9820957,0.7225846,3.3184218
/content/Dataset/MUS/MUS-SIAEPMWA.jpg,5,MUS,3144,5,0,7,0.9586511,0.78166056,1.0,0.6922978,2.8760443
/content/Dataset/TUM/TUM-YCKKGAHM.jpg,8,TUM,3145,8,0,6,0.9855682,0.7884022,1.0,0.69128966,2.9960642
/content/Dataset/NORM/NORM-WAYANSHE.jpg,6,NORM,3146,4,1,4,1.0028684,0.80616695,0.93233013,0.6837806,3.1453528
/content/Dataset/MUS/MUS-QSDGVCGM.jpg,5,MUS,3147,7,1,7,0.9674905,0.8133388,1.0,0.6817235,2.8110075
/content/Dataset/MUC/MUC-SMPMMTDK.jpg,4,MUC,3148,4,0,3,1.0170213,0.7919794,1.0,0.67920893,3.200601
/content/Dataset/MUS/MUS-SSFEEALY.jpg,5,MUS,3149,5,0,7,0.95731086,0.7804059,1.0,0.69171757,2.8764107
/content/Dataset/NORM/NORM-TYEMQCEA.jpg,6,NORM,3150,6,0,8,0.96186966,0.80591875,1.0,0.6554564,2.8962963
/content/Dataset/ADI/ADI-GHWEPSVL.jpg,0,ADI,3151,3,1,3,1.1024044,0.8211485,1.0,0.72223103,3.386507
/content/Dataset/MUC/MUC-RIMVYCKY.jpg,4,MUC,3152,4,0,7,0.99399763,0.79755443,1.0,0.6787404,3.0398638
/content/Dataset/MUS/MUS-AISKDMDH.jpg,5,MUS,3153,5,0,7,0.95240027,0.7734344,1.0,0.69108045,2.8843722
/content/Dataset/DEB/DEB-WSYRRLQC.jpg,2,DEB,3154,2,0,3,1.0180448,0.7918032,1.0,0.6876843,3.1773672
/content/Dataset/DEB/DEB-SPVWQAER.jpg,2,DEB,3155,2,0,3,1.0180703,0.7925072,1.0,0.68725806,3.1752913
/content/Dataset/MUS/MUS-STSNKMWV.jpg,5,MUS,3156,5,0,7,0.95323837,0.7739309,1.0,0.69164246,2.884893
/content/Dataset/BACK/BACK-AAYSNSTH.jpg,1,BACK,3157,1,0,8,1.0623163,0.8153124,0.99028194,0.70402414,3.2690887
/content/Dataset/STR/STR-QYGFTGCW.jpg,7,STR,3158,5,1,5,0.9298332,0.7954121,1.0,0.6507992,2.7837296
/content/Dataset/LYM/LYM-STCRGERI.jpg,3,LYM,3159,4,1,4,1.0590019,0.81552815,1.0,0.71065325,3.2077608
/content/Dataset/TUM/TUM-RIPYSILC.jpg,8,TUM,3160,8,0,6,0.9849036,0.7874182,1.0,0.69122535,2.997399
/content/Dataset/MUS/MUS-CNCKILKV.jpg,5,MUS,3161,5,0,7,0.9552469,0.77699614,1.0,0.6917496,2.881085
/content/Dataset/DEB/DEB-AGHTGEHF.jpg,2,DEB,3162,2,0,3,1.0175617,0.7928356,1.0,0.68649095,3.1732824
/content/Dataset/ADI/ADI-DQREANRY.jpg,0,ADI,3163,3,1,3,1.102798,0.8213823,1.0,0.72244847,3.386691
/content/Dataset/LYM/LYM-EIMDTIYH.jpg,3,LYM,3164,3,0,2,1.0503227,0.81047666,1.0,0.71025085,3.1861644
/content/Dataset/NORM/NORM-YTEAISYV.jpg,6,NORM,3165,6,0,8,0.97739124,0.7843339,1.0,0.6843429,2.992844
/content/Dataset/DEB/DEB-QMMDSLED.jpg,2,DEB,3166,2,0,3,1.0190076,0.7936272,1.0,0.6874476,3.1741776
/content/Dataset/STR/STR-SLGPRFML.jpg,7,STR,3167,7,0,5,0.9272606,0.77678597,1.0,0.65899044,2.8291082
/content/Dataset/MUC/MUC-RGPRKHIS.jpg,4,MUC,3168,4,0,7,0.99156076,0.79305756,1.0,0.67908454,3.0473475
/content/Dataset/ADI/ADI-HPDICFLG.jpg,0,ADI,3169,0,0,3,1.1006746,0.82085705,0.9961013,0.72195476,3.3863072
/content/Dataset/MUS/MUS-TCAWLDMD.jpg,5,MUS,3170,5,0,7,0.96112984,0.7862284,1.0,0.6918904,2.869409
/content/Dataset/MUS/MUS-PKAKRNTL.jpg,5,MUS,3171,5,0,7,0.95421106,0.8420808,1.0,0.65324193,2.704102
/content/Dataset/STR/STR-PRTWWGRP.jpg,7,STR,3172,2,1,2,0.9673618,0.79777384,0.90909433,0.656999,3.113383
/content/Dataset/STR/STR-YCKKTMKN.jpg,7,STR,3173,7,0,5,0.9245049,0.77397,1.0,0.65778124,2.830614
/content/Dataset/ADI/ADI-AWHPVDRL.jpg,0,ADI,3174,3,1,3,1.1027246,0.82190156,1.0,0.72202075,3.3849545
/content/Dataset/STR/STR-VFVFNIQK.jpg,7,STR,3175,7,0,5,0.9112662,0.78417456,1.0,0.63710576,2.774511
/content/Dataset/LYM/LYM-GHDFWDGR.jpg,3,LYM,3176,3,0,2,1.0484984,0.80765855,1.0,0.7103084,3.1903327
/content/Dataset/STR/STR-TKGNQTPH.jpg,7,STR,3177,5,1,5,0.9324859,0.79236233,1.0,0.65511894,2.7985888
/content/Dataset/MUS/MUS-AQPVWDDD.jpg,5,MUS,3178,5,0,7,0.9545412,0.77634174,1.0,0.69139785,2.8813922
/content/Dataset/NORM/NORM-LSHRDWVQ.jpg,6,NORM,3179,6,0,8,0.9832651,0.80534875,1.0,0.6770759,2.9473445
/content/Dataset/TUM/TUM-SNQYLCCA.jpg,8,TUM,3180,8,0,6,0.98324794,0.7858835,1.0,0.6904892,2.9980814
/content/Dataset/LYM/LYM-EETANCIR.jpg,3,LYM,3181,3,0,4,1.0513588,0.81450355,0.97635806,0.7109337,3.2100253
/content/Dataset/LYM/LYM-RCFQCRYQ.jpg,3,LYM,3182,3,0,2,1.0517966,0.81431955,1.0,0.7091577,3.1783104
/content/Dataset/MUC/MUC-NQTLMNLY.jpg,4,MUC,3183,4,0,7,0.99746513,0.8070337,1.0,0.6763442,3.02056
/content/Dataset/MUC/MUC-TNYSHPQK.jpg,4,MUC,3184,4,0,7,0.99300706,0.7946998,1.0,0.67949504,3.0459683
/content/Dataset/LYM/LYM-PYYGCYNH.jpg,3,LYM,3185,3,0,2,1.0470836,0.8061044,1.0,0.7098942,3.1918635
/content/Dataset/MUC/MUC-YPQFTNYI.jpg,4,MUC,3186,4,0,7,0.99310863,0.7955817,1.0,0.6790588,3.0435982
/content/Dataset/NORM/NORM-TSTYWEPT.jpg,6,NORM,3187,4,1,4,1.0087241,0.80763674,0.9495589,0.6835136,3.142665
/content/Dataset/DEB/DEB-YGVQMNKV.jpg,2,DEB,3188,2,0,7,1.0096003,0.8088777,0.94816893,0.6875491,3.1296437
/content/Dataset/MUC/MUC-RAWSIITY.jpg,4,MUC,3189,4,0,3,1.0171857,0.7919049,1.0,0.67939675,3.2013004
/content/Dataset/DEB/DEB-NTRGAHQY.jpg,2,DEB,3190,2,0,8,0.63426155,0.7888905,1.0,0.29185942,2.2112327
/content/Dataset/ADI/ADI-DCDMCIQT.jpg,0,ADI,3191,0,0,5,1.0923344,0.83075595,0.97731215,0.7221238,3.3168607
/content/Dataset/NORM/NORM-MNFKLQGM.jpg,6,NORM,3192,6,0,8,0.94353926,0.83701575,1.0,0.62120306,2.7663214
/content/Dataset/BACK/BACK-LKDQHKHQ.jpg,1,BACK,3193,0,1,0,1.078205,0.8164778,1.0,0.70300627,3.3420317
/content/Dataset/LYM/LYM-PDEKPICF.jpg,3,LYM,3194,3,0,2,1.0473603,0.8048785,1.0,0.71105945,3.1958287
/content/Dataset/DEB/DEB-RCLSVWSL.jpg,2,DEB,3195,2,0,3,1.0182784,0.79398835,1.0,0.68644154,3.171555
/content/Dataset/NORM/NORM-SIPDSQLH.jpg,6,NORM,3196,6,0,4,0.9976465,0.8061978,0.91373926,0.6840704,3.1461968
/content/Dataset/TUM/TUM-TDIVSPKH.jpg,8,TUM,3197,8,0,6,0.9848895,0.78816915,1.0,0.6907284,2.995238
/content/Dataset/BACK/BACK-LQGMAMPE.jpg,1,BACK,3198,0,1,0,1.0753332,0.8105797,1.0,0.70413834,3.3536057
/content/Dataset/DEB/DEB-YNWMFYAY.jpg,2,DEB,3199,8,1,8,1.0514517,0.8229251,1.0,0.68277603,3.2250988
/content/Dataset/MUS/MUS-SFWYACYC.jpg,5,MUS,3200,6,1,6,1.0471082,0.8495502,1.0,0.6514498,3.1761806
/content/Dataset/ADI/ADI-EVMFWHRW.jpg,0,ADI,3201,0,0,4,1.0851867,0.82394695,1.0,0.7220112,3.2721066
/content/Dataset/STR/STR-SENVEFYS.jpg,7,STR,3202,7,0,5,0.61971855,0.88813937,1.0,0.34120464,1.7421765
/content/Dataset/MUS/MUS-RNSLRNGL.jpg,5,MUS,3203,7,1,7,0.961527,0.785777,1.0,0.6926326,2.8713884
/content/Dataset/BACK/BACK-NDMIHPQW.jpg,1,BACK,3204,1,0,3,1.0661107,0.80959976,1.0,0.70444375,3.3032794
/content/Dataset/MUC/MUC-WYATSIVC.jpg,4,MUC,3205,4,0,7,0.99226314,0.7944765,0.99926776,0.67909807,3.0454109
/content/Dataset/LYM/LYM-NCYPQAVM.jpg,3,LYM,3206,3,0,2,1.0485297,0.8072613,1.0,0.7106287,3.1914778
/content/Dataset/NORM/NORM-QCAAYPEL.jpg,6,NORM,3207,6,0,8,0.9810339,0.79443556,1.0,0.6816055,2.9727483
/content/Dataset/LYM/LYM-PCDSQHPW.jpg,3,LYM,3208,3,0,2,1.0490363,0.8072568,1.0,0.7111065,3.1927254
/content/Dataset/MUS/MUS-NSRMKQTR.jpg,5,MUS,3209,5,0,7,0.95583594,0.77715915,1.0,0.6922739,2.881926
/content/Dataset/LYM/LYM-TYKYYEGV.jpg,3,LYM,3210,3,0,2,1.048029,0.80774003,1.0,0.7098084,3.1889706
/content/Dataset/DEB/DEB-VNHCIGEV.jpg,2,DEB,3211,2,0,3,1.0187218,0.79299545,1.0,0.68756,3.1754522
/content/Dataset/LYM/LYM-TLLIGYKT.jpg,3,LYM,3212,3,0,2,1.0481223,0.80612767,1.0,0.71096087,3.1939511
/content/Dataset/ADI/ADI-EMSECQSI.jpg,0,ADI,3213,0,0,4,1.0867622,0.8273157,1.0,0.72127366,3.265741
/content/Dataset/BACK/BACK-MLSSYPEL.jpg,1,BACK,3214,1,0,3,1.0663471,0.8097883,1.0,0.7045385,3.3032858
/content/Dataset/ADI/ADI-GPEVVTKN.jpg,0,ADI,3215,0,0,3,1.1019838,0.8209845,1.0,0.72193754,3.3860598
/content/Dataset/MUS/MUS-RRWYSEQA.jpg,5,MUS,3216,0,1,0,1.0432625,0.8561865,1.0,0.6469674,3.137354
/content/Dataset/DEB/DEB-SQTGSACE.jpg,2,DEB,3217,6,1,6,1.0409234,0.82191235,0.96651584,0.68367857,3.2250063
/content/Dataset/ADI/ADI-GHPVWMVM.jpg,0,ADI,3218,0,0,3,1.1018012,0.8204193,1.0,0.72217053,3.3872836
/content/Dataset/ADI/ADI-HMSKKKLR.jpg,0,ADI,3219,3,1,3,1.102911,0.8228266,1.0,0.7215694,3.382562
/content/Dataset/BACK/BACK-KISPSNFV.jpg,1,BACK,3220,1,0,3,1.0660924,0.8104645,1.0,0.7038272,3.300694
/content/Dataset/DEB/DEB-SPSHGKRL.jpg,2,DEB,3221,2,0,3,1.0185428,0.79343367,1.0,0.68713295,3.173593
/content/Dataset/NORM/NORM-VLTPDLYK.jpg,6,NORM,3222,4,1,4,1.0111296,0.8091158,0.9538572,0.6836426,3.141008
/content/Dataset/BACK/BACK-KRRKFHRA.jpg,1,BACK,3223,0,1,0,1.0755883,0.8112575,1.0,0.7039355,3.3520942
/content/Dataset/LYM/LYM-QFKVWYAC.jpg,3,LYM,3224,3,0,2,1.0470811,0.805114,1.0,0.7106259,3.1945045
/content/Dataset/STR/STR-VRCGISRQ.jpg,7,STR,3225,7,0,5,0.92076623,0.7667309,1.0,0.65831035,2.841898
/content/Dataset/STR/STR-NNPMICAG.jpg,7,STR,3226,7,0,2,0.6012178,0.7830826,1.0,0.2605622,2.124352
/content/Dataset/MUC/MUC-TPQWHVQG.jpg,4,MUC,3227,0,1,0,1.0340705,0.8071468,1.0,0.67582566,3.232477
/content/Dataset/LYM/LYM-QRCWHPWN.jpg,3,LYM,3228,6,1,6,1.0819131,0.8420959,1.0,0.6974237,3.2461822
/content/Dataset/STR/STR-SGMDLEAI.jpg,7,STR,3229,5,1,5,0.9321841,0.79797375,1.0,0.6516893,2.7823164
/content/Dataset/DEB/DEB-VWGTDYHP.jpg,2,DEB,3230,2,0,3,1.019051,0.7940864,1.0,0.6871964,3.172891
/content/Dataset/LYM/LYM-NQLAYAPQ.jpg,3,LYM,3231,3,0,2,1.0472674,0.80492496,1.0,0.71093136,3.1954994
/content/Dataset/MUC/MUC-VEINRELA.jpg,4,MUC,3232,4,0,6,1.001393,0.8482224,1.0,0.63819236,2.973324
/content/Dataset/DEB/DEB-QRIHKEEV.jpg,2,DEB,3233,2,0,3,1.0191789,0.79368126,1.0,0.6875832,3.174415
/content/Dataset/ADI/ADI-ECCAIAEP.jpg,0,ADI,3234,3,1,3,1.1030043,0.8218385,1.0,0.7223391,3.3857539
/content/Dataset/MUS/MUS-CNMLKKDS.jpg,5,MUS,3235,7,1,7,0.964723,0.7945347,1.0,0.6903698,2.855
/content/Dataset/MUS/MUS-PQVPDTFR.jpg,5,MUS,3236,5,0,7,0.95733315,0.7835392,1.0,0.6896517,2.8682106
/content/Dataset/MUC/MUC-QMMHDDLI.jpg,4,MUC,3237,3,1,3,1.0178792,0.793079,1.0,0.67932117,3.1993937
/content/Dataset/TUM/TUM-WDNNWVVT.jpg,8,TUM,3238,8,0,6,0.9837941,0.78626513,1.0,0.6908461,2.9980996
/content/Dataset/LYM/LYM-PNTMTQTG.jpg,3,LYM,3239,3,0,2,1.048539,0.80852824,1.0,0.70983803,3.187643
/content/Dataset/MUC/MUC-RRWNVRKW.jpg,4,MUC,3240,0,1,0,1.0210065,0.84306467,1.0,0.6423757,3.092651
/content/Dataset/NORM/NORM-PYMVGQFM.jpg,6,NORM,3241,6,0,8,0.9724654,0.7772635,1.0,0.6838315,3.0016906
/content/Dataset/MUS/MUS-SERSYRHA.jpg,5,MUS,3242,7,1,7,0.9635212,0.7936313,1.0,0.6896969,2.8547547
/content/Dataset/BACK/BACK-MKKDCVCD.jpg,1,BACK,3243,1,0,0,1.0748178,0.80966413,1.0,0.7042747,3.355151
/content/Dataset/MUS/MUS-QHQAHWIC.jpg,5,MUS,3244,5,0,7,0.9560159,0.7776091,1.0,0.69216937,2.8811092
/content/Dataset/DEB/DEB-QVRDPTQN.jpg,2,DEB,3245,2,0,3,1.016959,0.7925092,1.0,0.6860778,3.1729383
/content/Dataset/STR/STR-PKWWGWTR.jpg,7,STR,3246,7,0,5,0.9248817,0.7706511,1.0,0.6601861,2.8407187
/content/Dataset/TUM/TUM-QSQVEKGY.jpg,8,TUM,3247,8,0,6,0.9846684,0.787316,1.0,0.6910367,2.9971993
/content/Dataset/NORM/NORM-ALCWFPRP.jpg,6,NORM,3248,6,0,8,0.9697443,0.83806336,1.0,0.6456912,2.8245752
/content/Dataset/NORM/NORM-ACWIVTTT.jpg,6,NORM,3249,6,0,8,0.97407943,0.77990407,1.0,0.68377095,2.9979181
/content/Dataset/BACK/BACK-MELCENEE.jpg,1,BACK,3250,1,0,8,1.0638692,0.81432134,1.0,0.70329165,3.2686534
/content/Dataset/LYM/LYM-NGPAHTCQ.jpg,3,LYM,3251,3,0,2,1.0512571,0.8123819,1.0,0.70991635,3.182694
/content/Dataset/NORM/NORM-ACTDEFYK.jpg,6,NORM,3252,6,0,4,0.29705885,0.81502634,1.0,0.0543582,0.92370313
/content/Dataset/MUC/MUC-WFNCDRRP.jpg,4,MUC,3253,5,1,5,1.0224657,0.8163346,0.9423994,0.6778078,3.2102861
/content/Dataset/STR/STR-YDEEHFWA.jpg,7,STR,3254,7,0,5,0.9234693,0.7708643,1.0,0.65854806,2.8369274
/content/Dataset/NORM/NORM-MWFVIINC.jpg,6,NORM,3255,4,1,4,1.0082204,0.806645,0.94955873,0.68369377,3.1442924
/content/Dataset/NORM/NORM-SELPPCWT.jpg,6,NORM,3256,6,0,8,0.92394894,0.86679214,1.0,0.59120995,2.6335735
/content/Dataset/BACK/BACK-FNPCIEIG.jpg,1,BACK,3257,1,0,3,1.0661077,0.80964905,1.0,0.7044085,3.30312
/content/Dataset/LYM/LYM-RSCAAHWD.jpg,3,LYM,3258,3,0,2,1.0479561,0.80599624,1.0,0.71087694,3.193987
/content/Dataset/STR/STR-VVLTKVPC.jpg,7,STR,3259,7,0,5,0.9252939,0.78940624,1.0,0.6493739,2.7903113
/content/Dataset/STR/STR-YMSNDDCG.jpg,7,STR,3260,7,0,5,0.92517716,0.77253485,1.0,0.65942067,2.8359466
/content/Dataset/BACK/BACK-IIMSELHW.jpg,1,BACK,3261,1,0,3,1.0666397,0.81061816,1.0,0.70427173,3.3014345
/content/Dataset/MUS/MUS-RHRRMLGN.jpg,5,MUS,3262,5,0,7,0.93618476,0.8554141,1.0,0.63017565,2.6265013
/content/Dataset/TUM/TUM-VSNTKRLV.jpg,8,TUM,3263,8,0,6,0.9844315,0.79042435,1.0,0.6888011,2.9878716
/content/Dataset/MUC/MUC-WRAMPYHS.jpg,4,MUC,3264,6,1,6,1.019568,0.8135456,1.0,0.67467654,3.118902
/content/Dataset/STR/STR-THPLHGQI.jpg,7,STR,3265,7,0,5,0.5759,0.89378947,1.0,0.30689967,1.6054441
/content/Dataset/ADI/ADI-GMHSCDDV.jpg,0,ADI,3266,0,0,1,1.0970687,0.81740105,1.0,0.7220533,3.3768148
/content/Dataset/BACK/BACK-LCQMPICA.jpg,1,BACK,3267,1,0,3,1.0660912,0.80974126,1.0,0.7043317,3.3027992
/content/Dataset/MUS/MUS-RINWDTQG.jpg,5,MUS,3268,7,1,7,0.9671231,0.8136906,1.0,0.68109596,2.8094103
/content/Dataset/ADI/ADI-EIKLFKPV.jpg,0,ADI,3269,3,1,3,1.1023152,0.8213325,1.0,0.7220154,3.3857613
/content/Dataset/ADI/ADI-HQQHPHCG.jpg,0,ADI,3270,5,1,5,1.1029756,0.83729964,1.0,0.72117263,3.3050418
/content/Dataset/MUC/MUC-VACHAKNI.jpg,4,MUC,3271,6,1,6,1.0194345,0.81307733,1.0,0.6747814,3.1201553
/content/Dataset/LYM/LYM-IQWVHNLF.jpg,3,LYM,3272,4,1,4,1.0557246,0.8149364,0.9891946,0.71108854,3.2095933
/content/Dataset/ADI/ADI-GGMYISDT.jpg,0,ADI,3273,0,0,1,1.0969931,0.81681854,1.0,0.7223805,3.3784142
/content/Dataset/MUC/MUC-RPIMINKF.jpg,4,MUC,3274,4,0,3,1.0174186,0.79247034,1.0,0.6792655,3.200124
/content/Dataset/ADI/ADI-DSRLPFFF.jpg,0,ADI,3275,0,0,4,1.0850391,0.8228675,1.0,0.72257096,3.275038
/content/Dataset/MUS/MUS-RKDGKYPH.jpg,5,MUS,3276,5,0,0,0.7192205,0.9103244,1.0,0.36195865,2.102821
/content/Dataset/ADI/ADI-IIDRIDSQ.jpg,0,ADI,3277,3,1,3,1.1022998,0.8214441,1.0,0.721928,3.3853734
/content/Dataset/ADI/ADI-DCSSHSWS.jpg,0,ADI,3278,0,0,5,1.1001084,0.8318094,1.0,0.7220325,3.3151085
/content/Dataset/TUM/TUM-RARTIMTS.jpg,8,TUM,3279,8,0,6,0.9846435,0.7878246,1.0,0.6906853,2.9956977
/content/Dataset/ADI/ADI-EAPQITCH.jpg,0,ADI,3280,0,0,5,1.1001174,0.8316703,1.0,0.72211987,3.315594
/content/Dataset/NORM/NORM-TLETLRVQ.jpg,6,NORM,3281,4,1,4,1.0033523,0.8065266,0.9333551,0.6837164,3.1447213
/content/Dataset/ADI/ADI-ICRLFKGL.jpg,0,ADI,3282,0,0,4,1.0847541,0.8231485,1.0,0.72211194,3.273553
/content/Dataset/LYM/LYM-RRIDNASG.jpg,3,LYM,3283,4,1,4,1.0541906,0.8153304,0.98605996,0.71024656,3.207216
/content/Dataset/STR/STR-NMPVRRYS.jpg,7,STR,3284,7,0,5,0.7983806,0.8180665,1.0,0.5080499,2.4080184
/content/Dataset/LYM/LYM-RHIIYAQK.jpg,3,LYM,3285,3,0,2,1.048241,0.80633986,1.0,0.71095246,3.1935425
/content/Dataset/ADI/ADI-EFVPKDTI.jpg,0,ADI,3286,3,1,3,1.1026099,0.8210197,1.0,0.72250885,3.3873935
/content/Dataset/LYM/LYM-RERHMWTT.jpg,3,LYM,3287,3,0,2,1.0477356,0.8055389,1.0,0.71097624,3.1947865
/content/Dataset/MUC/MUC-SNILYEQQ.jpg,4,MUC,3288,4,0,6,1.0169215,0.8026352,1.0,0.67886484,3.1450577
/content/Dataset/LYM/LYM-NDMFADYE.jpg,3,LYM,3289,3,0,4,1.0510634,0.8145144,0.9762391,0.7106834,3.2093627
/content/Dataset/MUS/MUS-QITSNGAS.jpg,5,MUS,3290,7,1,7,0.96354914,0.7929637,1.0,0.6901283,2.856661
/content/Dataset/ADI/ADI-DCGEKVQK.jpg,0,ADI,3291,0,0,4,1.0845157,0.82410973,0.99731797,0.72203803,3.2720942
/content/Dataset/TUM/TUM-VKDCRKSY.jpg,8,TUM,3292,8,0,6,0.984894,0.7879834,1.0,0.69084007,2.9958153
/content/Dataset/MUS/MUS-ACVTRYQD.jpg,5,MUS,3293,5,0,7,0.9570977,0.77978367,1.0,0.69189805,2.8776166
/content/Dataset/MUS/MUS-RFQQDPQP.jpg,5,MUS,3294,5,0,7,0.9579376,0.7803426,1.0,0.6924128,2.877989
/content/Dataset/STR/STR-QPQVDCPL.jpg,7,STR,3295,7,0,5,0.9241104,0.77117336,1.0,0.65901095,2.837625
/content/Dataset/DEB/DEB-YIQELMDR.jpg,2,DEB,3296,3,1,3,1.0193014,0.79383266,1.0,0.6876104,3.1742356
/content/Dataset/DEB/DEB-RWTDLHEE.jpg,2,DEB,3297,2,0,3,1.0153393,0.7895215,1.0,0.6864617,3.1779258
/content/Dataset/MUC/MUC-WPLHAIAC.jpg,4,MUC,3298,4,0,0,0.97416884,0.8441373,1.0,0.5979086,2.9777052
/content/Dataset/DEB/DEB-SHQLNHYP.jpg,2,DEB,3299,2,0,3,1.0178761,0.7936118,1.0,0.6863202,3.1716204
/content/Dataset/BACK/BACK-LDYTTPVH.jpg,1,BACK,3300,0,1,0,1.0756433,0.8123668,1.0,0.70326114,3.3487563
/content/Dataset/LYM/LYM-ANTTQFAP.jpg,3,LYM,3301,3,0,2,1.0483536,0.80671716,1.0,0.7108026,3.1927252
/content/Dataset/MUS/MUS-QCMEWQLQ.jpg,5,MUS,3302,7,1,7,0.9614843,0.791662,1.0,0.68884194,2.855477
/content/Dataset/DEB/DEB-SSFCTMMG.jpg,2,DEB,3303,4,1,4,1.0475228,0.85247636,1.0,0.6504915,3.1672766
/content/Dataset/LYM/LYM-AILFFEEM.jpg,3,LYM,3304,8,1,8,1.0974962,0.8406692,1.0,0.70316076,3.3218482
/content/Dataset/MUC/MUC-NCPDIAYF.jpg,4,MUC,3305,6,1,6,1.0176675,0.8034231,1.0,0.67906225,3.1446004
/content/Dataset/STR/STR-NWMCINRV.jpg,7,STR,3306,7,0,5,0.91965324,0.7632302,1.0,0.65928644,2.8490946
/content/Dataset/BACK/BACK-KLQWMFWH.jpg,1,BACK,3307,1,0,8,1.0620158,0.81461346,0.99052376,0.70412105,3.2703285
/content/Dataset/MUC/MUC-YKEKKKHP.jpg,4,MUC,3308,4,0,3,1.0167964,0.7916179,1.0,0.679198,3.2012448
/content/Dataset/MUS/MUS-SAECVTCS.jpg,5,MUS,3309,5,0,7,0.9609176,0.7854414,1.0,0.69223094,2.8708818
/content/Dataset/NORM/NORM-ANQPAGWM.jpg,6,NORM,3310,6,0,8,0.9769283,0.78663737,1.0,0.6822727,2.9856536
/content/Dataset/STR/STR-PDMDMTVN.jpg,7,STR,3311,7,0,5,0.9202079,0.76494205,1.0,0.65889674,2.845352
/content/Dataset/ADI/ADI-DFSNAHMP.jpg,0,ADI,3312,3,1,3,1.1027995,0.8218769,1.0,0.7221064,3.385211
/content/Dataset/LYM/LYM-SIYDDWPG.jpg,3,LYM,3313,3,0,2,1.0476327,0.8053023,1.0,0.7110353,3.1952386
/content/Dataset/ADI/ADI-IIEKKNPC.jpg,0,ADI,3314,0,0,4,1.0844462,0.8226081,1.0,0.72218204,3.2744389
/content/Dataset/ADI/ADI-ETDACLED.jpg,0,ADI,3315,0,0,4,1.0845078,0.8226359,1.0,0.7222208,3.274503
/content/Dataset/STR/STR-WRNKFPSQ.jpg,7,STR,3316,7,0,2,0.28638014,0.80525744,1.0,0.040514823,0.90524006
/content/Dataset/STR/STR-NCGNTCCA.jpg,7,STR,3317,7,0,5,0.9255763,0.81346065,1.0,0.6363631,2.7257679
/content/Dataset/ADI/ADI-CIKARPRE.jpg,0,ADI,3318,0,0,4,1.085486,0.8236948,1.0,0.7224539,3.2735758
/content/Dataset/MUC/MUC-PRLRSHRD.jpg,4,MUC,3319,2,1,2,1.0329857,0.8565851,1.0,0.63282317,3.1279175
/content/Dataset/MUC/MUC-YYGLHAWI.jpg,4,MUC,3320,4,0,3,1.0170877,0.79337305,1.0,0.6783511,3.196617
/content/Dataset/BACK/BACK-LRWMHSWR.jpg,1,BACK,3321,2,1,2,1.0823892,0.8299945,1.0,0.7000335,3.3036406
/content/Dataset/BACK/BACK-KVHIDKDV.jpg,1,BACK,3322,1,0,3,1.065785,0.8099625,1.0,0.70387274,3.301472
/content/Dataset/MUC/MUC-WLFSVCAG.jpg,4,MUC,3323,4,0,7,0.9907986,0.79323995,0.9970746,0.679081,3.0469928
/content/Dataset/LYM/LYM-QGVDNPKN.jpg,3,LYM,3324,3,0,2,1.0486153,0.80779946,1.0,0.71039337,3.1899614
/content/Dataset/MUC/MUC-TFSACNRQ.jpg,4,MUC,3325,4,0,6,0.5864514,0.8973339,1.0,0.27794543,1.7030195
/content/Dataset/TUM/TUM-VCCEEKCY.jpg,8,TUM,3326,8,0,6,0.984901,0.7873049,1.0,0.6912962,2.9977121
/content/Dataset/BACK/BACK-IVVNKNCR.jpg,1,BACK,3327,1,0,4,1.0655698,0.8218063,1.0,0.702445,3.2415018
/content/Dataset/MUC/MUC-SPNSNECN.jpg,4,MUC,3328,0,1,0,1.0313948,0.8026055,1.0,0.6760596,3.24018
/content/Dataset/TUM/TUM-QFAWWCAK.jpg,8,TUM,3329,8,0,6,0.98423654,0.78611356,1.0,0.69137645,2.9996045
/content/Dataset/ADI/ADI-DLNPEDVP.jpg,0,ADI,3330,0,0,5,1.0933838,0.83086145,0.9801796,0.72217953,3.3169274
/content/Dataset/ADI/ADI-FKAMHCIF.jpg,0,ADI,3331,5,1,5,1.1044843,0.84347236,1.0,0.71866316,3.2897966
/content/Dataset/LYM/LYM-TQKEIEPP.jpg,3,LYM,3332,3,0,2,1.049259,0.8079257,1.0,0.7108935,3.1912262
/content/Dataset/ADI/ADI-EHQCVTWY.jpg,0,ADI,3333,0,0,3,1.1018672,0.82086545,0.9995118,0.72205204,3.3865254
/content/Dataset/DEB/DEB-QGHHDGTG.jpg,2,DEB,3334,2,0,3,1.0183592,0.7923366,1.0,0.68763673,3.1765492
/content/Dataset/STR/STR-SKGGLWTR.jpg,7,STR,3335,7,0,5,0.92466986,0.77027154,1.0,0.6603216,2.8408902
/content/Dataset/DEB/DEB-TLYINKSL.jpg,2,DEB,3336,2,0,3,1.0175121,0.79229987,1.0,0.6868776,3.1744618
/content/Dataset/STR/STR-MSCDYIEG.jpg,7,STR,3337,5,1,5,0.9295687,0.7805802,1.0,0.65914226,2.823884
/content/Dataset/MUS/MUS-AKTKWNRM.jpg,5,MUS,3338,5,0,7,0.96078604,0.78572047,1.0,0.6919123,2.869845
/content/Dataset/ADI/ADI-CLLWYYGK.jpg,0,ADI,3339,0,0,4,1.0852435,0.82416666,1.0,0.72189337,3.271679
/content/Dataset/BACK/BACK-IILMHPAH.jpg,1,BACK,3340,1,0,3,1.0667168,0.81034946,1.0,0.704527,3.302423
/content/Dataset/BACK/BACK-MPPMPVSH.jpg,1,BACK,3341,1,0,5,1.0610439,0.82629186,0.9600485,0.7014894,3.2660127
/content/Dataset/STR/STR-YVQIIWCG.jpg,7,STR,3342,7,0,8,0.59836936,0.89298826,1.0,0.2745014,1.775758
/content/Dataset/BACK/BACK-IMLSPTPE.jpg,1,BACK,3343,1,0,3,1.0658482,0.8090656,1.0,0.7045422,3.3043063
/content/Dataset/MUS/MUS-PSVNCKRF.jpg,5,MUS,3344,5,0,7,0.9550474,0.7771943,1.0,0.69138944,2.8801668
/content/Dataset/STR/STR-QHCNEFSF.jpg,7,STR,3345,7,0,5,0.9194287,0.764737,1.0,0.6581182,2.8443632
/content/Dataset/MUS/MUS-NYKPMERC.jpg,5,MUS,3346,5,0,7,0.95769197,0.7801389,1.0,0.69228005,2.878015
/content/Dataset/DEB/DEB-YKYMQART.jpg,2,DEB,3347,2,0,3,1.0188265,0.79356813,1.0,0.68730706,3.173927
/content/Dataset/STR/STR-SHHPPEDG.jpg,7,STR,3348,2,1,2,0.9301712,0.84814954,1.0,0.5684136,2.813615
/content/Dataset/BACK/BACK-IIAFEYRS.jpg,1,BACK,3349,2,1,2,1.0773005,0.83894825,1.0,0.68977726,3.2641995
/content/Dataset/ADI/ADI-GANIFAPL.jpg,0,ADI,3350,3,1,3,1.1034521,0.8233936,1.0,0.72170264,3.382063
/content/Dataset/ADI/ADI-HLYQQTWP.jpg,0,ADI,3351,0,0,5,1.1004002,0.83167046,1.0,0.7223923,3.3162167
/content/Dataset/BACK/BACK-KSVWCHWG.jpg,1,BACK,3352,0,1,0,1.0776798,0.8256385,1.0,0.69658303,3.3125927
/content/Dataset/LYM/LYM-RDIVYSPL.jpg,3,LYM,3353,3,0,2,1.0494852,0.80851614,1.0,0.7107276,3.1899977
/content/Dataset/LYM/LYM-SKMWLIST.jpg,3,LYM,3354,4,1,4,1.0592608,0.8154826,1.0,0.71094006,3.208465
/content/Dataset/BACK/BACK-DFFWQFVQ.jpg,1,BACK,3355,0,1,0,1.0780691,0.82488257,1.0,0.69744855,3.3157687
/content/Dataset/BACK/BACK-LQKKAITY.jpg,1,BACK,3356,0,1,0,1.0799631,0.82999945,1.0,0.6959991,3.304443
/content/Dataset/NORM/NORM-NFKYTEDF.jpg,6,NORM,3357,6,0,4,1.0016798,0.8068366,0.9259784,0.68402195,3.145162
/content/Dataset/LYM/LYM-VMHSHNEP.jpg,3,LYM,3358,3,0,2,1.0476639,0.80544066,1.0,0.7109825,3.194872
/content/Dataset/LYM/LYM-YQESGWHL.jpg,3,LYM,3359,3,0,4,1.0511667,0.81506145,0.9743342,0.71098334,3.2093627
/content/Dataset/STR/STR-NAYVIAQW.jpg,7,STR,3360,7,0,5,0.91655153,0.82988745,1.0,0.6194064,2.6601374
/content/Dataset/STR/STR-WHSFEPLH.jpg,7,STR,3361,7,0,5,0.92384416,0.77672637,1.0,0.6553836,2.82161
/content/Dataset/NORM/NORM-VCHPNNSQ.jpg,6,NORM,3362,6,0,4,0.9968906,0.8058583,0.9131818,0.6836901,3.1458485
/content/Dataset/ADI/ADI-DNAEQYVT.jpg,0,ADI,3363,0,0,2,1.0902036,0.82078195,0.9980488,0.72202814,3.321625
/content/Dataset/BACK/BACK-ISFVFDIP.jpg,1,BACK,3364,1,0,3,1.0664095,0.81000096,1.0,0.7044561,3.3027892
/content/Dataset/MUS/MUS-QRCARVPN.jpg,5,MUS,3365,5,0,7,0.9557479,0.77733314,1.0,0.6920818,2.8812141
/content/Dataset/NORM/NORM-QQREENWD.jpg,6,NORM,3366,6,0,4,0.9554414,0.8706079,1.0,0.5873337,2.7932084
/content/Dataset/DEB/DEB-SHDHQLCR.jpg,2,DEB,3367,2,0,3,1.0183277,0.79287183,1.0,0.6872428,3.1749206
/content/Dataset/TUM/TUM-WVAMDMGI.jpg,8,TUM,3368,8,0,6,0.9847489,0.7885106,1.0,0.690336,2.994048
/content/Dataset/DEB/DEB-WNLSWTFY.jpg,2,DEB,3369,2,0,3,1.0159202,0.7910571,1.0,0.685957,3.1749685
/content/Dataset/STR/STR-RVDHPDQR.jpg,7,STR,3370,7,0,5,0.38935834,0.83815867,1.0,0.14486642,1.1687437
/content/Dataset/ADI/ADI-FLRVSEFM.jpg,0,ADI,3371,3,1,3,1.1026261,0.8215306,1.0,0.7221979,3.385791
/content/Dataset/MUC/MUC-TQPMDSHM.jpg,4,MUC,3372,4,0,3,1.0175003,0.7921909,1.0,0.67955947,3.2010489
/content/Dataset/BACK/BACK-IVPAKFVK.jpg,1,BACK,3373,1,0,4,1.0656978,0.840165,1.0,0.69126385,3.186595
/content/Dataset/LYM/LYM-TEVTQFPF.jpg,3,LYM,3374,3,0,2,1.0530125,0.8165598,1.0,0.7089205,3.1743941
/content/Dataset/MUS/MUS-QSVAYGAE.jpg,5,MUS,3375,5,0,7,0.95658636,0.7788819,1.0,0.6919094,2.8790329
/content/Dataset/MUC/MUC-RWTEPMWY.jpg,4,MUC,3376,4,0,7,0.9922227,0.79460955,1.0,0.678774,3.0443816
/content/Dataset/DEB/DEB-AGDRYCDC.jpg,2,DEB,3377,8,1,8,1.0372264,0.8498924,1.0,0.6540405,3.1094165
/content/Dataset/LYM/LYM-QTHIYPAQ.jpg,3,LYM,3378,4,1,4,1.058593,0.8150811,1.0,0.71054024,3.208178
/content/Dataset/NORM/NORM-YQHLMQWL.jpg,6,NORM,3379,6,0,4,0.9987906,0.80604976,0.9188846,0.68376315,3.1457183
/content/Dataset/DEB/DEB-QLNFEDLW.jpg,2,DEB,3380,2,0,3,1.0192138,0.794701,1.0,0.6869365,3.1715133
/content/Dataset/MUC/MUC-VYNAMTAF.jpg,4,MUC,3381,4,0,7,0.9923912,0.7942625,1.0,0.67915,3.0458152
/content/Dataset/TUM/TUM-RWTQSVTF.jpg,8,TUM,3382,8,0,6,0.9727936,0.8493021,1.0,0.64441335,2.795868
/content/Dataset/DEB/DEB-RSKRGIAW.jpg,2,DEB,3383,2,0,3,1.0180614,0.792696,1.0,0.6870964,3.1748095
/content/Dataset/STR/STR-SCKVWLLR.jpg,7,STR,3384,7,0,5,0.92299694,0.767684,1.0,0.6600914,2.844383
/content/Dataset/TUM/TUM-QISFLERK.jpg,8,TUM,3385,8,0,6,0.74179626,0.89996225,1.0,0.42984164,2.0702395
/content/Dataset/NORM/NORM-PCGHHCNW.jpg,6,NORM,3386,4,1,4,1.004692,0.8078904,0.9343809,0.68381774,3.1432426
/content/Dataset/LYM/LYM-RLVWCYEK.jpg,3,LYM,3387,3,0,2,1.0475514,0.80553544,1.0,0.7107872,3.194412
/content/Dataset/BACK/BACK-MADETECR.jpg,1,BACK,3388,1,0,4,1.063752,0.81956786,0.9934298,0.70404106,3.2488472
/content/Dataset/DEB/DEB-PGHWHHCA.jpg,2,DEB,3389,2,0,3,1.017562,0.7918012,1.0,0.6871886,3.1762989
/content/Dataset/DEB/DEB-TDEAFWKD.jpg,2,DEB,3390,2,0,3,1.0175098,0.7952409,1.0,0.6848649,3.16602
/content/Dataset/MUC/MUC-YMEKHPLK.jpg,4,MUC,3391,4,0,3,1.0168511,0.79201585,1.0,0.679009,3.2001147
/content/Dataset/BACK/BACK-NHWNTSWH.jpg,1,BACK,3392,1,0,0,1.0746078,0.8094596,1.0,0.7041962,3.3553407
/content/Dataset/DEB/DEB-PRDKSSEP.jpg,2,DEB,3393,2,0,3,1.017548,0.792939,1.0,0.68641955,3.1729074
/content/Dataset/LYM/LYM-QWCNSNHF.jpg,3,LYM,3394,3,0,2,1.0494707,0.8435328,1.0,0.6890953,3.0871778
/content/Dataset/DEB/DEB-RVPQSIYN.jpg,2,DEB,3395,2,0,3,1.0156817,0.7999859,1.0,0.6797916,3.1483788
/content/Dataset/MUS/MUS-QTCLTPGF.jpg,5,MUS,3396,2,1,2,0.9785752,0.8774894,1.0,0.587973,2.8852437
/content/Dataset/BACK/BACK-KYSHVRRK.jpg,1,BACK,3397,0,1,0,1.075564,0.8102373,1.0,0.70460546,3.3551424
/content/Dataset/ADI/ADI-HYHCWIHK.jpg,0,ADI,3398,0,0,4,1.0839249,0.8227435,0.9970746,0.722456,3.2749786
/content/Dataset/TUM/TUM-WSCILPNK.jpg,8,TUM,3399,8,0,6,0.98555446,0.79280484,1.0,0.68839437,2.98382
/content/Dataset/BACK/BACK-ITISTCYN.jpg,1,BACK,3400,1,0,4,1.0663769,0.82360697,1.0,0.7020141,3.23815
/content/Dataset/DEB/DEB-YNVKDHAD.jpg,2,DEB,3401,2,0,3,1.0181005,0.7924111,1.0,0.6873322,3.1757145
/content/Dataset/NORM/NORM-QNYDDAHL.jpg,6,NORM,3402,6,0,8,0.88827515,0.88074195,1.0,0.55525637,2.5060644
/content/Dataset/DEB/DEB-ACSNLFWH.jpg,2,DEB,3403,2,0,3,1.0172673,0.7915044,1.0,0.68703455,3.1766899
/content/Dataset/STR/STR-WPLVLWGQ.jpg,7,STR,3404,5,1,5,0.93098843,0.78924465,1.0,0.6553707,2.8037367
/content/Dataset/LYM/LYM-NVMTTYAM.jpg,3,LYM,3405,3,0,2,1.04745,0.805062,1.0,0.7110155,3.1955278
/content/Dataset/NORM/NORM-NPAWIWTG.jpg,6,NORM,3406,6,0,8,0.9716536,0.7761913,1.0,0.6837348,3.0027351
/content/Dataset/ADI/ADI-DVILQWNT.jpg,0,ADI,3407,0,0,3,1.1018604,0.8204943,1.0,0.72216356,3.387237
/content/Dataset/STR/STR-TWFWFWGW.jpg,7,STR,3408,7,0,8,0.31830603,0.8393135,1.0,0.06474732,0.9735406
/content/Dataset/STR/STR-SGIVQGPP.jpg,7,STR,3409,7,0,5,0.9175068,0.76024777,1.0,0.65889996,2.852312
/content/Dataset/DEB/DEB-TDLQPHHS.jpg,2,DEB,3410,2,0,7,1.0106895,0.8111488,0.94979066,0.68665516,3.1244478
/content/Dataset/STR/STR-NRCHGYQN.jpg,7,STR,3411,7,0,5,0.9201821,0.76498985,1.0,0.6587218,2.8455272
/content/Dataset/MUC/MUC-MLFHKNPL.jpg,4,MUC,3412,4,0,3,1.0175953,0.7927973,1.0,0.6792353,3.1995287
/content/Dataset/LYM/LYM-NQKKIKND.jpg,3,LYM,3413,3,0,2,0.5094771,0.69461894,1.0,0.18317622,2.0558133
/content/Dataset/ADI/ADI-DMMPVMCQ.jpg,0,ADI,3414,3,1,3,1.1023061,0.82101834,1.0,0.72222686,3.3866765
/content/Dataset/ADI/ADI-EWWHVSGE.jpg,0,ADI,3415,0,0,4,1.084205,0.82330704,0.9980487,0.72206694,3.2732134
/content/Dataset/LYM/LYM-PHLFWPYA.jpg,3,LYM,3416,3,0,2,1.0484407,0.8068512,1.0,0.7108031,3.1925168
/content/Dataset/BACK/BACK-EEQWVKGW.jpg,1,BACK,3417,1,0,3,1.0664685,0.8101856,1.0,0.7043862,3.3023791
/content/Dataset/LYM/LYM-QQWCWWKI.jpg,3,LYM,3418,3,0,2,1.045812,0.8047774,1.0,0.70961255,3.1925538
/content/Dataset/NORM/NORM-YWYAAIKA.jpg,6,NORM,3419,6,0,8,0.9730115,0.7773595,1.0,0.68435854,3.0025902
/content/Dataset/STR/STR-RYSRCHVH.jpg,7,STR,3420,7,0,5,0.92674834,0.7826998,1.0,0.6547519,2.81217
/content/Dataset/DEB/DEB-SFRRIWAD.jpg,2,DEB,3421,3,1,3,1.0205805,0.7977194,1.0,0.68636924,3.1655872
/content/Dataset/STR/STR-YGFTFPYC.jpg,7,STR,3422,7,0,5,0.92654765,0.7737033,1.0,0.66020465,2.8356988
/content/Dataset/STR/STR-NPIAHEAT.jpg,7,STR,3423,7,0,5,0.92412794,0.77087235,1.0,0.65930897,2.8382022
/content/Dataset/TUM/TUM-YGEFYHMW.jpg,8,TUM,3424,8,0,6,0.98432225,0.787378,1.0,0.69066226,2.996172
/content/Dataset/NORM/NORM-SIEPVAGP.jpg,6,NORM,3425,4,1,4,1.0219383,0.83468354,1.0,0.66551787,3.058692
/content/Dataset/MUC/MUC-YGNPKGTD.jpg,4,MUC,3426,4,0,3,1.0164956,0.79114664,1.0,0.6792139,3.2019303
/content/Dataset/MUC/MUC-KRVWMEED.jpg,4,MUC,3427,4,0,3,1.0170811,0.79228556,1.0,0.67905545,3.1998672
/content/Dataset/ADI/ADI-AYYGQSLK.jpg,0,ADI,3428,3,1,3,1.103571,0.82318217,1.0,0.721967,3.3829505
/content/Dataset/TUM/TUM-RYWYIYTW.jpg,8,TUM,3429,8,0,6,0.98362374,0.7865542,1.0,0.69047743,2.996919
/content/Dataset/NORM/NORM-RMDLDLPH.jpg,6,NORM,3430,6,0,8,0.97712976,0.78393066,1.0,0.6843268,2.9934127
/content/Dataset/ADI/ADI-IGDAQHPN.jpg,0,ADI,3431,3,1,3,1.1036857,0.82328117,1.0,0.72200584,3.3829231
/content/Dataset/MUS/MUS-AYGVFQYD.jpg,5,MUS,3432,5,0,7,0.95993453,0.7842429,1.0,0.691958,2.8719802
/content/Dataset/LYM/LYM-PCGFGNWL.jpg,3,LYM,3433,3,0,2,1.0451248,0.8441605,1.0,0.68476546,3.0750322
/content/Dataset/DEB/DEB-QDEQVGMF.jpg,2,DEB,3434,2,0,7,0.98077124,0.81868374,1.0,0.6381534,2.998309
/content/Dataset/STR/STR-SGIELRAY.jpg,7,STR,3435,7,0,5,0.92004853,0.76430553,1.0,0.65905035,2.8469784
/content/Dataset/BACK/BACK-MRGTPPQN.jpg,1,BACK,3436,1,0,3,1.0666397,0.8106896,1.0,0.7042234,3.301221
/content/Dataset/BACK/BACK-NRLAMDYS.jpg,1,BACK,3437,1,0,8,1.0623118,0.8186557,1.0,0.69896334,3.2520413
/content/Dataset/LYM/LYM-NQDGLYRL.jpg,3,LYM,3438,3,0,2,1.0487864,0.8071813,1.0,0.71092266,3.1923375
/content/Dataset/LYM/LYM-PYSCVGGN.jpg,3,LYM,3439,3,0,2,1.0475515,0.8053447,1.0,0.71092683,3.1949296
/content/Dataset/MUS/MUS-RCPECEVN.jpg,5,MUS,3440,7,1,7,0.96309227,0.80120444,1.0,0.6845229,2.8336558
/content/Dataset/STR/STR-WARQDDIY.jpg,7,STR,3441,7,0,4,0.69876903,0.88629395,1.0,0.37465557,2.0386946
/content/Dataset/TUM/TUM-QTEVKWAC.jpg,8,TUM,3442,6,1,6,0.9859157,0.79655135,1.0,0.68627393,2.9744868
/content/Dataset/MUC/MUC-PDLCYSPF.jpg,4,MUC,3443,4,0,3,1.0172304,0.79253566,1.0,0.67905724,3.1994066
/content/Dataset/BACK/BACK-LTEFQHCY.jpg,1,BACK,3444,1,0,2,1.0611827,0.82524014,1.0,0.6827668,3.269433
/content/Dataset/TUM/TUM-VETSYGYK.jpg,8,TUM,3445,8,0,6,0.9847471,0.78724384,1.0,0.69117576,2.997543
/content/Dataset/STR/STR-NSNLNACV.jpg,7,STR,3446,7,0,5,0.6728326,0.8834504,1.0,0.38478914,1.900335
/content/Dataset/MUC/MUC-SMADGKSC.jpg,4,MUC,3447,4,0,3,1.0171807,0.79233855,1.0,0.6791479,3.1998415
/content/Dataset/NORM/NORM-YRCMGTWP.jpg,6,NORM,3448,6,0,8,0.9736186,0.77992177,1.0,0.6832471,2.9969323
/content/Dataset/MUC/MUC-TSIGATFV.jpg,4,MUC,3449,4,0,3,1.0170689,0.79199624,1.0,0.67920655,3.2008016
/content/Dataset/NORM/NORM-RCEYRSMG.jpg,6,NORM,3450,6,0,8,0.974001,0.7794962,1.0,0.6839671,2.9988565
/content/Dataset/LYM/LYM-CMSFGSCE.jpg,3,LYM,3451,3,0,2,1.0482662,0.8068281,1.0,0.7106616,3.1921344
/content/Dataset/MUS/MUS-ACRAHEDA.jpg,5,MUS,3452,5,0,7,0.9534674,0.77488166,1.0,0.69124454,2.882876
/content/Dataset/ADI/ADI-INTACCWI.jpg,0,ADI,3453,0,0,5,1.1003854,0.83467555,1.0,0.72046244,3.306964
/content/Dataset/TUM/TUM-WAKKPCRF.jpg,8,TUM,3454,8,0,6,0.9846861,0.78722036,1.0,0.69114345,2.9974215
/content/Dataset/MUS/MUS-ADSWWNMQ.jpg,5,MUS,3455,5,0,7,0.9536153,0.7744381,1.0,0.69173044,2.8842888
/content/Dataset/BACK/BACK-IVMHTPHK.jpg,1,BACK,3456,1,0,3,1.0660372,0.80976486,1.0,0.70424926,3.3026552
/content/Dataset/MUC/MUC-RAGENESL.jpg,4,MUC,3457,4,0,7,0.99295515,0.7950464,0.99975586,0.67930496,3.0449836
/content/Dataset/DEB/DEB-PDHKYNSE.jpg,2,DEB,3458,5,1,5,1.0526353,0.8401168,1.0,0.6764629,3.1656911
/content/Dataset/MUS/MUS-AEQLKWPL.jpg,5,MUS,3459,5,0,7,0.9416305,0.8513381,1.0,0.6370552,2.6501064
/content/Dataset/NORM/NORM-MVNRMPVW.jpg,6,NORM,3460,6,0,8,0.9766738,0.7834302,1.0,0.68418056,2.9937892
/content/Dataset/MUC/MUC-WYYDEIQP.jpg,4,MUC,3461,4,0,7,0.9935879,0.7962296,1.0,0.6791168,3.0428874
/content/Dataset/LYM/LYM-PRYSHSVH.jpg,3,LYM,3462,3,0,4,1.0529728,0.8142395,0.9822157,0.7109375,3.210337
/content/Dataset/MUS/MUS-SGLYMDGM.jpg,5,MUS,3463,7,1,7,0.9636392,0.8000908,1.0,0.685789,2.8377733
/content/Dataset/MUC/MUC-VSMINEYR.jpg,4,MUC,3464,4,0,3,1.0172617,0.7925931,1.0,0.67901933,3.1994197
/content/Dataset/STR/STR-MRPSPMGI.jpg,7,STR,3465,8,1,8,0.9859486,0.8236443,1.0,0.6271192,3.0415218
/content/Dataset/TUM/TUM-RFEYNSIL.jpg,8,TUM,3466,8,0,6,0.9851656,0.7910001,1.0,0.6891833,2.9879093
/content/Dataset/ADI/ADI-ALMGKRLR.jpg,0,ADI,3467,0,0,4,1.0850178,0.8234744,1.0,0.7221554,3.2731564
/content/Dataset/TUM/TUM-RTTFMNAY.jpg,8,TUM,3468,8,0,6,0.9856202,0.7889396,1.0,0.69097775,2.9947257
/content/Dataset/MUC/MUC-RHMFAVHQ.jpg,4,MUC,3469,4,0,7,0.9926627,0.794119,1.0,0.6795211,3.0468323
/content/Dataset/MUC/MUC-CPYTFAFL.jpg,4,MUC,3470,0,1,0,1.0300821,0.79668665,1.0,0.6786213,3.2550676
/content/Dataset/LYM/LYM-AKLMWCPD.jpg,3,LYM,3471,3,0,2,1.0488652,0.8073416,1.0,0.7108804,3.192094
/content/Dataset/STR/STR-RQGKQSMH.jpg,7,STR,3472,7,0,5,0.92035073,0.7653266,1.0,0.65863043,2.8451738
/content/Dataset/TUM/TUM-SDEAYWGA.jpg,8,TUM,3473,8,0,6,0.98409164,0.7865208,1.0,0.6909881,2.9980452
/content/Dataset/NORM/NORM-VTVTNSLS.jpg,6,NORM,3474,6,0,0,0.5614615,0.75030756,1.0,0.20442648,2.149228
/content/Dataset/MUC/MUC-TWWWQLTK.jpg,4,MUC,3475,4,0,3,1.0165306,0.7916902,1.0,0.6788759,3.200438
/content/Dataset/ADI/ADI-HGVQELEP.jpg,0,ADI,3476,3,1,3,1.1026623,0.82167983,1.0,0.7221152,3.385477
/content/Dataset/STR/STR-NRCDTGRS.jpg,7,STR,3477,5,1,5,0.9336916,0.7994695,1.0,0.65231276,2.7819006
/content/Dataset/BACK/BACK-IMHPDHSY.jpg,1,BACK,3478,1,0,3,1.0667807,0.8103541,1.0,0.7045899,3.3025424
/content/Dataset/TUM/TUM-QHEFKDWT.jpg,8,TUM,3479,8,0,6,0.98523796,0.78886724,1.0,0.69064415,2.9940288
/content/Dataset/MUS/MUS-AHLPWITG.jpg,5,MUS,3480,5,0,7,0.7160177,0.8953731,1.0,0.42629346,1.9728489
/content/Dataset/LYM/LYM-PCYGGIFN.jpg,3,LYM,3481,4,1,4,1.0538592,0.81488574,0.9838958,0.7108526,3.209339
/content/Dataset/MUS/MUS-ANTWGTNF.jpg,5,MUS,3482,5,0,7,0.9511084,0.7740997,1.0,0.68929255,2.879631
/content/Dataset/LYM/LYM-AKRENATL.jpg,3,LYM,3483,4,1,4,1.0570565,0.8146739,0.9947647,0.71087646,3.209551
/content/Dataset/NORM/NORM-MWDYGLRG.jpg,6,NORM,3484,6,0,4,0.99649537,0.80540836,0.91295886,0.68367416,3.1463513
/content/Dataset/MUS/MUS-QRLFIQAN.jpg,5,MUS,3485,5,0,7,0.96102786,0.7879298,1.0,0.69072086,2.8645294
/content/Dataset/MUS/MUS-SCMLVSSQ.jpg,5,MUS,3486,5,0,7,0.9565094,0.7782272,1.0,0.69227755,2.880562
/content/Dataset/LYM/LYM-RTHIMPWP.jpg,3,LYM,3487,3,0,2,1.0481129,0.8060421,1.0,0.71101576,3.1941566
/content/Dataset/ADI/ADI-CQISVGGV.jpg,0,ADI,3488,3,1,3,1.102304,0.8214332,1.0,0.72193056,3.38545
/content/Dataset/NORM/NORM-TDAIEPHK.jpg,6,NORM,3489,4,1,4,1.0142744,0.807786,0.96876013,0.68326294,3.1416452
/content/Dataset/STR/STR-QAQYISDQ.jpg,7,STR,3490,7,0,5,0.38595855,0.8647641,1.0,0.15473533,1.1041987
/content/Dataset/LYM/LYM-CQYGTVEL.jpg,3,LYM,3491,3,0,2,1.0481999,0.8064454,1.0,0.7108215,3.1932104
/content/Dataset/ADI/ADI-DAGNEHAW.jpg,0,ADI,3492,3,1,3,1.102224,0.821344,1.0,0.7219331,3.3854697
/content/Dataset/MUC/MUC-TMHYCTAM.jpg,4,MUC,3493,4,0,3,1.0172285,0.7924323,1.0,0.67910117,3.1997905
/content/Dataset/NORM/NORM-RKGWVESQ.jpg,6,NORM,3494,4,1,4,1.0225167,0.8105453,0.9916125,0.6828457,3.136976
/content/Dataset/BACK/BACK-PCPYAEEK.jpg,1,BACK,3495,1,0,3,1.06594,0.80948806,1.0,0.7043505,3.30323
/content/Dataset/MUC/MUC-DVIDARHM.jpg,4,MUC,3496,4,0,3,1.0174657,0.792964,1.0,0.6790024,3.198705
/content/Dataset/LYM/LYM-SNFWSPEQ.jpg,3,LYM,3497,3,0,2,1.0474522,0.8057287,1.0,0.71058613,3.1935294
/content/Dataset/ADI/ADI-GHIDSLGW.jpg,0,ADI,3498,0,0,5,1.090416,0.8303087,0.97231424,0.72207785,3.3174777
/content/Dataset/DEB/DEB-YQICTSHG.jpg,2,DEB,3499,3,1,3,1.0199249,0.7956082,1.0,0.6870708,3.1704044
/content/Dataset/ADI/ADI-IMISVTHQ.jpg,0,ADI,3500,0,0,5,1.1009139,0.83218837,1.0,0.72254133,3.3158104
/content/Dataset/STR/STR-WKKGGLIR.jpg,7,STR,3501,7,0,5,0.9213979,0.7655713,1.0,0.65963227,2.8467834
/content/Dataset/STR/STR-RGMWILGL.jpg,7,STR,3502,8,1,8,0.97330314,0.8274165,1.0,0.6111427,3.0062492
/content/Dataset/BACK/BACK-MKAKTLWP.jpg,1,BACK,3503,1,0,8,1.0625993,0.814938,0.99149156,0.70419264,3.269971
/content/Dataset/TUM/TUM-RKCTCLGN.jpg,8,TUM,3504,8,0,6,0.9792241,0.7840009,1.0,0.6875596,2.9943013
/content/Dataset/BACK/BACK-MQWFDKVC.jpg,1,BACK,3505,1,0,3,1.0661426,0.80946094,1.0,0.7045597,3.3038015
/content/Dataset/LYM/LYM-SGTLDKGH.jpg,3,LYM,3506,3,0,2,1.0510432,0.8121401,1.0,0.7098594,3.1829379
/content/Dataset/NORM/NORM-AKLKAHTW.jpg,6,NORM,3507,6,0,8,0.9779884,0.7867675,1.0,0.6833469,2.9874728
/content/Dataset/MUS/MUS-AIRWGEVM.jpg,5,MUS,3508,5,0,7,0.9575487,0.78083384,1.0,0.6916674,2.8758533
/content/Dataset/ADI/ADI-EACRAMTG.jpg,0,ADI,3509,3,1,3,1.1023595,0.82117665,1.0,0.72217023,3.3863149
/content/Dataset/TUM/TUM-YGPTIHCD.jpg,8,TUM,3510,8,0,6,0.9854196,0.78824675,1.0,0.6912538,2.9961138
/content/Dataset/MUS/MUS-STQARAWV.jpg,5,MUS,3511,5,0,7,0.96113044,0.7873968,1.0,0.69116205,2.8662086
/content/Dataset/NORM/NORM-LFDKRPVM.jpg,6,NORM,3512,6,0,8,0.9718719,0.7758901,1.0,0.68415177,3.0041153
/content/Dataset/DEB/DEB-RHHWPFGC.jpg,2,DEB,3513,2,0,3,1.0189984,0.79360974,1.0,0.68745035,3.1742067
/content/Dataset/MUS/MUS-QWWQMKPS.jpg,5,MUS,3514,2,1,2,1.0544372,0.83466834,1.0,0.6779371,3.1985133
/content/Dataset/NORM/NORM-WLQVKRLT.jpg,6,NORM,3515,6,0,4,0.99773,0.80744976,0.91095495,0.6841238,3.1447854
/content/Dataset/STR/STR-VFPQWLPR.jpg,7,STR,3516,5,1,5,0.9327469,0.7984408,1.0,0.6518517,2.7827826
/content/Dataset/STR/STR-QWYLIKNV.jpg,7,STR,3517,7,0,5,0.4127928,0.8690605,1.0,0.17518741,1.1793292
/content/Dataset/BACK/BACK-KWSKSKYD.jpg,1,BACK,3518,1,0,3,1.0662681,0.8102697,1.0,0.70413107,3.3016777
/content/Dataset/LYM/LYM-NYMWGYIN.jpg,3,LYM,3519,4,1,4,1.0583605,0.815214,1.0,0.7102896,3.207037
/content/Dataset/BACK/BACK-MQARKMNI.jpg,1,BACK,3520,2,1,2,1.0771728,0.82644224,1.0,0.6973203,3.3025384
/content/Dataset/STR/STR-WPLDKYES.jpg,7,STR,3521,7,0,4,0.5374949,0.714382,1.0,0.21638949,2.0792165
/content/Dataset/STR/STR-NIVINYPR.jpg,7,STR,3522,7,0,5,0.9183618,0.832483,1.0,0.62005657,2.6570191
/content/Dataset/BACK/BACK-MKKAGWVK.jpg,1,BACK,3523,0,1,0,1.0776808,0.81517434,1.0,0.7033729,3.3447917
/content/Dataset/DEB/DEB-VPPHVPYR.jpg,2,DEB,3524,2,0,3,1.0173836,0.7913519,1.0,0.6873511,3.1770618
/content/Dataset/TUM/TUM-YVLTLFFL.jpg,8,TUM,3525,8,0,6,0.9854063,0.78894025,1.0,0.69075143,2.9942625
/content/Dataset/ADI/ADI-IMAKSFLT.jpg,0,ADI,3526,3,1,3,1.1021804,0.820879,1.0,0.7222012,3.3868163
/content/Dataset/NORM/NORM-LHPETMCS.jpg,6,NORM,3527,6,0,8,0.97799355,0.7864463,1.0,0.6835379,2.9884582
/content/Dataset/TUM/TUM-VQVNSEIT.jpg,8,TUM,3528,8,0,6,0.98370093,0.78631955,1.0,0.6906744,2.997868
/content/Dataset/LYM/LYM-HKWLWGEW.jpg,3,LYM,3529,4,1,4,1.0587733,0.8150667,1.0,0.7107477,3.208551
/content/Dataset/STR/STR-WCMMSLLG.jpg,7,STR,3530,5,1,5,0.93098074,0.7851416,1.0,0.65788925,2.8146038
/content/Dataset/ADI/ADI-ILLNEQRF.jpg,0,ADI,3531,0,0,4,1.0847582,0.82327497,1.0,0.7220153,3.2732456
/content/Dataset/STR/STR-NHDKYKIR.jpg,7,STR,3532,7,0,5,0.9261006,0.773924,1.0,0.65964293,2.8339279
/content/Dataset/LYM/LYM-TVACRLCH.jpg,3,LYM,3533,3,0,4,1.049658,0.8140065,0.97290796,0.7106425,3.2100062
/content/Dataset/BACK/BACK-PADMYWRV.jpg,1,BACK,3534,1,0,0,1.0695142,0.820751,1.0,0.6917781,3.309167
/content/Dataset/MUC/MUC-YQLDHNTN.jpg,4,MUC,3535,3,1,3,1.0183364,0.7941537,1.0,0.67915624,3.1969466
/content/Dataset/DEB/DEB-NVYLMYVI.jpg,2,DEB,3536,2,0,3,1.0174948,0.79148793,1.0,0.68731815,3.1771092
/content/Dataset/BACK/BACK-MIQWFRMT.jpg,1,BACK,3537,1,0,3,1.0665982,0.8102221,1.0,0.7044936,3.3025475
/content/Dataset/TUM/TUM-QYSIEWVA.jpg,8,TUM,3538,8,0,6,0.9849341,0.78804326,1.0,0.69086957,2.9956477
/content/Dataset/NORM/NORM-PTAETSSF.jpg,6,NORM,3539,6,0,8,0.9764149,0.78703266,1.0,0.68159205,2.9830437
/content/Dataset/MUC/MUC-RDCDGITY.jpg,4,MUC,3540,4,0,3,1.0169517,0.79274464,1.0,0.678639,3.198138
/content/Dataset/ADI/ADI-DVPCNVFI.jpg,0,ADI,3541,0,0,4,1.0850707,0.8238943,1.0,0.72192436,3.2720392
/content/Dataset/ADI/ADI-CMYLCIAW.jpg,0,ADI,3542,0,0,4,1.0854758,0.823876,1.0,0.722311,3.2730596
/content/Dataset/BACK/BACK-IAECSGFW.jpg,1,BACK,3543,1,0,3,1.0664377,0.80978775,1.0,0.7046336,3.303472
/content/Dataset/ADI/ADI-EWPFRVKD.jpg,0,ADI,3544,0,0,5,1.0970837,0.83114034,0.9912495,0.7222268,3.3164728
/content/Dataset/STR/STR-SLHRRPKP.jpg,7,STR,3545,2,1,2,0.9945337,0.8119986,1.0,0.6488313,3.0729482
/content/Dataset/BACK/BACK-LISDQFLT.jpg,1,BACK,3546,0,1,0,1.0753529,0.8105552,1.0,0.7041905,3.3536634
/content/Dataset/LYM/LYM-YTRSWHAL.jpg,3,LYM,3547,3,0,2,1.0520352,0.81507087,1.0,0.70893097,3.1765494
/content/Dataset/ADI/ADI-FHHYAWEN.jpg,0,ADI,3548,0,0,5,1.1003693,0.8320944,1.0,0.7221095,3.3147795
/content/Dataset/ADI/ADI-HQMSVSKH.jpg,0,ADI,3549,0,0,4,1.0855601,0.82454896,1.0,0.7219504,3.2712345
/content/Dataset/NORM/NORM-VETYRMRT.jpg,6,NORM,3550,6,0,8,0.97270036,0.7769592,1.0,0.68428427,3.0030603
/content/Dataset/BACK/BACK-MAMIWFLW.jpg,1,BACK,3551,1,0,3,1.0669827,0.81054115,1.0,0.7046693,3.302412
/content/Dataset/STR/STR-PTASENIS.jpg,7,STR,3552,7,0,5,0.5747506,0.88813883,1.0,0.30442736,1.6167488
/content/Dataset/DEB/DEB-VPQPTPGA.jpg,2,DEB,3553,2,0,3,1.0183394,0.79223204,1.0,0.68767715,3.1768444
/content/Dataset/LYM/LYM-NNNDFIST.jpg,3,LYM,3554,5,1,5,1.0660416,0.82225,0.9756434,0.7085753,3.2631361
/content/Dataset/TUM/TUM-TPEPIKYQ.jpg,8,TUM,3555,8,0,6,0.98517984,0.78794575,1.0,0.6911774,2.996503
/content/Dataset/DEB/DEB-VRTYQHFW.jpg,2,DEB,3556,2,0,3,1.0169919,0.7913546,1.0,0.6869651,3.1761143
/content/Dataset/NORM/NORM-YTDIHNNW.jpg,6,NORM,3557,6,0,4,0.9996298,0.80709684,0.9191089,0.6838116,3.1445572
/content/Dataset/MUC/MUC-VLVDKQSK.jpg,4,MUC,3558,3,1,3,1.0177721,0.792841,1.0,0.6793997,3.1997516
/content/Dataset/DEB/DEB-QVPPRVTG.jpg,2,DEB,3559,2,0,3,1.0166489,0.78921735,1.0,0.68798566,3.1818516
/content/Dataset/ADI/ADI-CVTCWQTL.jpg,0,ADI,3560,0,0,4,1.085174,0.82726896,1.0,0.71982753,3.2621436
/content/Dataset/MUS/MUS-PPMIYMNW.jpg,5,MUS,3561,5,0,7,0.9554376,0.7779075,1.0,0.69132566,2.8791368
/content/Dataset/ADI/ADI-DHCFEINT.jpg,0,ADI,3562,5,1,5,1.102978,0.8377218,1.0,0.7208918,3.3038154
/content/Dataset/NORM/NORM-RNCQMFYH.jpg,6,NORM,3563,4,1,4,1.004358,0.8097553,0.9292623,0.68372196,3.140787
/content/Dataset/LYM/LYM-CMIDTWML.jpg,3,LYM,3564,4,1,4,1.0572248,0.8152591,0.9936725,0.71098685,3.2089565
/content/Dataset/TUM/TUM-YGRREPTW.jpg,8,TUM,3565,8,0,6,0.9850061,0.7877955,1.0,0.6910746,2.9966052
/content/Dataset/DEB/DEB-RYFLWWML.jpg,2,DEB,3566,2,0,3,1.0184088,0.7925372,1.0,0.687547,3.176093
/content/Dataset/BACK/BACK-LIVYCNDV.jpg,1,BACK,3567,0,1,0,1.0796995,0.82583815,1.0,0.6983545,3.3167343
/content/Dataset/LYM/LYM-QQFHVSTW.jpg,3,LYM,3568,3,0,2,1.0484997,0.8065277,1.0,0.7110824,3.1935782
/content/Dataset/MUC/MUC-VFFSWYRT.jpg,4,MUC,3569,6,1,6,1.0188779,0.82697207,1.0,0.66604865,3.0775647
/content/Dataset/LYM/LYM-TCKWHAMF.jpg,3,LYM,3570,3,0,8,0.92172784,0.90320677,1.0,0.5250005,2.6819649
/content/Dataset/TUM/TUM-YMWHSTWG.jpg,8,TUM,3571,6,1,6,0.98788595,0.7941637,1.0,0.68992996,2.9851844
/content/Dataset/MUS/MUS-SKQADAVI.jpg,5,MUS,3572,0,1,0,1.0445338,0.85298574,1.0,0.6495983,3.1510007
/content/Dataset/STR/STR-WFKVYHMY.jpg,7,STR,3573,5,1,5,0.92802167,0.78215724,1.0,0.6565485,2.816123
/content/Dataset/TUM/TUM-QEPDIMQC.jpg,8,TUM,3574,8,0,6,0.7196972,0.9008471,1.0,0.41152158,2.009194
/content/Dataset/BACK/BACK-AFWVSMRW.jpg,1,BACK,3575,0,1,0,1.0777376,0.8160792,1.0,0.70279974,3.34225
/content/Dataset/MUC/MUC-RDEKIMVF.jpg,4,MUC,3576,3,1,3,1.0177175,0.7928003,1.0,0.67933565,3.1998768
/content/Dataset/MUS/MUS-PDNTVLGA.jpg,5,MUS,3577,5,0,7,0.95830774,0.7847745,1.0,0.68994457,2.866844
/content/Dataset/MUC/MUC-QTPCNQFP.jpg,4,MUC,3578,0,1,0,1.0321479,0.8048083,1.0,0.6754456,3.2350328
/content/Dataset/STR/STR-SYKHAPTR.jpg,7,STR,3579,7,0,5,0.8887676,0.79643226,1.0,0.6073028,2.6883583
/content/Dataset/STR/STR-SNKHKIYI.jpg,7,STR,3580,5,1,5,0.9288116,0.7824709,1.0,0.6571279,2.8172479
/content/Dataset/BACK/BACK-KQKCAWKS.jpg,1,BACK,3581,0,1,0,1.0780332,0.81700456,1.0,0.702493,3.3400183
/content/Dataset/TUM/TUM-RITTYSHP.jpg,8,TUM,3582,8,0,6,0.98462576,0.7891906,1.0,0.68973684,2.9919672
/content/Dataset/LYM/LYM-SVRYGMKM.jpg,3,LYM,3583,3,0,2,1.0487523,0.80703574,1.0,0.7109839,3.1926947
/content/Dataset/LYM/LYM-QMPSAHYC.jpg,3,LYM,3584,3,0,4,1.0520189,0.8143891,0.9789838,0.7108816,3.2099702
/content/Dataset/STR/STR-NEIAGMYG.jpg,7,STR,3585,5,1,5,0.93284404,0.80830795,1.0,0.64657444,2.7558913
/content/Dataset/DEB/DEB-VKYMAFTW.jpg,2,DEB,3586,2,0,3,1.0188802,0.79310155,1.0,0.6876722,3.1754222
/content/Dataset/ADI/ADI-FIMRWGVM.jpg,0,ADI,3587,0,0,5,1.1012448,0.8334447,1.0,0.7220662,3.3126507
/content/Dataset/TUM/TUM-TVEKRWCW.jpg,8,TUM,3588,8,0,6,0.9842602,0.78679764,1.0,0.69099826,2.9975908
/content/Dataset/LYM/LYM-RPVKEMCD.jpg,3,LYM,3589,3,0,4,1.053172,0.8148056,0.98209584,0.7107736,3.2092729
/content/Dataset/NORM/NORM-SSMFIYCE.jpg,6,NORM,3590,4,1,4,1.011271,0.8086519,0.95490587,0.6837928,3.141902
/content/Dataset/LYM/LYM-RMVVSRRG.jpg,3,LYM,3591,3,0,4,1.0533606,0.81556296,0.980778,0.7108537,3.208389
/content/Dataset/TUM/TUM-TFKGGGCQ.jpg,8,TUM,3592,6,1,6,0.9888329,0.80394346,1.0,0.6846588,2.9602268
/content/Dataset/STR/STR-MQFERATT.jpg,7,STR,3593,7,0,5,0.9194065,0.7971775,1.0,0.6388478,2.755848
/content/Dataset/TUM/TUM-VWYYQMVK.jpg,8,TUM,3594,8,0,6,0.9858061,0.78908443,1.0,0.6910559,2.9948
/content/Dataset/TUM/TUM-YCAKQSAY.jpg,8,TUM,3595,8,0,6,0.98409736,0.7866857,1.0,0.6908691,2.997651
/content/Dataset/STR/STR-WLEEARLL.jpg,7,STR,3596,7,0,5,0.92567,0.77218133,1.0,0.6601871,2.8379617
/content/Dataset/NORM/NORM-YQKQCKVL.jpg,6,NORM,3597,6,0,4,1.0019594,0.8048143,0.93563646,0.6828034,3.1447527
/content/Dataset/TUM/TUM-SILGWSAH.jpg,8,TUM,3598,6,1,6,0.9894744,0.7990348,1.0,0.68843174,2.975193
/content/Dataset/NORM/NORM-ALNDIRDM.jpg,6,NORM,3599,6,0,8,0.9734784,0.7784076,1.0,0.68413615,3.000751
/content/Dataset/MUS/MUS-QACCWVYF.jpg,5,MUS,3600,5,0,7,0.9558145,0.7784989,1.0,0.6913824,2.8782363
/content/Dataset/BACK/BACK-NTASDYTM.jpg,1,BACK,3601,1,0,3,1.0660928,0.80977774,1.0,0.70430595,3.3027034
/content/Dataset/MUC/MUC-CERVQPAG.jpg,4,MUC,3602,4,0,6,1.0115505,0.8015923,0.98341537,0.67906594,3.1473331
/content/Dataset/NORM/NORM-TLDWHSRD.jpg,6,NORM,3603,6,0,8,0.9747699,0.78064185,1.0,0.68399113,2.9974484
/content/Dataset/STR/STR-PTWFETAG.jpg,7,STR,3604,4,1,4,0.9592674,0.8018644,1.0,0.63681173,2.9617918
/content/Dataset/BACK/BACK-LRTERQPQ.jpg,1,BACK,3605,1,0,3,1.0664564,0.8105613,1.0,0.70412815,3.3011975
/content/Dataset/MUS/MUS-TCIGGGSC.jpg,5,MUS,3606,5,0,7,0.9596271,0.78402406,1.0,0.6917729,2.8719008
/content/Dataset/MUC/MUC-TKRTFCFM.jpg,4,MUC,3607,2,1,2,1.0590075,0.82525843,0.99597985,0.67561036,3.2902887
/content/Dataset/ADI/ADI-FMTGTSNY.jpg,0,ADI,3608,3,1,3,1.1021464,0.8209636,1.0,0.7221179,3.3864546
/content/Dataset/DEB/DEB-VMPTVICV.jpg,2,DEB,3609,2,0,7,0.4766246,0.8761667,1.0,0.19579074,1.4079795
/content/Dataset/MUS/MUS-VHAALQCC.jpg,5,MUS,3610,5,0,7,0.95941824,0.7831616,1.0,0.6921166,2.8737433
/content/Dataset/MUC/MUC-YYLLFWIF.jpg,4,MUC,3611,4,0,3,1.0170724,0.7917776,1.0,0.67938894,3.2013397
/content/Dataset/LYM/LYM-SNDEICPY.jpg,3,LYM,3612,3,0,6,0.9284484,0.8980769,1.0,0.53986776,2.6902373
/content/Dataset/MUC/MUC-YRANCKRG.jpg,4,MUC,3613,8,1,8,1.0510068,0.8230052,1.0,0.67541397,3.2489085
/content/Dataset/STR/STR-WPIYPIDF.jpg,7,STR,3614,7,0,5,0.9266221,0.7796695,1.0,0.65660846,2.8196378
/content/Dataset/MUS/MUS-QHPRRPWS.jpg,5,MUS,3615,0,1,0,1.0629793,0.82101095,1.0,0.6857754,3.2916062
/content/Dataset/ADI/ADI-ECTHLDDY.jpg,0,ADI,3616,0,0,4,1.0842364,0.82253855,1.0,0.72203356,3.2741468
/content/Dataset/ADI/ADI-EAAEFCHW.jpg,0,ADI,3617,0,0,5,1.1006869,0.8322941,1.0,0.7222703,3.3149295
/content/Dataset/STR/STR-WHLNVSTE.jpg,7,STR,3618,2,1,2,0.996402,0.8105859,1.0,0.6515865,3.081207
/content/Dataset/NORM/NORM-APHRLGDG.jpg,6,NORM,3619,6,0,8,0.97693264,0.7839385,1.0,0.6841235,2.9929254
/content/Dataset/MUS/MUS-RWYDEYSL.jpg,5,MUS,3620,0,1,0,1.0601135,0.81350327,0.99829245,0.6884673,3.308707
/content/Dataset/STR/STR-RCAWGQCC.jpg,7,STR,3621,7,0,5,0.9241037,0.77183056,1.0,0.65863323,2.835693
/content/Dataset/MUS/MUS-SLIRNGNL.jpg,5,MUS,3622,5,0,7,0.9598443,0.78969085,1.0,0.6883734,2.8571641
/content/Dataset/LYM/LYM-NPTRELVA.jpg,3,LYM,3623,3,0,2,1.0467426,0.8045162,1.0,0.71068585,3.1955085
/content/Dataset/MUC/MUC-TQWRYCQL.jpg,4,MUC,3624,0,1,0,1.0287135,0.7976757,0.9974399,0.6773606,3.2507675
/content/Dataset/MUC/MUC-RGFDYKLL.jpg,4,MUC,3625,4,0,3,1.0170584,0.7921911,1.0,0.67910075,3.2000754
/content/Dataset/MUS/MUS-NSQTQDAS.jpg,5,MUS,3626,5,0,7,0.9545582,0.7755833,1.0,0.69196653,2.883316
/content/Dataset/ADI/ADI-AMDSEMAK.jpg,0,ADI,3627,3,1,3,1.1022271,0.8212433,1.0,0.72199893,3.3858063
/content/Dataset/MUS/MUS-SLEDASIN.jpg,5,MUS,3628,5,0,7,0.9604848,0.78662527,1.0,0.69099736,2.8668048
/content/Dataset/TUM/TUM-RKCVWKVL.jpg,8,TUM,3629,8,0,6,0.9831917,0.78615254,1.0,0.6902798,2.99712
/content/Dataset/LYM/LYM-SMATYCET.jpg,3,LYM,3630,3,0,4,1.0515821,0.81442326,0.9770736,0.711003,3.210224
/content/Dataset/MUS/MUS-QMTIYEHC.jpg,5,MUS,3631,5,0,7,0.95809627,0.78130436,1.0,0.6918991,2.8759196
/content/Dataset/MUC/MUC-ALWEGKWD.jpg,4,MUC,3632,6,1,6,1.01903,0.80824673,1.0,0.67746025,3.1331842
/content/Dataset/LYM/LYM-QEYEEAMK.jpg,3,LYM,3633,3,0,2,1.0497557,0.8156049,1.0,0.7063533,3.169845
/content/Dataset/STR/STR-PPADWDCK.jpg,7,STR,3634,7,0,5,0.28007424,0.7908897,1.0,0.058937825,0.872666
/content/Dataset/DEB/DEB-VNGCDDKC.jpg,2,DEB,3635,4,1,4,1.0541176,0.8519827,1.0,0.6569211,3.184012
/content/Dataset/NORM/NORM-LSHQTRSH.jpg,6,NORM,3636,6,0,8,0.984231,0.802674,1.0,0.67971694,2.9569035
/content/Dataset/MUC/MUC-PVRGCCTL.jpg,4,MUC,3637,4,0,3,1.0169089,0.791515,1.0,0.6793847,3.2017925
/content/Dataset/DEB/DEB-TPLQPWVV.jpg,2,DEB,3638,2,0,3,1.0187296,0.79319286,1.0,0.68746954,3.1747725
/content/Dataset/TUM/TUM-RAVTVAIC.jpg,8,TUM,3639,8,0,6,0.98475707,0.7872327,1.0,0.69119215,2.9976006
/content/Dataset/STR/STR-MRFKFIMS.jpg,7,STR,3640,5,1,5,0.929407,0.8152901,1.0,0.6392757,2.7294846
/content/Dataset/STR/STR-TLLNECHF.jpg,7,STR,3641,5,1,5,0.9282662,0.82208693,1.0,0.6347098,2.7082913
/content/Dataset/MUC/MUC-WQDQSMPW.jpg,4,MUC,3642,0,1,0,1.0316503,0.7989191,1.0,0.6787375,3.2518551
/content/Dataset/LYM/LYM-NRIHIILA.jpg,3,LYM,3643,3,0,2,1.0504242,0.81469,1.0,0.70764375,3.1738806
/content/Dataset/TUM/TUM-YVSMCDID.jpg,8,TUM,3644,8,0,6,0.9856567,0.78895694,1.0,0.69098717,2.994815
/content/Dataset/TUM/TUM-WPDQATKG.jpg,8,TUM,3645,8,0,6,0.9852169,0.788363,1.0,0.690951,2.995393
/content/Dataset/LYM/LYM-VMHRNMRY.jpg,3,LYM,3646,3,0,4,1.0515033,0.8154429,0.97611994,0.71050197,3.2078211
/content/Dataset/STR/STR-PYDVVAIG.jpg,7,STR,3647,7,0,5,0.9265074,0.7746288,1.0,0.65955263,2.8331923
/content/Dataset/LYM/LYM-NIVGAINY.jpg,3,LYM,3648,4,1,4,1.0552981,0.8150818,0.9878671,0.71095866,3.2091782
/content/Dataset/ADI/ADI-EKGVPWKF.jpg,0,ADI,3649,0,0,5,1.0943744,0.8310117,0.9820958,0.7224566,3.317328
/content/Dataset/MUS/MUS-SCTRTMQS.jpg,5,MUS,3650,5,0,7,0.957781,0.77979136,1.0,0.692607,2.8791294
/content/Dataset/MUC/MUC-TMPVDSNA.jpg,4,MUC,3651,4,0,7,0.99819076,0.81034297,1.0,0.67506176,3.0127122
/content/Dataset/LYM/LYM-AVMWHPFA.jpg,3,LYM,3652,3,0,2,1.0471668,0.8045267,1.0,0.7110997,3.1964357
/content/Dataset/LYM/LYM-SQCWLQET.jpg,3,LYM,3653,3,0,2,1.0476661,0.80563426,1.0,0.7108333,3.1943862
/content/Dataset/ADI/ADI-APLGRGCC.jpg,0,ADI,3654,0,0,2,1.0907449,0.8204496,1.0,0.72220117,3.3223848
/content/Dataset/STR/STR-YSHMTWND.jpg,7,STR,3655,7,0,5,0.9233248,0.7678539,1.0,0.6603195,2.8447115
/content/Dataset/MUS/MUS-SSMSSWWM.jpg,5,MUS,3656,5,0,7,0.95910317,0.78372276,1.0,0.6914303,2.8715143
/content/Dataset/NORM/NORM-PITYDFCH.jpg,6,NORM,3657,4,1,4,1.022143,0.81189466,0.98750556,0.6827862,3.1351385
/content/Dataset/DEB/DEB-VDVAVYRC.jpg,2,DEB,3658,2,0,7,0.9731433,0.8255669,1.0,0.62714493,2.9597213
/content/Dataset/TUM/TUM-WFCFACLP.jpg,8,TUM,3659,8,0,6,0.9853257,0.78879863,1.0,0.6907497,2.994514
/content/Dataset/LYM/LYM-QWHCRKSH.jpg,3,LYM,3660,3,0,2,1.0502319,0.8111139,1.0,0.7097576,3.184038
/content/Dataset/ADI/ADI-ALHFVEGP.jpg,0,ADI,3661,0,0,4,1.084561,0.82255375,0.9992679,0.7225411,3.275405
/content/Dataset/MUS/MUS-RGQEFPCR.jpg,5,MUS,3662,5,0,7,0.9554931,0.77687275,1.0,0.6920887,2.881971
/content/Dataset/NORM/NORM-PYAFFNQE.jpg,6,NORM,3663,6,0,8,0.97316974,0.7778356,1.0,0.68418986,3.0016696
/content/Dataset/TUM/TUM-QQYFIWLR.jpg,8,TUM,3664,8,0,6,0.32823822,0.82544553,1.0,0.09477867,0.99365824
/content/Dataset/NORM/NORM-VWMQYIEC.jpg,6,NORM,3665,4,1,4,1.0028517,0.8069306,0.93073815,0.6836939,3.1443295
/content/Dataset/ADI/ADI-HTYQQHTI.jpg,0,ADI,3666,0,0,4,1.0854517,0.82368195,1.0,0.72243494,3.2735167
/content/Dataset/BACK/BACK-MLPNHCAT.jpg,1,BACK,3667,1,0,3,1.0662568,0.80981886,1.0,0.7044464,3.3029253
/content/Dataset/DEB/DEB-RGLTQDWS.jpg,2,DEB,3668,5,1,5,1.054694,0.83085084,1.0,0.683796,3.1987042
/content/Dataset/MUC/MUC-AGTVNQEH.jpg,4,MUC,3669,4,0,7,0.99442077,0.79751337,1.0,0.6791879,3.0409658
/content/Dataset/DEB/DEB-SHYWPYMK.jpg,2,DEB,3670,2,0,3,1.0182468,0.7934195,1.0,0.68679833,3.1731179
/content/Dataset/NORM/NORM-QVDEWFSW.jpg,6,NORM,3671,6,0,8,0.9734155,0.77857816,1.0,0.6839634,3.0001109
/content/Dataset/DEB/DEB-PKTEQSEE.jpg,2,DEB,3672,2,0,3,1.0182827,0.79225075,1.0,0.6876236,3.1766012
/content/Dataset/DEB/DEB-RHIWKHYR.jpg,2,DEB,3673,2,0,3,1.0161839,0.78927153,1.0,0.68748033,3.180617
/content/Dataset/BACK/BACK-MMQEFEPA.jpg,1,BACK,3674,1,0,3,1.0665655,0.81028736,1.0,0.7044151,3.3022861
/content/Dataset/DEB/DEB-PKSAEYWY.jpg,2,DEB,3675,3,1,3,1.0197811,0.7954979,1.0,0.68700325,3.170385
/content/Dataset/NORM/NORM-WKWNIWHN.jpg,6,NORM,3676,4,1,4,1.0079762,0.80738235,0.9472434,0.68362975,3.143269
/content/Dataset/LYM/LYM-FPAFFSYS.jpg,3,LYM,3677,8,1,8,1.0936826,0.84309083,1.0,0.6981537,3.305471
/content/Dataset/DEB/DEB-TECQKCPW.jpg,2,DEB,3678,8,1,8,1.0491999,0.8310803,1.0,0.67566913,3.1952019
/content/Dataset/BACK/BACK-NYMHLPDQ.jpg,1,BACK,3679,1,0,8,1.0631955,0.8152742,0.9933085,0.7039998,3.2690544
/content/Dataset/NORM/NORM-TVEMECKK.jpg,6,NORM,3680,4,1,4,1.0158752,0.80707335,0.97826695,0.6825291,3.140722
/content/Dataset/LYM/LYM-PSGMNGDE.jpg,3,LYM,3681,4,1,4,1.0585035,0.8153721,0.9970746,0.7111498,3.2091162
/content/Dataset/NORM/NORM-VNQYGPNE.jpg,6,NORM,3682,6,0,8,0.9763953,0.7825668,1.0,0.68444866,2.99561
/content/Dataset/ADI/ADI-DHEKDCKY.jpg,0,ADI,3683,0,0,4,1.0844679,0.8231508,0.9992679,0.72204494,3.2734544
/content/Dataset/STR/STR-QVVENSFP.jpg,7,STR,3684,5,1,5,0.92998326,0.79648256,1.0,0.6500443,2.7820733
/content/Dataset/MUS/MUS-RCWHYNHR.jpg,5,MUS,3685,5,0,7,0.95535815,0.7768609,1.0,0.69197154,2.8816485
/content/Dataset/STR/STR-YHCCTILK.jpg,7,STR,3686,2,1,2,0.99556106,0.8054154,1.0,0.6539034,3.0943532
/content/Dataset/LYM/LYM-VPFLLFGY.jpg,3,LYM,3687,4,1,4,1.0588181,0.81516284,1.0,0.71072924,3.2083657
/content/Dataset/ADI/ADI-FENWYTYV.jpg,0,ADI,3688,0,0,5,1.1006515,0.8334662,1.0,0.7214562,3.3113713
/content/Dataset/ADI/ADI-CGCSIIPN.jpg,0,ADI,3689,3,1,3,1.1023531,0.8212224,1.0,0.7221319,3.3861635
/content/Dataset/NORM/NORM-PEEKRTAV.jpg,6,NORM,3690,4,1,4,1.0209961,0.80674833,1.0,0.6814718,3.1381881
/content/Dataset/MUC/MUC-PHSPADEE.jpg,4,MUC,3691,4,0,6,1.0176111,0.80369335,1.0,0.6788513,3.143613
/content/Dataset/TUM/TUM-YMCLHMLL.jpg,8,TUM,3692,6,1,6,0.98813707,0.795121,1.0,0.689566,2.9830968
/content/Dataset/TUM/TUM-QMWDILHL.jpg,8,TUM,3693,6,1,6,0.9910985,0.8240408,1.0,0.6749684,2.9092407
/content/Dataset/STR/STR-VSRWFPYG.jpg,7,STR,3694,7,0,6,0.34331354,0.84494466,1.0,0.082491726,1.0498637
/content/Dataset/ADI/ADI-FCIGIFIP.jpg,0,ADI,3695,0,0,4,1.089599,0.8392055,1.0,0.7163306,3.2367682
/content/Dataset/LYM/LYM-NNMRYFAD.jpg,3,LYM,3696,3,0,2,1.0488551,0.8075225,1.0,0.7107437,3.1915631
/content/Dataset/MUC/MUC-WMKPMLEM.jpg,4,MUC,3697,4,0,3,1.0171274,0.79223764,1.0,0.6791647,3.2000065
/content/Dataset/MUC/MUC-SRSDHTVR.jpg,4,MUC,3698,4,0,7,0.9923146,0.7946874,1.0,0.67886543,3.0442069
/content/Dataset/MUC/MUC-AHFMQGFR.jpg,4,MUC,3699,4,0,3,1.0170628,0.79171383,1.0,0.67940587,3.2015631
/content/Dataset/MUS/MUS-QPGNLHVK.jpg,5,MUS,3700,7,1,7,0.96718645,0.81977236,1.0,0.677687,2.7932036
/content/Dataset/STR/STR-TRRDHGSE.jpg,7,STR,3701,5,1,5,0.9332363,0.79932964,1.0,0.65198356,2.7810702
/content/Dataset/BACK/BACK-ILVQALAT.jpg,1,BACK,3702,1,0,3,1.0663738,0.8103394,1.0,0.7041952,3.3016822
/content/Dataset/MUC/MUC-SPSEEGTS.jpg,4,MUC,3703,4,0,6,1.0175492,0.8044261,1.0,0.67831415,3.1413455
/content/Dataset/DEB/DEB-TLLKEVCY.jpg,2,DEB,3704,2,0,3,1.0192183,0.7939165,1.0,0.68747586,3.1737804
/content/Dataset/ADI/ADI-DFKLYAFS.jpg,0,ADI,3705,3,1,3,1.1025236,0.82088995,1.0,0.7225336,3.387522
/content/Dataset/MUS/MUS-RKDSYPHC.jpg,5,MUS,3706,5,0,7,0.9581464,0.7806304,1.0,0.6924679,2.8776052
/content/Dataset/MUC/MUC-QMSFINIA.jpg,4,MUC,3707,4,0,7,0.99291176,0.7948468,1.0,0.67934906,3.0451808
/content/Dataset/NORM/NORM-PQSIRHTD.jpg,6,NORM,3708,4,1,4,1.0269125,0.8228259,1.0,0.67717123,3.1051216
/content/Dataset/BACK/BACK-NRGHWNAW.jpg,1,BACK,3709,0,1,0,1.0760049,0.812412,1.0,0.70355695,3.3495421
/content/Dataset/NORM/NORM-WGWGGGWH.jpg,6,NORM,3710,6,0,4,0.99805725,0.80630887,0.9148555,0.6840698,3.1460614
/content/Dataset/BACK/BACK-AAEQYIPD.jpg,1,BACK,3711,1,0,0,1.075029,0.81032395,1.0,0.7040578,3.3535278
/content/Dataset/MUC/MUC-AHDYYVDL.jpg,4,MUC,3712,4,0,3,1.0175796,0.79219157,1.0,0.67962044,3.2012956
/content/Dataset/ADI/ADI-CAQAFKEQ.jpg,0,ADI,3713,0,0,2,1.089866,0.82083464,0.9965878,0.72210467,3.3217673
/content/Dataset/BACK/BACK-INMIHNRT.jpg,1,BACK,3714,0,1,0,1.0758127,0.8186443,1.0,0.69928277,3.3298519
/content/Dataset/DEB/DEB-PCCTPEME.jpg,2,DEB,3715,2,0,3,1.0151503,0.79004925,1.0,0.6859427,3.1758468
/content/Dataset/NORM/NORM-RWYVCNNM.jpg,6,NORM,3716,6,0,4,0.9997267,0.8067262,0.91967016,0.6840357,3.1453156
/content/Dataset/NORM/NORM-SFQVHKEF.jpg,6,NORM,3717,6,0,4,0.9996905,0.80644715,0.9201192,0.68404704,3.1457474
/content/Dataset/STR/STR-SGSDIINI.jpg,7,STR,3718,7,0,6,0.48267603,0.714551,1.0,0.13673289,1.9463569
/content/Dataset/MUC/MUC-RPQHKNEC.jpg,4,MUC,3719,6,1,6,1.0206114,0.8207572,1.0,0.6713523,3.0999763
/content/Dataset/NORM/NORM-SGESECRP.jpg,6,NORM,3720,6,0,8,0.9767169,0.78328496,1.0,0.68430626,2.9943395
/content/Dataset/MUS/MUS-SAQAYVGD.jpg,5,MUS,3721,5,0,7,0.9555333,0.7862392,1.0,0.6861084,2.8567433
/content/Dataset/STR/STR-WLRRNTYF.jpg,7,STR,3722,7,0,5,0.9240109,0.76929414,1.0,0.6601491,2.8423228
/content/Dataset/STR/STR-RNLTEFYK.jpg,7,STR,3723,7,0,5,0.9193602,0.77751905,1.0,0.6499105,2.810023
/content/Dataset/STR/STR-RFLQGQAV.jpg,7,STR,3724,5,1,5,0.9300789,0.8151675,1.0,0.6400821,2.7311425
/content/Dataset/LYM/LYM-LAHSMNPK.jpg,3,LYM,3725,3,0,2,1.0469916,0.80460197,1.0,0.7108869,3.1957781
/content/Dataset/DEB/DEB-WHIKKSLW.jpg,2,DEB,3726,2,0,4,0.41744184,0.624199,0.98931533,0.05709308,2.0158033
/content/Dataset/MUC/MUC-NQVHIEWD.jpg,4,MUC,3727,4,0,3,1.0171901,0.7920597,1.0,0.6793174,3.200782
/content/Dataset/BACK/BACK-HYYVILKV.jpg,1,BACK,3728,1,0,3,1.0659972,0.80943227,1.0,0.70445436,3.303491
/content/Dataset/STR/STR-QLPKHDQE.jpg,7,STR,3729,7,0,5,0.9241497,0.76914054,1.0,0.66045636,2.8428628
/content/Dataset/LYM/LYM-RWKIHAMG.jpg,3,LYM,3730,4,1,4,1.0550334,0.8146846,0.9899193,0.71033466,3.2083507
/content/Dataset/NORM/NORM-QRTQMTKV.jpg,6,NORM,3731,4,1,4,1.0107025,0.8067256,0.9589944,0.6833027,3.1432502
/content/Dataset/MUS/MUS-QYWAQWQT.jpg,5,MUS,3732,5,0,7,0.9550624,0.77646726,1.0,0.6918993,2.8821104
/content/Dataset/DEB/DEB-ADGLMFSM.jpg,2,DEB,3733,2,0,3,1.0181547,0.79195535,1.0,0.68768215,3.1772122
/content/Dataset/NORM/NORM-TWERPNAG.jpg,6,NORM,3734,6,0,8,0.97229356,0.7852668,1.0,0.6783956,2.9789193
/content/Dataset/DEB/DEB-SQVKPTGL.jpg,2,DEB,3735,2,0,3,1.0177195,0.79188,1.0,0.6873143,3.1763608
/content/Dataset/TUM/TUM-QNEPHINS.jpg,8,TUM,3736,6,1,6,0.98614174,0.7937664,1.0,0.6883175,2.9826515
/content/Dataset/MUS/MUS-PDNGDLDA.jpg,5,MUS,3737,5,0,7,0.9551122,0.77607054,1.0,0.692224,2.8832574
/content/Dataset/NORM/NORM-VAVWFMGA.jpg,6,NORM,3738,6,0,4,0.99845284,0.80783725,0.91245764,0.68413055,3.144319
/content/Dataset/BACK/BACK-HAEQRDMV.jpg,1,BACK,3739,1,0,3,1.0663677,0.8104207,1.0,0.704141,3.3013995
/content/Dataset/STR/STR-VFTGHWMQ.jpg,7,STR,3740,5,1,5,0.9279304,0.7828319,1.0,0.6559989,2.8142266
/content/Dataset/LYM/LYM-FRGYLKWK.jpg,3,LYM,3741,3,0,2,1.0473996,0.8052283,1.0,0.7108448,3.1949608
/content/Dataset/NORM/NORM-RQFAHYSN.jpg,6,NORM,3742,4,1,4,1.0164969,0.8089943,0.9729078,0.68343735,3.1404476
/content/Dataset/BACK/BACK-ISESSKRC.jpg,1,BACK,3743,0,1,0,1.0762383,0.8123857,1.0,0.70381385,3.350112
/content/Dataset/LYM/LYM-TSNDDGPC.jpg,3,LYM,3744,8,1,8,1.085518,0.8431087,1.0,0.69027185,3.2875807
/content/Dataset/BACK/BACK-IMRHKHQS.jpg,1,BACK,3745,1,0,3,1.0667084,0.8104384,1.0,0.70447266,3.3020864
/content/Dataset/TUM/TUM-VNGFELWL.jpg,8,TUM,3746,8,0,6,0.9833955,0.78597003,1.0,0.6905891,2.9981575
/content/Dataset/LYM/LYM-SVWDRCIL.jpg,3,LYM,3747,3,0,2,1.0502557,0.81418484,1.0,0.7078611,3.1747894
/content/Dataset/MUS/MUS-ALCTRVRT.jpg,5,MUS,3748,5,0,7,0.9534249,0.7742974,1.0,0.69161123,2.8842773
/content/Dataset/STR/STR-QMHFPHNV.jpg,7,STR,3749,7,0,5,0.7625521,0.88352895,1.0,0.4626547,2.1345851
/content/Dataset/ADI/ADI-EVSEMHKV.jpg,0,ADI,3750,0,0,1,0.3661706,0.86630654,1.0,0.10783924,1.0849077
/content/Dataset/NORM/NORM-YLYFELEK.jpg,6,NORM,3751,6,0,8,0.97461635,0.7797351,1.0,0.68446475,2.99953
/content/Dataset/MUS/MUS-NWYYNWVQ.jpg,5,MUS,3752,5,0,7,0.95662916,0.77861124,1.0,0.6921531,2.8797898
/content/Dataset/BACK/BACK-MAVPPGNG.jpg,1,BACK,3753,1,0,3,1.0661752,0.8100336,1.0,0.7042017,3.3021672
/content/Dataset/MUS/MUS-VHHALKKE.jpg,5,MUS,3754,5,0,7,0.95923966,0.78319347,1.0,0.6918992,2.8732917
/content/Dataset/DEB/DEB-PPYCPSFY.jpg,2,DEB,3755,2,0,3,1.0169133,0.79221326,1.0,0.6862865,3.1735008
/content/Dataset/MUC/MUC-PPTILTFW.jpg,4,MUC,3756,4,0,3,1.0163139,0.7918488,1.0,0.67855763,3.199445
/content/Dataset/MUC/MUC-SEVKRDGR.jpg,4,MUC,3757,1,1,1,1.0300308,0.80476844,1.0,0.6726527,3.2328954
/content/Dataset/MUC/MUC-NWVPWMVY.jpg,4,MUC,3758,4,0,3,1.0171276,0.79154414,1.0,0.6796049,3.202143
/content/Dataset/STR/STR-PEQLFRSM.jpg,7,STR,3759,7,0,5,0.9211282,0.7651515,1.0,0.6596408,2.8472195
/content/Dataset/MUC/MUC-NFKVWLYP.jpg,4,MUC,3760,4,0,3,1.0170004,0.7918222,1.0,0.67928326,3.2010534
/content/Dataset/LYM/LYM-ATFIINET.jpg,3,LYM,3761,3,0,2,1.0484651,0.80671287,1.0,0.7109328,3.19293
/content/Dataset/MUS/MUS-RFKMQREM.jpg,5,MUS,3762,5,0,7,0.9606921,0.78454584,1.0,0.6925528,2.872852
/content/Dataset/STR/STR-PVFEDQKL.jpg,7,STR,3763,2,1,2,0.98590696,0.8024776,0.97055036,0.6545265,3.1009555
/content/Dataset/ADI/ADI-IFDWPRTL.jpg,0,ADI,3764,0,0,5,1.0911556,0.8301281,0.9739774,0.72241783,3.3184705
/content/Dataset/BACK/BACK-LISTFNVM.jpg,1,BACK,3765,0,1,0,1.0752509,0.8099576,1.0,0.7045032,3.3552275
/content/Dataset/DEB/DEB-TDYKRMES.jpg,2,DEB,3766,2,0,3,1.0180216,0.79157686,1.0,0.6878046,3.1780066
/content/Dataset/NORM/NORM-WKIVMNIE.jpg,6,NORM,3767,4,1,4,1.0131623,0.8101383,0.96157324,0.68265456,3.1375437
/content/Dataset/MUS/MUS-TCLKTRWD.jpg,5,MUS,3768,5,0,7,0.9551702,0.7764041,1.0,0.692076,2.8824549
/content/Dataset/DEB/DEB-RCNNTGMF.jpg,2,DEB,3769,8,1,8,1.0483904,0.8360564,1.0,0.6719601,3.1782937
/content/Dataset/DEB/DEB-VESISTIG.jpg,2,DEB,3770,8,1,8,1.0433503,0.8446411,1.0,0.66253895,3.1398659
/content/Dataset/ADI/ADI-DITISDFY.jpg,0,ADI,3771,0,0,5,1.1005334,0.83241564,1.0,0.722039,3.3142393
/content/Dataset/STR/STR-WHCNAAMP.jpg,7,STR,3772,5,1,5,0.9320523,0.8064482,1.0,0.64666456,2.7595055
/content/Dataset/STR/STR-TCYTDGKQ.jpg,7,STR,3773,7,0,5,0.7498973,0.8881962,1.0,0.4515718,2.0888212
/content/Dataset/MUS/MUS-PSTLSQTG.jpg,5,MUS,3774,5,0,7,0.9548789,0.7758344,1.0,0.692131,2.8833814
/content/Dataset/LYM/LYM-YKWVMKGH.jpg,3,LYM,3775,3,0,2,1.0475961,0.8054734,1.0,0.710874,3.1946914
/content/Dataset/STR/STR-SRAIVPFA.jpg,7,STR,3776,5,1,5,0.92999935,0.78443754,1.0,0.6573207,2.8141854
/content/Dataset/BACK/BACK-AFVMCLCC.jpg,1,BACK,3777,1,0,0,1.0746374,0.84269613,1.0,0.6833553,3.252727
/content/Dataset/NORM/NORM-WKIIHCEF.jpg,6,NORM,3778,6,0,8,0.9763697,0.7845891,1.0,0.6830463,2.9900594
/content/Dataset/DEB/DEB-PDHSHRQL.jpg,2,DEB,3779,4,1,4,1.0394993,0.8295516,0.899683,0.6849368,3.291396
/content/Dataset/TUM/TUM-YLTMTWRN.jpg,8,TUM,3780,6,1,6,0.992611,0.8082994,1.0,0.6858088,2.9564598
/content/Dataset/BACK/BACK-MFTCPFIP.jpg,1,BACK,3781,0,1,0,1.0751054,0.84352237,1.0,0.68332756,3.2511857
/content/Dataset/BACK/BACK-MQIQLYYG.jpg,1,BACK,3782,0,1,0,1.0751114,0.8106921,1.0,0.7038515,3.3527334
/content/Dataset/TUM/TUM-TPIKDPDW.jpg,8,TUM,3783,6,1,6,0.99067175,0.8275926,1.0,0.6725565,2.8983207
/content/Dataset/BACK/BACK-KGTLCCCM.jpg,1,BACK,3784,1,0,3,1.0666863,0.8104061,1.0,0.7044762,3.302121
/content/Dataset/STR/STR-YVPHSAPQ.jpg,7,STR,3785,5,1,5,0.9331072,0.7958292,1.0,0.6537792,2.7904968
/content/Dataset/DEB/DEB-YHRYTSGS.jpg,2,DEB,3786,2,0,3,1.0176694,0.79193664,1.0,0.6871955,3.1761863
/content/Dataset/NORM/NORM-PACVDGLK.jpg,6,NORM,3787,4,1,4,1.0079825,0.806663,0.94874763,0.68366337,3.1443317
/content/Dataset/LYM/LYM-NNRSEIPK.jpg,3,LYM,3788,3,0,2,1.0481067,0.8067086,1.0,0.71057653,3.1921492
/content/Dataset/TUM/TUM-WRWRFFSE.jpg,8,TUM,3789,8,0,6,0.9830969,0.7870463,1.0,0.68955296,2.9945493
/content/Dataset/MUS/MUS-CKQYANTM.jpg,5,MUS,3790,5,0,7,0.95773005,0.78184307,1.0,0.69119555,2.8735602
/content/Dataset/MUS/MUS-ASIVCNHA.jpg,5,MUS,3791,4,1,4,1.0507299,0.83838916,1.0,0.674134,3.1719496
/content/Dataset/DEB/DEB-TCTTRGLD.jpg,2,DEB,3792,2,0,3,1.018531,0.7924716,1.0,0.68771935,3.176548
/content/Dataset/BACK/BACK-MEDYSIKR.jpg,1,BACK,3793,1,0,3,1.0662344,0.8100706,1.0,0.7042433,3.302159
/content/Dataset/TUM/TUM-TTMPGTKI.jpg,8,TUM,3794,8,0,6,0.98480463,0.7881384,1.0,0.6906522,2.9951632
/content/Dataset/MUC/MUC-NTPCLREH.jpg,4,MUC,3795,4,0,3,1.0172837,0.79271793,1.0,0.6789688,3.1990635
/content/Dataset/BACK/BACK-IFRYCLDT.jpg,1,BACK,3796,0,1,0,1.0753047,0.8101975,1.0,0.7043792,3.3546705
/content/Dataset/LYM/LYM-TASVIGKG.jpg,3,LYM,3797,4,1,4,1.0538826,0.8146521,0.98401576,0.7110184,3.2099123
/content/Dataset/DEB/DEB-QLHYCTPE.jpg,2,DEB,3798,2,0,5,0.9615806,0.8425473,1.0,0.5897749,2.942002
/content/Dataset/MUS/MUS-QSADKADH.jpg,5,MUS,3799,0,1,0,1.0534493,0.84630024,1.0,0.6614008,3.1928394
/content/Dataset/MUC/MUC-QHQKIRKN.jpg,4,MUC,3800,4,0,7,0.9929736,0.79490304,0.9995119,0.6794883,3.0455973
/content/Dataset/DEB/DEB-VCCDDKRI.jpg,2,DEB,3801,2,0,3,1.0171497,0.7928704,1.0,0.685987,3.172466
/content/Dataset/STR/STR-WFAARARL.jpg,7,STR,3802,5,1,5,0.92857355,0.79664844,1.0,0.64843744,2.7786071
/content/Dataset/ADI/ADI-GRKQNFYY.jpg,0,ADI,3803,5,1,5,1.103707,0.83895504,1.0,0.72078747,3.301735
/content/Dataset/ADI/ADI-EHHRERRW.jpg,0,ADI,3804,5,1,5,1.1026744,0.83632123,1.0,0.72151995,3.3073127
/content/Dataset/NORM/NORM-YRWCDPHT.jpg,6,NORM,3805,5,1,5,1.0545659,0.8313839,0.96805084,0.6804926,3.2632089
/content/Dataset/DEB/DEB-YAYFCGFI.jpg,2,DEB,3806,2,0,3,1.0179018,0.79255605,1.0,0.68702805,3.1748571
/content/Dataset/ADI/ADI-INQDTKER.jpg,0,ADI,3807,3,1,3,1.102876,0.82197964,1.0,0.7221217,3.3850255
/content/Dataset/STR/STR-YQGMVTQG.jpg,7,STR,3808,2,1,2,0.99556226,0.81134456,1.0,0.65034413,3.0768855
/content/Dataset/LYM/LYM-RGVEFGVQ.jpg,3,LYM,3809,5,1,5,1.0662868,0.8221397,0.9694699,0.7106735,3.2686684
/content/Dataset/LYM/LYM-NKQIWPLV.jpg,3,LYM,3810,3,0,2,1.048279,0.8063195,1.0,0.7110102,3.1936655
/content/Dataset/LYM/LYM-IFIDDDPD.jpg,3,LYM,3811,3,0,2,1.047953,0.80624866,1.0,0.7106975,3.1932685
/content/Dataset/DEB/DEB-YHSKSEAP.jpg,2,DEB,3812,2,0,3,1.017951,0.79190135,1.0,0.6875337,3.176829
/content/Dataset/TUM/TUM-RKSEIKRA.jpg,8,TUM,3813,6,1,6,0.98590076,0.78975093,1.0,0.69072145,2.9931417
/content/Dataset/TUM/TUM-STIFKRIL.jpg,8,TUM,3814,8,0,6,0.98536134,0.7883617,1.0,0.69108707,2.9957652
/content/Dataset/DEB/DEB-PCGHKQWT.jpg,2,DEB,3815,2,0,3,1.0160639,0.79132694,1.0,0.68597895,3.1743035
/content/Dataset/NORM/NORM-AIVFNLNR.jpg,6,NORM,3816,6,0,4,0.99877155,0.80650043,0.9170916,0.6839862,3.1456037
/content/Dataset/ADI/ADI-GWVQNVSD.jpg,0,ADI,3817,0,0,4,1.0835022,0.8226031,0.9970746,0.72214717,3.2744246
/content/Dataset/LYM/LYM-RGYLKLEH.jpg,3,LYM,3818,3,0,2,0.45380673,0.8684944,1.0,0.17908534,1.348998
/content/Dataset/MUS/MUS-RCVLGWEM.jpg,5,MUS,3819,5,0,7,0.94812065,0.79829454,1.0,0.6711291,2.8074546
/content/Dataset/STR/STR-WSSASESM.jpg,7,STR,3820,7,0,5,0.9265219,0.7856022,1.0,0.6527876,2.8037486
/content/Dataset/DEB/DEB-YICYSLKN.jpg,2,DEB,3821,2,0,3,1.0185854,0.79263365,1.0,0.6876858,3.1761265
/content/Dataset/LYM/LYM-TMRASTWP.jpg,3,LYM,3822,3,0,4,1.0508564,0.8147838,0.97409636,0.7109337,3.209647
/content/Dataset/BACK/BACK-IIADAEDS.jpg,1,BACK,3823,0,1,0,1.0761247,0.8127081,1.0,0.7034862,3.3488677
/content/Dataset/BACK/BACK-KECADEGC.jpg,1,BACK,3824,1,0,3,1.0665114,0.810416,1.0,0.70428723,3.301732
/content/Dataset/LYM/LYM-FGWERCTP.jpg,3,LYM,3825,3,0,2,1.0526556,0.81655467,1.0,0.7085658,3.1736379
/content/Dataset/TUM/TUM-SQTFDRVD.jpg,8,TUM,3826,8,0,6,0.9830506,0.7848903,1.0,0.690967,3.000323
/content/Dataset/ADI/ADI-INWHFPQK.jpg,0,ADI,3827,5,1,5,1.1047893,0.845898,1.0,0.7174524,3.2830698
/content/Dataset/TUM/TUM-SASTWWIS.jpg,8,TUM,3828,6,1,6,0.986919,0.7921338,1.0,0.690218,2.9887815
/content/Dataset/MUS/MUS-QVLCTMYG.jpg,5,MUS,3829,5,0,7,0.960553,0.7854499,1.0,0.69179994,2.8701885
/content/Dataset/DEB/DEB-NSGCQKVF.jpg,2,DEB,3830,2,0,3,1.0179067,0.7920922,1.0,0.68732494,3.1762953
/content/Dataset/LYM/LYM-NRDLPKKH.jpg,3,LYM,3831,3,0,6,0.6676889,0.90822065,1.0,0.33172148,1.9354817
/content/Dataset/TUM/TUM-SFKYTWCP.jpg,8,TUM,3832,8,0,6,0.9843799,0.78673744,1.0,0.6911227,2.9981544
/content/Dataset/LYM/LYM-QMKPNLMT.jpg,3,LYM,3833,3,0,2,1.0490335,0.80736727,1.0,0.71105504,3.1923087
/content/Dataset/DEB/DEB-SYDHEPWM.jpg,2,DEB,3834,2,0,3,1.0177169,0.7912705,1.0,0.687713,3.1781695
/content/Dataset/MUS/MUS-AEHPVHHH.jpg,5,MUS,3835,7,1,7,0.9625735,0.7898776,1.0,0.691076,2.862761
/content/Dataset/MUS/MUS-CIYWINFM.jpg,5,MUS,3836,7,1,7,0.96147245,0.78649795,1.0,0.69211423,2.8693228
/content/Dataset/STR/STR-PENEQTLL.jpg,7,STR,3837,7,0,5,0.9223467,0.7667619,1.0,0.659941,2.8455412
/content/Dataset/ADI/ADI-FILHNIWW.jpg,0,ADI,3838,0,0,3,1.1020402,0.82066214,1.0,0.7222329,3.3870904
/content/Dataset/BACK/BACK-LLSFYKTK.jpg,1,BACK,3839,1,0,3,1.063117,0.81197476,1.0,0.69988334,3.2894456
/content/Dataset/BACK/BACK-AFQINHLG.jpg,1,BACK,3840,1,0,2,1.0746008,0.8255677,0.9844965,0.70002574,3.310336
/content/Dataset/TUM/TUM-YFQNTHIA.jpg,8,TUM,3841,8,0,6,0.35312313,0.83020496,1.0,0.112026036,1.0704762
/content/Dataset/LYM/LYM-AAQIKANI.jpg,3,LYM,3842,3,0,2,1.0495152,0.8090838,1.0,0.7103815,3.1884012
/content/Dataset/TUM/TUM-RMIVLFCA.jpg,8,TUM,3843,8,0,6,0.98422,0.7869734,1.0,0.6908229,2.9970706
/content/Dataset/MUC/MUC-VWCWLKIV.jpg,4,MUC,3844,0,1,0,1.0292127,0.7983669,1.0,0.67666787,3.2478938
/content/Dataset/MUC/MUC-RDELMDPH.jpg,4,MUC,3845,6,1,6,1.0188284,0.8225164,1.0,0.66867393,3.0903475
/content/Dataset/NORM/NORM-LSQHEPCA.jpg,6,NORM,3846,4,1,4,1.0122875,0.80779773,0.9606347,0.6836899,3.1426666
/content/Dataset/DEB/DEB-WIPRKEYL.jpg,2,DEB,3847,2,0,3,1.0184984,0.7952827,1.0,0.68575495,3.1684344
/content/Dataset/NORM/NORM-VCNLTKQW.jpg,6,NORM,3848,6,0,8,0.9743726,0.7795365,1.0,0.6843403,2.9995425
/content/Dataset/BACK/BACK-INMWDDIC.jpg,1,BACK,3849,1,0,0,1.0750062,0.80955255,1.0,0.7045206,3.3559754
/content/Dataset/TUM/TUM-RIYSQIER.jpg,8,TUM,3850,8,0,6,0.98526156,0.78890353,1.0,0.69066507,2.9939141
/content/Dataset/DEB/DEB-VPFYLCFM.jpg,2,DEB,3851,2,0,7,1.0158736,0.820778,1.0,0.6714224,3.0728662
/content/Dataset/DEB/DEB-WEEKMQVG.jpg,2,DEB,3852,7,1,7,1.0247135,0.81250995,1.0,0.6849024,3.1180263
/content/Dataset/NORM/NORM-LQKCWPPT.jpg,6,NORM,3853,6,0,8,0.9755718,0.78118855,1.0,0.6844717,2.9977052
/content/Dataset/ADI/ADI-FNIHYLFC.jpg,0,ADI,3854,3,1,3,1.1032665,0.8226301,1.0,0.72203237,3.38401
/content/Dataset/TUM/TUM-VFWPVYKP.jpg,8,TUM,3855,8,0,6,0.983913,0.78629136,1.0,0.6909356,2.998346
/content/Dataset/NORM/NORM-NWLEDYEG.jpg,6,NORM,3856,6,0,8,0.9775496,0.7848984,1.0,0.684148,2.9915879
/content/Dataset/MUS/MUS-QSENASSV.jpg,5,MUS,3857,7,1,7,0.9612349,0.787337,1.0,0.6912905,2.8666587
/content/Dataset/STR/STR-PAWGFICF.jpg,7,STR,3858,7,0,5,0.92472464,0.77182174,1.0,0.6593388,2.8370056
/content/Dataset/MUS/MUS-CKQNPRPN.jpg,5,MUS,3859,5,0,7,0.96050924,0.7856338,1.0,0.69168115,2.8694568
/content/Dataset/NORM/NORM-LSSNYEHR.jpg,6,NORM,3860,6,0,4,1.0006356,0.80679035,0.92394614,0.6836163,3.1442597
/content/Dataset/DEB/DEB-YAYTWMGT.jpg,2,DEB,3861,2,0,3,1.0181371,0.7927023,1.0,0.68717796,3.1749306
/content/Dataset/MUS/MUS-QFCKRKFS.jpg,5,MUS,3862,7,1,7,0.96155065,0.7863359,1.0,0.69230515,2.869916
/content/Dataset/DEB/DEB-PNWYMKPS.jpg,2,DEB,3863,2,0,3,1.0191491,0.79357296,1.0,0.6876179,3.1746907
/content/Dataset/MUC/MUC-WKKWQPPF.jpg,4,MUC,3864,4,0,3,1.017525,0.79237604,1.0,0.6794401,3.200632
/content/Dataset/STR/STR-RRANQLCY.jpg,7,STR,3865,2,1,2,0.9844554,0.7997403,0.96271825,0.65715957,3.1107988
/content/Dataset/NORM/NORM-ANPGQKHH.jpg,6,NORM,3866,4,1,4,1.002232,0.8078023,0.9262611,0.68383163,3.1434789
/content/Dataset/NORM/NORM-VSERKPPM.jpg,6,NORM,3867,4,1,4,1.0079539,0.80782187,0.9464343,0.6835503,3.142526
/content/Dataset/MUC/MUC-TCHDDAYN.jpg,4,MUC,3868,4,0,6,0.6861235,0.89205563,1.0,0.3555796,2.0085804
/content/Dataset/LYM/LYM-YMRCCYKW.jpg,3,LYM,3869,3,0,4,1.0528333,0.81464314,0.98041886,0.71108586,3.210046
/content/Dataset/STR/STR-MQIDLRKA.jpg,7,STR,3870,5,1,5,0.93029004,0.7852728,1.0,0.6570082,2.8129303
/content/Dataset/DEB/DEB-VGTDNIEW.jpg,2,DEB,3871,8,1,8,1.0400517,0.8185662,0.96462995,0.6848167,3.23701
/content/Dataset/MUS/MUS-STDCSMCK.jpg,5,MUS,3872,7,1,7,0.9645684,0.7943776,1.0,0.69029933,2.8551075
/content/Dataset/LYM/LYM-NHEFKHLQ.jpg,3,LYM,3873,4,1,4,1.0585792,0.8150629,1.0,0.71054804,3.2081683
/content/Dataset/BACK/BACK-CELYFMQA.jpg,1,BACK,3874,0,1,0,1.0782099,0.81924933,1.0,0.7012125,3.333444
/content/Dataset/ADI/ADI-GRGVMKHH.jpg,0,ADI,3875,3,1,3,1.1024407,0.8213353,1.0,0.7221358,3.3860314
/content/Dataset/DEB/DEB-QWQHRLMF.jpg,2,DEB,3876,2,0,3,1.0189215,0.7938954,1.0,0.68718255,3.173192
/content/Dataset/NORM/NORM-QECNENKH.jpg,6,NORM,3877,4,1,4,1.013619,0.80660033,0.9705357,0.682883,3.1422603
/content/Dataset/MUS/MUS-RSTTKVSE.jpg,5,MUS,3878,5,0,7,0.95996726,0.78381884,1.0,0.6922918,2.8731146
/content/Dataset/TUM/TUM-WFYFNQCC.jpg,8,TUM,3879,5,1,5,1.020203,0.8192005,0.9088447,0.6901132,3.197387
/content/Dataset/TUM/TUM-VFRQAHYC.jpg,8,TUM,3880,8,0,6,0.985202,0.78865415,1.0,0.6907309,2.9945931
/content/Dataset/BACK/BACK-MEFNADSW.jpg,1,BACK,3881,1,0,3,1.0661347,0.80978984,1.0,0.70434666,3.3027332
/content/Dataset/ADI/ADI-GSLMHFHS.jpg,0,ADI,3882,0,0,2,1.0911342,0.8208957,1.0,0.7222579,3.3219895
/content/Dataset/BACK/BACK-KPCFGWTG.jpg,1,BACK,3883,1,0,0,1.0745363,0.8108237,1.0,0.7032145,3.3509662
/content/Dataset/ADI/ADI-AFWHMKCS.jpg,0,ADI,3884,0,0,4,1.085379,0.8235842,1.0,0.72242945,3.2736447
/content/Dataset/MUC/MUC-ACLDHQGM.jpg,4,MUC,3885,3,1,3,1.0177336,0.7926512,1.0,0.67946297,3.2003129
/content/Dataset/BACK/BACK-GCGPTWHR.jpg,1,BACK,3886,1,0,3,1.0665935,0.80993986,1.0,0.70468414,3.303368
/content/Dataset/MUC/MUC-YLMTDPMA.jpg,4,MUC,3887,4,0,3,1.0174805,0.7924281,1.0,0.6793866,3.2002814
/content/Dataset/DEB/DEB-RDASLRWN.jpg,2,DEB,3888,2,0,3,1.01824,0.7927487,1.0,0.68724954,3.1750352
/content/Dataset/NORM/NORM-QYAQVNQH.jpg,6,NORM,3889,4,1,4,1.002369,0.8078421,0.9264873,0.68387353,3.1435306
/content/Dataset/LYM/LYM-PMMNNMWY.jpg,3,LYM,3890,3,0,2,1.047772,0.8055571,1.0,0.71100503,3.1947987
/content/Dataset/TUM/TUM-TQEVEGNA.jpg,8,TUM,3891,8,0,6,0.9842785,0.7866755,1.0,0.69106746,2.998071
/content/Dataset/DEB/DEB-YQKHLNYN.jpg,2,DEB,3892,2,0,3,1.0179831,0.792046,1.0,0.68748605,3.1764183
/content/Dataset/STR/STR-MTHCGLML.jpg,7,STR,3893,7,0,5,0.9245656,0.77083695,1.0,0.65982693,2.8392007
/content/Dataset/NORM/NORM-NTIFQVVC.jpg,6,NORM,3894,6,0,8,0.97524065,0.78087586,1.0,0.68434906,2.9977822
/content/Dataset/TUM/TUM-YIQSAHWD.jpg,8,TUM,3895,8,0,6,0.98445845,0.78652185,1.0,0.69136214,2.9988792
/content/Dataset/BACK/BACK-MPWVGWVR.jpg,1,BACK,3896,0,1,0,1.0760806,0.8125099,1.0,0.70357496,3.349379
/content/Dataset/BACK/BACK-KRDGVSEV.jpg,1,BACK,3897,1,0,3,1.0661572,0.8095999,1.0,0.70448387,3.3034043
/content/Dataset/STR/STR-WKKHYPPN.jpg,7,STR,3898,4,1,4,0.93851256,0.8260063,1.0,0.60315394,2.844146
/content/Dataset/MUS/MUS-NLWEVSIY.jpg,5,MUS,3899,5,0,7,0.96039504,0.7891644,1.0,0.6892769,2.8598075
/content/Dataset/TUM/TUM-WWYTHDRQ.jpg,8,TUM,3900,8,0,6,0.98330355,0.7853651,1.0,0.6909185,2.9995556
/content/Dataset/TUM/TUM-QSFYVADA.jpg,8,TUM,3901,8,0,6,0.9836976,0.78658855,1.0,0.6905559,2.9969082
/content/Dataset/BACK/BACK-NTMYEWIW.jpg,1,BACK,3902,1,0,3,1.0661302,0.80994654,1.0,0.7042248,3.302295
/content/Dataset/MUS/MUS-SYQACNKW.jpg,5,MUS,3903,5,0,7,0.956934,0.7793467,1.0,0.69198513,2.8785102
/content/Dataset/TUM/TUM-SITFMKRI.jpg,8,TUM,3904,8,0,6,0.9843566,0.78716147,1.0,0.69083726,2.996862
/content/Dataset/STR/STR-PASIAESR.jpg,7,STR,3905,7,0,4,0.44621244,0.87642103,1.0,0.17567861,1.3085346
/content/Dataset/NORM/NORM-YWSMKHHC.jpg,6,NORM,3906,6,0,8,0.86008507,0.8402109,1.0,0.5404167,2.5563667
/content/Dataset/LYM/LYM-FHWGMMHK.jpg,3,LYM,3907,3,0,4,1.0531502,0.8145093,0.9820958,0.71096647,3.2100365
/content/Dataset/DEB/DEB-SNRMMLRG.jpg,2,DEB,3908,8,1,8,1.0438669,0.8226786,1.0,0.6754081,3.209085
/content/Dataset/MUS/MUS-NSTNPWHF.jpg,5,MUS,3909,7,1,7,0.966173,0.79953825,1.0,0.68871796,2.8448951
/content/Dataset/TUM/TUM-VTATQWPK.jpg,8,TUM,3910,8,0,6,0.9826897,0.78426886,1.0,0.6910193,3.0011988
/content/Dataset/LYM/LYM-RQHDCPGA.jpg,3,LYM,3911,3,0,4,1.0504022,0.81450737,0.973383,0.7108845,3.209936
/content/Dataset/TUM/TUM-SAHIAEFV.jpg,8,TUM,3912,8,0,6,0.9843819,0.78689516,1.0,0.69103235,2.997682
/content/Dataset/MUS/MUS-AVFQGGNW.jpg,5,MUS,3913,5,0,7,0.95494664,0.7794782,1.0,0.68982935,2.8736675
/content/Dataset/NORM/NORM-WSCRGPLS.jpg,6,NORM,3914,6,0,8,0.973674,0.7782501,1.0,0.6844416,3.0016458
/content/Dataset/LYM/LYM-QEPMFFIR.jpg,3,LYM,3915,3,0,2,1.0482476,0.80750877,1.0,0.7101698,3.1901705
/content/Dataset/DEB/DEB-SQTNVHAR.jpg,2,DEB,3916,7,1,7,1.0204138,0.8334309,1.0,0.66843504,3.046387
/content/Dataset/TUM/TUM-VQKFPHST.jpg,8,TUM,3917,8,0,6,0.8829501,0.8797815,1.0,0.5520744,2.4921567
/content/Dataset/DEB/DEB-WIMASHMR.jpg,2,DEB,3918,2,0,3,1.0182704,0.7922746,1.0,0.6876085,3.1764565
/content/Dataset/LYM/LYM-TWADCMGC.jpg,3,LYM,3919,4,1,4,1.0580547,0.81534845,0.9965879,0.71084857,3.2085962
/content/Dataset/NORM/NORM-TWGKKRSW.jpg,6,NORM,3920,6,0,8,0.973243,0.7783217,1.0,0.6839119,3.0005765
/content/Dataset/BACK/BACK-LYFTQVVI.jpg,1,BACK,3921,1,0,3,1.0658146,0.81379926,1.0,0.70134366,3.289969
/content/Dataset/MUS/MUS-AVMYGADM.jpg,5,MUS,3922,5,0,7,0.95705944,0.77930903,1.0,0.6921604,2.8788333
/content/Dataset/LYM/LYM-NQQRRNGW.jpg,3,LYM,3923,3,0,2,1.048234,0.8061512,1.0,0.7110703,3.1940832
/content/Dataset/STR/STR-NGMDYDSE.jpg,7,STR,3924,7,0,5,0.9253736,0.7731385,1.0,0.6592134,2.8348715
/content/Dataset/STR/STR-TSSGPDQQ.jpg,7,STR,3925,7,0,5,0.9259824,0.774702,1.0,0.65894437,2.8318217
/content/Dataset/LYM/LYM-NVRQRFLL.jpg,3,LYM,3926,4,1,4,1.0558598,0.81489813,0.9908865,0.71072704,3.2088683
/content/Dataset/DEB/DEB-VWCSFWQC.jpg,2,DEB,3927,2,0,3,1.0166986,0.7948847,1.0,0.6842329,3.1653857
/content/Dataset/ADI/ADI-GNIQWMLW.jpg,0,ADI,3928,3,1,3,1.1029961,0.82219946,1.0,0.7220837,3.3846421
/content/Dataset/LYM/LYM-PTYEADYQ.jpg,3,LYM,3929,5,1,5,1.0712664,0.82310677,0.9844964,0.7103591,3.2664313
/content/Dataset/DEB/DEB-STAKDIWF.jpg,2,DEB,3930,2,0,3,1.0175215,0.7911531,1.0,0.68757176,3.1781464
/content/Dataset/MUC/MUC-RPSKYWRT.jpg,4,MUC,3931,4,0,3,1.016853,0.79205304,1.0,0.67899626,3.1999724
/content/Dataset/BACK/BACK-KLAKQYHP.jpg,1,BACK,3932,0,1,0,1.0793784,0.82376957,1.0,0.6993933,3.3222773
/content/Dataset/NORM/NORM-PQFLMLNC.jpg,6,NORM,3933,4,1,4,1.0114353,0.80695236,0.9605174,0.68345183,3.1431582
/content/Dataset/TUM/TUM-YCAFCRYR.jpg,8,TUM,3934,6,1,6,0.9874862,0.79418504,1.0,0.68946326,2.9843721
/content/Dataset/BACK/BACK-IPVSMVHE.jpg,1,BACK,3935,1,0,3,1.0662533,0.8098285,1.0,0.70441633,3.302963
/content/Dataset/DEB/DEB-VIGVMTWE.jpg,2,DEB,3936,2,0,3,1.0159204,0.7888631,1.0,0.6874531,3.18134
/content/Dataset/DEB/DEB-TQRKTYQP.jpg,2,DEB,3937,2,0,7,0.3028381,0.7870307,1.0,0.051809017,0.9843747
/content/Dataset/MUC/MUC-HLCRIPQN.jpg,4,MUC,3938,6,1,6,1.0177423,0.8085592,1.0,0.67590696,3.1295986
/content/Dataset/TUM/TUM-WPWHEQLW.jpg,8,TUM,3939,6,1,6,0.9901605,0.7994123,1.0,0.688881,2.9757078
/content/Dataset/MUC/MUC-WHCLTKDE.jpg,4,MUC,3940,4,0,7,0.9922773,0.7953747,1.0,0.67835486,3.042272
/content/Dataset/BACK/BACK-NSGELNYV.jpg,1,BACK,3941,0,1,0,1.0794494,0.8204999,1.0,0.70158106,3.332478
/content/Dataset/MUC/MUC-ICQIFPPN.jpg,4,MUC,3942,3,1,3,1.0180185,0.793025,1.0,0.67956066,3.1996477
/content/Dataset/BACK/BACK-NLWQGFER.jpg,1,BACK,3943,1,0,3,1.0647081,0.8088908,1.0,0.70357114,3.3021238
/content/Dataset/BACK/BACK-KRRSKQDS.jpg,1,BACK,3944,1,0,3,1.0659559,0.80947554,1.0,0.7043783,3.30329
/content/Dataset/STR/STR-VKCYNCHH.jpg,7,STR,3945,2,1,2,0.98692185,0.8024577,0.96853846,0.6561278,3.1048648
/content/Dataset/LYM/LYM-FEASEMCF.jpg,3,LYM,3946,3,0,2,1.0473337,0.8052041,1.0,0.7107959,3.1948817
/content/Dataset/MUC/MUC-NEIRCLLW.jpg,4,MUC,3947,4,0,7,0.9956103,0.80105853,1.0,0.67816085,3.0335128
/content/Dataset/LYM/LYM-QMTKQMEV.jpg,3,LYM,3948,3,0,2,1.0484217,0.80649036,1.0,0.7110194,3.1935499
/content/Dataset/MUC/MUC-TYRDGYPK.jpg,4,MUC,3949,4,0,6,1.0169744,0.8025304,1.0,0.67892706,3.1456892
/content/Dataset/MUS/MUS-SETTDFQM.jpg,5,MUS,3950,8,1,8,1.0079844,0.80924976,0.8849782,0.68944424,3.2242208
/content/Dataset/MUC/MUC-QCTLSYYA.jpg,4,MUC,3951,4,0,3,1.0174528,0.7921475,1.0,0.67952,3.2011418
/content/Dataset/MUS/MUS-PNGQICWT.jpg,5,MUS,3952,5,0,7,0.9602651,0.78612137,1.0,0.69104356,2.867819
/content/Dataset/ADI/ADI-DDSLAVWW.jpg,0,ADI,3953,0,0,2,1.0910659,0.8209327,1.0,0.7221768,3.3216877
/content/Dataset/BACK/BACK-LMCAFPGR.jpg,1,BACK,3954,1,0,3,1.0662159,0.8100512,1.0,0.70423704,3.3021805
/content/Dataset/STR/STR-SEELPSGK.jpg,7,STR,3955,7,0,5,0.76396596,0.88899374,1.0,0.46363738,2.1228085
/content/Dataset/BACK/BACK-IACIRCFW.jpg,1,BACK,3956,1,0,3,1.0661906,0.8097019,1.0,0.70446247,3.303119
/content/Dataset/LYM/LYM-QSPSSNMY.jpg,3,LYM,3957,4,1,4,1.0590923,0.81514585,1.0,0.71099126,3.209095
/content/Dataset/STR/STR-MSHGSDWC.jpg,7,STR,3958,7,0,5,0.9256103,0.77413344,1.0,0.6588546,2.832673
/content/Dataset/LYM/LYM-AEPWCKDL.jpg,3,LYM,3959,3,0,2,1.0491505,0.8082278,1.0,0.71059436,3.1900663
/content/Dataset/MUS/MUS-VLPPGEYV.jpg,5,MUS,3960,5,0,7,0.61292046,0.84965396,1.0,0.3357085,1.8133678
/content/Dataset/ADI/ADI-IEGDDCGV.jpg,0,ADI,3961,5,1,5,1.1043805,0.842423,1.0,0.71923536,3.2927039
/content/Dataset/NORM/NORM-ALWLQLTY.jpg,6,NORM,3962,4,1,4,1.0086179,0.80706847,0.95037043,0.6835511,3.1434739
/content/Dataset/NORM/NORM-NHAWCAWY.jpg,6,NORM,3963,6,0,8,0.9843088,0.8139359,1.0,0.67302763,2.9255776
/content/Dataset/STR/STR-VCALEPEI.jpg,7,STR,3964,7,0,5,0.9233073,0.7717329,1.0,0.65790373,2.8339722
/content/Dataset/ADI/ADI-CHTAKYQT.jpg,0,ADI,3965,0,0,5,1.1001499,0.8316534,0.9997558,0.7222607,3.3157957
/content/Dataset/MUC/MUC-APKVACPS.jpg,4,MUC,3966,4,0,3,1.0170248,0.7919779,1.0,0.6792594,3.200449
/content/Dataset/STR/STR-RGAGCFWP.jpg,7,STR,3967,7,0,5,0.9242013,0.7704137,1.0,0.65964866,2.8397007
/content/Dataset/MUC/MUC-RTQNAECC.jpg,4,MUC,3968,4,0,6,1.0069903,0.84125,1.0,0.6469021,3.0075061
/content/Dataset/ADI/ADI-EGEQQGWP.jpg,0,ADI,3969,0,0,5,1.0931137,0.8301451,0.98065823,0.7222813,3.318032
/content/Dataset/BACK/BACK-LMLTQDYG.jpg,1,BACK,3970,0,1,0,1.0791265,0.8195555,1.0,0.7018675,3.3347104
/content/Dataset/STR/STR-TEHSEHDV.jpg,7,STR,3971,2,1,2,0.9524841,0.84601605,1.0,0.5910611,2.8714185
/content/Dataset/BACK/BACK-LDMFMEFW.jpg,1,BACK,3972,0,1,0,1.0757743,0.81121284,1.0,0.70415145,3.3526387
/content/Dataset/NORM/NORM-RHTMMCTK.jpg,6,NORM,3973,6,0,8,0.9738138,0.7798888,1.0,0.68351215,2.997334
/content/Dataset/MUS/MUS-CGHEMCHE.jpg,5,MUS,3974,5,0,7,0.9582264,0.780938,1.0,0.69230807,2.8770897
/content/Dataset/MUS/MUS-TCGNWCSE.jpg,5,MUS,3975,5,0,7,0.88204145,0.876961,1.0,0.573114,2.4397442
/content/Dataset/NORM/NORM-WRTCNRCH.jpg,6,NORM,3976,6,0,8,0.9738439,0.7813737,1.0,0.682565,2.9932432
/content/Dataset/MUS/MUS-ALFDVYQT.jpg,5,MUS,3977,5,0,7,0.9549379,0.77634966,1.0,0.6918571,2.8821127
/content/Dataset/MUC/MUC-RMWTIAFT.jpg,4,MUC,3978,4,0,7,0.9918722,0.7941698,0.99841434,0.6791355,3.0460227
/content/Dataset/NORM/NORM-AILSNMEH.jpg,6,NORM,3979,6,0,4,0.99927473,0.8060893,0.92034394,0.6837917,3.1456888
/content/Dataset/BACK/BACK-NMMRFDAV.jpg,1,BACK,3980,1,0,3,1.0665183,0.81023467,1.0,0.7044076,3.3023248
/content/Dataset/MUS/MUS-PIPEADVC.jpg,5,MUS,3981,5,0,7,0.9580442,0.7811976,1.0,0.6919902,2.8758538
/content/Dataset/NORM/NORM-SWTKKDDN.jpg,6,NORM,3982,6,0,8,0.9743759,0.7797639,1.0,0.68417424,2.998975
/content/Dataset/BACK/BACK-NTFEASIE.jpg,1,BACK,3983,1,0,3,1.0661142,0.8096249,1.0,0.70442915,3.3032143
/content/Dataset/DEB/DEB-PKCIKQPN.jpg,2,DEB,3984,2,0,3,1.018826,0.79416466,1.0,0.686888,3.1722507
/content/Dataset/STR/STR-PGQCWQDS.jpg,7,STR,3985,7,0,4,0.9034013,0.86181104,1.0,0.55638605,2.6514537
/content/Dataset/MUC/MUC-QVGITPYA.jpg,4,MUC,3986,0,1,0,1.0346693,0.8154032,1.0,0.6712216,3.208875
/content/Dataset/TUM/TUM-RYCHCINI.jpg,8,TUM,3987,8,0,6,0.9853529,0.78978735,1.0,0.6901832,2.99165
/content/Dataset/MUS/MUS-SLPSVYDR.jpg,5,MUS,3988,5,0,7,0.9587158,0.78409326,1.0,0.6907866,2.8696542
/content/Dataset/MUS/MUS-PGANVWSN.jpg,5,MUS,3989,8,1,8,1.0444918,0.8148457,1.0,0.6874885,3.2103724
/content/Dataset/MUC/MUC-SRMHTVMG.jpg,4,MUC,3990,4,0,7,0.9893398,0.80859125,1.0,0.6674293,2.9971154
/content/Dataset/DEB/DEB-QWSEFNHH.jpg,2,DEB,3991,8,1,8,1.0280539,0.8117866,0.9420543,0.68419945,3.2455277
/content/Dataset/NORM/NORM-SMSFHGIV.jpg,6,NORM,3992,6,0,4,0.4196959,0.8730604,1.0,0.15159518,1.2380188
/content/Dataset/ADI/ADI-HRMEIEFA.jpg,0,ADI,3993,0,0,4,1.0850446,0.8237529,1.0,0.7219851,3.2724292
/content/Dataset/LYM/LYM-PSFWQHDM.jpg,3,LYM,3994,3,0,4,1.0534734,0.81471187,0.9838958,0.71062326,3.2088552
/content/Dataset/LYM/LYM-PIGHSEIW.jpg,3,LYM,3995,3,0,4,1.0523349,0.8146521,0.97886425,0.71104896,3.2100115
/content/Dataset/DEB/DEB-RRGVRFDL.jpg,2,DEB,3996,8,1,8,1.0342901,0.8179495,0.9468965,0.68483406,3.2380912
/content/Dataset/MUC/MUC-TNSTDVYC.jpg,4,MUC,3997,4,0,3,1.0171821,0.79186034,1.0,0.679441,3.2013595
/content/Dataset/MUC/MUC-RVNVFWTA.jpg,4,MUC,3998,4,0,6,1.0168335,0.80307275,1.0,0.6784614,3.1436949
/content/Dataset/TUM/TUM-TDNLKQLG.jpg,8,TUM,3999,6,1,6,0.9894716,0.797397,1.0,0.6894581,2.9797883
/content/Dataset/TUM/TUM-SRTSTEPE.jpg,8,TUM,4000,8,0,6,0.9839809,0.78678274,1.0,0.6906947,2.997087
/content/Dataset/LYM/LYM-RHIMVLHD.jpg,3,LYM,4001,3,0,2,1.0474954,0.8054282,1.0,0.71080554,3.194592
/content/Dataset/ADI/ADI-GGIPPEIG.jpg,0,ADI,4002,0,0,4,1.0836686,0.82284415,0.9961014,0.7224455,3.2747505
/content/Dataset/MUS/MUS-SHQELPSV.jpg,5,MUS,4003,5,0,7,0.95389986,0.77496254,1.0,0.6916781,2.88353
/content/Dataset/STR/STR-RCNGMLQK.jpg,7,STR,4004,2,1,2,0.98585826,0.82940805,1.0,0.6308519,3.0003846
/content/Dataset/LYM/LYM-YVQNCPWN.jpg,3,LYM,4005,4,1,4,1.0589341,0.81545615,1.0,0.7106869,3.2076333
/content/Dataset/TUM/TUM-TVDYCPVI.jpg,8,TUM,4006,8,0,6,0.96725297,0.7904441,1.0,0.67090744,2.949741
/content/Dataset/LYM/LYM-QSSCANML.jpg,3,LYM,4007,4,1,4,1.0551456,0.8150218,0.988229,0.71074224,3.208749
/content/Dataset/ADI/ADI-HSFPNYPN.jpg,0,ADI,4008,0,0,3,1.1018431,0.82044977,1.0,0.7221981,3.3872557
/content/Dataset/STR/STR-RDPMNYWI.jpg,7,STR,4009,5,1,5,0.92910177,0.7796238,1.0,0.65920466,2.8255196
/content/Dataset/ADI/ADI-IKVYALDI.jpg,0,ADI,4010,3,1,3,1.1021512,0.8211185,1.0,0.7220001,3.386056
/content/Dataset/ADI/ADI-CEWIAMYM.jpg,0,ADI,4011,0,0,2,1.0911225,0.8210387,1.0,0.72214067,3.3215678
/content/Dataset/TUM/TUM-WSQHEGWT.jpg,8,TUM,4012,8,0,6,0.9840993,0.7885802,1.0,0.6896599,2.99227
/content/Dataset/TUM/TUM-VWSNGGGP.jpg,8,TUM,4013,8,0,6,0.9851012,0.7879254,1.0,0.6910931,2.9964373
/content/Dataset/TUM/TUM-TALWRNIK.jpg,8,TUM,4014,6,1,6,0.9866257,0.7908203,1.0,0.69078296,2.9917428
/content/Dataset/BACK/BACK-LLKIQKYM.jpg,1,BACK,4015,1,0,3,1.0659611,0.8095335,1.0,0.70434904,3.3031106
/content/Dataset/STR/STR-VPDLRDGT.jpg,7,STR,4016,7,0,5,0.92490274,0.77499557,1.0,0.65764505,2.8284883
/content/Dataset/LYM/LYM-VLRMMSDC.jpg,3,LYM,4017,3,0,2,1.047782,0.80564755,1.0,0.7109486,3.194576
/content/Dataset/STR/STR-WEFPDMSL.jpg,7,STR,4018,7,0,5,0.9265107,0.77503806,1.0,0.6592434,2.8322687
/content/Dataset/TUM/TUM-VYIHRRKI.jpg,8,TUM,4019,8,0,6,0.9833354,0.7859329,1.0,0.6905497,2.9981315
/content/Dataset/MUC/MUC-SYINDKKL.jpg,4,MUC,4020,6,1,6,1.0202434,0.82008374,1.0,0.6713968,3.1011138
/content/Dataset/MUC/MUC-WMQLMVWQ.jpg,4,MUC,4021,4,0,3,1.0164458,0.79096836,1.0,0.67925614,3.2024384
/content/Dataset/ADI/ADI-KDSGWWKF.jpg,0,ADI,4022,5,1,5,1.1023605,0.8356484,1.0,0.7216646,3.3086133
/content/Dataset/STR/STR-QKWAKPTG.jpg,7,STR,4023,5,1,5,0.93148565,0.7876309,1.0,0.6568813,2.8091316
/content/Dataset/DEB/DEB-YLFRLAVQ.jpg,2,DEB,4024,2,0,3,1.0189164,0.7984097,1.0,0.6841741,3.1600087
/content/Dataset/ADI/ADI-IQMPECMC.jpg,0,ADI,4025,3,1,3,1.1023022,0.82117695,1.0,0.7221134,3.3861902
/content/Dataset/ADI/ADI-INRTPIRK.jpg,0,ADI,4026,0,0,5,1.0933081,0.8307617,0.9806583,0.7220473,3.3166494
/content/Dataset/MUC/MUC-SYMSAGNT.jpg,4,MUC,4027,4,0,7,0.9939313,0.79806775,1.0,0.67834103,3.0382702
/content/Dataset/LYM/LYM-QFFAFQED.jpg,3,LYM,4028,4,1,4,1.0564007,0.81462026,0.99258137,0.7109237,3.2097547
/content/Dataset/MUS/MUS-SFICFHWN.jpg,5,MUS,4029,0,1,0,1.0622233,0.8207147,1.0,0.68519676,3.2909093
/content/Dataset/TUM/TUM-SEIWVWQS.jpg,8,TUM,4030,8,0,6,0.98455256,0.78691465,1.0,0.6911842,2.9980476
/content/Dataset/LYM/LYM-AGRLPTDY.jpg,3,LYM,4031,3,0,8,0.4473512,0.67569435,1.0,0.11153886,1.8968605
/content/Dataset/STR/STR-RQYHTASW.jpg,7,STR,4032,7,0,5,0.9241042,0.7703811,1.0,0.65958333,2.8395133
/content/Dataset/MUS/MUS-CGHLPAVH.jpg,5,MUS,4033,5,0,7,0.96094966,0.7854817,1.0,0.69220704,2.8709419
/content/Dataset/DEB/DEB-VAHHGADE.jpg,2,DEB,4034,3,1,3,1.0200264,0.79587424,1.0,0.687011,3.169805
/content/Dataset/MUS/MUS-RDSNQAIQ.jpg,5,MUS,4035,5,0,7,0.9564969,0.7793901,1.0,0.6914977,2.8774188
/content/Dataset/MUS/MUS-QGHGYDYS.jpg,5,MUS,4036,5,0,0,0.8712201,0.904789,1.0,0.48323935,2.543416
/content/Dataset/NORM/NORM-NPCKFEER.jpg,6,NORM,4037,6,0,8,0.9835345,0.8124474,1.0,0.67313886,2.9279673
/content/Dataset/BACK/BACK-CQAHTVLG.jpg,1,BACK,4038,0,1,0,1.0796199,0.83026737,1.0,0.69551826,3.3027809
/content/Dataset/DEB/DEB-WKGSMVHA.jpg,2,DEB,4039,7,1,7,1.0234293,0.8259082,1.0,0.6754202,3.07622
/content/Dataset/LYM/LYM-NHSLICVT.jpg,3,LYM,4040,3,0,2,1.047057,0.8046555,1.0,0.7108967,3.1958375
/content/Dataset/TUM/TUM-VNEEVRDL.jpg,8,TUM,4041,6,1,6,0.9869209,0.7919053,1.0,0.6904156,2.9892676
/content/Dataset/TUM/TUM-SCREVKKA.jpg,8,TUM,4042,8,0,6,0.985154,0.78925395,1.0,0.69029725,2.992787
/content/Dataset/MUS/MUS-RSWQKMDC.jpg,5,MUS,4043,5,0,7,0.95645136,0.7782733,1.0,0.6921979,2.8802722
/content/Dataset/DEB/DEB-PMSDNWWH.jpg,2,DEB,4044,8,1,8,1.051104,0.8290535,1.0,0.67868435,3.2057967
/content/Dataset/ADI/ADI-FKRRRTSF.jpg,0,ADI,4045,0,0,4,0.93785584,0.9004873,1.0,0.5571987,2.675516
/content/Dataset/BACK/BACK-MDEANGDC.jpg,1,BACK,4046,0,1,0,1.079346,0.82019097,1.0,0.7016919,3.3331563
/content/Dataset/NORM/NORM-SPARANGQ.jpg,6,NORM,4047,6,0,8,0.98089236,0.7922547,1.0,0.68283135,2.9785793
/content/Dataset/BACK/BACK-IEMPGYPT.jpg,1,BACK,4048,1,0,3,1.0666096,0.8101142,1.0,0.7045794,3.3028905
/content/Dataset/TUM/TUM-WKMQHRKY.jpg,8,TUM,4049,8,0,6,0.983657,0.78699565,1.0,0.69024736,2.9956775
/content/Dataset/DEB/DEB-VFQIRGTS.jpg,2,DEB,4050,2,0,3,1.0175879,0.79157984,1.0,0.68737876,3.1769526
/content/Dataset/BACK/BACK-KEIRYDNE.jpg,1,BACK,4051,1,0,3,1.0657626,0.8092232,1.0,0.70436037,3.3036041
/content/Dataset/ADI/ADI-IMVEITHI.jpg,0,ADI,4052,5,1,5,1.102495,0.83560836,1.0,0.7218078,3.309074
/content/Dataset/ADI/ADI-ARHNIGCC.jpg,0,ADI,4053,0,0,5,1.0945907,0.83029896,0.98521775,0.7222214,3.3176508
/content/Dataset/BACK/BACK-NTHDAWNE.jpg,1,BACK,4054,1,0,3,1.066416,0.8101621,1.0,0.7043621,3.3022878
/content/Dataset/DEB/DEB-RQRRMLFN.jpg,2,DEB,4055,2,0,3,1.0189581,0.79338783,1.0,0.6875374,3.174838
/content/Dataset/MUC/MUC-ELLDWGQS.jpg,4,MUC,4056,6,1,6,1.0177636,0.8065094,1.0,0.6772253,3.135646
/content/Dataset/ADI/ADI-FDCWMMRC.jpg,0,ADI,4057,0,0,3,1.1018511,0.8204336,1.0,0.7222072,3.3873596
/content/Dataset/NORM/NORM-SKTVSHSK.jpg,6,NORM,4058,4,1,4,1.0144501,0.80900884,0.96604407,0.68341714,3.1404731
/content/Dataset/LYM/LYM-GDGHCLRE.jpg,3,LYM,4059,6,1,6,1.0782241,0.84207845,1.0,0.6939139,3.238023
/content/Dataset/TUM/TUM-WIHWMNDM.jpg,8,TUM,4060,8,0,6,0.9841469,0.7869899,1.0,0.69076234,2.9967754
/content/Dataset/MUC/MUC-QNVIQAKQ.jpg,4,MUC,4061,4,0,3,1.0165194,0.7915344,1.0,0.6790616,3.200539
/content/Dataset/NORM/NORM-MIECHMSN.jpg,6,NORM,4062,6,0,8,0.98040056,0.79690945,1.0,0.6794377,2.9642856
/content/Dataset/LYM/LYM-VKNQTFFA.jpg,3,LYM,4063,3,0,2,1.0473729,0.8048749,1.0,0.7110785,3.1958528
/content/Dataset/STR/STR-RMIQQPDW.jpg,7,STR,4064,7,0,5,0.9152923,0.7656475,1.0,0.65282947,2.8332958
/content/Dataset/STR/STR-YRHFGGVG.jpg,7,STR,4065,7,0,5,0.2799608,0.79204226,1.0,0.05962566,0.87022763
/content/Dataset/MUC/MUC-QDKSNFHD.jpg,4,MUC,4066,0,1,0,1.0308777,0.8030818,1.0,0.67520744,3.2376564
/content/Dataset/NORM/NORM-RDAKDLMC.jpg,6,NORM,4067,6,0,4,1.0007285,0.8057726,0.9259784,0.68380237,3.145955
/content/Dataset/NORM/NORM-RCRVVSAA.jpg,6,NORM,4068,4,1,4,1.0212297,0.8086165,0.9914915,0.6829103,3.1394997
/content/Dataset/MUC/MUC-DDPDDDNN.jpg,4,MUC,4069,6,1,6,1.0184176,0.8054712,1.0,0.67852914,3.14021
/content/Dataset/ADI/ADI-IRGWMPFK.jpg,0,ADI,4070,0,0,5,1.1009618,0.8324458,1.0,0.7224138,3.3151586
/content/Dataset/NORM/NORM-NWWYGKLC.jpg,6,NORM,4071,6,0,8,0.9757262,0.7811568,1.0,0.68468297,2.998045
/content/Dataset/NORM/NORM-MAGGQTFK.jpg,6,NORM,4072,6,0,8,0.9773662,0.78687084,1.0,0.68256533,2.9860158
/content/Dataset/TUM/TUM-TQNLIMPC.jpg,8,TUM,4073,6,1,6,0.9889256,0.79555583,1.0,0.69009334,2.9836495
/content/Dataset/ADI/ADI-IQEFCGMW.jpg,0,ADI,4074,0,0,5,1.0913658,0.82960844,0.9770735,0.72201973,3.3183448
/content/Dataset/MUS/MUS-PGGKHCHV.jpg,5,MUS,4075,5,0,7,0.9553491,0.77709925,1.0,0.6918001,2.8810015
/content/Dataset/TUM/TUM-TPMEIVQE.jpg,8,TUM,4076,4,1,4,1.0503819,0.8336425,1.0,0.67014974,3.2086368
/content/Dataset/LYM/LYM-VIWAPNEC.jpg,3,LYM,4077,3,0,2,1.0518099,0.8132454,1.0,0.7098705,3.1814914
/content/Dataset/DEB/DEB-VLPKTFDG.jpg,2,DEB,4078,2,0,7,1.0153989,0.8446884,1.0,0.65770894,3.0011287
/content/Dataset/DEB/DEB-QRAHFHMF.jpg,2,DEB,4079,3,1,3,1.0197471,0.7943922,1.0,0.6876868,3.173612
/content/Dataset/MUC/MUC-NSPECFHT.jpg,4,MUC,4080,0,1,0,1.028161,0.7943653,1.0,0.67820334,3.2577724
/content/Dataset/ADI/ADI-EQCSGDDW.jpg,0,ADI,4081,0,0,4,1.0845691,0.8228117,1.0,0.72216576,3.2741075
/content/Dataset/MUS/MUS-ARWCPMAM.jpg,5,MUS,4082,5,0,7,0.95498705,0.776729,1.0,0.6916446,2.881246
/content/Dataset/TUM/TUM-SNDPNVCM.jpg,8,TUM,4083,8,0,6,0.98361063,0.7866192,1.0,0.69039345,2.9967985
/content/Dataset/MUS/MUS-CHKPFDLR.jpg,5,MUS,4084,5,0,7,0.9575267,0.7808254,1.0,0.6916186,2.8759243
/content/Dataset/MUS/MUS-QSMSRSVC.jpg,5,MUS,4085,5,0,7,0.9559828,0.7781278,1.0,0.69178534,2.8796651
/content/Dataset/MUS/MUS-PGAVEKPW.jpg,5,MUS,4086,5,0,7,0.9607472,0.78670263,1.0,0.6912087,2.8672183
/content/Dataset/LYM/LYM-YLYFVERP.jpg,3,LYM,4087,3,0,2,1.0483826,0.8071242,1.0,0.71057886,3.1915321
/content/Dataset/DEB/DEB-SPQVFFSY.jpg,2,DEB,4088,2,0,3,1.0129317,0.798394,1.0,0.6780173,3.14691
/content/Dataset/STR/STR-AAHVNFQF.jpg,7,STR,4089,7,0,5,0.9180325,0.7608535,1.0,0.6589818,2.8521547
/content/Dataset/NORM/NORM-YDDQQGSF.jpg,6,NORM,4090,6,0,4,1.0015296,0.8086203,0.92174935,0.6839139,3.1426816
/content/Dataset/DEB/DEB-SYLYGRYL.jpg,2,DEB,4091,2,0,3,1.0181186,0.7927146,1.0,0.6871402,3.1748908
/content/Dataset/ADI/ADI-DVWMKNMC.jpg,0,ADI,4092,5,1,5,1.1029575,0.83692867,1.0,0.7213692,3.3062127
/content/Dataset/NORM/NORM-NDPKKQWW.jpg,6,NORM,4093,4,1,4,1.0117682,0.80689883,0.96380615,0.6828353,3.141808
/content/Dataset/NORM/NORM-TNCEAQMT.jpg,6,NORM,4094,6,0,8,0.9725057,0.77675396,1.0,0.68422073,3.0031853
/content/Dataset/DEB/DEB-YPQVQEYW.jpg,2,DEB,4095,2,0,3,1.0173788,0.79054284,1.0,0.68783855,3.1796076
/content/Dataset/TUM/TUM-RAQVHTLY.jpg,8,TUM,4096,6,1,6,0.9893214,0.7956652,1.0,0.6904072,2.9842968
/content/Dataset/MUC/MUC-YVMARSDG.jpg,4,MUC,4097,4,0,3,1.0171578,0.79206324,1.0,0.6792573,3.2007875
/content/Dataset/ADI/ADI-DLTAHCSS.jpg,0,ADI,4098,0,0,5,1.0915443,0.83058786,0.97516704,0.7221352,3.317073
/content/Dataset/TUM/TUM-YQIHVCVE.jpg,8,TUM,4099,8,0,6,0.98234874,0.78593457,1.0,0.6895465,2.995851
/content/Dataset/LYM/LYM-LKKFERAK.jpg,3,LYM,4100,3,0,2,1.0472966,0.80519295,1.0,0.71080214,3.1947057
/content/Dataset/TUM/TUM-TAGDVMIL.jpg,8,TUM,4101,8,0,6,0.9853247,0.7891059,1.0,0.6905434,2.9936688
/content/Dataset/STR/STR-TSGAMSST.jpg,7,STR,4102,5,1,5,0.9316137,0.7874913,1.0,0.65708405,2.8098435
/content/Dataset/TUM/TUM-WWSIRVKA.jpg,8,TUM,4103,8,0,6,0.9833892,0.79264814,1.0,0.68633586,2.9791968
/content/Dataset/BACK/BACK-PCKIKQHM.jpg,1,BACK,4104,1,0,0,1.0745612,0.809374,1.0,0.70420414,3.3555133
/content/Dataset/TUM/TUM-RNAARVNL.jpg,8,TUM,4105,8,0,6,0.98477656,0.7885622,1.0,0.69036144,2.9938664
/content/Dataset/MUC/MUC-HKQMIKNR.jpg,4,MUC,4106,4,0,6,1.0112776,0.83727026,1.0,0.6530298,3.0294642
/content/Dataset/LYM/LYM-MYTNRTQQ.jpg,3,LYM,4107,4,1,4,1.0588158,0.81525433,1.0,0.7106659,3.208095
/content/Dataset/ADI/ADI-CRVIPKCY.jpg,0,ADI,4108,0,0,5,1.1010541,0.83314556,1.0,0.7220516,3.3132293
/content/Dataset/ADI/ADI-AYYKRWTK.jpg,0,ADI,4109,3,1,3,1.1026471,0.82166916,1.0,0.7221103,3.3854663
/content/Dataset/LYM/LYM-SWFWNKLS.jpg,3,LYM,4110,4,1,4,1.0537046,0.8145187,0.9852178,0.71057844,3.209031
/content/Dataset/TUM/TUM-YDMISHWG.jpg,8,TUM,4111,6,1,6,0.98613536,0.78962505,1.0,0.6910456,2.9940178
/content/Dataset/ADI/ADI-GAAFYEWV.jpg,0,ADI,4112,0,0,4,1.0851157,0.82388496,1.0,0.72196496,3.2722006
/content/Dataset/TUM/TUM-SDDRWKMQ.jpg,8,TUM,4113,8,0,6,0.9840307,0.79033804,1.0,0.6883907,2.9873893
/content/Dataset/MUC/MUC-ASGIEQRC.jpg,4,MUC,4114,3,1,3,1.017851,0.7936013,1.0,0.678975,3.1976764
/content/Dataset/TUM/TUM-YGDPKIFE.jpg,8,TUM,4115,8,0,6,0.985117,0.7881098,1.0,0.6909689,2.9960227
/content/Dataset/NORM/NORM-MHQFHHRG.jpg,6,NORM,4116,6,0,8,0.9794557,0.7890607,1.0,0.6833895,2.984324
/content/Dataset/STR/STR-TDYCHDRQ.jpg,7,STR,4117,7,0,5,0.92409134,0.7707925,1.0,0.6593909,2.8381162
/content/Dataset/DEB/DEB-RQISKTGG.jpg,2,DEB,4118,5,1,5,1.0241758,0.8196733,0.9121791,0.68694395,3.223733
/content/Dataset/DEB/DEB-TQCIFLDE.jpg,2,DEB,4119,7,1,7,1.0281929,0.8245153,1.0,0.6809913,3.0907347
/content/Dataset/BACK/BACK-NYQLEMQG.jpg,1,BACK,4120,1,0,3,1.0666248,0.81046474,1.0,0.7043639,3.3018506
/content/Dataset/NORM/NORM-NPRWQYYG.jpg,6,NORM,4121,6,0,8,0.97487086,0.78037983,1.0,0.6842912,2.9983385
/content/Dataset/STR/STR-VSQQWRFG.jpg,7,STR,4122,7,0,5,0.92582816,0.77625215,1.0,0.6578349,2.8272164
/content/Dataset/NORM/NORM-WDSHIGPS.jpg,6,NORM,4123,6,0,8,0.97207,0.7765057,1.0,0.683926,3.0029109
/content/Dataset/BACK/BACK-LKWCTGST.jpg,1,BACK,4124,1,0,3,1.0664214,0.80998296,1.0,0.7044904,3.3028316
/content/Dataset/MUC/MUC-ACWQVRYC.jpg,4,MUC,4125,4,0,3,1.0166432,0.7917961,1.0,0.6789419,3.2003005
/content/Dataset/NORM/NORM-AKWPQRCH.jpg,6,NORM,4126,6,0,4,0.92704433,0.8814329,1.0,0.5597955,2.686563
/content/Dataset/BACK/BACK-IGIPQYDI.jpg,1,BACK,4127,1,0,4,1.0674622,0.82541555,1.0,0.70195115,3.2350438
/content/Dataset/MUS/MUS-PGMSESSG.jpg,5,MUS,4128,7,1,7,0.9619636,0.7898969,1.0,0.69045067,2.8612938
/content/Dataset/LYM/LYM-RPMHSSSV.jpg,3,LYM,4129,3,0,2,1.0475589,0.8052507,1.0,0.7109977,3.195219
/content/Dataset/STR/STR-YEHVSGPI.jpg,7,STR,4130,7,0,5,0.92776555,0.7766467,1.0,0.6596383,2.830546
/content/Dataset/LYM/LYM-PYMEGWCP.jpg,3,LYM,4131,3,0,2,1.0504302,0.810277,1.0,0.71048284,3.1870112
/content/Dataset/NORM/NORM-AHNNFYAN.jpg,6,NORM,4132,6,0,8,0.97998405,0.7892201,1.0,0.6838617,2.9849675
/content/Dataset/NORM/NORM-AGICVEKC.jpg,6,NORM,4133,4,1,4,1.009515,0.8073508,0.9525773,0.683619,3.1431403
/content/Dataset/TUM/TUM-RLINEMMY.jpg,8,TUM,4134,6,1,6,0.986397,0.79078066,1.0,0.6905855,2.9913025
/content/Dataset/BACK/BACK-IMPHLAWG.jpg,1,BACK,4135,1,0,8,1.0646938,0.81470126,1.0,0.7038418,3.2694023
/content/Dataset/MUC/MUC-VWIRSIAP.jpg,4,MUC,4136,4,0,7,0.29198524,0.78346944,1.0,0.048003655,0.9449929
/content/Dataset/MUS/MUS-NRWTTACG.jpg,5,MUS,4137,5,0,7,0.960774,0.7850057,1.0,0.6923423,2.8717954
/content/Dataset/BACK/BACK-EIAWHSQS.jpg,1,BACK,4138,1,0,5,1.0631597,0.82390475,0.9626303,0.70429003,3.2764308
/content/Dataset/TUM/TUM-WTMAIDPV.jpg,8,TUM,4139,8,0,6,0.9855481,0.78870285,1.0,0.69105256,2.9952438
/content/Dataset/MUS/MUS-RNHEYICG.jpg,5,MUS,4140,7,1,7,0.9631405,0.7900814,1.0,0.6915538,2.8634133
/content/Dataset/MUS/MUS-NSQKHHMA.jpg,5,MUS,4141,5,0,7,0.958251,0.7805904,1.0,0.69256073,2.8780804
/content/Dataset/BACK/BACK-KSPWMSGV.jpg,1,BACK,4142,1,0,0,1.0745201,0.80910844,1.0,0.70436007,3.3561718
/content/Dataset/MUS/MUS-RQIPCIET.jpg,5,MUS,4143,5,0,7,0.95390683,0.7754444,1.0,0.6913191,2.8823967
/content/Dataset/TUM/TUM-WYVSDVFF.jpg,8,TUM,4144,8,0,6,0.9833301,0.78540885,1.0,0.6909016,2.9995441
/content/Dataset/DEB/DEB-RSHLQFSV.jpg,2,DEB,4145,2,0,3,1.0147641,0.788498,1.0,0.6865915,3.1795287
/content/Dataset/NORM/NORM-RMLRWDDG.jpg,6,NORM,4146,6,0,4,0.9969509,0.8069435,0.9103435,0.68385434,3.144892
/content/Dataset/LYM/LYM-SRCLEDPW.jpg,3,LYM,4147,4,1,4,1.0587345,0.81523514,1.0,0.7106097,3.2079306
/content/Dataset/ADI/ADI-FFTHMFGE.jpg,0,ADI,4148,3,1,3,1.1024958,0.8208819,1.0,0.72250724,3.387504
/content/Dataset/STR/STR-PWYRSKNG.jpg,7,STR,4149,2,1,2,0.969966,0.79864085,0.91343266,0.65774894,3.1141794
/content/Dataset/STR/STR-VSNSQTVS.jpg,7,STR,4150,5,1,5,0.92847663,0.79653317,1.0,0.6485299,2.7783136
/content/Dataset/MUS/MUS-ASGFCRDD.jpg,5,MUS,4151,7,1,7,0.96296966,0.82065177,1.0,0.67297256,2.7815146
/content/Dataset/NORM/NORM-SWSKTLNI.jpg,6,NORM,4152,5,1,5,1.0220617,0.8372085,0.86100227,0.6764551,3.2466404
/content/Dataset/TUM/TUM-TTVVWNWA.jpg,8,TUM,4153,8,0,6,0.984529,0.7914562,1.0,0.6881848,2.9853697
/content/Dataset/BACK/BACK-MDFYESLL.jpg,1,BACK,4154,1,0,3,1.0664767,0.8102211,1.0,0.7043927,3.3022094
/content/Dataset/BACK/BACK-IFYQAWWV.jpg,1,BACK,4155,1,0,3,1.0661856,0.8098055,1.0,0.7043833,3.3028119
/content/Dataset/LYM/LYM-PWMDLIIH.jpg,3,LYM,4156,3,0,2,1.0483065,0.80616814,1.0,0.7111079,3.1942778
/content/Dataset/DEB/DEB-QWITTVDI.jpg,2,DEB,4157,2,0,7,0.4438727,0.8713503,1.0,0.17150442,1.3133738
/content/Dataset/BACK/BACK-KPWNCRCG.jpg,1,BACK,4158,1,0,3,1.0668737,0.8106102,1.0,0.7045105,3.301977
/content/Dataset/BACK/BACK-ITNEHITY.jpg,1,BACK,4159,0,1,0,1.0779293,0.81553113,1.0,0.70336485,3.3443112
/content/Dataset/DEB/DEB-THSVNLHP.jpg,2,DEB,4160,3,1,3,1.01959,0.7951977,1.0,0.6870016,3.1708586
/content/Dataset/MUC/MUC-PPRLVYVT.jpg,4,MUC,4161,4,0,3,1.0170155,0.79160213,1.0,0.67944163,3.2017536
/content/Dataset/ADI/ADI-ETRSFPDE.jpg,0,ADI,4162,0,0,4,1.0851128,0.82389075,1.0,0.72197086,3.2721317
/content/Dataset/MUS/MUS-QDFKSCEL.jpg,5,MUS,4163,7,1,7,0.9652489,0.79835695,1.0,0.68850136,2.8460073
/content/Dataset/MUS/MUS-RLTAPSLM.jpg,5,MUS,4164,5,0,7,0.9564849,0.7809462,1.0,0.6904717,2.8732018
/content/Dataset/LYM/LYM-RNRYREIF.jpg,3,LYM,4165,3,0,2,1.0477217,0.80588615,1.0,0.7107531,3.1936588
/content/Dataset/TUM/TUM-TDMYSSDP.jpg,8,TUM,4166,8,0,6,0.98446065,0.78680927,1.0,0.6911665,2.9981103
/content/Dataset/BACK/BACK-PASCWPQI.jpg,1,BACK,4167,0,1,0,1.0770334,0.82979053,1.0,0.6933236,3.298431
/content/Dataset/TUM/TUM-QLIKGNWC.jpg,8,TUM,4168,6,1,6,0.9889942,0.8193743,1.0,0.67559683,2.9174604
/content/Dataset/DEB/DEB-SVNRAHII.jpg,2,DEB,4169,2,0,5,0.38504592,0.6772912,1.0,0.057945248,1.6126031
/content/Dataset/DEB/DEB-YWNIKNIP.jpg,2,DEB,4170,2,0,7,0.8818495,0.8807367,1.0,0.52479655,2.5619345
/content/Dataset/DEB/DEB-QSIICLQT.jpg,2,DEB,4171,3,1,3,1.0207555,0.79831433,1.0,0.68612915,3.1643267
/content/Dataset/NORM/NORM-SVMQNHKV.jpg,6,NORM,4172,4,1,4,1.0193447,0.81054497,0.98005986,0.68311507,3.1376448
/content/Dataset/ADI/ADI-CHQHELVR.jpg,0,ADI,4173,3,1,3,1.102299,0.8211164,1.0,0.7221656,3.3863144
/content/Dataset/MUC/MUC-NDACHSCI.jpg,4,MUC,4174,4,0,7,0.99581784,0.80181,1.0,0.67794895,3.0316713
/content/Dataset/LYM/LYM-VCCDEVAM.jpg,3,LYM,4175,3,0,2,1.0477672,0.8058887,1.0,0.7107683,3.1938517
/content/Dataset/MUS/MUS-TCQTMRDY.jpg,5,MUS,4176,5,0,7,0.95590794,0.7772674,1.0,0.6923027,2.8817196
/content/Dataset/NORM/NORM-QEHLQQAQ.jpg,6,NORM,4177,6,0,8,0.97406363,0.7788929,1.0,0.684442,3.0006568
/content/Dataset/DEB/DEB-YNWECPMW.jpg,2,DEB,4178,2,0,3,1.0165642,0.79058635,1.0,0.6869464,3.17775
/content/Dataset/TUM/TUM-QCARFEQH.jpg,8,TUM,4179,8,0,6,0.9837857,0.7862736,1.0,0.69080544,2.9981437
/content/Dataset/ADI/ADI-IENGERYK.jpg,0,ADI,4180,0,0,4,1.0884764,0.83176774,1.0,0.7200194,3.2563322
/content/Dataset/ADI/ADI-AVDCDYDK.jpg,0,ADI,4181,0,0,4,1.0836868,0.8234668,0.99610144,0.7220451,3.2729523
/content/Dataset/ADI/ADI-IAWFTDIH.jpg,0,ADI,4182,0,0,4,1.0842936,0.8225813,1.0,0.7220454,3.2742019
/content/Dataset/BACK/BACK-KTDRFPYL.jpg,1,BACK,4183,1,0,3,1.066391,0.8104023,1.0,0.70417106,3.3015268
/content/Dataset/MUS/MUS-CMQSLYVC.jpg,5,MUS,4184,5,0,7,0.95693284,0.780291,1.0,0.6913447,2.876036
/content/Dataset/STR/STR-TVTDVYLR.jpg,7,STR,4185,7,0,5,0.9179495,0.761233,1.0,0.6586639,2.8508792
/content/Dataset/ADI/ADI-FFSKKPLW.jpg,0,ADI,4186,0,0,5,1.1012402,0.8334706,1.0,0.7220004,3.312726
/content/Dataset/MUS/MUS-RKHNFFWP.jpg,5,MUS,4187,5,0,7,0.95298094,0.7738134,1.0,0.6914397,2.8846605
/content/Dataset/MUS/MUS-NVWLIQWS.jpg,5,MUS,4188,5,0,7,0.9561289,0.7777552,1.0,0.6921862,2.8809874
/content/Dataset/MUC/MUC-PNHSESSP.jpg,4,MUC,4189,0,1,0,1.0298051,0.7968041,1.0,0.6782438,3.2541554
/content/Dataset/DEB/DEB-RVLDGLGY.jpg,2,DEB,4190,2,0,3,1.0171918,0.7914616,1.0,0.6870258,3.1765046
/content/Dataset/MUS/MUS-PVTPQFCD.jpg,5,MUS,4191,5,0,7,0.93619007,0.851233,1.0,0.63190466,2.6380687
/content/Dataset/LYM/LYM-AHFLYNTS.jpg,3,LYM,4192,3,0,2,1.0514271,0.81320286,1.0,0.7095679,3.1805954
/content/Dataset/BACK/BACK-MGYIEPSC.jpg,1,BACK,4193,0,1,0,1.0768967,0.81368744,1.0,0.7035921,3.3475943
/content/Dataset/MUS/MUS-RQVSMMLI.jpg,5,MUS,4194,5,0,7,0.95262474,0.7735107,1.0,0.6912923,2.8845906
/content/Dataset/LYM/LYM-LELCPSQR.jpg,3,LYM,4195,4,1,4,1.0591469,0.8160525,1.0,0.7104238,3.2066405
/content/Dataset/MUC/MUC-AWWWRKIR.jpg,4,MUC,4196,4,0,6,1.0156798,0.80197126,0.99865806,0.6783959,3.1452708
/content/Dataset/MUC/MUC-AAYHHKQG.jpg,4,MUC,4197,4,0,7,0.99333185,0.7952509,1.0,0.6794884,3.0450785
/content/Dataset/MUS/MUS-RWPFDPKE.jpg,5,MUS,4198,5,0,7,0.9505616,0.77203923,1.0,0.69004226,2.8840716
/content/Dataset/LYM/LYM-ESYAEHRL.jpg,3,LYM,4199,3,0,2,1.0486456,0.8079483,1.0,0.71026146,3.1898158
/content/Dataset/MUS/MUS-PNPAKPID.jpg,5,MUS,4200,0,1,0,1.0366429,0.8119131,0.9231006,0.68912464,3.3134298
/content/Dataset/MUC/MUC-VWEKDPLH.jpg,4,MUC,4201,4,0,3,1.017094,0.7915582,1.0,0.67957187,3.201987
/content/Dataset/MUC/MUC-WTRYYWLR.jpg,4,MUC,4202,0,1,0,1.033805,0.80598533,1.0,0.67631805,3.235339
/content/Dataset/TUM/TUM-QSWFYQAD.jpg,8,TUM,4203,6,1,6,0.9883183,0.794716,1.0,0.6900172,2.9846127
/content/Dataset/LYM/LYM-RPPTGCNE.jpg,3,LYM,4204,3,0,2,1.0444993,0.8026425,1.0,0.70978606,3.1956809
/content/Dataset/TUM/TUM-TSSDTMNL.jpg,8,TUM,4205,8,0,6,0.98507,0.7885012,1.0,0.6906807,2.9947705
/content/Dataset/ADI/ADI-CHLVPVRM.jpg,0,ADI,4206,0,0,3,1.1019721,0.8209407,1.0,0.7219587,3.3861578
/content/Dataset/STR/STR-VFYPAYYL.jpg,7,STR,4207,2,1,2,0.9861915,0.80583084,0.96643466,0.6538415,3.0948555
/content/Dataset/MUS/MUS-AECNESDF.jpg,5,MUS,4208,7,1,7,0.9633246,0.7922535,1.0,0.6903649,2.8580031
/content/Dataset/DEB/DEB-QRKWCRDS.jpg,2,DEB,4209,2,0,7,0.9483928,0.8202836,1.0,0.6065206,2.9142027
/content/Dataset/ADI/ADI-GNSLHDYF.jpg,0,ADI,4210,0,0,2,1.0915025,0.8210333,1.0,0.72253174,3.3223639
/content/Dataset/NORM/NORM-AQFMFMNR.jpg,6,NORM,4211,6,0,8,0.9747252,0.78211415,1.0,0.68294555,2.9933226
/content/Dataset/TUM/TUM-QQCNDKHW.jpg,8,TUM,4212,8,0,6,0.9840078,0.78683954,1.0,0.6906482,2.99711
/content/Dataset/NORM/NORM-SARLQYIP.jpg,6,NORM,4213,6,0,4,1.000935,0.80633456,0.9253005,0.6838242,3.1453185
/content/Dataset/NORM/NORM-AMDMSMYI.jpg,6,NORM,4214,4,1,4,1.0098362,0.80617905,0.95653915,0.6835525,3.1444678
/content/Dataset/LYM/LYM-QVTHPDSH.jpg,3,LYM,4215,3,0,2,1.0473711,0.80580175,1.0,0.7104524,3.193149
/content/Dataset/MUS/MUS-TCILFQIV.jpg,5,MUS,4216,5,0,7,0.9576588,0.7805908,1.0,0.6919297,2.8767893
/content/Dataset/DEB/DEB-RKWLADKG.jpg,2,DEB,4217,2,0,3,1.0188235,0.79309297,1.0,0.687609,3.175359
/content/Dataset/ADI/ADI-CDLMNQPL.jpg,0,ADI,4218,0,0,5,1.1005664,0.8324136,1.0,0.7220863,3.3142662
/content/Dataset/DEB/DEB-WLAKDTAG.jpg,2,DEB,4219,2,0,3,1.0184952,0.7930792,1.0,0.68731457,3.1745498
/content/Dataset/BACK/BACK-MRIDYRRR.jpg,1,BACK,4220,1,0,3,1.0662676,0.8098755,1.0,0.704427,3.3027494
/content/Dataset/TUM/TUM-VAWPFKNV.jpg,8,TUM,4221,6,1,6,0.9863539,0.7899125,1.0,0.69109786,2.9936562
/content/Dataset/ADI/ADI-DGCTEKQT.jpg,0,ADI,4222,0,0,4,1.084525,0.82284474,1.0,0.7220972,3.273925
/content/Dataset/TUM/TUM-QKQCKYSN.jpg,8,TUM,4223,8,0,6,0.98427397,0.7870335,1.0,0.6908506,2.996986
/content/Dataset/MUC/MUC-RGWTTWAN.jpg,4,MUC,4224,0,1,0,1.0327035,0.81790394,1.0,0.6678105,3.1966074
/content/Dataset/ADI/ADI-GCKQDICL.jpg,0,ADI,4225,3,1,3,1.1025894,0.82107973,1.0,0.72244924,3.3871608
/content/Dataset/MUC/MUC-YIMANTRC.jpg,4,MUC,4226,4,0,3,1.0167888,0.7918728,1.0,0.6790375,3.2004094
/content/Dataset/MUS/MUS-SYQLMHGS.jpg,5,MUS,4227,7,1,7,0.9630964,0.7936567,1.0,0.6892258,2.8537946
/content/Dataset/STR/STR-YRNRWWQS.jpg,7,STR,4228,7,0,5,0.9211866,0.7724993,1.0,0.6550343,2.8274865
/content/Dataset/TUM/TUM-QDESFEYF.jpg,8,TUM,4229,8,0,6,0.98418385,0.7878264,1.0,0.69017637,2.9947705
/content/Dataset/ADI/ADI-ELDRSIKG.jpg,0,ADI,4230,0,0,5,1.1018661,0.8343951,1.0,0.7220094,3.3112829
/content/Dataset/ADI/ADI-CADEVSFT.jpg,0,ADI,4231,0,0,2,1.0918572,0.8220954,1.0,0.72215587,3.319983
/content/Dataset/ADI/ADI-ESMHYVIH.jpg,0,ADI,4232,0,0,5,1.1010305,0.83302367,1.0,0.72211194,3.3135316
/content/Dataset/ADI/ADI-DKEHKHSW.jpg,0,ADI,4233,3,1,3,1.1022123,0.8208845,1.0,0.7222362,3.386841
/content/Dataset/STR/STR-TDCCSRMS.jpg,7,STR,4234,5,1,5,0.9299808,0.78191805,1.0,0.6587272,2.8212862
/content/Dataset/MUS/MUS-QHIKHEVD.jpg,5,MUS,4235,5,0,7,0.9539276,0.7784639,1.0,0.689333,2.8743913
/content/Dataset/ADI/ADI-GGDPWEWI.jpg,0,ADI,4236,3,1,3,1.1022264,0.8212315,1.0,0.72197956,3.3859415
/content/Dataset/MUS/MUS-PDRANAEA.jpg,5,MUS,4237,5,0,7,0.9588687,0.7817903,1.0,0.692434,2.8762016
/content/Dataset/DEB/DEB-SHGQHGAC.jpg,2,DEB,4238,4,1,4,1.0338145,0.8288803,0.893881,0.68147993,3.2844
/content/Dataset/TUM/TUM-QEFDTPRD.jpg,8,TUM,4239,6,1,6,0.99008805,0.8249187,1.0,0.6735491,2.9042864
/content/Dataset/MUS/MUS-NWAGGFQM.jpg,5,MUS,4240,5,0,7,0.96071625,0.7859554,1.0,0.6916654,2.8691294
/content/Dataset/MUC/MUC-QSNWYPQA.jpg,4,MUC,4241,4,0,6,0.98699147,0.84508806,1.0,0.6266633,2.9473403
/content/Dataset/BACK/BACK-KFRILHEI.jpg,1,BACK,4242,0,1,0,1.0774956,0.81466275,1.0,0.70352983,3.3459506
/content/Dataset/MUS/MUS-RHMVQITT.jpg,5,MUS,4243,5,0,7,0.95793307,0.7802883,1.0,0.69242316,2.8781886
/content/Dataset/TUM/TUM-WLDCTFAF.jpg,8,TUM,4244,8,0,6,0.9833766,0.78553885,1.0,0.6908639,2.999286
/content/Dataset/LYM/LYM-TLRCYGKC.jpg,3,LYM,4245,3,0,2,1.0470783,0.80484354,1.0,0.7108104,3.1952682
/content/Dataset/ADI/ADI-FKWSQIQV.jpg,0,ADI,4246,0,0,5,1.1011139,0.8326937,1.0,0.7224071,3.3147135
/content/Dataset/MUS/MUS-ALNHGALG.jpg,5,MUS,4247,7,1,7,0.96640503,0.8076276,1.0,0.6840226,2.8238142
/content/Dataset/BACK/BACK-MMIDNPYW.jpg,1,BACK,4248,1,0,3,1.0658448,0.8090703,1.0,0.70452386,3.304327
/content/Dataset/ADI/ADI-IAFTLADN.jpg,0,ADI,4249,0,0,5,1.0935503,0.83087003,0.98089755,0.72214246,3.3166733
/content/Dataset/LYM/LYM-NCVSEKME.jpg,3,LYM,4250,3,0,2,1.0474856,0.8050754,1.0,0.7110603,3.1955042
/content/Dataset/LYM/LYM-RDRYMMLK.jpg,3,LYM,4251,3,0,2,1.0477136,0.8059792,1.0,0.710689,3.193346
/content/Dataset/BACK/BACK-KFELSCVQ.jpg,1,BACK,4252,1,0,5,1.0646173,0.82546556,0.965926,0.7036914,3.2727115
/content/Dataset/MUC/MUC-WGCYRQWM.jpg,4,MUC,4253,4,0,3,1.0170057,0.7915112,1.0,0.6794826,3.202036
/content/Dataset/LYM/LYM-VFRIRMIN.jpg,3,LYM,4254,3,0,2,1.0511734,0.81193924,1.0,0.71014297,3.1837375
/content/Dataset/MUC/MUC-STQYRIQY.jpg,4,MUC,4255,4,0,7,0.9364056,0.8665515,1.0,0.5897778,2.70266
/content/Dataset/ADI/ADI-HTKHEEPF.jpg,0,ADI,4256,0,0,5,1.1013604,0.83308256,1.0,0.72236896,3.3141623
/content/Dataset/ADI/ADI-CPWHLEDK.jpg,0,ADI,4257,0,0,5,1.0943812,0.830361,0.9844964,0.72218835,3.3175354
/content/Dataset/ADI/ADI-DGQCMVDY.jpg,0,ADI,4258,0,0,5,1.0997698,0.8312366,1.0,0.7220853,3.3160756
/content/Dataset/BACK/BACK-IGLTVFNT.jpg,1,BACK,4259,0,1,0,1.0798725,0.82755303,1.0,0.6974512,3.3117764
/content/Dataset/STR/STR-SGTAQMSY.jpg,7,STR,4260,7,0,5,0.871181,0.83059835,1.0,0.57428426,2.5531905
/content/Dataset/MUC/MUC-YNQFYPKQ.jpg,4,MUC,4261,6,1,6,1.0194439,0.82508266,1.0,0.66763824,3.084633
/content/Dataset/STR/STR-WEWFQANA.jpg,7,STR,4262,7,0,5,0.9266926,0.77811706,1.0,0.65753645,2.8243108
/content/Dataset/MUS/MUS-ARTKNKRI.jpg,5,MUS,4263,5,0,7,0.95453596,0.7760314,1.0,0.69162786,2.8821206
/content/Dataset/NORM/NORM-MIGSQTRA.jpg,6,NORM,4264,4,1,4,1.0258005,0.8148267,1.0,0.6809064,3.126287
/content/Dataset/MUC/MUC-PMMELSHN.jpg,4,MUC,4265,0,1,0,1.0299964,0.79770654,1.0,0.67786855,3.2517614
/content/Dataset/STR/STR-QRMWEAYY.jpg,7,STR,4266,7,0,5,0.92646915,0.7933679,1.0,0.64825505,2.7823734
/content/Dataset/STR/STR-WSLYVRVG.jpg,7,STR,4267,7,0,5,0.92490023,0.77229655,1.0,0.65923685,2.8360856
/content/Dataset/STR/STR-NQFQYHDT.jpg,7,STR,4268,7,0,5,0.9247688,0.7726712,1.0,0.65883625,2.834851
/content/Dataset/DEB/DEB-VMFHFMHQ.jpg,2,DEB,4269,2,0,3,1.0186098,0.79309464,1.0,0.68736684,3.1749542
/content/Dataset/STR/STR-VNYKGRIY.jpg,7,STR,4270,2,1,2,0.96986437,0.804562,0.91665095,0.65260273,3.094962
/content/Dataset/MUS/MUS-PNGDQFFW.jpg,5,MUS,4271,7,1,7,0.9670123,0.8159528,1.0,0.67968124,2.8030868
/content/Dataset/NORM/NORM-MTKGTIKP.jpg,6,NORM,4272,6,0,8,0.9741624,0.77965564,1.0,0.68400496,2.998856
/content/Dataset/ADI/ADI-GLIANFGC.jpg,0,ADI,4273,3,1,3,1.1027578,0.82173467,1.0,0.7221706,3.3855224
/content/Dataset/NORM/NORM-RPILDDNP.jpg,6,NORM,4274,6,0,8,0.97526693,0.7827052,1.0,0.6831308,2.9928575
/content/Dataset/MUS/MUS-QRQSPYMP.jpg,5,MUS,4275,5,0,7,0.9557071,0.7770588,1.0,0.69221425,2.8818777
/content/Dataset/MUC/MUC-TMNARCKW.jpg,4,MUC,4276,3,1,3,1.0176277,0.7931982,1.0,0.6790241,3.1983333
/content/Dataset/ADI/ADI-HTVARGNW.jpg,0,ADI,4277,3,1,3,1.1023699,0.82173973,1.0,0.7217842,3.384668
/content/Dataset/MUC/MUC-QFFINHYH.jpg,4,MUC,4278,3,1,3,1.0176378,0.79256576,1.0,0.6794432,3.2002742
/content/Dataset/ADI/ADI-FYFARHNE.jpg,0,ADI,4279,3,1,3,1.1021917,0.82111907,1.0,0.7220377,3.3861501
/content/Dataset/LYM/LYM-TWIDDNPS.jpg,3,LYM,4280,3,0,6,0.733845,0.90921193,1.0,0.3830784,2.1227448
/content/Dataset/TUM/TUM-SSWVPTIS.jpg,8,TUM,4281,6,1,6,0.9868535,0.79204875,1.0,0.6902026,2.988882
/content/Dataset/STR/STR-MQMVRNKR.jpg,7,STR,4282,7,0,5,0.9229226,0.77026916,1.0,0.6583972,2.8371232
/content/Dataset/TUM/TUM-QSLRQIQA.jpg,8,TUM,4283,8,0,6,0.9851048,0.78791773,1.0,0.69111437,2.9964252
/content/Dataset/DEB/DEB-PLFNVQVF.jpg,2,DEB,4284,2,0,3,0.6812196,0.8845492,1.0,0.35205254,2.0138147
/content/Dataset/ADI/ADI-DYGNLALG.jpg,0,ADI,4285,3,1,3,1.1026508,0.8218555,1.0,0.72198033,3.3849316
/content/Dataset/TUM/TUM-VCKCIMVA.jpg,8,TUM,4286,5,1,5,1.0344911,0.8245213,0.9551682,0.6868271,3.1825068
/content/Dataset/ADI/ADI-HAHCLKYF.jpg,0,ADI,4287,0,0,5,1.0945044,0.8310191,0.9840159,0.72201973,3.3161519
/content/Dataset/STR/STR-QNWELRIH.jpg,7,STR,4288,7,0,5,0.9255754,0.772903,1.0,0.6595347,2.8360949
/content/Dataset/TUM/TUM-QWEISNRV.jpg,8,TUM,4289,2,1,2,1.049366,0.8296647,1.0,0.67574644,3.2032065
/content/Dataset/BACK/BACK-KQQIQFDC.jpg,1,BACK,4290,1,0,3,1.0663055,0.81003374,1.0,0.70434356,3.3024108
/content/Dataset/BACK/BACK-CMDEIMQL.jpg,1,BACK,4291,0,1,0,1.0769255,0.81412107,1.0,0.70332265,3.3463619
/content/Dataset/MUC/MUC-QEVYPQNL.jpg,4,MUC,4292,4,0,7,0.99245906,0.79543567,0.9985361,0.6788791,3.04368
/content/Dataset/MUC/MUC-APWPQQWR.jpg,4,MUC,4293,4,0,7,0.99033475,0.7942115,0.9935512,0.67900336,3.0456252
/content/Dataset/MUC/MUC-RWYSKHIE.jpg,4,MUC,4294,4,0,3,1.0172222,0.7926843,1.0,0.6789486,3.1989512
/content/Dataset/DEB/DEB-WEKQDAED.jpg,2,DEB,4295,2,0,3,1.0186627,0.792807,1.0,0.6876489,3.1757908
/content/Dataset/STR/STR-SMRHSQTI.jpg,7,STR,4296,5,1,5,0.9330063,0.7957947,1.0,0.65368724,2.790386
/content/Dataset/MUS/MUS-ADLYAHCE.jpg,5,MUS,4297,5,0,7,0.9537039,0.7827522,1.0,0.6863398,2.8622983
/content/Dataset/ADI/ADI-GSNPMYPN.jpg,0,ADI,4298,0,0,4,1.0849643,0.823558,1.0,0.72204924,3.2727838
/content/Dataset/DEB/DEB-REKWNCSG.jpg,2,DEB,4299,2,0,3,1.017747,0.79201233,1.0,0.6872329,3.1761076
/content/Dataset/TUM/TUM-RDWNGNGT.jpg,8,TUM,4300,8,0,6,0.98431504,0.7868334,1.0,0.6910408,2.9975832
/content/Dataset/MUS/MUS-ATHWINDA.jpg,5,MUS,4301,7,1,7,0.9629348,0.79065275,1.0,0.69099075,2.8613822
/content/Dataset/NORM/NORM-LFPQGPRM.jpg,6,NORM,4302,6,0,8,0.9756963,0.78155696,1.0,0.684394,2.9968374
/content/Dataset/TUM/TUM-WGVMWRPV.jpg,8,TUM,4303,6,1,6,0.98734564,0.79443765,1.0,0.6891926,2.9832377
/content/Dataset/NORM/NORM-LLGMTHKH.jpg,6,NORM,4304,6,0,8,0.9797375,0.790211,1.0,0.682953,2.9816968
/content/Dataset/LYM/LYM-QSPAEWNG.jpg,3,LYM,4305,3,0,2,1.0491726,0.80770123,1.0,0.7109607,3.1916783
/content/Dataset/TUM/TUM-RMKCHQTT.jpg,8,TUM,4306,8,0,6,0.9851471,0.7878127,1.0,0.6912207,2.9968343
/content/Dataset/ADI/ADI-DLEMIKNI.jpg,0,ADI,4307,0,0,4,1.0816917,0.8225304,0.99173355,0.7220612,3.2743208
/content/Dataset/MUC/MUC-QVNSMAQT.jpg,4,MUC,4308,4,0,3,1.0172396,0.79239523,1.0,0.67914486,3.199898
/content/Dataset/MUS/MUS-PQKGSPDW.jpg,5,MUS,4309,5,0,7,0.95706284,0.7800026,1.0,0.69166404,2.8771188
/content/Dataset/MUS/MUS-SAVWRCDH.jpg,5,MUS,4310,5,0,7,0.4314203,0.86649656,1.0,0.19172738,1.2357718
/content/Dataset/ADI/ADI-HREHYTQV.jpg,0,ADI,4311,0,0,4,1.0848594,0.8228406,1.0,0.7224277,3.2746701
/content/Dataset/LYM/LYM-QLGRFVVV.jpg,3,LYM,4312,4,1,4,1.0589383,0.8157786,1.0,0.71043617,3.2068477
/content/Dataset/DEB/DEB-SQYFVMID.jpg,2,DEB,4313,2,0,3,1.0183052,0.79195684,1.0,0.6878354,3.1775446
/content/Dataset/NORM/NORM-TISNAPYL.jpg,6,NORM,4314,6,0,8,0.97292084,0.7774212,1.0,0.6842174,3.0022295
/content/Dataset/MUS/MUS-QRTWYSYF.jpg,5,MUS,4315,4,1,4,1.0096415,0.82323873,0.8562856,0.6858683,3.2227762
/content/Dataset/STR/STR-QIQRTKNQ.jpg,7,STR,4316,7,0,5,0.9197116,0.76815784,1.0,0.65608835,2.8362095
/content/Dataset/MUS/MUS-ACTCFHSN.jpg,5,MUS,4317,7,1,7,0.966206,0.8014607,1.0,0.68755746,2.8398583
/content/Dataset/NORM/NORM-NFQWMVIV.jpg,6,NORM,4318,6,0,4,0.997268,0.8069809,0.91123307,0.6838787,3.144909
/content/Dataset/LYM/LYM-NMRAAMDK.jpg,3,LYM,4319,3,0,4,1.0526547,0.8142917,0.98221576,0.7105894,3.2094638
/content/Dataset/NORM/NORM-PATNLGCG.jpg,6,NORM,4320,6,0,8,0.9741985,0.7796022,1.0,0.6841098,2.9989827
/content/Dataset/STR/STR-SRDFEGAI.jpg,7,STR,4321,7,0,5,0.9235692,0.76951116,1.0,0.65951073,2.8408215
/content/Dataset/MUC/MUC-NEFNVFMN.jpg,4,MUC,4322,6,1,6,1.0205221,0.815856,1.0,0.6741674,3.1143982
/content/Dataset/MUS/MUS-PILMAFAC.jpg,5,MUS,4323,7,1,7,0.9636783,0.8264549,1.0,0.670481,2.7675257
/content/Dataset/LYM/LYM-YLQITYES.jpg,3,LYM,4324,3,0,4,1.0504853,0.8148255,0.9727891,0.7109286,3.20962
/content/Dataset/STR/STR-WRRSAGSS.jpg,7,STR,4325,5,1,5,0.93202233,0.792204,1.0,0.65479136,2.7977846
/content/Dataset/STR/STR-TAHGVQMT.jpg,7,STR,4326,7,0,5,0.92769986,0.7783282,1.0,0.6584617,2.8260477
/content/Dataset/MUS/MUS-CKGWYCAY.jpg,5,MUS,4327,5,0,7,0.9559116,0.7774245,1.0,0.692166,2.8814204
/content/Dataset/LYM/LYM-QMSHTNWV.jpg,3,LYM,4328,3,0,6,0.7947258,0.90817857,1.0,0.43034294,2.2983575
/content/Dataset/ADI/ADI-ELRMLAPF.jpg,0,ADI,4329,3,1,3,1.1022052,0.82091165,1.0,0.72220206,3.3867757
/content/Dataset/STR/STR-WHLHGNAK.jpg,7,STR,4330,8,1,8,0.9282788,0.8588626,1.0,0.5565436,2.7959926
/content/Dataset/NORM/NORM-NMHTKTEP.jpg,6,NORM,4331,6,0,4,0.99974465,0.80941826,0.9180997,0.6826211,3.138913
/content/Dataset/MUS/MUS-QAPPFRHG.jpg,5,MUS,4332,5,0,7,0.95607513,0.77800274,1.0,0.6919604,2.8802211
/content/Dataset/BACK/BACK-ISPHTSWI.jpg,1,BACK,4333,1,0,3,1.0665327,0.8101618,1.0,0.704491,3.3025024
/content/Dataset/TUM/TUM-YHRHMTML.jpg,8,TUM,4334,8,0,6,0.9852541,0.788002,1.0,0.6912262,2.9964824
/content/Dataset/STR/STR-NHSTHSLP.jpg,7,STR,4335,2,1,2,0.9924786,0.8158629,1.0,0.6444352,3.0571735
/content/Dataset/ADI/ADI-GPYTYTHE.jpg,0,ADI,4336,0,0,4,1.0846541,0.8230787,1.0,0.72206026,3.2735412
/content/Dataset/DEB/DEB-VCNVNMEH.jpg,2,DEB,4337,2,0,3,1.0132312,0.7906901,1.0,0.6834408,3.1700191
/content/Dataset/STR/STR-SMGSVAPL.jpg,7,STR,4338,7,0,5,0.9181197,0.7641289,1.0,0.6571387,2.8429143
/content/Dataset/DEB/DEB-SELDQLQS.jpg,2,DEB,4339,8,1,8,1.0346259,0.84951186,1.0,0.6517716,3.1046822
/content/Dataset/BACK/BACK-LFLPTKKC.jpg,1,BACK,4340,1,0,0,1.0746111,0.80915123,1.0,0.7044144,3.356269
/content/Dataset/MUC/MUC-CCPSREGL.jpg,4,MUC,4341,4,0,3,1.0175871,0.7922623,1.0,0.67958194,3.2010999
/content/Dataset/ADI/ADI-EKCYDALE.jpg,0,ADI,4342,0,0,4,1.0829926,0.8225868,0.9953722,0.7221883,3.2744946
/content/Dataset/MUS/MUS-SAERGLNY.jpg,5,MUS,4343,5,0,7,0.9544138,0.7767108,1.0,0.69105566,2.8800046
/content/Dataset/DEB/DEB-YDHICCEG.jpg,2,DEB,4344,2,0,3,1.0181893,0.79185665,1.0,0.6878072,3.1774964
/content/Dataset/BACK/BACK-KNFAIPKL.jpg,1,BACK,4345,1,0,3,1.0662951,0.8098594,1.0,0.70445496,3.3028975
/content/Dataset/MUS/MUS-AAEKNQNW.jpg,5,MUS,4346,5,0,7,0.9563015,0.7805692,1.0,0.69053286,2.873781
/content/Dataset/LYM/LYM-VNCAKIVQ.jpg,3,LYM,4347,3,0,2,1.0496496,0.8095045,1.0,0.7102647,3.1873705
/content/Dataset/BACK/BACK-AAILRKDN.jpg,1,BACK,4348,1,0,3,1.0657951,0.809426,1.0,0.7042457,3.3031034
/content/Dataset/DEB/DEB-YSWGVYCN.jpg,2,DEB,4349,2,0,3,1.019077,0.7935463,1.0,0.6875536,3.1746373
/content/Dataset/LYM/LYM-VIVQAGET.jpg,3,LYM,4350,3,0,2,1.04781,0.80610216,1.0,0.7106632,3.1933408
/content/Dataset/BACK/BACK-PFDVMWWD.jpg,1,BACK,4351,1,0,8,1.0627583,0.81381416,1.0,0.702517,3.2677372
/content/Dataset/TUM/TUM-VCLVIYHF.jpg,8,TUM,4352,6,1,6,0.9860626,0.7900307,1.0,0.69072545,2.9926586
/content/Dataset/NORM/NORM-REYHWVIH.jpg,6,NORM,4353,6,0,8,0.977823,0.7859899,1.0,0.6837254,2.989131
/content/Dataset/NORM/NORM-YARCMACF.jpg,6,NORM,4354,6,0,8,0.96934676,0.8126833,1.0,0.65884686,2.8951175
/content/Dataset/STR/STR-NIYDTKPD.jpg,7,STR,4355,7,0,5,0.9262852,0.7788538,1.0,0.6566682,2.8213456
/content/Dataset/DEB/DEB-PVNHTSWG.jpg,2,DEB,4356,3,1,3,1.0195107,0.79442745,1.0,0.68742776,3.172959
/content/Dataset/ADI/ADI-HEKCPCAA.jpg,0,ADI,4357,3,1,3,1.102297,0.82108605,1.0,0.72218364,3.3864045
/content/Dataset/STR/STR-MWFHEDNI.jpg,7,STR,4358,7,0,5,0.92140394,0.7658105,1.0,0.6595242,2.8460264
/content/Dataset/TUM/TUM-SANMRFRW.jpg,8,TUM,4359,8,0,6,0.9845982,0.787824,1.0,0.6906234,2.9956481
/content/Dataset/TUM/TUM-WWWHWADN.jpg,8,TUM,4360,8,0,6,0.98350954,0.785393,1.0,0.6911132,2.9999402
/content/Dataset/TUM/TUM-QIRHCGTP.jpg,8,TUM,4361,8,0,6,0.9836861,0.78816295,1.0,0.68945736,2.9926665
/content/Dataset/TUM/TUM-TNEWMYRE.jpg,8,TUM,4362,6,1,6,0.98687506,0.7913046,1.0,0.69070613,2.991011
/content/Dataset/NORM/NORM-PTYYAYIS.jpg,6,NORM,4363,6,0,4,0.9991291,0.80603707,0.921693,0.6832585,3.1445906
/content/Dataset/LYM/LYM-QYEEYYKV.jpg,3,LYM,4364,4,1,4,1.0557963,0.81490827,0.9911285,0.7105824,3.208537
/content/Dataset/DEB/DEB-YEFCMGDI.jpg,2,DEB,4365,2,0,3,1.0175158,0.790519,1.0,0.6879824,3.1800296
/content/Dataset/TUM/TUM-WMVWAKTQ.jpg,8,TUM,4366,6,1,6,0.98726183,0.7925834,1.0,0.6903017,2.9882207
/content/Dataset/MUC/MUC-VRSQYKFK.jpg,4,MUC,4367,0,1,0,1.0274458,0.7947527,0.99549353,0.6786191,3.2580514
/content/Dataset/ADI/ADI-GQNGEWSM.jpg,0,ADI,4368,5,1,5,1.1041673,0.8402407,1.0,0.72041017,3.2988517
/content/Dataset/TUM/TUM-RYLNHHMG.jpg,8,TUM,4369,8,0,6,0.98364145,0.7862937,1.0,0.69065005,2.9977412
/content/Dataset/MUS/MUS-SKANMACS.jpg,5,MUS,4370,5,0,7,0.95796484,0.78110075,1.0,0.6919449,2.8760161
/content/Dataset/MUS/MUS-QDSHLNVE.jpg,5,MUS,4371,5,0,7,0.95408434,0.77500623,1.0,0.69183683,2.8838468
/content/Dataset/BACK/BACK-KYPRFGFD.jpg,1,BACK,4372,0,1,0,1.0784225,0.81710607,1.0,0.7028108,3.3405676
/content/Dataset/MUC/MUC-QYLMRDEE.jpg,4,MUC,4373,4,0,3,1.0169625,0.7931141,1.0,0.678414,3.1970344
/content/Dataset/STR/STR-RFFVGNHS.jpg,7,STR,4374,7,0,5,0.9241952,0.7701218,1.0,0.65982074,2.840497
/content/Dataset/LYM/LYM-TVHYWPTT.jpg,3,LYM,4375,4,1,4,1.0548031,0.814113,0.9897984,0.7105467,3.2095153
/content/Dataset/MUC/MUC-ALYNLLPK.jpg,4,MUC,4376,0,1,0,1.0335107,0.80712444,1.0,0.6753037,3.2311924
/content/Dataset/STR/STR-WNVAFWDH.jpg,7,STR,4377,5,1,5,0.93122214,0.8049209,1.0,0.6467751,2.7614117
/content/Dataset/BACK/BACK-MHPDVRWY.jpg,1,BACK,4378,1,0,4,1.0604224,0.82021046,0.9816164,0.70393515,3.2475865
/content/Dataset/NORM/NORM-QTIWPMLP.jpg,6,NORM,4379,6,0,8,0.9729538,0.77735376,1.0,0.68430376,3.00247
/content/Dataset/DEB/DEB-VAMLPAVL.jpg,2,DEB,4380,2,0,3,1.0174974,0.7921805,1.0,0.6869038,3.1749175
/content/Dataset/ADI/ADI-FYCNMAEY.jpg,0,ADI,4381,5,1,5,1.1035054,0.84105235,1.0,0.71929806,3.294814
/content/Dataset/TUM/TUM-QMALRGIY.jpg,8,TUM,4382,8,0,6,0.9850031,0.7876827,1.0,0.69114214,2.9969242
/content/Dataset/BACK/BACK-LPWRNTWN.jpg,1,BACK,4383,1,0,4,1.0662229,0.82004464,1.0,0.7041677,3.248422
/content/Dataset/MUS/MUS-RQPWNWLM.jpg,5,MUS,4384,0,1,0,1.0413948,0.8128423,0.93643624,0.68915653,3.3119543
/content/Dataset/STR/STR-WHMWTQKH.jpg,7,STR,4385,5,1,5,0.93037575,0.7877162,1.0,0.6556277,2.8065274
/content/Dataset/STR/STR-NFKQRLPP.jpg,7,STR,4386,7,0,5,0.32381073,0.8369404,1.0,0.10321345,0.9519438
/content/Dataset/NORM/NORM-NDCLAAKC.jpg,6,NORM,4387,6,0,8,0.9735074,0.7781632,1.0,0.68433994,3.0014648
/content/Dataset/BACK/BACK-IEKYMPAD.jpg,1,BACK,4388,1,0,5,1.064297,0.82459176,0.9681689,0.70328915,3.272992
/content/Dataset/STR/STR-VVTMTKRK.jpg,7,STR,4389,7,0,5,0.9235746,0.7694236,1.0,0.6596119,2.8409464
/content/Dataset/NORM/NORM-YPNSRESF.jpg,6,NORM,4390,6,0,8,0.9723282,0.77682054,1.0,0.6839992,3.0025694
/content/Dataset/STR/STR-WQMDSCSL.jpg,7,STR,4391,7,0,5,0.92651904,0.77508974,1.0,0.6592341,2.8321042
/content/Dataset/NORM/NORM-MSFMNHRV.jpg,6,NORM,4392,4,1,4,1.0068587,0.8069718,0.9442417,0.6836925,3.1439214
/content/Dataset/MUC/MUC-QNSHGDTV.jpg,4,MUC,4393,4,0,3,1.0172974,0.7920998,1.0,0.67937523,3.200996
/content/Dataset/STR/STR-TDKSQFQR.jpg,7,STR,4394,7,0,5,0.92573303,0.7769131,1.0,0.6572819,2.8253443
/content/Dataset/MUS/MUS-NQTDKGPV.jpg,5,MUS,4395,5,0,7,0.9596841,0.78478795,1.0,0.69134814,2.869947
/content/Dataset/LYM/LYM-PGKRHMFC.jpg,3,LYM,4396,5,1,5,1.0743873,0.8244536,0.9910074,0.71048796,3.265091
/content/Dataset/MUC/MUC-ASPYQHKR.jpg,4,MUC,4397,4,0,7,0.9897674,0.79378414,0.9928237,0.6789149,3.04605
/content/Dataset/NORM/NORM-NPKYFTEH.jpg,6,NORM,4398,6,0,8,0.9804082,0.790552,1.0,0.6834158,2.9822795
/content/Dataset/MUS/MUS-PETAVPKL.jpg,5,MUS,4399,5,0,7,0.9582834,0.78156614,1.0,0.6920068,2.8753774
/content/Dataset/TUM/TUM-YGIAYWEN.jpg,8,TUM,4400,8,0,6,0.98403907,0.7865474,1.0,0.6909127,2.997864
/content/Dataset/LYM/LYM-PQYFHSVS.jpg,3,LYM,4401,3,0,2,1.0471834,0.804747,1.0,0.71096516,3.1958392
/content/Dataset/DEB/DEB-YNMRYSIE.jpg,2,DEB,4402,2,0,3,1.0187488,0.7930767,1.0,0.6875369,3.1752615
/content/Dataset/MUS/MUS-RSWSLTPP.jpg,5,MUS,4403,7,1,7,0.9656373,0.79978955,1.0,0.68801767,2.8430238
/content/Dataset/BACK/BACK-MIKELAMA.jpg,1,BACK,4404,1,0,3,1.0659895,0.8099591,1.0,0.70406765,3.301976
/content/Dataset/DEB/DEB-QGHHMYLE.jpg,2,DEB,4405,3,1,3,1.0192599,0.7943125,1.0,0.68723166,3.1727927
/content/Dataset/NORM/NORM-LWESCMSI.jpg,6,NORM,4406,6,0,8,0.9727556,0.7768789,1.0,0.6844043,3.0033815
/content/Dataset/MUC/MUC-QRWTKNCP.jpg,4,MUC,4407,4,0,3,1.0175428,0.79322684,1.0,0.6788833,3.198183
/content/Dataset/MUC/MUC-YPNVFPCC.jpg,4,MUC,4408,4,0,3,1.0172079,0.7918586,1.0,0.6794532,3.2014778
/content/Dataset/MUS/MUS-PCQEKCKQ.jpg,5,MUS,4409,5,0,7,0.53649974,0.8887987,1.0,0.27862114,1.4981287
/content/Dataset/DEB/DEB-TYGTGCMN.jpg,2,DEB,4410,2,0,3,1.0147445,0.7908913,1.0,0.68502814,3.1722295
/content/Dataset/BACK/BACK-DMEPPLSQ.jpg,1,BACK,4411,1,0,8,1.0640323,0.81625396,1.0,0.7021902,3.263193
/content/Dataset/TUM/TUM-RHVFMVIS.jpg,8,TUM,4412,8,0,6,0.98350716,0.7861368,1.0,0.6906099,2.9978924
/content/Dataset/TUM/TUM-TGICAYRV.jpg,8,TUM,4413,6,1,6,0.9921577,0.80533695,1.0,0.6871705,2.9637303
/content/Dataset/DEB/DEB-NWSVFTKG.jpg,2,DEB,4414,8,1,8,1.0480567,0.82023996,0.98883235,0.68437344,3.2334807
/content/Dataset/STR/STR-PHSAHADG.jpg,7,STR,4415,7,0,5,0.78112596,0.8847299,1.0,0.47886536,2.1783285
/content/Dataset/DEB/DEB-NTYYWVSM.jpg,2,DEB,4416,5,1,5,1.0490168,0.8322153,1.0,0.67754865,3.181585
/content/Dataset/MUS/MUS-SPINPDDD.jpg,5,MUS,4417,5,0,7,0.9607473,0.78489864,1.0,0.69239044,2.8720024
/content/Dataset/ADI/ADI-CIVLLCIM.jpg,0,ADI,4418,0,0,5,1.0982947,0.83158964,0.99318737,0.7224855,3.31654
/content/Dataset/STR/STR-QVIHHFLG.jpg,7,STR,4419,2,1,2,0.9917225,0.81863797,1.0,0.6423387,3.046411
/content/Dataset/MUC/MUC-VQCRCTPY.jpg,4,MUC,4420,4,0,0,1.0115646,0.85195804,1.0,0.6293016,3.0422645
/content/Dataset/ADI/ADI-DHDHMGMV.jpg,0,ADI,4421,3,1,3,1.1026647,0.82113457,1.0,0.7225015,3.3870993
/content/Dataset/STR/STR-YFKMYNCC.jpg,7,STR,4422,7,0,5,0.9176446,0.7604152,1.0,0.6589033,2.8522863
/content/Dataset/ADI/ADI-HQPLGGCT.jpg,0,ADI,4423,0,0,4,1.083804,0.82292116,0.9978053,0.72201073,3.2736273
/content/Dataset/ADI/ADI-CRIAHIVV.jpg,0,ADI,4424,0,0,5,1.0940287,0.83044195,0.9832954,0.72217065,3.3173082
/content/Dataset/LYM/LYM-SCCKAVLL.jpg,3,LYM,4425,3,0,2,1.0481902,0.8061475,1.0,0.71104276,3.1939495
/content/Dataset/BACK/BACK-EQGPGTYV.jpg,1,BACK,4426,1,0,0,1.0743717,0.8102854,1.0,0.7033954,3.3523173
/content/Dataset/STR/STR-PQTPMVCV.jpg,7,STR,4427,7,0,5,0.92317384,0.7680417,1.0,0.6600755,2.8437436
/content/Dataset/ADI/ADI-HFFFANST.jpg,0,ADI,4428,0,0,2,1.0910833,0.820947,1.0,0.7221703,3.321734
/content/Dataset/DEB/DEB-VFFPKYPT.jpg,2,DEB,4429,2,0,3,1.0169472,0.7907916,1.0,0.68725055,3.1778314
/content/Dataset/ADI/ADI-FHPTSFNN.jpg,0,ADI,4430,0,0,4,1.085002,0.823078,1.0,0.722396,3.2743258
/content/Dataset/MUS/MUS-ADIIEMNI.jpg,5,MUS,4431,5,0,7,0.9534283,0.775051,1.0,0.69113463,2.8821974
/content/Dataset/TUM/TUM-TCQQEKQP.jpg,8,TUM,4432,6,1,6,0.98599845,0.8366872,1.0,0.66314787,2.862069
/content/Dataset/NORM/NORM-NHILQFQF.jpg,6,NORM,4433,6,0,8,0.97363496,0.77900004,1.0,0.68388075,2.9995291
/content/Dataset/TUM/TUM-QPAWFCDS.jpg,8,TUM,4434,8,0,6,0.98495054,0.7877803,1.0,0.69104546,2.996463
/content/Dataset/BACK/BACK-KTMVAEDW.jpg,1,BACK,4435,1,0,3,1.0664582,0.8105126,1.0,0.7041617,3.3013518
/content/Dataset/MUC/MUC-ANCLYWIT.jpg,4,MUC,4436,3,1,3,1.0179203,0.79352313,1.0,0.67911583,3.1979992
/content/Dataset/BACK/BACK-KVIWEWLI.jpg,1,BACK,4437,1,0,5,1.0642943,0.82485324,0.96404123,0.70439494,3.2749803
/content/Dataset/ADI/ADI-HKVVEDHK.jpg,0,ADI,4438,0,0,4,1.0833803,0.8228844,0.9961012,0.72214943,3.2739499
/content/Dataset/BACK/BACK-IIHCYHCP.jpg,1,BACK,4439,1,0,3,1.0659015,0.8094597,1.0,0.7043187,3.3032765
/content/Dataset/NORM/NORM-AHYSVEPY.jpg,6,NORM,4440,4,1,4,1.0265881,0.81514645,1.0,0.68134063,3.127637
/content/Dataset/MUC/MUC-EPFYAHSE.jpg,4,MUC,4441,1,1,1,1.0327189,0.80084205,1.0,0.6778339,3.251097
/content/Dataset/LYM/LYM-NRWDYTWV.jpg,3,LYM,4442,3,0,2,1.0480305,0.80601895,1.0,0.7109486,3.1940417
/content/Dataset/TUM/TUM-TCKPIPEN.jpg,8,TUM,4443,6,1,6,0.98940605,0.8293252,1.0,0.67039704,2.8904967
/content/Dataset/STR/STR-QVLYRAVP.jpg,7,STR,4444,7,0,5,0.9260261,0.7743517,1.0,0.65908176,2.8332663
/content/Dataset/ADI/ADI-FHPKSCQE.jpg,0,ADI,4445,0,0,3,1.1016814,0.82111,1.0,0.721559,3.3850002
/content/Dataset/DEB/DEB-RWRYVMSG.jpg,2,DEB,4446,3,1,3,1.0193019,0.79466516,1.0,0.6870979,3.171647
/content/Dataset/MUC/MUC-WIYVNLIL.jpg,4,MUC,4447,4,0,7,0.9932264,0.79528606,1.0,0.679357,3.0447445
/content/Dataset/DEB/DEB-PDFTSNCC.jpg,2,DEB,4448,2,0,3,1.0182259,0.79285693,1.0,0.6871417,3.1747606
/content/Dataset/STR/STR-YIIPVLAW.jpg,7,STR,4449,5,1,5,0.930948,0.7833601,1.0,0.65888214,2.8195128
/content/Dataset/TUM/TUM-WADCMTTV.jpg,8,TUM,4450,8,0,6,0.9516022,0.8622546,1.0,0.6191934,2.7092242
/content/Dataset/STR/STR-YMMQCMWF.jpg,7,STR,4451,7,0,5,0.6815357,0.89330065,1.0,0.39367896,1.8953714
/content/Dataset/LYM/LYM-RTHFEALP.jpg,3,LYM,4452,3,0,8,0.9490225,0.8995386,1.0,0.54817003,2.765548
/content/Dataset/STR/STR-VDMGTISD.jpg,7,STR,4453,7,0,5,0.9224275,0.76698923,1.0,0.65990967,2.845022
/content/Dataset/NORM/NORM-NFHCIPRN.jpg,6,NORM,4454,6,0,8,0.9754691,0.7818524,1.0,0.6839454,2.9955554
/content/Dataset/BACK/BACK-LVDHHLHT.jpg,1,BACK,4455,1,0,4,1.0671606,0.82620555,1.0,0.7011619,3.2319875
/content/Dataset/STR/STR-VPVQRKVC.jpg,7,STR,4456,7,0,5,0.9196116,0.76294476,1.0,0.65937203,2.8499424
/content/Dataset/DEB/DEB-PKFYCYLH.jpg,2,DEB,4457,3,1,3,1.0205649,0.7969136,1.0,0.6868779,3.16794
/content/Dataset/TUM/TUM-QIPSVEEL.jpg,8,TUM,4458,8,0,6,0.9845552,0.78813666,1.0,0.69042116,2.994526
/content/Dataset/STR/STR-YRLNYRFP.jpg,7,STR,4459,5,1,5,0.9279208,0.77648973,1.0,0.65987766,2.8313923
/content/Dataset/DEB/DEB-YPMGVQEM.jpg,2,DEB,4460,2,0,3,1.0184145,0.7930636,1.0,0.6872138,3.174516
/content/Dataset/STR/STR-AAPNYWIR.jpg,7,STR,4461,5,1,5,0.9328562,0.7914094,1.0,0.6561527,2.801733
/content/Dataset/MUC/MUC-YMHCRPNN.jpg,4,MUC,4462,4,0,7,0.9900592,0.79625887,1.0,0.6755028,3.0348303
/content/Dataset/MUC/MUC-WYEFCEPP.jpg,4,MUC,4463,4,0,3,1.0170615,0.7920376,1.0,0.6792273,3.200462
/content/Dataset/LYM/LYM-NTMGCNLH.jpg,3,LYM,4464,3,0,2,1.0469587,0.8047134,1.0,0.71076983,3.195412
/content/Dataset/DEB/DEB-STSPFRER.jpg,2,DEB,4465,2,0,3,1.0187125,0.79316366,1.0,0.68744564,3.174912
/content/Dataset/NORM/NORM-YDKPENNS.jpg,6,NORM,4466,6,0,8,0.97807026,0.78603673,1.0,0.68392485,2.9896417
/content/Dataset/MUS/MUS-SYNYYMMT.jpg,5,MUS,4467,5,0,7,0.9557044,0.7772693,1.0,0.6920772,2.8812912
/content/Dataset/ADI/ADI-CYMNCSWK.jpg,0,ADI,4468,0,0,3,1.1019484,0.8207896,1.0,0.72203994,3.3865612
/content/Dataset/NORM/NORM-AKQNMWRS.jpg,6,NORM,4469,4,1,4,1.0052015,0.80743104,0.9366648,0.68397135,3.144103
/content/Dataset/LYM/LYM-ETYYLMTE.jpg,3,LYM,4470,0,1,0,1.0851626,0.81614184,0.9879878,0.710515,3.3793705
/content/Dataset/ADI/ADI-KQCSAPEA.jpg,0,ADI,4471,0,0,1,1.0960838,0.81689745,1.0,0.72143906,3.376145
/content/Dataset/ADI/ADI-DTAAGMIR.jpg,0,ADI,4472,0,0,3,1.1020652,0.8209084,1.0,0.7220705,3.3864665
/content/Dataset/BACK/BACK-HKCFYQVW.jpg,1,BACK,4473,1,0,3,1.0668831,0.81084305,1.0,0.7043601,3.3013082
/content/Dataset/BACK/BACK-KTYVAENS.jpg,1,BACK,4474,1,0,3,1.0661666,0.8099633,1.0,0.7042476,3.3023338
/content/Dataset/NORM/NORM-ACAVNYDC.jpg,6,NORM,4475,6,0,8,0.97981036,0.79157954,1.0,0.6821536,2.978025
/content/Dataset/BACK/BACK-PEMLVWWI.jpg,1,BACK,4476,0,1,0,1.0765973,0.8133333,1.0,0.70352334,3.3480492
/content/Dataset/NORM/NORM-VHRQYINF.jpg,6,NORM,4477,6,0,8,0.97219473,0.7767959,1.0,0.6838683,3.0023613
/content/Dataset/MUC/MUC-TGYIHNTF.jpg,4,MUC,4478,0,1,0,1.0331297,0.8034597,1.0,0.6772645,3.2414682
/content/Dataset/TUM/TUM-WSIQWKVL.jpg,8,TUM,4479,8,0,6,0.98576427,0.78904545,1.0,0.6910624,2.994736
/content/Dataset/MUS/MUS-QMVIMSPQ.jpg,5,MUS,4480,5,0,7,0.95680183,0.77878654,1.0,0.6922307,2.8796694
/content/Dataset/TUM/TUM-QGHAWMRI.jpg,8,TUM,4481,6,1,6,0.99236566,0.817023,1.0,0.6802959,2.931651
/content/Dataset/MUC/MUC-GTRPLVKK.jpg,4,MUC,4482,0,1,0,1.0320297,0.80233324,1.0,0.67687154,3.2424521
/content/Dataset/MUC/MUC-AIGGYGHM.jpg,4,MUC,4483,3,1,3,1.0178566,0.7934591,1.0,0.6791003,3.1980205
/content/Dataset/BACK/BACK-HWNRATNW.jpg,1,BACK,4484,1,0,4,1.0568061,0.81882507,0.9718396,0.7042497,3.2503848
/content/Dataset/TUM/TUM-VMMAYYMG.jpg,8,TUM,4485,6,1,6,0.98591655,0.7889374,1.0,0.6912586,2.9954813
/content/Dataset/DEB/DEB-QYDSDTCK.jpg,2,DEB,4486,2,0,5,0.8058431,0.8933761,1.0,0.44147825,2.3711727
/content/Dataset/TUM/TUM-RMYWPAPH.jpg,8,TUM,4487,8,0,6,0.98476535,0.7887542,1.0,0.690164,2.9935029
/content/Dataset/BACK/BACK-KCIGVVAF.jpg,1,BACK,4488,1,0,3,1.0657551,0.80964744,1.0,0.7040756,3.302278
/content/Dataset/LYM/LYM-VGMVIIIN.jpg,3,LYM,4489,3,0,2,1.0488738,0.807435,1.0,0.7108411,3.1917884
/content/Dataset/ADI/ADI-DMVTKDDH.jpg,0,ADI,4490,5,1,5,1.1045222,0.8426877,1.0,0.7192007,3.292225
/content/Dataset/ADI/ADI-DCQAKYSC.jpg,0,ADI,4491,0,0,5,1.092528,0.8299835,0.9782669,0.7225298,3.3189719
/content/Dataset/NORM/NORM-PMARKQLK.jpg,6,NORM,4492,6,0,4,0.9991043,0.85549814,1.0,0.63333625,2.943597
/content/Dataset/STR/STR-VFFYDALV.jpg,7,STR,4493,7,0,5,0.926736,0.7758285,1.0,0.6590181,2.8305502
/content/Dataset/DEB/DEB-RMSQAAHD.jpg,2,DEB,4494,2,0,3,1.018263,0.7926609,1.0,0.68733615,3.175329
/content/Dataset/TUM/TUM-VPSKTTIA.jpg,8,TUM,4495,8,0,5,0.9214153,0.8489887,1.0,0.5567889,2.799732
/content/Dataset/DEB/DEB-VFWLSHGL.jpg,2,DEB,4496,2,0,3,1.018999,0.7935303,1.0,0.6875034,3.1744435
/content/Dataset/LYM/LYM-SMGMYAQA.jpg,3,LYM,4497,4,1,4,1.0566708,0.8149503,0.99270254,0.7109256,3.2093387
/content/Dataset/NORM/NORM-RHVVGQQV.jpg,6,NORM,4498,6,0,8,0.97461575,0.78001976,1.0,0.6842782,2.9987228
/content/Dataset/BACK/BACK-ISTVCAHN.jpg,1,BACK,4499,0,1,0,1.0786068,0.81840026,1.0,0.7021458,3.3369834
/content/Dataset/TUM/TUM-SKWKGFVP.jpg,8,TUM,4500,6,1,6,0.9913201,0.80458826,1.0,0.68683046,2.9638104
/content/Dataset/MUC/MUC-HFRPIMIL.jpg,4,MUC,4501,4,0,3,1.0170176,0.79231304,1.0,0.6789919,3.1995716
/content/Dataset/DEB/DEB-RMGIEQYK.jpg,2,DEB,4502,2,0,3,1.0175847,0.7918018,1.0,0.6872039,3.1763754
/content/Dataset/ADI/ADI-FYNWPYHN.jpg,0,ADI,4503,0,0,2,1.0911623,0.82108736,1.0,0.72215474,3.3214808
/content/Dataset/MUC/MUC-PQQGFFEV.jpg,4,MUC,4504,3,1,3,1.0182796,0.79358923,1.0,0.6794217,3.1986737
/content/Dataset/DEB/DEB-AFYQHYEE.jpg,2,DEB,4505,3,1,3,1.0198932,0.79510057,1.0,0.6873936,3.171758
/content/Dataset/BACK/BACK-GLVKYHKF.jpg,1,BACK,4506,1,0,3,1.0652728,0.8091807,1.0,0.70392805,3.3025448
/content/Dataset/NORM/NORM-PFGDWICP.jpg,6,NORM,4507,6,0,8,0.9726448,0.77681804,1.0,0.6843219,3.0033255
/content/Dataset/ADI/ADI-CDDNCVAV.jpg,0,ADI,4508,3,1,3,1.1023358,0.8220628,1.0,0.7215661,3.383477
/content/Dataset/TUM/TUM-QAQAMFHC.jpg,8,TUM,4509,8,0,6,0.98579115,0.78950775,1.0,0.69077355,2.9935539
/content/Dataset/BACK/BACK-IFRTDLCY.jpg,1,BACK,4510,0,1,0,1.0756611,0.81168133,1.0,0.70371443,3.3509877
/content/Dataset/LYM/LYM-VQTSNADS.jpg,3,LYM,4511,3,0,2,1.0486364,0.80687726,1.0,0.7109832,3.1928675
/content/Dataset/TUM/TUM-YAYPMVQC.jpg,8,TUM,4512,6,1,6,0.9861497,0.78976005,1.0,0.69097775,2.993655
/content/Dataset/STR/STR-TDTSARDC.jpg,7,STR,4513,7,0,5,0.9162799,0.7704036,1.0,0.6507499,2.8231156
/content/Dataset/ADI/ADI-GTHNENTH.jpg,0,ADI,4514,0,0,4,1.0844907,0.8229168,1.0,0.72201747,3.273629
/content/Dataset/STR/STR-RFMTIQTI.jpg,7,STR,4515,5,1,5,0.9322761,0.8084712,1.0,0.6458665,2.754292
/content/Dataset/TUM/TUM-SKLAFCWS.jpg,8,TUM,4516,8,0,6,0.9762716,0.80833113,1.0,0.6693302,2.9197392
/content/Dataset/TUM/TUM-SMLVGCCL.jpg,8,TUM,4517,8,0,6,0.98485225,0.787511,1.0,0.69109565,2.9970765
/content/Dataset/NORM/NORM-SAKNKEAW.jpg,6,NORM,4518,6,0,8,0.98035413,0.79010254,1.0,0.68365777,2.9833863
/content/Dataset/TUM/TUM-QIKMMYED.jpg,8,TUM,4519,8,0,6,0.98295903,0.7863177,1.0,0.68993354,2.9961267
/content/Dataset/NORM/NORM-WHYIEPSR.jpg,6,NORM,4520,6,0,8,0.9730989,0.77852404,1.0,0.6836432,2.999631
/content/Dataset/MUS/MUS-NQRWARHH.jpg,5,MUS,4521,5,0,7,0.9549996,0.7761638,1.0,0.69201654,2.8828394
/content/Dataset/STR/STR-SKVFVDRI.jpg,7,STR,4522,7,0,2,0.8382179,0.88367605,1.0,0.4784965,2.4634213
/content/Dataset/DEB/DEB-TLWLEVDC.jpg,2,DEB,4523,2,0,3,1.0162623,0.79217637,1.0,0.6856287,3.1722045
/content/Dataset/NORM/NORM-ACEQVKWF.jpg,6,NORM,4524,6,0,8,0.97369,0.77890295,1.0,0.68402237,2.9998605
/content/Dataset/ADI/ADI-CIQHKAWW.jpg,0,ADI,4525,3,1,3,1.102496,0.8213313,1.0,0.72220397,3.3861215
/content/Dataset/NORM/NORM-TELYVTPK.jpg,6,NORM,4526,6,0,8,0.9780279,0.8308815,1.0,0.65738565,2.8637846
/content/Dataset/TUM/TUM-RAPRWYWM.jpg,8,TUM,4527,8,0,6,0.97085166,0.85212564,1.0,0.6413082,2.7832832
/content/Dataset/MUS/MUS-QNEKYNLP.jpg,5,MUS,4528,7,1,7,0.96564454,0.79759276,1.0,0.68938136,2.848932
/content/Dataset/TUM/TUM-WVMWWWLW.jpg,8,TUM,4529,8,0,6,0.9844239,0.7871195,1.0,0.6909342,2.99713
/content/Dataset/MUS/MUS-RRPLMATE.jpg,5,MUS,4530,5,0,7,0.9513264,0.77386814,1.0,0.68959504,2.8809948
/content/Dataset/NORM/NORM-PTDPNTCV.jpg,6,NORM,4531,6,0,8,0.9736301,0.7782902,1.0,0.6843792,3.001401
/content/Dataset/DEB/DEB-NPPHPHFE.jpg,2,DEB,4532,2,0,3,1.018632,0.7930903,1.0,0.6874022,3.1749823
/content/Dataset/NORM/NORM-QKVRFQFL.jpg,6,NORM,4533,4,1,4,1.0055568,0.80763257,0.93735117,0.68399405,3.1438422
/content/Dataset/MUS/MUS-TCQYTGQS.jpg,5,MUS,4534,5,0,7,0.96060175,0.78570867,1.0,0.69169027,2.8695827
/content/Dataset/LYM/LYM-RNSIYMKR.jpg,3,LYM,4535,3,0,2,1.0491415,0.807891,1.0,0.7107985,3.1910706
/content/Dataset/MUC/MUC-NLSKLWIV.jpg,4,MUC,4536,4,0,7,0.99412787,0.82902145,1.0,0.66036206,2.9496584
/content/Dataset/ADI/ADI-DNYNETNL.jpg,0,ADI,4537,0,0,3,1.1020473,0.8207083,1.0,0.7221994,3.3869994
/content/Dataset/STR/STR-RLKLKYIH.jpg,7,STR,4538,5,1,5,0.932448,0.7995888,1.0,0.65090847,2.7789447
/content/Dataset/DEB/DEB-QYSMFHAD.jpg,2,DEB,4539,2,0,3,1.0191004,0.7939265,1.0,0.6873191,3.1735923
/content/Dataset/MUS/MUS-AQGAERKF.jpg,5,MUS,4540,7,1,7,0.96504873,0.8252885,1.0,0.6724695,2.77372
/content/Dataset/BACK/BACK-AFESDICE.jpg,1,BACK,4541,1,0,3,1.0659899,0.80983996,1.0,0.7041478,3.302338
/content/Dataset/NORM/NORM-YDEFCRVR.jpg,6,NORM,4542,4,1,4,1.0096791,0.80997556,0.94782156,0.6833895,3.1394637
/content/Dataset/MUS/MUS-CMRCSCEQ.jpg,5,MUS,4543,5,0,7,0.91923624,0.8633548,1.0,0.61128306,2.5654323
/content/Dataset/LYM/LYM-EWNFLSTR.jpg,3,LYM,4544,3,0,4,1.0505044,0.8145788,0.97409636,0.7107506,3.2093565
/content/Dataset/BACK/BACK-GFWKTRYH.jpg,1,BACK,4545,1,0,4,1.024152,0.8482185,1.0,0.64849097,3.0639195
/content/Dataset/NORM/NORM-TFYSNVPD.jpg,6,NORM,4546,4,1,4,1.0098109,0.80512947,0.9626301,0.682428,3.1431227
/content/Dataset/STR/STR-SHDYQFCP.jpg,7,STR,4547,5,1,5,0.9304236,0.79289865,1.0,0.65266,2.792496
/content/Dataset/NORM/NORM-VRDQWPKC.jpg,6,NORM,4548,4,1,4,1.004365,0.80687654,0.93620765,0.68365437,3.1440287
/content/Dataset/MUS/MUS-QCDFFKVK.jpg,5,MUS,4549,5,0,7,0.9511094,0.81677985,1.0,0.6633253,2.7652354
/content/Dataset/MUS/MUS-QRLDEVAD.jpg,5,MUS,4550,7,1,7,0.96557575,0.82413054,1.0,0.67364436,2.7779524
/content/Dataset/LYM/LYM-RNVKMETW.jpg,3,LYM,4551,4,1,4,1.056547,0.8146517,0.99379367,0.71068764,3.2091277
/content/Dataset/STR/STR-MPMKCQQF.jpg,7,STR,4552,7,0,5,0.9274615,0.7757273,1.0,0.6598342,2.8325162
/content/Dataset/MUS/MUS-QIWERPWI.jpg,5,MUS,4553,5,0,7,0.958457,0.7819463,1.0,0.6918978,2.8748765
/content/Dataset/MUS/MUS-PPIMKHEH.jpg,5,MUS,4554,8,1,8,1.045511,0.8189792,1.0,0.68576604,3.2007265
/content/Dataset/MUS/MUS-AHDTETPM.jpg,5,MUS,4555,4,1,4,1.0275053,0.8253746,0.9164761,0.68410206,3.2152512
/content/Dataset/LYM/LYM-AFWVAGKV.jpg,3,LYM,4556,4,1,4,1.0538207,0.8143551,0.98557866,0.7106848,3.2095513
/content/Dataset/LYM/LYM-AEHMGTRC.jpg,3,LYM,4557,3,0,2,1.048331,0.80670047,1.0,0.710793,3.1927178
/content/Dataset/MUC/MUC-KQMQSNSC.jpg,4,MUC,4558,4,0,7,0.99180686,0.7939807,0.9980487,0.67932403,3.0465746
/content/Dataset/NORM/NORM-NSHNHNCH.jpg,6,NORM,4559,6,0,8,0.9745794,0.7827139,1.0,0.6825157,2.990937
/content/Dataset/MUS/MUS-AHKEMPAC.jpg,5,MUS,4560,5,0,7,0.95623946,0.7779627,1.0,0.6921506,2.8807237
/content/Dataset/ADI/ADI-HFWCCDFE.jpg,0,ADI,4561,3,1,3,1.1027764,0.8218813,1.0,0.7220939,3.3850975
/content/Dataset/BACK/BACK-LFLCQQTK.jpg,1,BACK,4562,0,1,0,1.0770342,0.8139959,1.0,0.7035083,3.347007
/content/Dataset/TUM/TUM-RQAYVFSM.jpg,8,TUM,4563,6,1,6,0.9889484,0.7958441,1.0,0.6899155,2.9829502
/content/Dataset/MUC/MUC-NGHDMTSE.jpg,4,MUC,4564,0,1,0,1.0328665,0.80759,1.0,0.67427564,3.2286434
/content/Dataset/TUM/TUM-SNPVHDNP.jpg,8,TUM,4565,8,0,6,0.983354,0.7861127,1.0,0.690522,2.9974372
/content/Dataset/NORM/NORM-MAHLHAFL.jpg,6,NORM,4566,6,0,8,0.97256833,0.7772421,1.0,0.6839627,3.0019524
/content/Dataset/LYM/LYM-RNTNHQVL.jpg,3,LYM,4567,3,0,2,1.048812,0.80737126,1.0,0.7108032,3.1919029
/content/Dataset/NORM/NORM-MQECCYGF.jpg,6,NORM,4568,6,0,8,0.97732925,0.7854032,1.0,0.6835216,2.989905
/content/Dataset/STR/STR-NSWIWHMC.jpg,7,STR,4569,7,0,5,0.92745036,0.7755021,1.0,0.6600452,2.8328457
/content/Dataset/ADI/ADI-GSWRKEDT.jpg,0,ADI,4570,0,0,5,1.1011688,0.8332074,1.0,0.72210455,3.3133574
/content/Dataset/MUS/MUS-QPFEFVNR.jpg,5,MUS,4571,5,0,0,0.8709833,0.90385926,1.0,0.48325187,2.5455282
/content/Dataset/NORM/NORM-TIKSDPMV.jpg,6,NORM,4572,6,0,8,0.97309923,0.77772224,1.0,0.68419117,3.0018296
/content/Dataset/MUC/MUC-YASDMMYV.jpg,4,MUC,4573,0,1,0,1.0300685,0.7963187,1.0,0.6788529,3.2561421
/content/Dataset/TUM/TUM-QYSITEHH.jpg,8,TUM,4574,5,1,5,1.0334959,0.8246157,0.9480242,0.6879222,3.1848514
/content/Dataset/STR/STR-VKCFPNAP.jpg,7,STR,4575,7,0,5,0.90723085,0.84104294,1.0,0.60529387,2.6084914
/content/Dataset/TUM/TUM-RNHPTIYP.jpg,8,TUM,4576,6,1,6,0.98876375,0.79500735,1.0,0.69026184,2.9848754
/content/Dataset/ADI/ADI-ALNEQASF.jpg,0,ADI,4577,3,1,3,1.1030344,0.82231385,1.0,0.72204906,3.3843558
/content/Dataset/NORM/NORM-SDNNNWKE.jpg,6,NORM,4578,5,1,5,1.0331457,0.8312171,0.8945359,0.68142617,3.266509
/content/Dataset/DEB/DEB-PMSMQNVF.jpg,2,DEB,4579,2,0,3,1.0175233,0.7913914,1.0,0.68741757,3.177437
/content/Dataset/MUC/MUC-EEWMSKNS.jpg,4,MUC,4580,4,0,3,1.0171534,0.7918117,1.0,0.6794182,3.2015314
/content/Dataset/TUM/TUM-RQAWAQCM.jpg,8,TUM,4581,8,0,6,0.9856018,0.8363962,1.0,0.66295546,2.8618708
/content/Dataset/STR/STR-NIRIVGAI.jpg,7,STR,4582,6,1,6,0.9319927,0.8349043,1.0,0.57058585,2.8749359
/content/Dataset/TUM/TUM-WGAVFKEN.jpg,8,TUM,4583,8,0,6,0.9844624,0.7884338,1.0,0.6901395,2.993461
/content/Dataset/LYM/LYM-YVQHLHWP.jpg,3,LYM,4584,3,0,2,1.0473411,0.80620444,1.0,0.7101132,3.1920435
/content/Dataset/MUC/MUC-YTWISYMT.jpg,4,MUC,4585,4,0,3,1.0167738,0.7918762,1.0,0.6789647,3.2005649
/content/Dataset/BACK/BACK-ICCIPANS.jpg,1,BACK,4586,1,0,3,1.0663006,0.810068,1.0,0.7043085,3.302324
/content/Dataset/MUS/MUS-SLKHCYRE.jpg,5,MUS,4587,5,0,7,0.9558915,0.77745724,1.0,0.6921234,2.8812866
/content/Dataset/MUS/MUS-SQCTFFAP.jpg,5,MUS,4588,5,0,7,0.9597204,0.78359544,1.0,0.69214153,2.8732803
/content/Dataset/MUC/MUC-RSMRGQCQ.jpg,4,MUC,4589,4,0,5,0.99213386,0.87157667,1.0,0.60518396,2.9271598
/content/Dataset/LYM/LYM-SKRIMGWK.jpg,3,LYM,4590,4,1,4,1.0589999,0.8154223,1.0,0.7106918,3.2081702
/content/Dataset/MUS/MUS-SFFESNYL.jpg,5,MUS,4591,8,1,8,1.0257778,0.82179457,1.0,0.6645432,3.148082
/content/Dataset/BACK/BACK-LNISPLEV.jpg,1,BACK,4592,1,0,3,1.0664927,0.81043917,1.0,0.7042587,3.3016002
/content/Dataset/DEB/DEB-SVQNYKNT.jpg,2,DEB,4593,2,0,3,1.0179439,0.7916639,1.0,0.6876751,3.1775467
/content/Dataset/MUS/MUS-PRLYWWAV.jpg,5,MUS,4594,5,0,7,0.9552442,0.7788334,1.0,0.6905635,2.8760653
/content/Dataset/DEB/DEB-PDENVKNH.jpg,2,DEB,4595,3,1,3,1.0203867,0.79578805,1.0,0.68743455,3.170868
/content/Dataset/LYM/LYM-YMVDCFRM.jpg,3,LYM,4596,2,1,2,1.0535828,0.8239823,1.0,0.70470273,3.154069
/content/Dataset/TUM/TUM-WPQTNFGV.jpg,8,TUM,4597,8,0,6,0.7597937,0.8975407,1.0,0.44468755,2.124898
/content/Dataset/BACK/BACK-MLGALKVR.jpg,1,BACK,4598,1,0,3,1.0659711,0.80983424,1.0,0.7041379,3.3022952
/content/Dataset/LYM/LYM-NKTAFWMQ.jpg,3,LYM,4599,3,0,2,1.046971,0.80489814,1.0,0.710661,3.1948893
/content/Dataset/STR/STR-NCCVRHFD.jpg,7,STR,4600,7,0,5,0.9216084,0.76702476,1.0,0.6589957,2.8431087
/content/Dataset/MUC/MUC-MGTPNDGQ.jpg,4,MUC,4601,4,0,3,1.0167128,0.79109687,1.0,0.6794599,3.2026024
/content/Dataset/BACK/BACK-LDDGIRKE.jpg,1,BACK,4602,1,0,0,1.074149,0.8108526,1.0,0.70279145,3.3500874
/content/Dataset/ADI/ADI-FPATMQKN.jpg,0,ADI,4603,3,1,3,1.1032357,0.8225613,1.0,0.7220912,3.3839924
/content/Dataset/NORM/NORM-TDDWHLKY.jpg,6,NORM,4604,6,0,4,0.9969388,0.8055104,0.91519046,0.6833707,3.1455443
/content/Dataset/MUS/MUS-PTIYVSEM.jpg,5,MUS,4605,5,0,7,0.9540061,0.7748755,1.0,0.6918189,2.8840914
/content/Dataset/STR/STR-RLHLRPIG.jpg,7,STR,4606,7,0,5,0.927535,0.77642345,1.0,0.6594783,2.830798
/content/Dataset/LYM/LYM-RYWPAEIR.jpg,3,LYM,4607,3,0,4,1.05137,0.81473714,0.9758815,0.7109352,3.2096868
/content/Dataset/LYM/LYM-SWKVQWGD.jpg,3,LYM,4608,3,0,2,1.0469105,0.80443907,1.0,0.710891,3.1961596
/content/Dataset/NORM/NORM-AQHCQYFI.jpg,6,NORM,4609,6,0,4,1.00075,0.806025,0.9259785,0.68364054,3.1453133
/content/Dataset/MUC/MUC-FKCNTSSY.jpg,4,MUC,4610,4,0,3,1.0170815,0.79200757,1.0,0.6792394,3.2006981
/content/Dataset/MUC/MUC-SFSCKLVE.jpg,4,MUC,4611,4,0,3,1.0152467,0.78965163,1.0,0.67898506,3.203362
/content/Dataset/STR/STR-RSDIKGHC.jpg,7,STR,4612,7,0,5,0.9265344,0.7750179,1.0,0.6592471,2.8324826
/content/Dataset/BACK/BACK-LHIGEWWE.jpg,1,BACK,4613,1,0,3,1.0663644,0.8103261,1.0,0.7041942,3.3017035
/content/Dataset/MUS/MUS-QNFWIHPP.jpg,5,MUS,4614,5,0,7,0.9571003,0.7795442,1.0,0.692073,2.8782182
/content/Dataset/LYM/LYM-RGFCLIMC.jpg,3,LYM,4615,3,0,2,1.0475936,0.80680645,1.0,0.7099755,3.1908033
/content/Dataset/ADI/ADI-DWGQYGWG.jpg,0,ADI,4616,0,0,4,1.0842664,0.8224098,1.0,0.722141,3.274623
/content/Dataset/STR/STR-SNNDSCHH.jpg,7,STR,4617,7,0,2,0.5618026,0.8834578,1.0,0.2491384,1.6795722
/content/Dataset/TUM/TUM-WTDRGFWG.jpg,8,TUM,4618,8,0,6,0.9641783,0.8377733,1.0,0.6417169,2.8087752
/content/Dataset/MUS/MUS-VHHTWEGI.jpg,5,MUS,4619,7,1,7,0.9613957,0.7863173,1.0,0.69214916,2.8696413
/content/Dataset/BACK/BACK-IKYSDDVP.jpg,1,BACK,4620,1,0,3,1.066401,0.8099475,1.0,0.70448774,3.302916
/content/Dataset/NORM/NORM-LLAPIHEE.jpg,6,NORM,4621,6,0,8,0.9747346,0.7810217,1.0,0.6837124,2.9962761
/content/Dataset/TUM/TUM-VHIMLQYY.jpg,8,TUM,4622,6,1,6,0.9890952,0.79751223,1.0,0.68893826,2.9788287
/content/Dataset/ADI/ADI-FKDEMLTN.jpg,0,ADI,4623,3,1,3,1.1028503,0.8219395,1.0,0.72213024,3.3850684
/content/Dataset/TUM/TUM-YWKKGALL.jpg,8,TUM,4624,8,0,6,0.98446465,0.78794307,1.0,0.69041854,2.994981
/content/Dataset/DEB/DEB-ADMLPGGK.jpg,2,DEB,4625,2,0,3,1.0168815,0.7909815,1.0,0.6870949,3.1769876
/content/Dataset/MUS/MUS-ATYYYICI.jpg,5,MUS,4626,5,0,7,0.95182025,0.80332017,1.0,0.67183316,2.8025835
/content/Dataset/BACK/BACK-GHYKWQSV.jpg,1,BACK,4627,1,0,3,1.0661861,0.8098791,1.0,0.70432925,3.302609
/content/Dataset/DEB/DEB-SMLGWSLY.jpg,2,DEB,4628,2,0,3,1.0159955,0.7897271,1.0,0.68702203,3.178708
/content/Dataset/ADI/ADI-CPGPKNMP.jpg,0,ADI,4629,0,0,4,1.0850153,0.8236414,1.0,0.72203106,3.2726934
/content/Dataset/LYM/LYM-SRFAEMRY.jpg,3,LYM,4630,3,0,2,1.0419704,0.8123181,1.0,0.70091075,3.1616154
/content/Dataset/MUC/MUC-YMWYYWLD.jpg,4,MUC,4631,0,1,0,1.0307332,0.7980812,1.0,0.6783693,3.2522874
/content/Dataset/NORM/NORM-QHAIGRKQ.jpg,6,NORM,4632,6,0,8,0.9791981,0.79566777,1.0,0.6788247,2.96558
/content/Dataset/ADI/ADI-FLPWYAIL.jpg,0,ADI,4633,3,1,3,1.1024076,0.82078815,1.0,0.7224735,3.3876383
/content/Dataset/MUS/MUS-RIYYLFSW.jpg,5,MUS,4634,7,1,7,0.96769446,0.8158545,1.0,0.68043697,2.8048196
/content/Dataset/DEB/DEB-AAPDNGGE.jpg,2,DEB,4635,7,1,7,1.0245553,0.81170416,0.9995117,0.6854364,3.120209
/content/Dataset/BACK/BACK-MGIKMSIK.jpg,1,BACK,4636,1,0,4,1.060834,0.8204458,0.9826954,0.70386446,3.247041
/content/Dataset/DEB/DEB-TQYPNSDT.jpg,2,DEB,4637,2,0,7,1.0124506,0.8090046,0.9634532,0.6858386,3.124976
/content/Dataset/BACK/BACK-AFKVVAFW.jpg,1,BACK,4638,1,0,3,1.0655512,0.8089943,1.0,0.7042996,3.3038404
/content/Dataset/BACK/BACK-HLLKYIDW.jpg,1,BACK,4639,0,1,0,1.080015,0.82790166,1.0,0.69737273,3.3110068
/content/Dataset/MUS/MUS-RKTSAWWM.jpg,5,MUS,4640,5,0,7,0.950777,0.7717196,1.0,0.6905229,2.8852918
/content/Dataset/NORM/NORM-YMRMWVDK.jpg,6,NORM,4641,4,1,4,1.0091845,0.8487508,1.0,0.646148,2.9868422
/content/Dataset/BACK/BACK-MDGMCKIN.jpg,1,BACK,4642,1,0,3,1.0661017,0.8097094,1.0,0.7043594,3.3029344
/content/Dataset/MUC/MUC-NIEGDEYV.jpg,4,MUC,4643,4,0,0,1.0152314,0.83666164,1.0,0.64011854,3.099354
/content/Dataset/MUS/MUS-RVMPNARN.jpg,5,MUS,4644,5,0,7,0.9563699,0.77939,1.0,0.6913483,2.8771849
/content/Dataset/ADI/ADI-HGYELCID.jpg,0,ADI,4645,0,0,4,1.0850672,0.8236066,1.0,0.7221095,3.2728941
/content/Dataset/MUC/MUC-ANPPMFRG.jpg,4,MUC,4646,4,0,7,0.9935589,0.82777786,1.0,0.6605415,2.9517744
/content/Dataset/MUS/MUS-APEAYITH.jpg,5,MUS,4647,5,0,7,0.9549099,0.7760637,1.0,0.6920056,2.8828537
/content/Dataset/TUM/TUM-RPAMVKKW.jpg,8,TUM,4648,8,0,6,0.98158544,0.78313214,1.0,0.6905991,3.0019858
/content/Dataset/BACK/BACK-AFQFFAER.jpg,1,BACK,4649,1,0,3,1.0666329,0.81006664,1.0,0.70463765,3.3030748
/content/Dataset/MUS/MUS-AITRAPEE.jpg,5,MUS,4650,5,0,7,0.95565826,0.7774422,1.0,0.6918656,2.8808753
/content/Dataset/MUS/MUS-ARLSRFVK.jpg,5,MUS,4651,7,1,7,0.9619039,0.78804725,1.0,0.6915449,2.8661973
/content/Dataset/DEB/DEB-RDNRWNNI.jpg,2,DEB,4652,5,1,5,1.0246311,0.84378886,1.0,0.64805406,3.0896356
/content/Dataset/ADI/ADI-CHMCRGNI.jpg,0,ADI,4653,3,1,3,1.1023362,0.8212254,1.0,0.722109,3.386134
/content/Dataset/ADI/ADI-HQLQAYIC.jpg,0,ADI,4654,3,1,3,1.1026502,0.8217577,1.0,0.7220575,3.385186
/content/Dataset/LYM/LYM-NNMMNEFT.jpg,3,LYM,4655,3,0,2,1.0474025,0.8053968,1.0,0.71072197,3.1945183
/content/Dataset/LYM/LYM-NHSLEWVP.jpg,3,LYM,4656,3,0,2,1.047884,0.80588853,1.0,0.71088386,3.1941175
/content/Dataset/LYM/LYM-MRHIMEVG.jpg,3,LYM,4657,3,0,2,1.0500244,0.8093479,1.0,0.71069217,3.188834
/content/Dataset/STR/STR-WVWQVRWL.jpg,7,STR,4658,7,0,0,0.27833188,0.8330105,1.0,0.036748916,0.8474503
/content/Dataset/MUC/MUC-CCYNLSIP.jpg,4,MUC,4659,4,0,3,1.0175307,0.79300165,1.0,0.6790409,3.19875
/content/Dataset/NORM/NORM-WDQHKPDV.jpg,6,NORM,4660,6,0,4,1.0001273,0.8071867,0.9214681,0.68356705,3.1437094
/content/Dataset/NORM/NORM-YVKIGIGI.jpg,6,NORM,4661,6,0,8,0.97438496,0.7857064,1.0,0.6801739,2.982752
/content/Dataset/MUC/MUC-SISSPYYT.jpg,4,MUC,4662,6,1,6,1.0201997,0.81856084,1.0,0.67226964,3.1054945
/content/Dataset/DEB/DEB-STKHRKNK.jpg,2,DEB,4663,2,0,3,1.0192113,0.79412186,1.0,0.6873198,3.173205
/content/Dataset/MUC/MUC-THMGALAP.jpg,4,MUC,4664,4,0,7,0.9930383,0.7956097,1.0,0.67897654,3.0433345
/content/Dataset/ADI/ADI-HGFLYTDE.jpg,0,ADI,4665,0,0,5,1.1010252,0.8329432,1.0,0.7221659,3.3137395
/content/Dataset/TUM/TUM-VEDLSLDP.jpg,8,TUM,4666,8,0,6,0.98496413,0.7886962,1.0,0.6904864,2.9938502
/content/Dataset/DEB/DEB-SVYDCPFY.jpg,2,DEB,4667,2,0,3,1.0169042,0.7906215,1.0,0.6872612,3.1784458
/content/Dataset/BACK/BACK-LRTNQHCA.jpg,1,BACK,4668,1,0,0,1.0748005,0.8102977,1.0,0.7038159,3.3532221
/content/Dataset/ADI/ADI-CVMPTART.jpg,0,ADI,4669,0,0,5,1.1012713,0.8328788,1.0,0.7224196,3.3145678
/content/Dataset/LYM/LYM-PKEHTGVF.jpg,3,LYM,4670,3,0,4,1.0535588,0.81424123,0.9854583,0.71053386,3.2093954
/content/Dataset/ADI/ADI-ATRLTFMF.jpg,0,ADI,4671,0,0,4,1.0847566,0.82293105,1.0,0.72226685,3.274176
/content/Dataset/BACK/BACK-AECHQANK.jpg,1,BACK,4672,0,1,0,1.0754048,0.81068987,1.0,0.7041492,3.3533738
/content/Dataset/NORM/NORM-SATALFYC.jpg,6,NORM,4673,6,0,4,1.0006706,0.80650526,0.92428446,0.68373823,3.1449497
/content/Dataset/LYM/LYM-AETPEGSY.jpg,3,LYM,4674,3,0,2,1.048333,0.8065276,1.0,0.71090454,3.1932485
/content/Dataset/BACK/BACK-NCTNFHWA.jpg,1,BACK,4675,0,1,0,1.0802864,0.8247186,1.0,0.69965225,3.321447
/content/Dataset/BACK/BACK-IWPNDSGM.jpg,1,BACK,4676,0,1,0,1.0755091,0.810428,1.0,0.70441777,3.354452
/content/Dataset/DEB/DEB-YLYYVCTI.jpg,2,DEB,4677,3,1,3,1.0193369,0.79404867,1.0,0.6875017,3.1736841
/content/Dataset/TUM/TUM-VPNQPTRM.jpg,8,TUM,4678,5,1,5,1.0189115,0.82193094,0.9036178,0.68848866,3.1902604
/content/Dataset/NORM/NORM-NDDSLDKI.jpg,6,NORM,4679,6,0,8,0.940992,0.84793067,1.0,0.614011,2.7289894
/content/Dataset/LYM/LYM-NLHSRWFY.jpg,3,LYM,4680,3,0,2,1.0477766,0.8060876,1.0,0.7106583,3.1932428
/content/Dataset/DEB/DEB-PMVDFTKT.jpg,2,DEB,4681,2,0,3,1.0161936,0.78958905,1.0,0.6872436,3.1798224
/content/Dataset/STR/STR-SDCSMNHI.jpg,7,STR,4682,5,1,5,0.9282701,0.78165793,1.0,0.65708905,2.8181126
/content/Dataset/DEB/DEB-VKINKAQE.jpg,2,DEB,4683,2,0,3,1.0165089,0.791273,1.0,0.68654823,3.1751883
/content/Dataset/MUC/MUC-DCPVFFYS.jpg,4,MUC,4684,4,0,3,1.0171447,0.7928761,1.0,0.6787593,3.1981459
/content/Dataset/NORM/NORM-WIPCTWVM.jpg,6,NORM,4685,4,1,4,1.0036272,0.80723274,0.9335829,0.68341583,3.1432657
/content/Dataset/NORM/NORM-SFYRWFPG.jpg,6,NORM,4686,4,1,4,1.0093027,0.8061822,0.95618886,0.68311006,3.1434977
/content/Dataset/ADI/ADI-HVECWVAD.jpg,0,ADI,4687,0,0,3,1.1014383,0.82073295,1.0,0.72157764,3.3856177
/content/Dataset/TUM/TUM-YTKHCMFC.jpg,8,TUM,4688,8,0,6,0.9833538,0.78545886,1.0,0.6909056,2.9994166
/content/Dataset/LYM/LYM-TSGYEESP.jpg,3,LYM,4689,3,0,6,0.86164236,0.881562,1.0,0.48589113,2.5709388
/content/Dataset/TUM/TUM-QSIRAVDW.jpg,8,TUM,4690,8,0,6,0.9840591,0.78641135,1.0,0.6910178,2.9983058
/content/Dataset/ADI/ADI-HKPSWCWL.jpg,0,ADI,4691,3,1,3,1.1024011,0.82185626,1.0,0.7217431,3.384353
/content/Dataset/LYM/LYM-AAVEKYMF.jpg,3,LYM,4692,3,0,2,1.0486219,0.8070306,1.0,0.710851,3.192441
/content/Dataset/LYM/LYM-VQAFIVWQ.jpg,3,LYM,4693,8,1,8,1.0808798,0.8291356,0.9502546,0.7095357,3.3552597
/content/Dataset/ADI/ADI-EHSNMYMA.jpg,0,ADI,4694,3,1,3,1.1022668,0.821309,1.0,0.7219835,3.3857298
/content/Dataset/MUS/MUS-RCAQDMVP.jpg,5,MUS,4695,7,1,7,0.961739,0.7901033,1.0,0.6900802,2.860261
/content/Dataset/MUC/MUC-QCKCNYSW.jpg,4,MUC,4696,4,0,3,1.0170456,0.7917158,1.0,0.6793767,3.2015562
/content/Dataset/NORM/NORM-SEYRYQKC.jpg,6,NORM,4697,4,1,4,1.022504,0.8295398,1.0,0.6686493,3.0763183
/content/Dataset/TUM/TUM-SRAEYEYS.jpg,8,TUM,4698,8,0,6,0.9837236,0.78603,1.0,0.69094306,2.9985492
/content/Dataset/MUS/MUS-RHIWPTVD.jpg,5,MUS,4699,7,1,7,0.96740746,0.80758023,1.0,0.6850491,2.8262205
/content/Dataset/STR/STR-PSNEDAAG.jpg,7,STR,4700,7,0,5,0.9256419,0.7729757,1.0,0.6595558,2.8360615
/content/Dataset/NORM/NORM-TYIQYADH.jpg,6,NORM,4701,6,0,4,0.29346624,0.80986357,1.0,0.050203666,0.9190436
/content/Dataset/MUS/MUS-RKELMHAC.jpg,5,MUS,4702,7,1,7,0.966702,0.80371386,1.0,0.6866732,2.8349752
/content/Dataset/STR/STR-MSDGIHTF.jpg,7,STR,4703,7,0,5,0.9224607,0.76799953,1.0,0.6592819,2.8424168
/content/Dataset/ADI/ADI-GRRELDVI.jpg,0,ADI,4704,0,0,4,1.0852811,0.82405037,1.0,0.7220239,3.2720463
/content/Dataset/TUM/TUM-RSDTNHKY.jpg,8,TUM,4705,8,0,6,0.98527074,0.7888924,1.0,0.69065714,2.994046
/content/Dataset/MUC/MUC-PLLIDLIR.jpg,4,MUC,4706,4,0,3,1.017116,0.7924906,1.0,0.67895496,3.1993365
/content/Dataset/NORM/NORM-WPRIDIDM.jpg,6,NORM,4707,4,1,4,1.0262336,0.82320404,1.0,0.6761269,3.1030037
/content/Dataset/STR/STR-WMITHSKG.jpg,7,STR,4708,7,0,5,0.8996474,0.8506718,1.0,0.5945983,2.5632744
/content/Dataset/NORM/NORM-VYKPWFRL.jpg,6,NORM,4709,6,0,8,0.97266,0.7768444,1.0,0.6843205,3.0032854
/content/Dataset/STR/STR-MTCGGPEV.jpg,7,STR,4710,5,1,5,0.931033,0.8171136,1.0,0.63995194,2.7282543
/content/Dataset/ADI/ADI-ECWHKYDY.jpg,0,ADI,4711,0,0,5,1.0947,0.8304684,0.9844964,0.72239554,3.3180304
/content/Dataset/DEB/DEB-YEDRKLLK.jpg,2,DEB,4712,8,1,8,1.0455755,0.8404527,1.0,0.6669021,3.1579978
/content/Dataset/TUM/TUM-QDTTINWF.jpg,8,TUM,4713,6,1,6,0.9913367,0.8202603,1.0,0.6773771,2.920327
/content/Dataset/ADI/ADI-CMNCTYND.jpg,0,ADI,4714,0,0,4,1.0855879,0.82377803,1.0,0.7224928,3.2735715
/content/Dataset/NORM/NORM-NYPEAWLD.jpg,6,NORM,4715,6,0,4,0.9984653,0.8065408,0.9159728,0.6839882,3.1455517
/content/Dataset/STR/STR-REVYYIVQ.jpg,7,STR,4716,2,1,2,0.9885775,0.80552965,0.97786033,0.6531239,3.0933888
/content/Dataset/TUM/TUM-WMSGVHQA.jpg,8,TUM,4717,5,1,5,1.030069,0.85924137,1.0,0.6510546,3.0351536
/content/Dataset/DEB/DEB-VRCLMRSP.jpg,2,DEB,4718,2,0,3,1.0167521,0.7897943,1.0,0.6876968,3.180409
/content/Dataset/BACK/BACK-ACQAMMQE.jpg,1,BACK,4719,0,1,0,1.0756543,0.81154996,1.0,0.7037934,3.3513842
/content/Dataset/STR/STR-QHRIYWPD.jpg,7,STR,4720,7,0,6,0.37868956,0.71250665,1.0,0.05261332,1.5025591
/content/Dataset/LYM/LYM-VCMLQPRQ.jpg,3,LYM,4721,3,0,2,1.0468297,0.804734,1.0,0.71063423,3.195039
/content/Dataset/NORM/NORM-SRSETRIT.jpg,6,NORM,4722,4,1,4,1.0126028,0.807909,0.9614559,0.68368286,3.1425147
/content/Dataset/MUC/MUC-VSDQFCPY.jpg,4,MUC,4723,4,0,3,1.0171833,0.7925246,1.0,0.6789808,3.1994605
/content/Dataset/DEB/DEB-TDNYLRIR.jpg,2,DEB,4724,2,0,7,1.010628,0.8093648,0.9531591,0.6867423,3.1272185
/content/Dataset/MUS/MUS-SYKEVHRY.jpg,5,MUS,4725,5,0,7,0.9557755,0.7817378,1.0,0.689186,2.869579
/content/Dataset/NORM/NORM-TGVVYMQN.jpg,6,NORM,4726,3,1,3,1.0437918,0.8080222,0.9923391,0.6804023,3.2824488
/content/Dataset/BACK/BACK-ICHVGKHK.jpg,1,BACK,4727,0,1,0,1.0789584,0.8182334,1.0,0.7025768,3.3383684
/content/Dataset/DEB/DEB-TPCTVTSP.jpg,2,DEB,4728,2,0,3,1.0185397,0.7928704,1.0,0.6874739,3.1753535
/content/Dataset/MUS/MUS-SHRTVPTS.jpg,5,MUS,4729,5,0,7,0.9554486,0.7766235,1.0,0.692221,2.8824973
/content/Dataset/ADI/ADI-EDAFHVTN.jpg,0,ADI,4730,3,1,3,1.1020932,0.8209958,1.0,0.7220367,3.386267
/content/Dataset/NORM/NORM-PVLTGNRE.jpg,6,NORM,4731,6,0,8,0.9832348,0.79863113,1.0,0.681209,2.9659815
/content/Dataset/MUC/MUC-TYQIKHEC.jpg,4,MUC,4732,6,1,6,1.0178151,0.8042798,1.0,0.67870814,3.1422591
/content/Dataset/MUS/MUS-AEGESNPD.jpg,5,MUS,4733,5,0,7,0.95872164,0.7822291,1.0,0.6919721,2.8747652
/content/Dataset/MUC/MUC-NDQWKTVA.jpg,4,MUC,4734,0,1,0,1.0264096,0.79523563,0.99052376,0.6788147,3.2575386
/content/Dataset/STR/STR-YPSSTCTN.jpg,7,STR,4735,5,1,5,0.9294082,0.7836156,1.0,0.6570765,2.8154473
/content/Dataset/TUM/TUM-WFQHFYAG.jpg,8,TUM,4736,8,0,6,0.98501307,0.7887228,1.0,0.6905002,2.9939485
/content/Dataset/MUC/MUC-QTCNQPRN.jpg,4,MUC,4737,4,0,3,1.0173137,0.79253364,1.0,0.6791362,3.1996274
/content/Dataset/DEB/DEB-QYRNAPPW.jpg,2,DEB,4738,3,1,3,1.0206609,0.7962507,1.0,0.68739593,3.1701646
/content/Dataset/NORM/NORM-WPNWTKHH.jpg,6,NORM,4739,4,1,4,1.002889,0.80715984,0.9296027,0.6839457,3.1444542
/content/Dataset/LYM/LYM-NCWIVHMS.jpg,3,LYM,4740,3,0,2,1.0488639,0.80740345,1.0,0.7108515,3.191862
/content/Dataset/STR/STR-MPTTNAPQ.jpg,7,STR,4741,5,1,5,0.929303,0.7942949,1.0,0.6508111,2.7858088
/content/Dataset/TUM/TUM-YEMQFCHY.jpg,8,TUM,4742,6,1,6,0.98700243,0.7914791,1.0,0.69073266,2.9907796
/content/Dataset/DEB/DEB-WKETYNSN.jpg,2,DEB,4743,8,1,8,1.0497705,0.81919813,1.0,0.6834539,3.2325714
/content/Dataset/TUM/TUM-RRVSCNTA.jpg,8,TUM,4744,8,0,6,0.9851014,0.7883035,1.0,0.6908415,2.995396
/content/Dataset/ADI/ADI-IGQRHDGY.jpg,0,ADI,4745,5,1,5,1.103853,0.83996654,1.0,0.7203084,3.2989018
/content/Dataset/LYM/LYM-AKLEFVEL.jpg,3,LYM,4746,3,0,4,1.0525801,0.81456536,0.98017955,0.71094626,3.2099192
/content/Dataset/STR/STR-MLSQFNMG.jpg,7,STR,4747,7,0,5,0.34178495,0.84719247,1.0,0.11851527,0.9942073
/content/Dataset/BACK/BACK-KDYWNMHI.jpg,1,BACK,4748,1,0,3,1.066388,0.81012523,1.0,0.7043588,3.3023384
/content/Dataset/MUC/MUC-NISDYNSE.jpg,4,MUC,4749,6,1,6,1.0187129,0.8240353,1.0,0.6675693,3.085947
/content/Dataset/DEB/DEB-YYMLPFYS.jpg,2,DEB,4750,2,0,3,1.0181371,0.7918862,1.0,0.68772763,3.177315
/content/Dataset/BACK/BACK-KFFQVDFG.jpg,1,BACK,4751,2,1,2,1.0769565,0.8244779,0.9940365,0.7001268,3.3123546
/content/Dataset/STR/STR-QMFCDAGN.jpg,7,STR,4752,5,1,5,0.9287344,0.7868632,1.0,0.654351,2.8053424
/content/Dataset/BACK/BACK-ECDFGRVE.jpg,1,BACK,4753,1,0,3,1.0659448,0.80960274,1.0,0.7042754,3.3029056
/content/Dataset/TUM/TUM-VCIQWKAI.jpg,8,TUM,4754,8,0,6,0.88423693,0.88353986,1.0,0.5523863,2.4841473
/content/Dataset/LYM/LYM-QNPFVGER.jpg,3,LYM,4755,4,1,4,1.0565684,0.81512606,0.9930662,0.71062005,3.208265
/content/Dataset/TUM/TUM-TVVPVALG.jpg,8,TUM,4756,6,1,6,0.9904952,0.7993266,1.0,0.68928236,2.9766731
/content/Dataset/STR/STR-SPFCVNKE.jpg,7,STR,4757,5,1,5,0.9304723,0.7934016,1.0,0.65234935,2.791454
/content/Dataset/LYM/LYM-TDTAMMDD.jpg,3,LYM,4758,3,0,2,1.0482379,0.8062636,1.0,0.7109925,3.1937866
/content/Dataset/ADI/ADI-CNCNDIIP.jpg,0,ADI,4759,5,1,5,1.1042569,0.84306526,1.0,0.71871406,3.2904873
/content/Dataset/NORM/NORM-AKRICCTI.jpg,6,NORM,4760,6,0,4,1.0000817,0.80761117,0.9185482,0.684108,3.1444511
/content/Dataset/MUS/MUS-ADRLATHS.jpg,5,MUS,4761,7,1,7,0.9684425,0.80686206,1.0,0.68653774,2.830414
/content/Dataset/STR/STR-PAHPPYFS.jpg,7,STR,4762,7,0,5,0.9157854,0.7714321,1.0,0.6498035,2.8185174
/content/Dataset/LYM/LYM-VICSDNTD.jpg,3,LYM,4763,3,0,5,0.9137917,0.8748584,1.0,0.53912836,2.707672
/content/Dataset/LYM/LYM-QLPIKWLE.jpg,3,LYM,4764,3,0,2,1.0515789,0.8147889,1.0,0.70864046,3.17644
/content/Dataset/BACK/BACK-LPWGDSAK.jpg,1,BACK,4765,1,0,0,1.0737879,0.8096542,1.0,0.70328724,3.3527787
/content/Dataset/NORM/NORM-RHSNYFMN.jpg,6,NORM,4766,6,0,8,0.47248468,0.8788191,1.0,0.21055439,1.3599666
/content/Dataset/TUM/TUM-TSIAVENI.jpg,8,TUM,4767,8,0,6,0.98510563,0.78914964,1.0,0.6902812,2.9930823
/content/Dataset/LYM/LYM-YNNPESTT.jpg,3,LYM,4768,3,0,2,1.0530304,0.8162874,1.0,0.7090809,3.1753495
/content/Dataset/TUM/TUM-SLQNWNRD.jpg,8,TUM,4769,8,0,6,0.9843452,0.7865532,1.0,0.6912175,2.9985607
/content/Dataset/NORM/NORM-QHDANFET.jpg,6,NORM,4770,4,1,4,1.008324,0.8077486,0.94654983,0.68394804,3.1434798
/content/Dataset/BACK/BACK-MMEIVQIY.jpg,1,BACK,4771,1,0,3,1.0660015,0.80975574,1.0,0.70422065,3.302601
/content/Dataset/NORM/NORM-MTAKGQNL.jpg,6,NORM,4772,6,0,4,1.0005127,0.8062069,0.9243974,0.6837559,3.1453373
/content/Dataset/DEB/DEB-PQAIEVSL.jpg,2,DEB,4773,2,0,3,1.0192213,0.79447776,1.0,0.6870999,3.1721587
/content/Dataset/TUM/TUM-RFFSFHTN.jpg,8,TUM,4774,8,0,6,0.98472005,0.7876906,1.0,0.6908703,2.9961839
/content/Dataset/MUC/MUC-RTNELFDF.jpg,4,MUC,4775,4,0,6,0.9104333,0.882672,1.0,0.54373115,2.6449075
/content/Dataset/STR/STR-WGAKIDVH.jpg,7,STR,4776,7,0,5,0.81404066,0.87140584,1.0,0.50957286,2.2990167
/content/Dataset/MUS/MUS-NNEYHVMT.jpg,5,MUS,4777,5,0,7,0.95346373,0.77433616,1.0,0.69161904,2.884283
/content/Dataset/NORM/NORM-VLIRLEVL.jpg,6,NORM,4778,6,0,4,0.35975143,0.85493827,1.0,0.106190495,1.0747415
/content/Dataset/BACK/BACK-DRCRGHTI.jpg,1,BACK,4779,1,0,3,1.065805,0.809396,1.0,0.70427495,3.303219
/content/Dataset/DEB/DEB-TYPTTDHP.jpg,2,DEB,4780,2,0,3,1.0154295,0.788839,1.0,0.6869877,3.1802273
/content/Dataset/MUS/MUS-ARYWQLIW.jpg,5,MUS,4781,5,0,7,0.9552078,0.77704805,1.0,0.69168717,2.880818
/content/Dataset/BACK/BACK-IPPANDAP.jpg,1,BACK,4782,1,0,3,1.0659188,0.8096812,1.0,0.7041975,3.302608
/content/Dataset/ADI/ADI-GQCVYSMV.jpg,0,ADI,4783,0,0,5,1.0993158,0.83149385,0.99731815,0.72226197,3.3162732
/content/Dataset/DEB/DEB-WQKVATCP.jpg,2,DEB,4784,2,0,3,1.0174326,0.79103506,1.0,0.68754417,3.1783495
/content/Dataset/TUM/TUM-SHLDNPEQ.jpg,8,TUM,4785,6,1,6,0.98657274,0.7902512,1.0,0.6911112,2.9931722
/content/Dataset/TUM/TUM-QRTPARAR.jpg,8,TUM,4786,8,0,6,0.985196,0.787911,1.0,0.69121814,2.9966316
/content/Dataset/TUM/TUM-RWSPQTKW.jpg,8,TUM,4787,8,0,6,0.9856618,0.7888327,1.0,0.6910837,2.9951396
/content/Dataset/BACK/BACK-MMVACPCL.jpg,1,BACK,4788,0,1,0,1.0773805,0.8141938,1.0,0.70372,3.3471649
/content/Dataset/TUM/TUM-RESLMNEQ.jpg,8,TUM,4789,8,0,6,0.9855423,0.7883757,1.0,0.6912749,2.9960978
/content/Dataset/TUM/TUM-RHWKSIRE.jpg,8,TUM,4790,8,0,6,0.9857983,0.78883624,1.0,0.69123507,2.9953938
/content/Dataset/MUS/MUS-APKRRLEG.jpg,5,MUS,4791,5,0,7,0.95827514,0.7814759,1.0,0.6920238,2.8757048
/content/Dataset/MUS/MUS-SKSAALPV.jpg,5,MUS,4792,3,1,3,1.0176057,0.8041954,0.8984757,0.69075096,3.281035
/content/Dataset/BACK/BACK-KCDEPTPR.jpg,1,BACK,4793,1,0,4,1.0670047,0.82242626,1.0,0.70339006,3.2430604
/content/Dataset/MUS/MUS-REDFHAMS.jpg,5,MUS,4794,5,0,7,0.950121,0.7907399,1.0,0.6775397,2.8329387
/content/Dataset/MUS/MUS-PQKGPGYA.jpg,5,MUS,4795,4,1,4,1.0470403,0.8464578,1.0,0.6663369,3.1381466
/content/Dataset/MUC/MUC-WSVAAGEL.jpg,4,MUC,4796,4,0,3,1.016148,0.79208016,1.0,0.6782775,3.1982286
/content/Dataset/MUC/MUC-YNMNIMKN.jpg,4,MUC,4797,4,0,0,0.65490514,0.90975857,1.0,0.3203757,1.8979731
/content/Dataset/STR/STR-WLGTTPVI.jpg,7,STR,4798,5,1,5,0.92953146,0.7897574,1.0,0.6535123,2.7991703
/content/Dataset/STR/STR-PLDEEFCD.jpg,7,STR,4799,7,0,5,0.92557263,0.7719597,1.0,0.6602105,2.838381
/content/Dataset/BACK/BACK-AFAITITL.jpg,1,BACK,4800,1,0,3,1.0660504,0.80968195,1.0,0.704332,3.3028834
/content/Dataset/TUM/TUM-YLNVTINL.jpg,8,TUM,4801,8,0,6,0.98386943,0.7860385,1.0,0.6910763,2.9988916
/content/Dataset/LYM/LYM-VIILTKSE.jpg,3,LYM,4802,3,0,2,1.0478787,0.80603516,1.0,0.71079683,3.1936188
/content/Dataset/DEB/DEB-SHLWSNLP.jpg,2,DEB,4803,2,0,3,1.0184937,0.7972034,1.0,0.6845274,3.16263
/content/Dataset/MUC/MUC-QSFPMQLQ.jpg,4,MUC,4804,3,1,3,1.0177466,0.7926686,1.0,0.67948276,3.2002254
/content/Dataset/LYM/LYM-PQQCMDVY.jpg,3,LYM,4805,4,1,4,1.0570314,0.81410056,0.9967095,0.7106574,3.2097867
/content/Dataset/DEB/DEB-PREEARRS.jpg,2,DEB,4806,2,0,3,1.0155692,0.798785,1.0,0.68053627,3.1513686
/content/Dataset/ADI/ADI-ATDDDFCQ.jpg,0,ADI,4807,3,1,3,1.1022813,0.82192504,1.0,0.72159797,3.3838093
/content/Dataset/DEB/DEB-QYYEPDEN.jpg,2,DEB,4808,2,0,3,1.0190287,0.7942907,1.0,0.6870321,3.1722605
/content/Dataset/LYM/LYM-SNACPKYC.jpg,3,LYM,4809,3,0,2,1.0475416,0.80630654,1.0,0.71027404,3.1920915
/content/Dataset/ADI/ADI-CFLDFWCN.jpg,0,ADI,4810,0,0,2,1.0913602,0.8218214,1.0,0.7218626,3.3196805
/content/Dataset/MUS/MUS-NVIMSMTK.jpg,5,MUS,4811,7,1,7,0.96269983,0.7895774,1.0,0.6913844,2.86389
/content/Dataset/NORM/NORM-MNFGDDLN.jpg,6,NORM,4812,6,0,8,0.9788296,0.78762364,1.0,0.68368495,2.986894
/content/Dataset/STR/STR-TWWKLWYG.jpg,7,STR,4813,2,1,2,0.98936707,0.8219278,1.0,0.63838756,3.0305095
/content/Dataset/DEB/DEB-YGCDSPKY.jpg,2,DEB,4814,2,0,3,1.018952,0.79445994,1.0,0.6868316,3.1716259
/content/Dataset/MUS/MUS-PCELPPQP.jpg,5,MUS,4815,7,1,7,0.9618682,0.78827244,1.0,0.6913862,2.865444
/content/Dataset/DEB/DEB-NQELEVPI.jpg,2,DEB,4816,3,1,3,1.0200459,0.79503083,1.0,0.68756,3.1724317
/content/Dataset/MUC/MUC-NDLPVWDP.jpg,4,MUC,4817,4,0,7,0.9936996,0.79617494,1.0,0.67928046,3.0432446
/content/Dataset/NORM/NORM-VEYYGHNS.jpg,6,NORM,4818,4,1,4,1.026274,0.8171689,1.0,0.68002254,3.120151
/content/Dataset/LYM/LYM-LCYFIVIS.jpg,3,LYM,4819,3,0,2,1.0452453,0.82440203,1.0,0.69661266,3.1331553
/content/Dataset/STR/STR-YVHCPDVK.jpg,7,STR,4820,7,0,5,0.3418812,0.83525884,1.0,0.11374199,1.0147216
/content/Dataset/BACK/BACK-FTHWGIDF.jpg,1,BACK,4821,0,1,0,1.079585,0.83025825,1.0,0.69545376,3.3028662
/content/Dataset/NORM/NORM-LHLRPKEC.jpg,6,NORM,4822,6,0,4,1.0017688,0.80646455,0.92812854,0.683718,3.1449296
/content/Dataset/TUM/TUM-WDQPITMA.jpg,8,TUM,4823,6,1,6,0.9860402,0.78951025,1.0,0.6910441,2.994054
/content/Dataset/BACK/BACK-NAGFLNDG.jpg,1,BACK,4824,1,0,3,1.0667044,0.8105828,1.0,0.7043732,3.301636
/content/Dataset/LYM/LYM-QPRMHFPM.jpg,3,LYM,4825,4,1,4,1.057511,0.8151237,0.99488616,0.7109842,3.2091832
/content/Dataset/MUS/MUS-PQVPCQME.jpg,5,MUS,4826,7,1,7,0.9618278,0.788751,1.0,0.6910408,2.8640633
/content/Dataset/DEB/DEB-YYNILSRN.jpg,2,DEB,4827,2,0,3,1.0181655,0.79253995,1.0,0.6873093,3.1754935
/content/Dataset/TUM/TUM-TIKQTITC.jpg,8,TUM,4828,8,0,6,0.9854774,0.78924054,1.0,0.6905926,2.993702
/content/Dataset/DEB/DEB-PQCSIQRA.jpg,2,DEB,4829,2,0,3,1.0183367,0.7922344,1.0,0.6876786,3.1768107
/content/Dataset/DEB/DEB-YVAENMWW.jpg,2,DEB,4830,2,0,3,1.0191872,0.7954804,1.0,0.68639034,3.1691718
/content/Dataset/DEB/DEB-RALMKAIC.jpg,2,DEB,4831,2,0,3,1.0179036,0.7921461,1.0,0.68729854,3.1760843
/content/Dataset/MUS/MUS-NQRCFPVN.jpg,5,MUS,4832,5,0,7,0.9540918,0.77508116,1.0,0.69181055,2.8836133
/content/Dataset/STR/STR-NSPGMNFE.jpg,7,STR,4833,7,0,5,0.92410827,0.7708031,1.0,0.6593378,2.8383262
/content/Dataset/ADI/ADI-AAKECYFG.jpg,0,ADI,4834,0,0,5,1.1012639,0.83332574,1.0,0.7221226,3.313197
/content/Dataset/NORM/NORM-SWEGNSDD.jpg,6,NORM,4835,4,1,4,1.0076178,0.80765826,0.9456259,0.68355924,3.1428022
/content/Dataset/DEB/DEB-PGMVLVAC.jpg,2,DEB,4836,2,0,7,1.0190588,0.81039023,0.980778,0.68631583,3.1244314
/content/Dataset/MUC/MUC-SAVLGKKY.jpg,4,MUC,4837,4,0,6,0.8196195,0.89495194,1.0,0.46458504,2.370208
/content/Dataset/MUS/MUS-STTTIETG.jpg,5,MUS,4838,5,0,7,0.9544157,0.7761098,1.0,0.6914402,2.8816686
/content/Dataset/STR/STR-PLKQGDFM.jpg,7,STR,4839,5,1,5,0.92860305,0.79823536,1.0,0.6476071,2.774253
/content/Dataset/LYM/LYM-RHRIEIQG.jpg,3,LYM,4840,4,1,4,1.0562639,0.8144019,0.99306613,0.71083236,3.2095942
/content/Dataset/DEB/DEB-WPEPMTVH.jpg,2,DEB,4841,2,0,3,1.0191227,0.7941244,1.0,0.68724614,3.1729329
/content/Dataset/MUS/MUS-RYFWTTTD.jpg,5,MUS,4842,5,0,7,0.30623603,0.7889285,1.0,0.07770638,0.9644196
/content/Dataset/LYM/LYM-ADVHKFQF.jpg,3,LYM,4843,3,0,2,1.0474467,0.80504227,1.0,0.7110284,3.1955683
/content/Dataset/TUM/TUM-YEEHVLGH.jpg,8,TUM,4844,8,0,6,0.984995,0.78851426,1.0,0.6905944,2.9945667
/content/Dataset/NORM/NORM-MSSELGCV.jpg,6,NORM,4845,6,0,8,0.9789693,0.78821504,1.0,0.68341357,2.9856615
/content/Dataset/TUM/TUM-QGASGVCA.jpg,8,TUM,4846,8,0,6,0.98494536,0.78742933,1.0,0.69126993,2.997433
/content/Dataset/LYM/LYM-AIYKDYFT.jpg,3,LYM,4847,3,0,2,1.0470874,0.80443454,1.0,0.711086,3.196515
/content/Dataset/MUC/MUC-NFMLLMKI.jpg,4,MUC,4848,4,0,7,0.993467,0.7958566,1.0,0.67924404,3.0436373
/content/Dataset/LYM/LYM-TYCFLEYI.jpg,3,LYM,4849,3,0,2,1.0535371,0.8194874,1.0,0.7074949,3.1671867
/content/Dataset/NORM/NORM-RVIDNFNI.jpg,6,NORM,4850,6,0,8,0.9733417,0.7778416,1.0,0.6843854,3.0019763
/content/Dataset/DEB/DEB-ACTERSVL.jpg,2,DEB,4851,2,0,7,1.0072951,0.8422249,1.0,0.65160036,2.988802
/content/Dataset/ADI/ADI-DGWHMELG.jpg,0,ADI,4852,0,0,4,1.084105,0.8227094,0.999024,0.722074,3.2740784
/content/Dataset/NORM/NORM-MNVYCLTK.jpg,6,NORM,4853,4,1,4,1.0074376,0.8085691,0.9425144,0.6836843,3.1419735
/content/Dataset/NORM/NORM-ANFGTMRH.jpg,6,NORM,4854,6,0,8,0.9738543,0.7786207,1.0,0.6843837,3.001014
/content/Dataset/BACK/BACK-KHPQVAFY.jpg,1,BACK,4855,1,0,4,1.0667905,0.8228144,1.0,0.70291555,3.2414784
/content/Dataset/TUM/TUM-YYKASVKE.jpg,8,TUM,4856,8,0,6,0.985495,0.7894114,1.0,0.69055367,2.993086
/content/Dataset/MUS/MUS-QPQMRCPT.jpg,5,MUS,4857,5,0,7,0.95346755,0.7743739,1.0,0.6916024,2.8841765
/content/Dataset/STR/STR-TQWVMPTM.jpg,7,STR,4858,7,0,5,0.9217594,0.7656776,1.0,0.6600703,2.8469474
/content/Dataset/TUM/TUM-SHCYMHHM.jpg,8,TUM,4859,8,0,6,0.46125937,0.8829121,1.0,0.20600343,1.3130788
/content/Dataset/ADI/ADI-GGYGIWFF.jpg,0,ADI,4860,0,0,4,1.0848129,0.8233555,1.0,0.7220283,3.2730794
/content/Dataset/MUS/MUS-SPLNPWPC.jpg,5,MUS,4861,0,1,0,1.0518755,0.84658825,1.0,0.6599321,3.1877077
/content/Dataset/DEB/DEB-TDIHKQSI.jpg,2,DEB,4862,2,0,3,1.0176468,0.7949785,1.0,0.68516076,3.167159
/content/Dataset/MUC/MUC-VINDMHDI.jpg,4,MUC,4863,4,0,7,0.9937597,0.79668635,1.0,0.6790103,3.0419393
/content/Dataset/NORM/NORM-MSVFQFPY.jpg,6,NORM,4864,6,0,4,1.0010434,0.84898543,1.0,0.6377649,2.9693062
/content/Dataset/MUS/MUS-RESKDYTI.jpg,5,MUS,4865,7,1,7,0.9618264,0.78685594,1.0,0.69226354,2.869114
/content/Dataset/ADI/ADI-DEHMKLCL.jpg,0,ADI,4866,3,1,3,1.1024009,0.8211179,1.0,0.7222669,3.386524
/content/Dataset/MUS/MUS-PGASPDIG.jpg,5,MUS,4867,5,0,7,0.92486084,0.86020315,1.0,0.61765194,2.5872736
/content/Dataset/DEB/DEB-NPCRLYGY.jpg,2,DEB,4868,2,0,3,1.0184649,0.79829144,1.0,0.683742,3.159522
/content/Dataset/STR/STR-PLMTWEFI.jpg,7,STR,4869,7,0,5,0.7370485,0.8444247,1.0,0.44252864,2.1799622
/content/Dataset/NORM/NORM-NSIFWAGK.jpg,6,NORM,4870,6,0,8,0.9839182,0.8152404,1.0,0.67187285,2.9210577
/content/Dataset/ADI/ADI-ETVVNCAM.jpg,0,ADI,4871,0,0,3,1.1020689,0.8207371,1.0,0.7222114,3.386919
/content/Dataset/DEB/DEB-QENWCMRP.jpg,2,DEB,4872,2,0,3,1.016928,0.7907363,1.0,0.6872646,3.177962
/content/Dataset/NORM/NORM-LMEMDANW.jpg,6,NORM,4873,6,0,8,0.974689,0.7799039,1.0,0.6844308,2.9992137
/content/Dataset/MUC/MUC-YDGKQYGQ.jpg,4,MUC,4874,4,0,3,1.0166368,0.7911674,1.0,0.6793149,3.202294
/content/Dataset/ADI/ADI-ICMRPLCY.jpg,0,ADI,4875,0,0,2,1.091697,0.82188344,1.0,0.72212416,3.3203318
/content/Dataset/STR/STR-WNYPRCTD.jpg,7,STR,4876,2,1,2,0.97960013,0.80267954,0.94789755,0.65463704,3.1013238
/content/Dataset/BACK/BACK-AHDWFPQN.jpg,1,BACK,4877,1,0,3,1.0650862,0.80879265,1.0,0.70397615,3.3033998
/content/Dataset/STR/STR-VAGWRCHM.jpg,7,STR,4878,7,0,5,0.92601573,0.7739475,1.0,0.6594041,2.834088
/content/Dataset/MUS/MUS-RKSWREIS.jpg,5,MUS,4879,5,0,7,0.95909435,0.7842257,1.0,0.6910859,2.870174
/content/Dataset/NORM/NORM-QELNRQFV.jpg,6,NORM,4880,6,0,8,0.97268355,0.77716476,1.0,0.6841279,3.0024524
/content/Dataset/NORM/NORM-TYPRSTKK.jpg,6,NORM,4881,6,0,8,0.97797763,0.78547287,1.0,0.6842007,2.9909966
/content/Dataset/TUM/TUM-QETDGSNM.jpg,8,TUM,4882,8,0,6,0.98425364,0.7870985,1.0,0.69076484,2.9968307
/content/Dataset/BACK/BACK-LDRYWLAP.jpg,1,BACK,4883,0,1,0,1.0751282,0.81033117,1.0,0.7041183,3.3538504
/content/Dataset/STR/STR-MSLDDCIL.jpg,7,STR,4884,2,1,2,0.9919512,0.80590135,0.99062186,0.6524852,3.0917373
/content/Dataset/LYM/LYM-EVVPKMLD.jpg,3,LYM,4885,4,1,4,1.0552932,0.8147424,0.9881083,0.7111169,3.2099605
/content/Dataset/DEB/DEB-YKKQISDM.jpg,2,DEB,4886,3,1,3,1.0195374,0.7960048,1.0,0.6864714,3.1681674
/content/Dataset/TUM/TUM-WLHVCQFF.jpg,8,TUM,4887,8,0,6,0.8291913,0.892745,1.0,0.50334775,2.318875
/content/Dataset/STR/STR-PLLLRWLS.jpg,7,STR,4888,7,0,5,0.33814305,0.84525335,1.0,0.11563494,0.9853222
/content/Dataset/LYM/LYM-VFQCPILM.jpg,3,LYM,4889,3,0,4,1.0502026,0.814504,0.9725517,0.7109496,3.2100456
/content/Dataset/TUM/TUM-SFDVMLHI.jpg,8,TUM,4890,8,0,6,0.98463273,0.787066,1.0,0.6911472,2.9978724
/content/Dataset/DEB/DEB-TLWENHYW.jpg,2,DEB,4891,2,0,3,1.0189147,0.79403347,1.0,0.6871041,3.1726992
/content/Dataset/MUS/MUS-RAVSQCRD.jpg,5,MUS,4892,5,0,7,0.96075386,0.78519666,1.0,0.6922163,2.871181
/content/Dataset/BACK/BACK-MCCNHQQY.jpg,1,BACK,4893,1,0,3,1.0663282,0.8102642,1.0,0.7042015,3.3018022
/content/Dataset/ADI/ADI-FVPPMHHI.jpg,0,ADI,4894,0,0,5,1.0990927,0.8309078,0.9982925,0.72217524,3.3167274
/content/Dataset/TUM/TUM-VFFDGWMH.jpg,8,TUM,4895,6,1,6,0.99100316,0.8014576,1.0,0.68842137,2.9719732
/content/Dataset/DEB/DEB-PMKIFGAH.jpg,2,DEB,4896,2,0,3,1.0178884,0.79181015,1.0,0.68754697,3.1768987
/content/Dataset/ADI/ADI-EATCEALR.jpg,0,ADI,4897,3,1,3,1.1027213,0.82190764,1.0,0.722012,3.3849347
/content/Dataset/ADI/ADI-DMMMVGQI.jpg,0,ADI,4898,3,1,3,1.1025947,0.82151926,1.0,0.7221604,3.3858116
/content/Dataset/BACK/BACK-ITEHCTDM.jpg,1,BACK,4899,0,1,0,1.076817,0.81356233,1.0,0.70359546,3.347807
/content/Dataset/BACK/BACK-LDWHPFVA.jpg,1,BACK,4900,0,1,0,1.0763931,0.8127934,1.0,0.70370376,3.34917
/content/Dataset/DEB/DEB-YPCGTVKN.jpg,2,DEB,4901,2,0,3,1.0173544,0.7918886,1.0,0.68697757,3.1753638
/content/Dataset/BACK/BACK-AIKAEYTI.jpg,1,BACK,4902,1,0,3,1.0664822,0.81042916,1.0,0.7042488,3.3016298
/content/Dataset/BACK/BACK-PDHMVSPW.jpg,1,BACK,4903,1,0,3,1.0657437,0.8093918,1.0,0.7042178,3.303091
/content/Dataset/LYM/LYM-YNSGVITI.jpg,3,LYM,4904,4,1,4,1.0594343,0.8166455,1.0,0.71034354,3.205447
/content/Dataset/MUC/MUC-RHNHQKKW.jpg,4,MUC,4905,4,0,7,0.99287444,0.79478,1.0,0.67929953,3.045469
/content/Dataset/MUS/MUS-ARIKLYSM.jpg,5,MUS,4906,5,0,7,0.9542989,0.7766608,1.0,0.69096744,2.8798833
/content/Dataset/DEB/DEB-NPHRHDSF.jpg,2,DEB,4907,8,1,8,1.0435053,0.8299985,1.0,0.67079854,3.1855834
/content/Dataset/MUS/MUS-PCDKIKHL.jpg,5,MUS,4908,5,0,7,0.9583409,0.7816399,1.0,0.6919282,2.8755891
/content/Dataset/MUC/MUC-TCSSAQTD.jpg,4,MUC,4909,4,0,3,1.0170705,0.7930622,1.0,0.67855966,3.1974287
/content/Dataset/ADI/ADI-FERICYFG.jpg,0,ADI,4910,0,0,5,1.1018089,0.8342352,1.0,0.72205925,3.311636
/content/Dataset/ADI/ADI-CLAKHDYT.jpg,0,ADI,4911,0,0,2,1.0913635,0.82138085,1.0,0.72215194,3.3210487
/content/Dataset/TUM/TUM-WFIGYFHE.jpg,8,TUM,4912,6,1,6,0.98717,0.7918521,1.0,0.6906951,2.9900088
/content/Dataset/BACK/BACK-LKNNSCNE.jpg,1,BACK,4913,1,0,3,1.0666196,0.8107736,1.0,0.704142,3.3009422
/content/Dataset/STR/STR-AALPFLFW.jpg,7,STR,4914,7,0,5,0.28394908,0.79616374,1.0,0.06315706,0.878663
/content/Dataset/STR/STR-YMCVGMYD.jpg,7,STR,4915,7,0,5,0.9131103,0.82671005,1.0,0.61770946,2.6602426
/content/Dataset/MUC/MUC-CFRCTVLF.jpg,4,MUC,4916,0,1,0,1.0294995,0.7956945,1.0,0.67872363,3.2566187
/content/Dataset/TUM/TUM-RVYLLHQM.jpg,8,TUM,4917,6,1,6,0.9919068,0.81098425,1.0,0.6834153,2.9475641
/content/Dataset/TUM/TUM-SNLENFMY.jpg,8,TUM,4918,8,0,6,0.9830961,0.7852598,1.0,0.6907848,2.999346
/content/Dataset/TUM/TUM-QIPPGPNG.jpg,8,TUM,4919,6,1,6,0.98586416,0.78909993,1.0,0.69112974,2.9948084
/content/Dataset/TUM/TUM-VHKAAIYT.jpg,8,TUM,4920,5,1,5,1.0145546,0.86726934,1.0,0.63331026,2.9736013
/content/Dataset/DEB/DEB-WHVGCHAL.jpg,2,DEB,4921,2,0,3,1.0159554,0.7891388,1.0,0.68729293,3.180644
/content/Dataset/BACK/BACK-FGVQFTNR.jpg,1,BACK,4922,0,1,0,1.0774196,0.8147387,1.0,0.7034007,3.3455632
/content/Dataset/ADI/ADI-CCAVCGRH.jpg,0,ADI,4923,0,0,5,1.1005765,0.8324741,1.0,0.7220517,3.314124
/content/Dataset/DEB/DEB-WDAYMRIC.jpg,2,DEB,4924,2,0,3,1.0176018,0.79182625,1.0,0.687219,3.1762924
/content/Dataset/NORM/NORM-MHWCNKMN.jpg,6,NORM,4925,4,1,4,1.0057958,0.80599517,0.9452797,0.6829816,3.1435006
/content/Dataset/ADI/ADI-ERYNVTFY.jpg,0,ADI,4926,0,0,5,1.0955722,0.83057845,0.98666203,0.72251844,3.3180766
/content/Dataset/BACK/BACK-LWYNCPPM.jpg,1,BACK,4927,1,0,4,1.0640248,0.8196033,0.9936724,0.7042319,3.2491133
/content/Dataset/LYM/LYM-SVFPAGRC.jpg,3,LYM,4928,3,0,4,1.05318,0.8146353,0.9826954,0.7107362,3.2092946
/content/Dataset/TUM/TUM-SWSHQMFQ.jpg,8,TUM,4929,6,1,6,0.990573,0.80018336,1.0,0.6888214,2.9744534
/content/Dataset/LYM/LYM-TWAAHDDV.jpg,3,LYM,4930,3,0,8,1.0393269,0.8809678,1.0,0.63013536,3.0557601
/content/Dataset/TUM/TUM-QILPEWNN.jpg,8,TUM,4931,8,0,6,0.9832597,0.78538007,1.0,0.6908506,2.9994564
/content/Dataset/MUS/MUS-QADWYCTE.jpg,5,MUS,4932,5,0,7,0.95399904,0.7750938,1.0,0.69167733,2.8834558
/content/Dataset/LYM/LYM-SKRWRPRC.jpg,3,LYM,4933,3,0,2,1.0466031,0.80419636,1.0,0.7107849,3.1960492
/content/Dataset/ADI/ADI-DHIVWTMY.jpg,0,ADI,4934,3,1,3,1.1023756,0.82124126,1.0,0.7221511,3.3861194
/content/Dataset/BACK/BACK-MHDYQIMK.jpg,1,BACK,4935,0,1,0,1.0773513,0.81573564,1.0,0.702652,3.3424249
/content/Dataset/ADI/ADI-GQQDAHCW.jpg,0,ADI,4936,0,0,5,1.1008872,0.83289635,1.0,0.72207147,3.3135478
/content/Dataset/DEB/DEB-SPYGAVRR.jpg,2,DEB,4937,2,0,3,1.0187411,0.79544616,1.0,0.68594486,3.16832
/content/Dataset/STR/STR-PTNFIEHD.jpg,7,STR,4938,2,1,2,0.98205656,0.80841714,0.95861393,0.65016854,3.083567
/content/Dataset/LYM/LYM-SEPMPIFQ.jpg,3,LYM,4939,3,0,8,0.68222624,0.9053347,1.0,0.3347117,2.0053997
/content/Dataset/NORM/NORM-WHKIMPEV.jpg,6,NORM,4940,6,0,4,1.0011445,0.8072783,0.9232697,0.68399465,3.1445448
/content/Dataset/STR/STR-PLCDPHNS.jpg,7,STR,4941,7,0,6,0.70564604,0.89201224,1.0,0.36032635,2.092241
/content/Dataset/DEB/DEB-PNYYMTGR.jpg,2,DEB,4942,3,1,3,1.020118,0.79546434,1.0,0.68736076,3.1712668
/content/Dataset/TUM/TUM-WTDPWHQV.jpg,8,TUM,4943,8,0,6,0.9829903,0.7854506,1.0,0.6905692,2.9985113
/content/Dataset/TUM/TUM-SVGDGWCY.jpg,8,TUM,4944,8,0,6,0.982674,0.7857857,1.0,0.68998134,2.996996
/content/Dataset/TUM/TUM-WYTAVLPQ.jpg,8,TUM,4945,8,0,6,0.9851553,0.78787327,1.0,0.691192,2.9966755
/content/Dataset/BACK/BACK-IKFNVIGS.jpg,1,BACK,4946,0,1,0,1.0774603,0.8142898,1.0,0.7037384,3.347035
/content/Dataset/TUM/TUM-YCYKCNFM.jpg,8,TUM,4947,8,0,6,0.98486143,0.787506,1.0,0.6911169,2.9970832
/content/Dataset/STR/STR-VTAWSSPF.jpg,7,STR,4948,5,1,5,0.93020386,0.7861265,1.0,0.6563761,2.8105125
/content/Dataset/STR/STR-QFRYQHHD.jpg,7,STR,4949,7,0,5,0.8529791,0.86978614,1.0,0.5453676,2.3987055
/content/Dataset/TUM/TUM-WSMMKVNP.jpg,8,TUM,4950,8,0,6,0.98255914,0.78500575,1.0,0.69036895,2.9989405
/content/Dataset/ADI/ADI-CEHNLTFY.jpg,0,ADI,4951,3,1,3,1.1026244,0.82169795,1.0,0.7220615,3.3853545
/content/Dataset/NORM/NORM-AFYRQFCE.jpg,6,NORM,4952,6,0,8,0.9559493,0.8517762,1.0,0.6263574,2.7531743
/content/Dataset/MUC/MUC-AAFLMMCV.jpg,4,MUC,4953,4,0,7,0.9952212,0.79973495,1.0,0.67860353,3.0363998
/content/Dataset/ADI/ADI-FQTLHPKS.jpg,0,ADI,4954,0,0,5,1.1003087,0.8321017,1.0,0.7219963,3.3148067
/content/Dataset/ADI/ADI-FVQEFREH.jpg,0,ADI,4955,5,1,5,1.102313,0.8351508,1.0,0.72191787,3.3100965
/content/Dataset/ADI/ADI-ELRHFRKI.jpg,0,ADI,4956,0,0,4,1.0805453,0.82240474,0.9883496,0.72206676,3.274471
/content/Dataset/STR/STR-SLWCNECV.jpg,7,STR,4957,7,0,5,0.9249457,0.7726985,1.0,0.6590492,2.8350477
/content/Dataset/MUS/MUS-AMLPQKKN.jpg,5,MUS,4958,7,1,7,0.965868,0.80132306,1.0,0.6873055,2.8394482
/content/Dataset/STR/STR-TVNHYEHF.jpg,7,STR,4959,7,0,5,0.90083504,0.84941256,1.0,0.5961539,2.569661
/content/Dataset/NORM/NORM-TTFCIKHL.jpg,6,NORM,4960,4,1,4,1.0084009,0.8069625,0.9497907,0.6835803,3.1436725
/content/Dataset/STR/STR-QTTHRCDE.jpg,7,STR,4961,2,1,2,0.99522716,0.81063545,1.0,0.650278,3.0787377
/content/Dataset/TUM/TUM-STFTSNLT.jpg,8,TUM,4962,8,0,6,0.98427075,0.78615034,1.0,0.6913978,2.999545
/content/Dataset/BACK/BACK-AHSPWHPK.jpg,1,BACK,4963,1,0,0,1.0604943,0.8337716,1.0,0.6751647,3.2480955
/content/Dataset/MUC/MUC-TLVNVIGH.jpg,4,MUC,4964,4,0,3,1.017276,0.79289365,1.0,0.67886966,3.1984344
/content/Dataset/STR/STR-VGGSSVHA.jpg,7,STR,4965,5,1,5,0.9315474,0.7938132,1.0,0.65323114,2.7927477
/content/Dataset/NORM/NORM-AKEWLRWT.jpg,6,NORM,4966,6,0,8,0.97311956,0.7778156,1.0,0.6841818,3.00151
/content/Dataset/NORM/NORM-PMVAVMCA.jpg,6,NORM,4967,6,0,8,0.98033905,0.7917453,1.0,0.6826084,2.9786942
/content/Dataset/TUM/TUM-VMAVTMFS.jpg,8,TUM,4968,8,0,6,0.98553056,0.7888727,1.0,0.69091034,2.9947734
/content/Dataset/BACK/BACK-KDQQYLVT.jpg,1,BACK,4969,1,0,0,1.074443,0.8104441,1.0,0.7033715,3.351943
/content/Dataset/MUC/MUC-AIGTSRKP.jpg,4,MUC,4970,4,0,3,1.0175565,0.79255,1.0,0.67937064,3.2001371
/content/Dataset/MUS/MUS-AHFEHMLP.jpg,5,MUS,4971,5,0,7,0.9599469,0.7842432,1.0,0.6919767,2.8719876
/content/Dataset/MUC/MUC-WVADYCYE.jpg,4,MUC,4972,4,0,6,1.0122305,0.818614,1.0,0.6644368,3.0870507
/content/Dataset/BACK/BACK-MALNYLIV.jpg,1,BACK,4973,0,1,0,1.0764208,0.8125712,1.0,0.7038679,3.3499582
/content/Dataset/MUC/MUC-TGICSQDW.jpg,4,MUC,4974,0,1,0,1.0266602,0.8387369,1.0,0.6500496,3.1190143
/content/Dataset/ADI/ADI-DDYCYYIH.jpg,0,ADI,4975,0,0,5,1.100467,0.831745,1.0,0.7224061,3.3161447
/content/Dataset/TUM/TUM-VEVSIDKL.jpg,8,TUM,4976,8,0,6,0.98523563,0.78811395,1.0,0.691115,2.9961903
/content/Dataset/DEB/DEB-YGFWCAKY.jpg,2,DEB,4977,2,0,3,1.0180248,0.7933943,1.0,0.6866025,3.1726437
/content/Dataset/BACK/BACK-DQADAARF.jpg,1,BACK,4978,0,1,0,1.075611,0.81082684,1.0,0.7042475,3.3534658
/content/Dataset/LYM/LYM-QEGDNMDS.jpg,3,LYM,4979,4,1,4,1.0553838,0.81489706,0.9884703,0.71098644,3.2094853
/content/Dataset/STR/STR-WWWMACWT.jpg,7,STR,4980,7,0,5,0.36293468,0.85662186,1.0,0.13593033,1.0462383
/content/Dataset/STR/STR-NKDNVHKI.jpg,7,STR,4981,2,1,2,0.9688545,0.800596,0.9074313,0.65699965,3.1103804
/content/Dataset/BACK/BACK-KIMNTTAE.jpg,1,BACK,4982,1,0,3,1.0655351,0.8091297,1.0,0.70417666,3.3034542
/content/Dataset/NORM/NORM-NKKCTWNQ.jpg,6,NORM,4983,6,0,8,0.97279084,0.77706254,1.0,0.6843142,3.0029614
/content/Dataset/TUM/TUM-VKLWQNCW.jpg,8,TUM,4984,8,0,6,0.6820083,0.8914125,1.0,0.3800359,1.9329958
/content/Dataset/BACK/BACK-LIQMGTNV.jpg,1,BACK,4985,1,0,3,1.0666859,0.8106628,1.0,0.70429415,3.3013792
/content/Dataset/TUM/TUM-RDECMIFM.jpg,8,TUM,4986,8,0,6,0.98581547,0.7892326,1.0,0.69098353,2.994359
/content/Dataset/ADI/ADI-GCSGDPAL.jpg,0,ADI,4987,5,1,5,1.1034223,0.83821815,1.0,0.72100085,3.3032854
/content/Dataset/STR/STR-QFTWNGGG.jpg,7,STR,4988,8,1,8,0.9838326,0.8455112,1.0,0.61391824,2.9707723
/content/Dataset/DEB/DEB-NVKWFMTR.jpg,2,DEB,4989,7,1,7,1.0258527,0.8135214,1.0,0.68530583,3.1179645
/content/Dataset/MUS/MUS-RWHGQNGC.jpg,5,MUS,4990,7,1,7,0.9663499,0.80371857,1.0,0.68629473,2.8342328
/content/Dataset/DEB/DEB-PPCWGHCW.jpg,2,DEB,4991,2,0,3,1.01852,0.7932152,1.0,0.68724686,3.174214
/content/Dataset/NORM/NORM-RVQWCDIQ.jpg,6,NORM,4992,4,1,4,1.0264206,0.8181846,1.0,0.67951185,3.1176124
/content/Dataset/TUM/TUM-YWVCKIIG.jpg,8,TUM,4993,8,0,6,0.98451674,0.7895069,1.0,0.6894978,2.99058
/content/Dataset/LYM/LYM-PVTHHGWV.jpg,3,LYM,4994,3,0,4,1.0515622,0.81478983,0.97623897,0.71098435,3.2097073
/content/Dataset/MUS/MUS-RKCFLRTL.jpg,5,MUS,4995,7,1,7,0.9667433,0.80829275,1.0,0.6839678,2.822787
/content/Dataset/MUS/MUS-QDFQDVKC.jpg,5,MUS,4996,5,0,7,0.9568815,0.7794394,1.0,0.69183785,2.878242
/content/Dataset/NORM/NORM-SIKDVRPI.jpg,6,NORM,4997,4,1,4,1.0138747,0.8096294,0.9647476,0.68277293,3.1384082
/content/Dataset/STR/STR-QFLSGECK.jpg,7,STR,4998,7,0,5,0.91685253,0.7658951,1.0,0.65463835,2.8352752
/content/Dataset/MUC/MUC-NMALSRYK.jpg,4,MUC,4999,2,1,2,1.0589281,0.83099556,1.0,0.6708382,3.26963
/content/Dataset/MUC/MUC-TNCAAAQR.jpg,4,MUC,5000,3,1,3,1.0177763,0.7933039,1.0,0.6791254,3.1982844
/content/Dataset/MUC/MUC-PWPILSCL.jpg,4,MUC,5001,6,1,6,1.0193228,0.8072915,1.0,0.67828053,3.1369135
/content/Dataset/ADI/ADI-DGLSNLII.jpg,0,ADI,5002,0,0,5,1.1005125,0.8321358,1.0,0.72221863,3.3149762
/content/Dataset/MUC/MUC-YGTQVYID.jpg,4,MUC,5003,3,1,3,1.0176374,0.79267114,1.0,0.6793864,3.19991
/content/Dataset/ADI/ADI-AMKTFWYD.jpg,0,ADI,5004,3,1,3,1.102673,0.8217032,1.0,0.7221241,3.3853762
/content/Dataset/ADI/ADI-EPDIFIDV.jpg,0,ADI,5005,0,0,5,1.0976845,0.8305158,0.99464333,0.7221991,3.317278
/content/Dataset/STR/STR-QECAPFGR.jpg,7,STR,5006,7,0,5,0.9247948,0.7726445,1.0,0.65900046,2.8346102
/content/Dataset/TUM/TUM-QMCSGSCW.jpg,8,TUM,5007,6,1,6,0.98665774,0.79178524,1.0,0.69013333,2.9893067
/content/Dataset/STR/STR-VAPSLTAV.jpg,7,STR,5008,7,0,5,0.865966,0.8529255,1.0,0.56167483,2.4782202
/content/Dataset/BACK/BACK-LKTMSTAE.jpg,1,BACK,5009,1,0,3,1.0658591,0.80945337,1.0,0.704288,3.3031747
/content/Dataset/MUS/MUS-CHPYNEWV.jpg,5,MUS,5010,7,1,7,0.9626874,0.79030967,1.0,0.69093543,2.861805
/content/Dataset/MUS/MUS-SWTHKTIA.jpg,5,MUS,5011,7,1,7,0.965426,0.795353,1.0,0.69059724,2.8543167
/content/Dataset/LYM/LYM-EFPMFGHL.jpg,3,LYM,5012,3,0,8,1.0328841,0.8492475,1.0,0.63815755,3.1445103
/content/Dataset/ADI/ADI-EEDVCPWR.jpg,0,ADI,5013,0,0,4,1.0844345,0.8226908,1.0,0.72212476,3.2741346
/content/Dataset/STR/STR-MVGAYTTS.jpg,7,STR,5014,8,1,8,1.0031444,0.8190576,1.0,0.64648384,3.0953665
/content/Dataset/LYM/LYM-AEPYEREE.jpg,3,LYM,5015,3,0,2,1.0471307,0.80470324,1.0,0.7109373,3.1958659
/content/Dataset/MUC/MUC-NFPDSWCH.jpg,4,MUC,5016,3,1,3,1.0177491,0.7932904,1.0,0.6791016,3.1982808
/content/Dataset/LYM/LYM-QSCHKHKG.jpg,3,LYM,5017,4,1,4,1.0586007,0.8147867,1.0,0.7107714,3.2089565
/content/Dataset/DEB/DEB-WGDTDEIR.jpg,2,DEB,5018,2,0,3,1.0156473,0.7909242,1.0,0.6859087,3.1742418
/content/Dataset/STR/STR-WEKHNPFH.jpg,7,STR,5019,5,1,5,0.9301705,0.8189556,1.0,0.6382689,2.720908
/content/Dataset/MUS/MUS-PMGQIPIH.jpg,5,MUS,5020,0,1,0,0.98836136,0.87690616,1.0,0.5886814,2.9385285
/content/Dataset/TUM/TUM-RVFYYGQF.jpg,8,TUM,5021,8,0,6,0.98424363,0.7870468,1.0,0.690823,2.9968398
/content/Dataset/MUC/MUC-WSSFITPR.jpg,4,MUC,5022,3,1,3,1.0179365,0.79376525,1.0,0.67896223,3.197352
/content/Dataset/MUS/MUS-SAISIMDQ.jpg,5,MUS,5023,5,0,7,0.95984036,0.7866975,1.0,0.69026154,2.8652337
/content/Dataset/ADI/ADI-CQWLFTCQ.jpg,0,ADI,5024,3,1,3,1.102644,0.821614,1.0,0.7221354,3.3856628
/content/Dataset/MUS/MUS-QFPWVKCD.jpg,5,MUS,5025,5,0,7,0.9530859,0.7748028,1.0,0.6908651,2.8823245
/content/Dataset/NORM/NORM-MFLEMFSV.jpg,6,NORM,5026,4,1,4,1.0129415,0.8084539,0.96169055,0.683587,3.1415687
/content/Dataset/MUC/MUC-YFGTRKRG.jpg,4,MUC,5027,4,0,3,1.0166907,0.79146373,1.0,0.6792152,3.2013822
/content/Dataset/MUC/MUC-CWDDHPHW.jpg,4,MUC,5028,4,0,7,0.99536926,0.8011304,1.0,0.67794424,3.032521
/content/Dataset/MUS/MUS-SDFHRTWR.jpg,5,MUS,5029,7,1,7,0.96649504,0.8047414,1.0,0.6858456,2.8317473
/content/Dataset/NORM/NORM-QFHTSNRQ.jpg,6,NORM,5030,6,0,4,1.0001955,0.8076435,0.9185481,0.6842059,3.144608
/content/Dataset/MUS/MUS-VHGNRIIH.jpg,5,MUS,5031,5,0,7,0.9580926,0.7816706,1.0,0.6916801,2.8748543
/content/Dataset/MUC/MUC-SIKAHGHY.jpg,4,MUC,5032,6,1,6,1.0179845,0.80377704,1.0,0.6791829,3.1441772
/content/Dataset/ADI/ADI-FRSPREAM.jpg,0,ADI,5033,0,0,3,1.1020131,0.82078135,1.0,0.7221247,3.3866687
/content/Dataset/DEB/DEB-PNMDAAIP.jpg,2,DEB,5034,2,0,3,1.0181698,0.7917689,1.0,0.68783736,3.1777408
/content/Dataset/NORM/NORM-SQIHARAQ.jpg,6,NORM,5035,4,1,4,1.0106491,0.8075998,0.9559555,0.68357897,3.142698
/content/Dataset/NORM/NORM-AIIVTHVI.jpg,6,NORM,5036,6,0,3,0.87916905,0.87176406,1.0,0.4972077,2.667031
/content/Dataset/DEB/DEB-PSMHWCRN.jpg,2,DEB,5037,3,1,3,1.0196944,0.7942998,1.0,0.6876958,3.1737616
/content/Dataset/STR/STR-NVFKKINY.jpg,7,STR,5038,7,0,5,0.92569935,0.7728116,1.0,0.6597691,2.836484
/content/Dataset/BACK/BACK-AGEMSKCT.jpg,1,BACK,5039,1,0,8,1.0594156,0.8151014,0.9849774,0.70295984,3.2667346
/content/Dataset/TUM/TUM-QPNIKAPH.jpg,8,TUM,5040,8,0,6,0.98478127,0.7873806,1.0,0.6911152,2.9972582
/content/Dataset/DEB/DEB-YLWWVKKP.jpg,2,DEB,5041,2,0,7,0.7677175,0.7879415,1.0,0.43849814,2.5581994
/content/Dataset/NORM/NORM-VYDVQAGI.jpg,6,NORM,5042,6,0,8,0.97326976,0.7780243,1.0,0.6841935,3.001285
/content/Dataset/MUC/MUC-YNTHNASD.jpg,4,MUC,5043,4,0,7,0.9908057,0.79324615,1.0,0.67820674,3.0450509
/content/Dataset/BACK/BACK-LQFPCNLE.jpg,1,BACK,5044,0,1,0,1.0778008,0.8175109,1.0,0.70194453,3.3378937
/content/Dataset/MUS/MUS-NWTEFDNN.jpg,5,MUS,5045,5,0,7,0.95775723,0.78002393,1.0,0.6924245,2.8784676
/content/Dataset/BACK/BACK-KGYPDMLK.jpg,1,BACK,5046,0,1,0,1.075332,0.8102256,1.0,0.70440125,3.3545935
/content/Dataset/ADI/ADI-GAKDVFLE.jpg,0,ADI,5047,0,0,4,1.084613,0.82287663,1.0,0.7221606,3.2740297
/content/Dataset/MUS/MUS-PNRCDDHP.jpg,5,MUS,5048,5,0,7,0.95344853,0.77539533,1.0,0.6909759,2.8811681
/content/Dataset/TUM/TUM-RKVVYSFN.jpg,8,TUM,5049,8,0,6,0.93972045,0.8687666,1.0,0.6060235,2.6619678
/content/Dataset/LYM/LYM-QSYDCFVW.jpg,3,LYM,5050,3,0,2,1.0486797,0.8075222,1.0,0.7106158,3.191009
/content/Dataset/MUC/MUC-QPLLLPPF.jpg,4,MUC,5051,4,0,3,1.01685,0.7921811,1.0,0.67890596,3.1995935
/content/Dataset/BACK/BACK-NQGVNYYP.jpg,1,BACK,5052,0,1,0,1.0782847,0.8211525,1.0,0.7000075,3.3279095
/content/Dataset/NORM/NORM-YSGASERF.jpg,6,NORM,5053,6,0,8,0.98049605,0.79245037,1.0,0.68225014,2.9773026
/content/Dataset/NORM/NORM-VKFTDPDN.jpg,6,NORM,5054,4,1,4,1.0048732,0.8083222,0.93420994,0.6837546,3.142554
/content/Dataset/BACK/BACK-IKMTKVRP.jpg,1,BACK,5055,1,0,3,1.0661024,0.80966884,1.0,0.70438445,3.3030686
/content/Dataset/NORM/NORM-TPICCYRA.jpg,6,NORM,5056,5,1,5,1.0113703,0.871274,1.0,0.6110206,3.013791
/content/Dataset/DEB/DEB-WCKEIHDE.jpg,2,DEB,5057,2,0,3,1.0175985,0.7923388,1.0,0.6869119,3.174642
/content/Dataset/DEB/DEB-SIQYYKLK.jpg,2,DEB,5058,2,0,3,1.0179867,0.7921128,1.0,0.6874168,3.1763294
/content/Dataset/TUM/TUM-SLICEGDV.jpg,8,TUM,5059,8,0,6,0.9791874,0.8441426,1.0,0.6529193,2.825251
/content/Dataset/TUM/TUM-YPHQTQLH.jpg,8,TUM,5060,8,0,6,0.9845917,0.78878295,1.0,0.68998575,2.99297
/content/Dataset/NORM/NORM-RMFFFMAP.jpg,6,NORM,5061,6,0,8,0.9813904,0.7934042,1.0,0.6826165,2.9764626
/content/Dataset/BACK/BACK-LRANIHVW.jpg,1,BACK,5062,0,1,0,1.0779605,0.81566447,1.0,0.70331144,3.343956
/content/Dataset/MUC/MUC-TWEEIKIA.jpg,4,MUC,5063,4,0,3,1.0171623,0.7926354,1.0,0.6789177,3.1989703
/content/Dataset/DEB/DEB-QKEGQDCG.jpg,2,DEB,5064,2,0,3,1.0185992,0.793234,1.0,0.6873074,3.174364
/content/Dataset/STR/STR-VCYVRFDH.jpg,7,STR,5065,7,0,5,0.9211147,0.7698424,1.0,0.65657,2.8346906
/content/Dataset/DEB/DEB-YIEEVWFP.jpg,2,DEB,5066,2,0,3,1.0178946,0.7921984,1.0,0.68729365,3.1757717
/content/Dataset/ADI/ADI-FAMSQCPW.jpg,0,ADI,5067,0,0,4,1.0876551,0.8287484,1.0,0.7211786,3.2635324
/content/Dataset/STR/STR-QVATTYYT.jpg,7,STR,5068,7,0,5,0.91383016,0.8004804,1.0,0.63076925,2.735767
/content/Dataset/BACK/BACK-LFNYECNQ.jpg,1,BACK,5069,0,1,0,1.0753468,0.8115939,1.0,0.7034512,3.3505962
/content/Dataset/MUC/MUC-WRRVTAFV.jpg,4,MUC,5070,3,1,3,1.0178456,0.7935405,1.0,0.6790069,3.1978552
/content/Dataset/TUM/TUM-VQHPECTE.jpg,8,TUM,5071,8,0,6,0.98454875,0.78751165,1.0,0.6907414,2.9965265
/content/Dataset/MUC/MUC-TMLSHGSV.jpg,4,MUC,5072,4,0,3,1.0162307,0.7915491,1.0,0.67870665,3.200023
/content/Dataset/TUM/TUM-VMHPRWML.jpg,8,TUM,5073,4,1,4,1.0354153,0.8558636,1.0,0.64434147,3.1041932
/content/Dataset/BACK/BACK-NRVKQHHE.jpg,1,BACK,5074,1,0,3,1.0660657,0.8095504,1.0,0.7044298,3.3033347
/content/Dataset/TUM/TUM-TAVTWDNF.jpg,8,TUM,5075,8,0,6,0.98134565,0.7829732,1.0,0.6904522,3.0019026
/content/Dataset/LYM/LYM-RNWGLPPD.jpg,3,LYM,5076,3,0,2,1.0482935,0.80695057,1.0,0.71060276,3.1918519
/content/Dataset/ADI/ADI-AWWTIYAR.jpg,0,ADI,5077,0,0,4,1.0835447,0.8226696,0.99707466,0.722159,3.2742677
/content/Dataset/MUC/MUC-YKNILGLH.jpg,4,MUC,5078,4,0,3,1.0170244,0.7922978,1.0,0.67901087,3.1996264
/content/Dataset/MUS/MUS-RINADYQC.jpg,5,MUS,5079,5,0,7,0.96113074,0.78667134,1.0,0.69162345,2.8681698
/content/Dataset/NORM/NORM-LDKWMYMY.jpg,6,NORM,5080,6,0,8,0.97499114,0.78055215,1.0,0.68430793,2.9981098
/content/Dataset/STR/STR-RDQKYVYH.jpg,7,STR,5081,7,0,5,0.923831,0.77636105,1.0,0.65549695,2.8228726
/content/Dataset/ADI/ADI-HNKVRKVW.jpg,0,ADI,5082,0,0,4,1.085028,0.8236034,1.0,0.72207564,3.2728097
/content/Dataset/TUM/TUM-WQDTVQEC.jpg,8,TUM,5083,6,1,6,0.99275464,0.8133639,1.0,0.68285483,2.9427452
/content/Dataset/TUM/TUM-SHLPAHHV.jpg,8,TUM,5084,8,0,6,0.9612429,0.8584158,1.0,0.62964493,2.742854
/content/Dataset/TUM/TUM-SLGKAHQI.jpg,8,TUM,5085,8,0,6,0.93362606,0.8707801,1.0,0.59982723,2.6415613
/content/Dataset/BACK/BACK-IRQVFWGP.jpg,1,BACK,5086,0,1,0,1.0753564,0.8106725,1.0,0.70410806,3.3533378
/content/Dataset/BACK/BACK-KGTVCEWL.jpg,1,BACK,5087,0,1,0,1.0793971,0.8198308,1.0,0.70197356,3.3343909
/content/Dataset/DEB/DEB-ACCHQSFC.jpg,2,DEB,5088,2,0,3,1.0181178,0.79201746,1.0,0.6876045,3.1769402
/content/Dataset/MUC/MUC-PSSRCVEW.jpg,4,MUC,5089,4,0,6,1.0083716,0.8013438,0.9757625,0.6782898,3.146134
/content/Dataset/ADI/ADI-AAAMHQMK.jpg,0,ADI,5090,0,0,5,1.0927855,0.83025086,0.979701,0.7221785,3.3176768
/content/Dataset/DEB/DEB-SPGLDPNL.jpg,2,DEB,5091,2,0,3,1.0163119,0.7911237,1.0,0.68640584,3.175327
/content/Dataset/MUC/MUC-QHMHPGEV.jpg,4,MUC,5092,0,1,0,1.0309783,0.7983118,1.0,0.6784572,3.2521746
/content/Dataset/TUM/TUM-WTSAREFD.jpg,8,TUM,5093,8,0,6,0.98417103,0.7868463,1.0,0.6908453,2.9973497
/content/Dataset/LYM/LYM-PMGVGTPD.jpg,3,LYM,5094,3,0,4,1.0535743,0.8147635,0.9826954,0.7110384,3.2098126
/content/Dataset/MUC/MUC-WQSLHWHS.jpg,4,MUC,5095,4,0,3,1.015889,0.7913091,1.0,0.6785017,3.200018
/content/Dataset/STR/STR-TCRDCHDM.jpg,7,STR,5096,7,0,5,0.92428327,0.82076967,1.0,0.63142055,2.702734
/content/Dataset/TUM/TUM-QGNRLCCE.jpg,8,TUM,5097,8,0,6,0.98430985,0.7878051,1.0,0.69038236,2.99491
/content/Dataset/NORM/NORM-YQMDRSTC.jpg,6,NORM,5098,6,0,8,0.9717857,0.77596974,1.0,0.6839803,3.0037904
/content/Dataset/NORM/NORM-SLKHLVRK.jpg,6,NORM,5099,6,0,8,0.9734674,0.778085,1.0,0.6843453,3.0016096
/content/Dataset/DEB/DEB-YISYWEHH.jpg,2,DEB,5100,8,1,8,1.048268,0.83738065,1.0,0.6711322,3.1737978
/content/Dataset/BACK/BACK-NLFTDHWG.jpg,1,BACK,5101,0,1,0,1.0766008,0.81302196,1.0,0.7037471,3.3489666
/content/Dataset/DEB/DEB-VFSASSGR.jpg,2,DEB,5102,8,1,8,1.0496991,0.822604,1.0,0.681201,3.2223358
/content/Dataset/LYM/LYM-QDDIIAGA.jpg,3,LYM,5103,2,1,2,1.0537845,0.82038414,1.0,0.7071842,3.165042
/content/Dataset/STR/STR-PPSDINHF.jpg,7,STR,5104,7,0,5,0.9198246,0.76275796,1.0,0.6597953,2.8507059
/content/Dataset/BACK/BACK-LYPPCQHK.jpg,1,BACK,5105,1,0,3,1.0661077,0.80951154,1.0,0.7045137,3.303488
/content/Dataset/DEB/DEB-PGHVFLIC.jpg,2,DEB,5106,2,0,3,1.0188568,0.79373217,1.0,0.6872499,3.1734383
/content/Dataset/LYM/LYM-GTYCNLNA.jpg,3,LYM,5107,3,0,2,1.0470136,0.8047541,1.0,0.71081156,3.1953654
/content/Dataset/MUC/MUC-GDAPANWG.jpg,4,MUC,5108,4,0,6,1.012985,0.80166745,0.9887117,0.67888594,3.14672
/content/Dataset/MUC/MUC-NRYQPTDT.jpg,4,MUC,5109,4,0,3,1.0173783,0.79307926,1.0,0.6788468,3.1981294
/content/Dataset/ADI/ADI-HHRIRPEI.jpg,0,ADI,5110,5,1,5,1.1039116,0.8390784,1.0,0.7209192,3.3017588
/content/Dataset/DEB/DEB-SCCWDEHG.jpg,2,DEB,5111,2,0,3,1.0189494,0.7939042,1.0,0.68718946,3.173284
/content/Dataset/MUS/MUS-QEVYTIPW.jpg,5,MUS,5112,7,1,7,0.9640198,0.79385954,1.0,0.69002074,2.8553956
/content/Dataset/BACK/BACK-KTTAYWYA.jpg,1,BACK,5113,2,1,2,1.0825565,0.8268856,1.0,0.7021851,3.313494
/content/Dataset/STR/STR-WEQQDECR.jpg,7,STR,5114,5,1,5,0.92865205,0.7767948,1.0,0.6604644,2.8322134
/content/Dataset/MUC/MUC-ADYGAHLG.jpg,4,MUC,5115,3,1,3,1.0179232,0.79297256,1.0,0.67946815,3.1996968
/content/Dataset/TUM/TUM-SDQRCADD.jpg,8,TUM,5116,8,0,6,0.985517,0.78902674,1.0,0.69081247,2.9942584
/content/Dataset/DEB/DEB-QLWTTNVC.jpg,2,DEB,5117,2,0,3,1.0150566,0.792499,1.0,0.6841335,3.1687126
/content/Dataset/MUS/MUS-CDWMSGQT.jpg,5,MUS,5118,5,0,7,0.9597975,0.78321856,1.0,0.6924955,2.8743746
/content/Dataset/STR/STR-TRGLHKCI.jpg,7,STR,5119,7,0,8,0.8462517,0.8808086,1.0,0.47887573,2.5141678
/content/Dataset/BACK/BACK-KKFVMRAQ.jpg,1,BACK,5120,0,1,0,1.0753969,0.81117177,1.0,0.7038173,3.3518775
/content/Dataset/MUC/MUC-RDNLPIKV.jpg,4,MUC,5121,3,1,3,1.0177234,0.79271084,1.0,0.67944974,3.1999798
/content/Dataset/STR/STR-THMYDMIP.jpg,7,STR,5122,7,0,5,0.92442346,0.7703432,1.0,0.65993726,2.8403742
/content/Dataset/STR/STR-PIVFKPKT.jpg,7,STR,5123,7,0,5,0.925175,0.77152216,1.0,0.6600886,2.838586
/content/Dataset/NORM/NORM-NPRWCCWQ.jpg,6,NORM,5124,4,1,4,1.0091501,0.8054869,0.9586432,0.6826971,3.1434095
/content/Dataset/DEB/DEB-WINHDSSR.jpg,2,DEB,5125,3,1,3,1.0192624,0.7939933,1.0,0.6874566,3.1737008
/content/Dataset/STR/STR-ACSEMEPC.jpg,7,STR,5126,7,0,5,0.92193794,0.76912874,1.0,0.6580447,2.8380468
/content/Dataset/MUC/MUC-AKYNIWGY.jpg,4,MUC,5127,4,0,7,0.9942233,0.7981493,1.0,0.6786092,3.038619
/content/Dataset/MUS/MUS-CGVASYYS.jpg,5,MUS,5128,5,0,7,0.9504627,0.77141863,1.0,0.6903335,2.885576
/content/Dataset/STR/STR-RSNDHQMS.jpg,7,STR,5129,7,0,5,0.92318314,0.7676591,1.0,0.6603001,2.844894
/content/Dataset/MUS/MUS-RGKEWRRH.jpg,5,MUS,5130,5,0,7,0.95168346,0.77254236,1.0,0.6909448,2.885077
/content/Dataset/NORM/NORM-PQLYGTWE.jpg,6,NORM,5131,6,0,8,0.9724573,0.77660704,1.0,0.68427324,3.0034704
/content/Dataset/TUM/TUM-TNNGEIKV.jpg,8,TUM,5132,6,1,6,0.9862196,0.79006696,1.0,0.6908524,2.992946
/content/Dataset/DEB/DEB-YIPEFATQ.jpg,2,DEB,5133,2,0,7,0.29408997,0.7916152,1.0,0.047716625,0.9452377
/content/Dataset/DEB/DEB-VMSWYMNH.jpg,2,DEB,5134,2,0,3,1.0181124,0.7916231,1.0,0.68787354,3.17805
/content/Dataset/STR/STR-WGRKMLMA.jpg,7,STR,5135,7,0,5,0.9218031,0.76601183,1.0,0.6598741,2.8462298
/content/Dataset/DEB/DEB-QTYYIIWG.jpg,2,DEB,5136,2,0,3,1.0176578,0.79195017,1.0,0.68719226,3.1760576
/content/Dataset/MUS/MUS-SAFPKSGQ.jpg,5,MUS,5137,7,1,7,0.96352434,0.79457664,1.0,0.6890503,2.852403
/content/Dataset/MUS/MUS-QCGREFVA.jpg,5,MUS,5138,5,0,7,0.95971525,0.784217,1.0,0.69173634,2.8715909
/content/Dataset/DEB/DEB-QHVYFWKH.jpg,2,DEB,5139,2,0,3,1.0184699,0.79277235,1.0,0.68747455,3.1754618
/content/Dataset/LYM/LYM-VHDEGCIE.jpg,3,LYM,5140,3,0,2,1.0495328,0.81257045,1.0,0.70814294,3.1780987
/content/Dataset/NORM/NORM-SDMEFMKG.jpg,6,NORM,5141,6,0,4,1.0011488,0.80660975,0.9248487,0.6839815,3.1453683
/content/Dataset/MUS/MUS-AQFLKQGP.jpg,5,MUS,5142,5,0,7,0.95372957,0.7745119,1.0,0.69179946,2.8843546
/content/Dataset/MUS/MUS-CAKMVTLF.jpg,5,MUS,5143,7,1,7,0.96458477,0.7939373,1.0,0.69058025,2.8563633
/content/Dataset/STR/STR-MLTQIQGS.jpg,7,STR,5144,7,0,5,0.92771566,0.7766328,1.0,0.6595736,2.830534
/content/Dataset/STR/STR-YARQRDNH.jpg,7,STR,5145,7,0,5,0.9260165,0.7755359,1.0,0.6583078,2.830115
/content/Dataset/MUC/MUC-TKVVWTRS.jpg,4,MUC,5146,3,1,3,1.0191301,0.7972389,1.0,0.67798615,3.189394
/content/Dataset/LYM/LYM-SMRRLMQK.jpg,3,LYM,5147,5,1,5,1.0614338,0.82130104,0.9581752,0.70991206,3.2681172
/content/Dataset/NORM/NORM-TDDYHRKV.jpg,6,NORM,5148,4,1,4,1.0099788,0.80698603,0.9558386,0.68334925,3.1430085
/content/Dataset/LYM/LYM-QHCECEGM.jpg,3,LYM,5149,3,0,2,1.0516292,0.8140758,1.0,0.7091837,3.1785378
/content/Dataset/ADI/ADI-EKPTYWSV.jpg,0,ADI,5150,0,0,3,1.1013621,0.8199528,1.0,0.7220495,3.3877773
/content/Dataset/DEB/DEB-VYKFWKHN.jpg,2,DEB,5151,2,0,3,1.0179801,0.7923741,1.0,0.6872408,3.175528
/content/Dataset/LYM/LYM-APSCIKHF.jpg,3,LYM,5152,3,0,2,1.0478472,0.80595446,1.0,0.71080774,3.1938252
/content/Dataset/BACK/BACK-NVPNPKMD.jpg,1,BACK,5153,1,0,3,1.0669254,0.81056345,1.0,0.7045923,3.3022366
/content/Dataset/LYM/LYM-TWMDRYPQ.jpg,3,LYM,5154,4,1,4,1.0550352,0.815175,0.98666203,0.7110083,3.2091265
/content/Dataset/MUS/MUS-PASAWKLY.jpg,5,MUS,5155,7,1,7,0.96187437,0.7878151,1.0,0.6916832,2.8666918
/content/Dataset/MUS/MUS-SAFVDYWM.jpg,5,MUS,5156,5,0,7,0.9546693,0.7762623,1.0,0.6916504,2.8816895
/content/Dataset/TUM/TUM-SEECTSII.jpg,8,TUM,5157,6,1,6,0.9867366,0.7910145,1.0,0.6907539,2.991504
/content/Dataset/LYM/LYM-PSRQWQCT.jpg,3,LYM,5158,3,0,2,1.0472534,0.80539703,1.0,0.71062183,3.1940136
/content/Dataset/NORM/NORM-LNIDIPAE.jpg,6,NORM,5159,6,0,4,0.31498498,0.7612112,1.0,0.044088908,1.0854828
/content/Dataset/BACK/BACK-KNRMPEET.jpg,1,BACK,5160,1,0,3,1.0664953,0.8104435,1.0,0.704254,3.3016088
/content/Dataset/DEB/DEB-VWRWPCRL.jpg,2,DEB,5161,3,1,3,1.0200214,0.79629254,1.0,0.6866791,3.1687424
/content/Dataset/ADI/ADI-IFSDMSHH.jpg,0,ADI,5162,3,1,3,1.1027802,0.8213489,1.0,0.72246116,3.3867261
/content/Dataset/MUC/MUC-YRGLDSKR.jpg,4,MUC,5163,0,1,0,1.03552,0.813949,1.0,0.67296034,3.2152274
/content/Dataset/STR/STR-YHRMNAGH.jpg,7,STR,5164,5,1,5,0.9303044,0.7896699,1.0,0.65444326,2.8009272
/content/Dataset/MUC/MUC-AFKPMWCV.jpg,4,MUC,5165,3,1,3,1.0176624,0.79264647,1.0,0.6793957,3.2001576
/content/Dataset/TUM/TUM-RMPDEWNT.jpg,8,TUM,5166,6,1,6,0.99012727,0.82872295,1.0,0.67142296,2.8938432
/content/Dataset/TUM/TUM-QRIVGWIL.jpg,8,TUM,5167,8,0,2,0.5084184,0.89328825,1.0,0.20797317,1.4967804
/content/Dataset/STR/STR-TLQCEVCK.jpg,7,STR,5168,7,0,2,0.77848935,0.8511772,1.0,0.4265023,2.4164383
/content/Dataset/STR/STR-RFDVSLTS.jpg,7,STR,5169,5,1,5,0.9281605,0.7771656,1.0,0.6596633,2.8302531
/content/Dataset/MUC/MUC-WMSKYNVD.jpg,4,MUC,5170,4,0,6,1.0154415,0.8088986,1.0,0.6734959,3.123044
/content/Dataset/BACK/BACK-ITLAWFHN.jpg,1,BACK,5171,2,1,2,1.0805231,0.83037096,1.0,0.6980194,3.298222
/content/Dataset/NORM/NORM-WDNTCGGT.jpg,6,NORM,5172,6,0,4,0.999734,0.80771697,0.91703576,0.68414116,3.1443932
/content/Dataset/DEB/DEB-PFIYHPDW.jpg,2,DEB,5173,2,0,3,1.0182208,0.7924093,1.0,0.68743145,3.1760783
/content/Dataset/DEB/DEB-STTRYEHK.jpg,2,DEB,5174,2,0,3,1.0163993,0.792554,1.0,0.6854873,3.1715083
/content/Dataset/NORM/NORM-YMTCRFLY.jpg,6,NORM,5175,6,0,4,0.9972446,0.8070371,0.9106215,0.68402535,3.145041
/content/Dataset/ADI/ADI-CDTRIKGF.jpg,0,ADI,5176,0,0,5,1.0942982,0.830373,0.9830553,0.72252065,3.3183928
/content/Dataset/NORM/NORM-QWTILECR.jpg,6,NORM,5177,6,0,8,0.9721043,0.7763836,1.0,0.6840523,3.0033014
/content/Dataset/ADI/ADI-KKTTLLPL.jpg,0,ADI,5178,3,1,3,1.102328,0.8210954,1.0,0.72220904,3.3864396
/content/Dataset/DEB/DEB-PGLLRPWC.jpg,2,DEB,5179,2,0,3,1.0178545,0.7914671,1.0,0.68769014,3.1780148
/content/Dataset/NORM/NORM-WSDNFMLR.jpg,6,NORM,5180,6,0,8,0.97789675,0.7937325,1.0,0.67890334,2.9674323
/content/Dataset/TUM/TUM-YIPKGPVV.jpg,8,TUM,5181,6,1,6,0.992669,0.80913496,1.0,0.68533725,2.9543192
/content/Dataset/LYM/LYM-TYRWPDSP.jpg,3,LYM,5182,4,1,4,1.059549,0.8167019,1.0,0.7104436,3.2054517
/content/Dataset/MUC/MUC-SWWLCWVA.jpg,4,MUC,5183,4,0,3,1.0170461,0.792333,1.0,0.67899126,3.1996362
/content/Dataset/MUS/MUS-QEQAYMFF.jpg,5,MUS,5184,5,0,7,0.95469546,0.77604795,1.0,0.6917958,2.8823986
/content/Dataset/DEB/DEB-NTIGDVQR.jpg,2,DEB,5185,2,0,3,1.0162063,0.79021186,1.0,0.686828,3.1780555
/content/Dataset/NORM/NORM-RRIKSPEC.jpg,6,NORM,5186,6,0,4,0.99795127,0.8062787,0.91496706,0.6839521,3.1458106
/content/Dataset/STR/STR-YITVFLEK.jpg,7,STR,5187,7,0,2,0.49830022,0.8857502,1.0,0.20447691,1.4718254
/content/Dataset/DEB/DEB-VKGCQSRN.jpg,2,DEB,5188,2,0,3,1.0166861,0.79085785,1.0,0.6869217,3.1771104
/content/Dataset/TUM/TUM-WKCPWGER.jpg,8,TUM,5189,8,0,6,0.9848772,0.7876853,1.0,0.6910159,2.9966176
/content/Dataset/MUC/MUC-RFIDKQPK.jpg,4,MUC,5190,0,1,0,1.0334865,0.80641764,1.0,0.6757005,3.233389
/content/Dataset/DEB/DEB-SPHEHGGM.jpg,2,DEB,5191,2,0,7,0.9632822,0.86908066,1.0,0.59932166,2.8029315
/content/Dataset/TUM/TUM-YLFWWLNK.jpg,8,TUM,5192,8,0,6,0.3038361,0.8136605,1.0,0.07614185,0.92786574
/content/Dataset/LYM/LYM-VICRHHYM.jpg,3,LYM,5193,8,1,8,1.0739224,0.86690533,1.0,0.6669171,3.1845396
/content/Dataset/MUS/MUS-AVKQEIET.jpg,5,MUS,5194,7,1,7,0.9667205,0.8010532,1.0,0.68832546,2.8421147
/content/Dataset/MUS/MUS-RDHLNYQG.jpg,5,MUS,5195,5,0,7,0.95674205,0.778724,1.0,0.69220924,2.8797028
/content/Dataset/MUC/MUC-SLPCWLYE.jpg,4,MUC,5196,6,1,6,1.018036,0.8286011,1.0,0.6643314,3.0707068
/content/Dataset/MUS/MUS-VIAILEFD.jpg,5,MUS,5197,5,0,7,0.95790195,0.78158486,1.0,0.69150645,2.8747523
/content/Dataset/LYM/LYM-NHRQGCLM.jpg,3,LYM,5198,3,0,2,1.0494345,0.80880594,1.0,0.710507,3.1889598
/content/Dataset/BACK/BACK-NWMDEGQF.jpg,1,BACK,5199,1,0,3,1.0661985,0.8100008,1.0,0.7042581,3.3022766
/content/Dataset/MUS/MUS-CFHSVLPE.jpg,5,MUS,5200,7,1,7,0.96477044,0.79582304,1.0,0.6896047,2.8516738
/content/Dataset/STR/STR-WQQGLCND.jpg,7,STR,5201,5,1,5,0.9293257,0.78145754,1.0,0.65830624,2.8210917
/content/Dataset/ADI/ADI-DHSVEFFQ.jpg,0,ADI,5202,0,0,4,1.0845611,0.8227867,1.0,0.7221804,3.2741444
/content/Dataset/DEB/DEB-SLSSCMES.jpg,2,DEB,5203,2,0,3,1.0183544,0.7934125,1.0,0.6868943,3.173446
/content/Dataset/BACK/BACK-FSFAPGDH.jpg,1,BACK,5204,1,0,3,1.0662036,0.8100692,1.0,0.7042147,3.3020911
/content/Dataset/LYM/LYM-MVMNYHNV.jpg,3,LYM,5205,3,0,4,1.051842,0.8146081,0.97731215,0.7110659,3.2100947
/content/Dataset/MUC/MUC-PALHIQVN.jpg,4,MUC,5206,4,0,3,1.0166595,0.79237825,1.0,0.678595,3.198525
/content/Dataset/MUC/MUC-QFTGDHYL.jpg,4,MUC,5207,0,1,0,1.0330263,0.80334336,1.0,0.67721313,3.2416694
/content/Dataset/TUM/TUM-QFSWTVMR.jpg,8,TUM,5208,6,1,6,0.98926204,0.7963022,1.0,0.6899322,2.9824085
/content/Dataset/NORM/NORM-VSFANKCP.jpg,6,NORM,5209,4,1,4,1.012185,0.8094314,0.956656,0.6836452,3.140622
/content/Dataset/MUC/MUC-YGPAFIRI.jpg,4,MUC,5210,6,1,6,1.0176835,0.8041067,1.0,0.6786994,3.1424248
/content/Dataset/DEB/DEB-PHDVINNG.jpg,2,DEB,5211,3,1,3,1.0194317,0.79478145,1.0,0.6871364,3.1716552
/content/Dataset/MUC/MUC-PHYMVNGH.jpg,4,MUC,5212,6,1,6,1.0177047,0.80377567,1.0,0.67887723,3.1436377
/content/Dataset/TUM/TUM-VAVMQQVW.jpg,8,TUM,5213,6,1,6,0.9883745,0.79413223,1.0,0.6904123,2.9864905
/content/Dataset/STR/STR-QGMLSLEH.jpg,7,STR,5214,5,1,5,0.92904264,0.81943107,1.0,0.6368218,2.717283
/content/Dataset/MUS/MUS-ANEETTYR.jpg,5,MUS,5215,7,1,7,0.96771693,0.8058479,1.0,0.68642044,2.831494
/content/Dataset/NORM/NORM-PIYLNRES.jpg,6,NORM,5216,6,0,8,0.9732214,0.7779923,1.0,0.68413347,3.0013673
/content/Dataset/BACK/BACK-NTLMYIRD.jpg,1,BACK,5217,1,0,3,1.0662984,0.8097219,1.0,0.70454144,3.303353
/content/Dataset/DEB/DEB-SNSRWGNN.jpg,2,DEB,5218,2,0,3,1.0177382,0.7932534,1.0,0.6864143,3.1723757
/content/Dataset/TUM/TUM-SPYIFRNC.jpg,8,TUM,5219,8,0,6,0.98511463,0.78815037,1.0,0.6909706,2.995803
/content/Dataset/TUM/TUM-QPWGEALV.jpg,8,TUM,5220,6,1,6,0.9927313,0.8085294,1.0,0.6857969,2.956061
/content/Dataset/ADI/ADI-EQPQHFID.jpg,0,ADI,5221,0,0,5,1.1014233,0.83374953,1.0,0.7220073,3.3122416
/content/Dataset/TUM/TUM-STSSGCYY.jpg,8,TUM,5222,6,1,6,0.990582,0.80031246,1.0,0.68872136,2.974203
/content/Dataset/ADI/ADI-CNRIGDHY.jpg,0,ADI,5223,0,0,2,1.0904024,0.8213354,0.9975616,0.7219661,3.3208616
/content/Dataset/STR/STR-RKTFENAC.jpg,7,STR,5224,5,1,5,0.9322637,0.8036028,1.0,0.64855456,2.7673821
/content/Dataset/STR/STR-VDEVQETY.jpg,7,STR,5225,7,0,5,0.8459396,0.8722729,1.0,0.5383757,2.3746734
/content/Dataset/DEB/DEB-YSTGVPCG.jpg,2,DEB,5226,2,0,3,1.0191704,0.7960789,1.0,0.6860098,3.1672628
/content/Dataset/BACK/BACK-HYGSCHVC.jpg,1,BACK,5227,0,1,0,1.078471,0.8185973,1.0,0.7018518,3.336192
/content/Dataset/BACK/BACK-IYRGQDKF.jpg,1,BACK,5228,1,0,3,1.0659528,0.8093206,1.0,0.70446557,3.3038015
/content/Dataset/DEB/DEB-PNNINFPD.jpg,2,DEB,5229,2,0,3,1.01772,0.79172426,1.0,0.68738204,3.17695
/content/Dataset/DEB/DEB-VWVALPVR.jpg,2,DEB,5230,2,0,6,1.0166665,0.8525821,1.0,0.6341815,3.0508273
/content/Dataset/MUS/MUS-STCPSCHD.jpg,5,MUS,5231,7,1,7,0.9659468,0.8070912,1.0,0.6838661,2.8242702
/content/Dataset/NORM/NORM-QSCLVNCV.jpg,6,NORM,5232,6,0,8,0.97312295,0.7777134,1.0,0.6842435,3.0018365
/content/Dataset/TUM/TUM-WIRFREEP.jpg,8,TUM,5233,8,0,6,0.289909,0.76402265,1.0,0.0484268,0.9580755
/content/Dataset/STR/STR-WREMRGLE.jpg,7,STR,5234,7,0,5,0.921484,0.7691513,1.0,0.6575343,2.8369884
/content/Dataset/DEB/DEB-WWVVFYMG.jpg,2,DEB,5235,2,0,3,1.0190501,0.79414046,1.0,0.68716633,3.1727061
/content/Dataset/STR/STR-NDAGERLK.jpg,7,STR,5236,4,1,4,0.97575504,0.8136327,1.0,0.64677197,2.9654028
/content/Dataset/MUS/MUS-PQGAKHHH.jpg,5,MUS,5237,7,1,7,0.9631015,0.7938781,1.0,0.6890796,2.853251
/content/Dataset/ADI/ADI-CLVFAWTL.jpg,0,ADI,5238,0,0,4,1.0833317,0.8221814,0.9961015,0.72256786,3.2759445
/content/Dataset/ADI/ADI-FPMHGTET.jpg,0,ADI,5239,0,0,3,1.1010436,0.82025003,0.9980488,0.7221501,3.3875093
/content/Dataset/MUC/MUC-QAQCAQVS.jpg,4,MUC,5240,4,0,7,0.9894318,0.79345053,0.9933088,0.6786911,3.0457501
/content/Dataset/TUM/TUM-TDPMHWFF.jpg,8,TUM,5241,8,0,6,0.98422223,0.78900576,1.0,0.68947875,2.991456
/content/Dataset/LYM/LYM-PRDRFMWG.jpg,3,LYM,5242,3,0,2,1.0499748,0.80967224,1.0,0.7104463,3.1877112
/content/Dataset/DEB/DEB-NVITLIVD.jpg,2,DEB,5243,2,0,3,1.0172409,0.7911048,1.0,0.6873461,3.1775546
/content/Dataset/LYM/LYM-HYYQDISN.jpg,3,LYM,5244,3,0,2,1.0488424,0.8071019,1.0,0.7110392,3.1926677
/content/Dataset/LYM/LYM-VFFIAAGM.jpg,3,LYM,5245,3,0,2,1.0466354,0.80433667,1.0,0.71069485,3.1958098
/content/Dataset/BACK/BACK-MGPWYRIH.jpg,1,BACK,5246,0,1,0,1.075948,0.81136894,1.0,0.7042323,3.3524957
/content/Dataset/NORM/NORM-QYYDNNYK.jpg,6,NORM,5247,4,1,4,1.0040954,0.806907,0.93540794,0.68358314,3.1439402
/content/Dataset/TUM/TUM-QWGACLGP.jpg,8,TUM,5248,8,0,6,0.9857755,0.82830685,1.0,0.6673897,2.8852286
/content/Dataset/TUM/TUM-WYPNYYCL.jpg,8,TUM,5249,8,0,6,0.98314047,0.7850561,1.0,0.6909645,3.0000167
/content/Dataset/DEB/DEB-VTVKGFHL.jpg,2,DEB,5250,3,1,3,1.0196495,0.7941772,1.0,0.68774176,3.173984
/content/Dataset/TUM/TUM-VMREQMIP.jpg,8,TUM,5251,8,0,6,0.9845591,0.78734165,1.0,0.6909097,2.996874
/content/Dataset/DEB/DEB-SETSQKYI.jpg,2,DEB,5252,2,0,3,1.0055419,0.7961199,1.0,0.6719621,3.13693
/content/Dataset/TUM/TUM-WMQWIYVV.jpg,8,TUM,5253,8,0,6,0.9800148,0.8414543,1.0,0.65491027,2.83516
/content/Dataset/LYM/LYM-YMPECYKM.jpg,3,LYM,5254,3,0,2,1.0482817,0.8063242,1.0,0.7109929,3.1937168
/content/Dataset/TUM/TUM-SSDDIVYN.jpg,8,TUM,5255,8,0,6,0.98477536,0.7871144,1.0,0.69128263,2.9979923
/content/Dataset/BACK/BACK-MLWRSFRV.jpg,1,BACK,5256,2,1,2,1.081191,0.82555616,1.0,0.7017254,3.3144672
/content/Dataset/MUS/MUS-AGLFINGS.jpg,5,MUS,5257,0,1,0,1.0494845,0.8367063,1.0,0.66248375,3.2154436
/content/Dataset/MUC/MUC-WWVWYTVG.jpg,4,MUC,5258,4,0,3,1.0157708,0.79132235,1.0,0.6784254,3.199519
/content/Dataset/ADI/ADI-FGDQQWVR.jpg,0,ADI,5259,3,1,3,1.1026466,0.821594,1.0,0.7221722,3.385652
/content/Dataset/ADI/ADI-FGMKANTD.jpg,0,ADI,5260,0,0,4,1.0859883,0.82453275,1.0,0.7223725,3.272247
/content/Dataset/TUM/TUM-QYWCLGLW.jpg,8,TUM,5261,6,1,6,0.98643243,0.8320001,1.0,0.66609186,2.8761272
/content/Dataset/DEB/DEB-YHSEMEAH.jpg,2,DEB,5262,2,0,3,1.0190399,0.7934084,1.0,0.68763053,3.174879
/content/Dataset/LYM/LYM-SSVHPMCP.jpg,3,LYM,5263,3,0,2,1.0527133,0.816673,1.0,0.7085336,3.173463
/content/Dataset/BACK/BACK-HQKRCHQD.jpg,1,BACK,5264,1,0,3,1.0656399,0.8092616,1.0,0.7042234,3.3031745
/content/Dataset/STR/STR-ADMCVEEW.jpg,7,STR,5265,7,0,5,0.7869231,0.88256645,1.0,0.48416287,2.1990206
/content/Dataset/TUM/TUM-YRTTKGPM.jpg,8,TUM,5266,8,0,6,0.9850559,0.7884101,1.0,0.69075984,2.9948816
/content/Dataset/ADI/ADI-CINQYLWL.jpg,0,ADI,5267,3,1,3,1.1024362,0.8212728,1.0,0.7221697,3.386228
/content/Dataset/MUS/MUS-SMEHDGRH.jpg,5,MUS,5268,5,0,7,0.9596907,0.7834048,1.0,0.69223315,2.873729
/content/Dataset/DEB/DEB-QSFKTPNK.jpg,2,DEB,5269,2,0,3,1.018026,0.79231405,1.0,0.6873174,3.1758444
/content/Dataset/STR/STR-PRSAWEPI.jpg,7,STR,5270,7,0,5,0.9268556,0.78191847,1.0,0.65541625,2.8142867
/content/Dataset/DEB/DEB-PLMDWVEF.jpg,2,DEB,5271,2,0,3,1.0165808,0.7900836,1.0,0.68731725,3.179207
/content/Dataset/ADI/ADI-FEWPKFWR.jpg,0,ADI,5272,0,0,4,1.084863,0.82266486,1.0,0.72254044,3.2752283
/content/Dataset/ADI/ADI-DAGPPINF.jpg,0,ADI,5273,3,1,3,1.10241,0.82151544,1.0,0.72199494,3.3853695
/content/Dataset/TUM/TUM-QSCPMLFK.jpg,8,TUM,5274,8,0,6,0.9835579,0.7858457,1.0,0.69084644,2.9988441
/content/Dataset/NORM/NORM-VIICSLVG.jpg,6,NORM,5275,6,0,0,0.39066374,0.7415875,1.0,0.053451367,1.5092534
/content/Dataset/BACK/BACK-LFRMYSNR.jpg,1,BACK,5276,1,0,0,1.0743625,0.80882,1.0,0.7043944,3.3567207
/content/Dataset/ADI/ADI-DMFPFAVQ.jpg,0,ADI,5277,5,1,5,1.102429,0.83760315,1.0,0.72048557,3.3028083
/content/Dataset/LYM/LYM-KNREIVQG.jpg,3,LYM,5278,3,0,2,1.0469167,0.80420643,1.0,0.71106744,3.1968052
/content/Dataset/MUC/MUC-REDGCSDD.jpg,4,MUC,5279,3,1,3,1.0177814,0.7931899,1.0,0.67919725,3.1986668
/content/Dataset/MUS/MUS-CCWSQMGA.jpg,5,MUS,5280,5,0,7,0.95551276,0.77685577,1.0,0.69212407,2.8820496
/content/Dataset/TUM/TUM-SYIHNDFM.jpg,8,TUM,5281,8,0,6,0.9792016,0.78335524,1.0,0.6879459,2.9961064
/content/Dataset/LYM/LYM-TNTDHGLV.jpg,3,LYM,5282,3,0,4,1.0496882,0.8137797,0.9738586,0.71053237,3.210092
/content/Dataset/DEB/DEB-YRIADVTE.jpg,2,DEB,5283,2,0,3,1.0173196,0.7914076,1.0,0.6871911,3.1769562
/content/Dataset/ADI/ADI-CWKILAHD.jpg,0,ADI,5284,0,0,4,1.0857413,0.82510936,1.0,0.72175175,3.2699852
/content/Dataset/MUS/MUS-ACMGMEPL.jpg,5,MUS,5285,5,0,7,0.9593278,0.7840809,1.0,0.69142175,2.8710878
/content/Dataset/MUS/MUS-NNDCKKMM.jpg,5,MUS,5286,5,0,7,0.9520902,0.7741811,1.0,0.6902578,2.881667
/content/Dataset/LYM/LYM-QMAVLCNC.jpg,3,LYM,5287,4,1,4,1.0586042,0.8149085,1.0,0.7106733,3.2086813
/content/Dataset/LYM/LYM-PTVDYLWP.jpg,3,LYM,5288,3,0,2,1.0519236,0.81389856,1.0,0.7095741,3.1797695
/content/Dataset/MUS/MUS-SSMTGVAK.jpg,5,MUS,5289,7,1,7,0.9664826,0.8056263,1.0,0.6853281,2.8292625
/content/Dataset/DEB/DEB-VMCTPVDS.jpg,2,DEB,5290,2,0,7,1.0178344,0.81406164,0.97284853,0.6850189,3.1166337
/content/Dataset/STR/STR-TFWMIWGD.jpg,7,STR,5291,7,0,5,0.9258751,0.790182,1.0,0.6495199,2.7895472
/content/Dataset/MUC/MUC-YPLQQVPC.jpg,4,MUC,5292,4,0,7,0.99423516,0.7967825,1.0,0.6794449,3.042698
/content/Dataset/MUC/MUC-NPAWSVNT.jpg,4,MUC,5293,4,0,7,0.9908383,0.7944208,0.9946432,0.67909175,3.0453224
/content/Dataset/MUS/MUS-PLQALCMA.jpg,5,MUS,5294,5,0,7,0.95426923,0.7754804,1.0,0.69170415,2.883027
/content/Dataset/TUM/TUM-SVTINEDR.jpg,8,TUM,5295,6,1,6,0.9860855,0.7899473,1.0,0.6907887,2.992991
/content/Dataset/TUM/TUM-WTERPFKH.jpg,8,TUM,5296,6,1,6,0.9867354,0.79178154,1.0,0.6902786,2.9892845
/content/Dataset/MUS/MUS-RYDMENEV.jpg,5,MUS,5297,5,0,7,0.9523448,0.7729231,1.0,0.6913401,2.8856914
/content/Dataset/DEB/DEB-PCLDPEPT.jpg,2,DEB,5298,2,0,3,1.0180098,0.79248464,1.0,0.6871991,3.175264
/content/Dataset/STR/STR-MVRRRSNN.jpg,7,STR,5299,2,1,2,0.99556124,0.8063096,1.0,0.65341514,3.0915294
/content/Dataset/TUM/TUM-RIHAGKRW.jpg,8,TUM,5300,6,1,6,0.98913455,0.81763214,1.0,0.676772,2.9225655
/content/Dataset/LYM/LYM-PKGQIQNY.jpg,3,LYM,5301,8,1,8,1.096873,0.84088403,1.0,0.7023829,3.319988
/content/Dataset/MUS/MUS-QDNYMDYY.jpg,5,MUS,5302,5,0,7,0.95242494,0.7732825,1.0,0.6912076,2.8848355
/content/Dataset/MUC/MUC-QIAHSESQ.jpg,4,MUC,5303,4,0,3,1.0173365,0.79250026,1.0,0.679145,3.1999097
/content/Dataset/STR/STR-YYGEVMVF.jpg,7,STR,5304,7,0,5,0.8036612,0.8821964,1.0,0.4989181,2.242181
/content/Dataset/BACK/BACK-NYETMDAK.jpg,1,BACK,5305,1,0,3,1.0665178,0.8100066,1.0,0.7045643,3.3029969
/content/Dataset/STR/STR-THDYCWQI.jpg,7,STR,5306,5,1,5,0.9289014,0.8158927,1.0,0.63845694,2.7266932
/content/Dataset/LYM/LYM-QETMCGRS.jpg,3,LYM,5307,3,0,2,1.047806,0.805548,1.0,0.7110506,3.1948812
/content/Dataset/ADI/ADI-IMMFNYVM.jpg,0,ADI,5308,0,0,5,1.0995878,0.83092386,1.0,0.7221455,3.3165052
/content/Dataset/DEB/DEB-RHNAKRTV.jpg,2,DEB,5309,4,1,4,1.0682142,0.83822525,1.0,0.67769194,3.2600255
/content/Dataset/DEB/DEB-SMEGDVAC.jpg,2,DEB,5310,2,0,3,1.0178026,0.79199165,1.0,0.6873223,3.1762264
/content/Dataset/DEB/DEB-RWDNMKWR.jpg,2,DEB,5311,2,0,3,1.0179266,0.79298645,1.0,0.68683195,3.1734161
/content/Dataset/DEB/DEB-PIAFNPMM.jpg,2,DEB,5312,2,0,3,1.0177993,0.7921103,1.0,0.68724656,3.175846
/content/Dataset/DEB/DEB-SCVWNMVH.jpg,2,DEB,5313,2,0,3,1.0182323,0.79285043,1.0,0.68714833,3.1748095
/content/Dataset/MUS/MUS-PVCLNAKY.jpg,5,MUS,5314,5,0,7,0.9591459,0.7892802,1.0,0.6879226,2.8566682
/content/Dataset/TUM/TUM-YPPMTSKV.jpg,8,TUM,5315,8,0,6,0.9834426,0.7857348,1.0,0.6908116,2.9988582
/content/Dataset/LYM/LYM-SAHNWFVN.jpg,3,LYM,5316,3,0,4,1.0499322,0.81502366,0.9708909,0.71081907,3.2091312
/content/Dataset/DEB/DEB-VFIGVEKY.jpg,2,DEB,5317,2,0,3,1.0170687,0.78988236,1.0,0.68794745,3.180914
/content/Dataset/STR/STR-TRRQPDMT.jpg,7,STR,5318,2,1,2,0.99209833,0.8213953,1.0,0.6411019,3.039305
/content/Dataset/LYM/LYM-IKICSKLL.jpg,3,LYM,5319,4,1,4,1.055735,0.81492776,0.9895569,0.71097994,3.2094448
/content/Dataset/TUM/TUM-YRPLCCMA.jpg,8,TUM,5320,6,1,6,0.9926333,0.8122003,1.0,0.683448,2.9456706
/content/Dataset/BACK/BACK-MNFGMHFP.jpg,1,BACK,5321,2,1,2,1.0829978,0.828357,1.0,0.70165557,3.3100362
/content/Dataset/NORM/NORM-MRPKDSLH.jpg,6,NORM,5322,4,1,4,1.0223078,0.8158078,1.0,0.6769955,3.114993
/content/Dataset/BACK/BACK-KCNVWTTS.jpg,1,BACK,5323,0,1,0,1.0773759,0.81696844,1.0,0.7018954,3.3385687
/content/Dataset/TUM/TUM-SWQKHTYM.jpg,8,TUM,5324,6,1,6,0.98763055,0.7925495,1.0,0.6907017,2.989142
/content/Dataset/MUS/MUS-CCVEPYCM.jpg,5,MUS,5325,5,0,7,0.9594445,0.7848407,1.0,0.69108117,2.869219
/content/Dataset/NORM/NORM-TIWRHALD.jpg,6,NORM,5326,4,1,4,1.0157607,0.80796534,0.9731455,0.68331295,3.1415522
/content/Dataset/DEB/DEB-TARHQQMH.jpg,2,DEB,5327,2,0,5,0.33788544,0.7366389,1.0,0.03495767,1.2561511
/content/Dataset/MUC/MUC-WWFMRTRQ.jpg,4,MUC,5328,4,0,3,1.0168321,0.79184544,1.0,0.67909634,3.2006018
/content/Dataset/NORM/NORM-VTQHLVFD.jpg,6,NORM,5329,6,0,4,0.9998229,0.8066087,0.9204563,0.68396044,3.145381
/content/Dataset/BACK/BACK-LYGSRWPM.jpg,1,BACK,5330,1,0,5,1.0624121,0.8244826,0.9609865,0.70367616,3.2741365
/content/Dataset/STR/STR-VWYHQKWG.jpg,7,STR,5331,7,0,5,0.9236471,0.768665,1.0,0.6601765,2.8431525
/content/Dataset/DEB/DEB-AESVAWYD.jpg,2,DEB,5332,2,0,3,1.0176976,0.79110277,1.0,0.68778634,3.1786883
/content/Dataset/LYM/LYM-RIYVGRWK.jpg,3,LYM,5333,4,1,4,1.0583084,0.8151077,0.9975616,0.71097934,3.2091422
/content/Dataset/BACK/BACK-GDCIRSLD.jpg,1,BACK,5334,1,0,3,1.0667552,0.8114875,1.0,0.70381385,3.2990348
/content/Dataset/BACK/BACK-ERAAHEML.jpg,1,BACK,5335,1,0,3,1.0665065,0.8103634,1.0,0.7043177,3.30188
/content/Dataset/MUS/MUS-AYCTVEMY.jpg,5,MUS,5336,5,0,7,0.95584613,0.7780997,1.0,0.69165194,2.8794613
/content/Dataset/ADI/ADI-DFCHNKDG.jpg,0,ADI,5337,0,0,4,1.0852089,0.8232913,1.0,0.72245985,3.2741346
/content/Dataset/DEB/DEB-QIVQQLWN.jpg,2,DEB,5338,7,1,7,1.026022,0.83101547,1.0,0.6750621,3.0667753
/content/Dataset/ADI/ADI-DWMEAYKQ.jpg,0,ADI,5339,5,1,5,1.1043438,0.8485866,1.0,0.715375,3.2739246
/content/Dataset/ADI/ADI-CPACHTTN.jpg,0,ADI,5340,0,0,4,1.0846813,0.82335407,0.99951184,0.72205627,3.273107
/content/Dataset/ADI/ADI-FDTHEPPD.jpg,0,ADI,5341,0,0,5,1.1017244,0.8343903,1.0,0.7218625,3.3110352
/content/Dataset/STR/STR-QMWGQSSN.jpg,7,STR,5342,7,0,5,0.9254038,0.77197415,1.0,0.6600114,2.8379905
/content/Dataset/MUC/MUC-VMHLWVYY.jpg,4,MUC,5343,0,1,0,1.0320191,0.8099315,1.0,0.67204785,3.2192745
/content/Dataset/ADI/ADI-DSSNSINN.jpg,0,ADI,5344,5,1,5,1.1021572,0.8354788,1.0,0.7215892,3.3086417
/content/Dataset/ADI/ADI-EVFWRTIR.jpg,0,ADI,5345,0,0,5,1.098005,0.83078885,0.9951291,0.722183,3.3168175
/content/Dataset/STR/STR-QVHQMDIH.jpg,7,STR,5346,7,0,5,0.92068726,0.76499206,1.0,0.6592272,2.846782
/content/Dataset/MUS/MUS-VHHSRPGH.jpg,5,MUS,5347,8,1,8,1.0322199,0.81381,0.9546727,0.68951255,3.217304
/content/Dataset/STR/STR-ADLQDYCY.jpg,7,STR,5348,7,0,5,0.92046654,0.76472366,1.0,0.65915334,2.8470368
/content/Dataset/STR/STR-TQGDQKGC.jpg,7,STR,5349,5,1,5,0.9306414,0.7869551,1.0,0.656419,2.8090065
/content/Dataset/TUM/TUM-WTYVNLHT.jpg,8,TUM,5350,8,0,6,0.98406273,0.7865946,1.0,0.69089305,2.9978287
/content/Dataset/DEB/DEB-TARIDQKW.jpg,2,DEB,5351,2,0,7,1.01849,0.81534225,1.0,0.67699313,3.0956588
/content/Dataset/ADI/ADI-GARNISMN.jpg,0,ADI,5352,0,0,4,1.0863496,0.8258691,1.0,0.7218397,3.2690759
/content/Dataset/TUM/TUM-WMIWKVDQ.jpg,8,TUM,5353,8,0,6,0.9850766,0.7884205,1.0,0.69074845,2.9949841
/content/Dataset/MUS/MUS-CKYKCIWF.jpg,5,MUS,5354,7,1,7,0.96332705,0.7946562,1.0,0.6888006,2.8517408
/content/Dataset/ADI/ADI-DADYNTDW.jpg,0,ADI,5355,0,0,3,1.1019828,0.82069397,1.0,0.7221368,3.3869367
/content/Dataset/NORM/NORM-VFRDVPYE.jpg,6,NORM,5356,6,0,8,0.97178966,0.7761131,1.0,0.6838961,3.003372
/content/Dataset/DEB/DEB-TPHQPRLD.jpg,2,DEB,5357,2,0,3,1.0177038,0.7912989,1.0,0.68766665,3.1781058
/content/Dataset/BACK/BACK-MCWMLKWP.jpg,1,BACK,5358,1,0,8,1.0643085,0.8156056,0.9962229,0.70399576,3.2685146
/content/Dataset/BACK/BACK-MLWCSAAI.jpg,1,BACK,5359,1,0,3,1.0657663,0.8097031,1.0,0.70404494,3.3021517
/content/Dataset/DEB/DEB-SSGQVKFL.jpg,2,DEB,5360,3,1,3,1.0193008,0.79479814,1.0,0.6869335,3.1715183
/content/Dataset/LYM/LYM-NINPEGEI.jpg,3,LYM,5361,3,0,2,1.0482271,0.8064419,1.0,0.7108616,3.1932433
/content/Dataset/DEB/DEB-QGRYMFMA.jpg,2,DEB,5362,2,0,3,1.0170438,0.7909919,1.0,0.68720925,3.1774814
/content/Dataset/MUS/MUS-PCPVLMQT.jpg,5,MUS,5363,0,1,0,1.061994,0.8168576,1.0,0.6875385,3.3018277
/content/Dataset/MUS/MUS-ARYILWRS.jpg,5,MUS,5364,5,0,7,0.9556239,0.7801235,1.0,0.6900942,2.8735237
/content/Dataset/MUS/MUS-NNNCEGTR.jpg,5,MUS,5365,7,1,7,0.9622329,0.7883576,1.0,0.6917159,2.86601
/content/Dataset/STR/STR-NPHQEDSY.jpg,7,STR,5366,7,0,5,0.9171152,0.7621399,1.0,0.65726763,2.846236
/content/Dataset/MUC/MUC-AFWFAAMF.jpg,4,MUC,5367,4,0,7,0.29769322,0.76632327,1.0,0.046076227,0.99393153
/content/Dataset/ADI/ADI-AVRGEFIA.jpg,0,ADI,5368,0,0,4,1.0834122,0.8230549,0.99731815,0.7216843,3.2727132
/content/Dataset/LYM/LYM-AEAYQDAG.jpg,3,LYM,5369,3,0,2,1.0487529,0.807595,1.0,0.7106352,3.1909769
/content/Dataset/DEB/DEB-VKSDLMMA.jpg,2,DEB,5370,8,1,8,1.0319607,0.81680936,0.9398718,0.68538207,3.2411296
/content/Dataset/LYM/LYM-VAFTQGYK.jpg,3,LYM,5371,3,0,4,1.0516592,0.81492877,0.9769542,0.7107586,3.2090614
/content/Dataset/DEB/DEB-VNCTAVQC.jpg,2,DEB,5372,2,0,7,1.0070736,0.8184453,1.0,0.6636667,3.0613072
/content/Dataset/ADI/ADI-FRAQRYTG.jpg,0,ADI,5373,3,1,3,1.1030614,0.82255864,1.0,0.72191244,3.383657
/content/Dataset/ADI/ADI-CNNPNDGE.jpg,0,ADI,5374,0,0,2,1.0906899,0.8208447,0.99902403,0.72215617,3.3218482
/content/Dataset/STR/STR-YFGRKVVE.jpg,7,STR,5375,7,0,5,0.9226242,0.7670958,1.0,0.6600194,2.8452828
/content/Dataset/MUS/MUS-QGCRGLCE.jpg,5,MUS,5376,5,0,7,0.9546616,0.7762184,1.0,0.69163567,2.8819017
/content/Dataset/TUM/TUM-YDYQNNQG.jpg,8,TUM,5377,5,1,5,1.028793,0.8554989,1.0,0.65164566,3.04387
/content/Dataset/ADI/ADI-IMWVCYPH.jpg,0,ADI,5378,5,1,5,1.1024177,0.83599913,1.0,0.72149444,3.307674
/content/Dataset/STR/STR-MMPVVKNF.jpg,7,STR,5379,7,0,5,0.92513376,0.7709605,1.0,0.6603725,2.8400989
/content/Dataset/BACK/BACK-KNKPDRKM.jpg,1,BACK,5380,0,1,0,1.0769733,0.81383026,1.0,0.7035688,3.347341
/content/Dataset/MUC/MUC-RSFGTWES.jpg,4,MUC,5381,4,0,3,1.0173839,0.7922544,1.0,0.67938656,3.2006397
/content/Dataset/MUS/MUS-AGDSQQCR.jpg,5,MUS,5382,5,0,7,0.9594171,0.784631,1.0,0.69116503,2.869792
/content/Dataset/BACK/BACK-MRGDVVGH.jpg,1,BACK,5383,0,1,0,1.0752983,0.8100819,1.0,0.70444584,3.3550298
/content/Dataset/MUC/MUC-CDAELDHR.jpg,4,MUC,5384,4,0,6,0.45429,0.85851455,1.0,0.1703731,1.383271
/content/Dataset/ADI/ADI-CHYMCEQG.jpg,0,ADI,5385,0,0,2,1.0918201,0.8221107,1.0,0.7220915,3.3199208
/content/Dataset/STR/STR-TKQVITMI.jpg,7,STR,5386,7,0,5,0.9232624,0.76791644,1.0,0.66026306,2.8442433
/content/Dataset/MUC/MUC-SNTWGIGW.jpg,4,MUC,5387,4,0,7,0.9931611,0.79511976,1.0,0.679415,3.0450108
/content/Dataset/MUC/MUC-QHICIVPQ.jpg,4,MUC,5388,4,0,3,1.017211,0.7918138,1.0,0.6794891,3.201607
/content/Dataset/ADI/ADI-GYPWNNLL.jpg,0,ADI,5389,0,0,5,1.0944175,0.83061475,0.9837757,0.72226447,3.3173919
/content/Dataset/TUM/TUM-TFIKCDFH.jpg,8,TUM,5390,8,0,6,0.98459977,0.7870197,1.0,0.6911749,2.997825
/content/Dataset/NORM/NORM-WWGFKFHL.jpg,6,NORM,5391,6,0,8,0.9754832,0.78161657,1.0,0.6841116,2.99626
/content/Dataset/BACK/BACK-CQEPLPRL.jpg,1,BACK,5392,2,1,2,1.0828388,0.82958096,1.0,0.7007469,3.3058484
/content/Dataset/DEB/DEB-NQNHGREC.jpg,2,DEB,5393,2,0,3,1.017498,0.79142374,1.0,0.68741035,3.177143
/content/Dataset/MUC/MUC-REEAMMDS.jpg,4,MUC,5394,0,1,0,1.0313467,0.7984795,1.0,0.6786929,3.2525973
/content/Dataset/LYM/LYM-RMYADCVG.jpg,3,LYM,5395,3,0,2,1.046885,0.8042345,1.0,0.7110253,3.196623
/content/Dataset/TUM/TUM-TKPTCTAE.jpg,8,TUM,5396,6,1,6,0.98604614,0.7900528,1.0,0.69067687,2.992617
/content/Dataset/DEB/DEB-WHRSNMQC.jpg,2,DEB,5397,2,0,3,0.99597585,0.7949002,1.0,0.6628306,3.11936
/content/Dataset/DEB/DEB-RIMMDWYE.jpg,2,DEB,5398,3,1,3,1.0192655,0.79360163,1.0,0.68772703,3.174835
/content/Dataset/LYM/LYM-SIEILART.jpg,3,LYM,5399,3,0,2,1.0468533,0.8044802,1.0,0.7108311,3.1958234
/content/Dataset/MUC/MUC-NVADTGPF.jpg,4,MUC,5400,4,0,3,1.0165517,0.7911066,1.0,0.6792867,3.2022161
/content/Dataset/MUC/MUC-WAPDIASG.jpg,4,MUC,5401,3,1,3,1.017947,0.792991,1.0,0.6794805,3.1996937
/content/Dataset/MUC/MUC-SAEVWSYL.jpg,4,MUC,5402,3,1,3,1.017876,0.7934929,1.0,0.6790933,3.1979792
/content/Dataset/LYM/LYM-VRCRHQPD.jpg,3,LYM,5403,3,0,2,1.0476923,0.8052866,1.0,0.7111121,3.1953933
/content/Dataset/TUM/TUM-SHYTQEKK.jpg,8,TUM,5404,8,0,6,0.985717,0.79261655,1.0,0.68865305,2.9848056
/content/Dataset/DEB/DEB-WTHQEWSA.jpg,2,DEB,5405,2,0,3,1.0177312,0.7928194,1.0,0.68674695,3.1734567
/content/Dataset/NORM/NORM-AGPQRCYV.jpg,6,NORM,5406,6,0,4,0.60797936,0.88271344,1.0,0.28946877,1.8121314
/content/Dataset/BACK/BACK-KGSGTYWI.jpg,1,BACK,5407,1,0,3,1.0655444,0.8091228,1.0,0.70420384,3.303447
/content/Dataset/DEB/DEB-WNMSPADS.jpg,2,DEB,5408,2,0,3,1.0180119,0.7924817,1.0,0.687193,3.1753135
/content/Dataset/TUM/TUM-YKQFDVPN.jpg,8,TUM,5409,8,0,6,0.984752,0.7873054,1.0,0.6911372,2.9973924
/content/Dataset/BACK/BACK-ARYHNVRK.jpg,1,BACK,5410,1,0,4,1.066742,0.8224842,1.0,0.7031163,3.2422287
/content/Dataset/MUC/MUC-YHATEHEQ.jpg,4,MUC,5411,4,0,7,0.9928673,0.79515123,1.0,0.6790915,3.0442696
/content/Dataset/BACK/BACK-IDKKTGRD.jpg,1,BACK,5412,1,0,4,1.0683141,0.8247134,1.0,0.70321393,3.2390954
/content/Dataset/LYM/LYM-KEVRCVCL.jpg,3,LYM,5413,4,1,4,1.0587025,0.81540114,1.0,0.7104432,3.207462
/content/Dataset/MUS/MUS-PCIHCTWG.jpg,5,MUS,5414,5,0,7,0.95582837,0.7775264,1.0,0.69203323,2.880892
/content/Dataset/MUC/MUC-MFMIPWYK.jpg,4,MUC,5415,6,1,6,1.0193655,0.82054645,1.0,0.67024577,3.0977998
/content/Dataset/MUC/MUC-TISPWKNM.jpg,4,MUC,5416,4,0,3,1.0162554,0.7913836,1.0,0.6787963,3.200734
/content/Dataset/TUM/TUM-RPHIAWWC.jpg,8,TUM,5417,8,0,6,0.98520625,0.7884209,1.0,0.69087297,2.9953024
/content/Dataset/ADI/ADI-EKWNGDVY.jpg,0,ADI,5418,0,0,3,1.102053,0.8208674,1.0,0.7220888,3.3865557
/content/Dataset/NORM/NORM-SHTAPFAN.jpg,6,NORM,5419,5,1,5,1.0346371,0.8301595,0.90441775,0.68065816,3.266022
/content/Dataset/MUC/MUC-TTKQAALF.jpg,4,MUC,5420,4,0,2,0.9934414,0.86853695,1.0,0.5918691,2.9935045
/content/Dataset/NORM/NORM-SAWTNKNM.jpg,6,NORM,5421,6,0,8,0.9543183,0.8535224,1.0,0.6240766,2.7443726
/content/Dataset/TUM/TUM-VCWHTCTD.jpg,8,TUM,5422,6,1,6,0.9885212,0.79473245,1.0,0.6901865,2.9851117
/content/Dataset/MUC/MUC-QLPEDACQ.jpg,4,MUC,5423,0,1,0,1.0270661,0.7945465,0.995615,0.6783157,3.2577953
/content/Dataset/BACK/BACK-EFQDNKKQ.jpg,1,BACK,5424,0,1,0,1.0803393,0.82755256,1.0,0.6978901,3.3128731
/content/Dataset/LYM/LYM-RGYPEMFD.jpg,3,LYM,5425,3,0,2,1.0474656,0.8050431,1.0,0.7110536,3.1955836
/content/Dataset/STR/STR-RFLLWFNR.jpg,7,STR,5426,5,1,5,0.92883825,0.77961874,1.0,0.65885884,2.8251576
/content/Dataset/MUC/MUC-RFDAIDYI.jpg,4,MUC,5427,4,0,7,0.9912775,0.7943966,0.9963444,0.67898166,3.0454733
/content/Dataset/NORM/NORM-WNVGEVEI.jpg,6,NORM,5428,4,1,4,1.0128223,0.8077147,0.9636883,0.68337184,3.1420107
/content/Dataset/ADI/ADI-FVVHVTAH.jpg,0,ADI,5429,3,1,3,1.1024504,0.8208662,1.0,0.72246563,3.3874803
/content/Dataset/TUM/TUM-VCIFSLPG.jpg,8,TUM,5430,8,0,6,0.9837812,0.78768533,1.0,0.6898327,2.994328
/content/Dataset/MUS/MUS-SYVCTVMA.jpg,5,MUS,5431,7,1,7,0.9635112,0.79162157,1.0,0.6909401,2.860166
/content/Dataset/MUC/MUC-RLVQDAYD.jpg,4,MUC,5432,4,0,5,0.4984382,0.88766265,1.0,0.19831309,1.4804462
/content/Dataset/DEB/DEB-WKETHYSC.jpg,2,DEB,5433,2,0,3,1.0167532,0.7900256,1.0,0.6875263,3.1797888
/content/Dataset/NORM/NORM-NLHPFTVW.jpg,6,NORM,5434,6,0,4,0.99982536,0.8079945,0.916588,0.68417454,3.1441362
/content/Dataset/ADI/ADI-CIQRTWRS.jpg,0,ADI,5435,5,1,5,1.1039586,0.83943385,1.0,0.72071284,3.300876
/content/Dataset/STR/STR-PWHPYFEH.jpg,7,STR,5436,7,0,5,0.9250182,0.7713237,1.0,0.65991724,2.8391714
/content/Dataset/MUC/MUC-DQFWWYTI.jpg,4,MUC,5437,4,0,3,1.0169314,0.7921518,1.0,0.67900664,3.199872
/content/Dataset/LYM/LYM-TIQVGAPT.jpg,3,LYM,5438,4,1,4,1.0590179,0.8153242,1.0,0.71081656,3.2083488
/content/Dataset/MUS/MUS-PIHRSFNA.jpg,5,MUS,5439,5,0,7,0.9544296,0.77585953,1.0,0.69163305,2.8823333
/content/Dataset/ADI/ADI-CTQFTKRL.jpg,0,ADI,5440,0,0,4,1.084252,0.8231308,0.9985363,0.72206956,3.2735465
/content/Dataset/STR/STR-QNMTEFTT.jpg,7,STR,5441,7,0,8,0.8066548,0.88868755,1.0,0.44390592,2.3841372
/content/Dataset/MUS/MUS-ACIHIEIL.jpg,5,MUS,5442,5,0,7,0.95597225,0.77765656,1.0,0.6920933,2.880881
/content/Dataset/DEB/DEB-RTWNYNPN.jpg,2,DEB,5443,2,0,3,1.0153753,0.7902121,1.0,0.6860112,3.1760616
/content/Dataset/NORM/NORM-SGIHPGDQ.jpg,6,NORM,5444,6,0,4,1.0013095,0.80703914,0.9247359,0.6838779,3.1446059
/content/Dataset/MUS/MUS-VGDTMNVD.jpg,5,MUS,5445,5,0,7,0.9602268,0.784676,1.0,0.6920108,2.8713813
/content/Dataset/MUS/MUS-AGSPLYNI.jpg,5,MUS,5446,5,0,7,0.95635885,0.7803098,1.0,0.69079006,2.8745193
/content/Dataset/NORM/NORM-ADNNEYSI.jpg,6,NORM,5447,6,0,8,0.9722227,0.7765716,1.0,0.68404853,3.003049
/content/Dataset/ADI/ADI-EMDNEEAQ.jpg,0,ADI,5448,0,0,4,1.0849792,0.8237057,1.0,0.7219651,3.27238
/content/Dataset/BACK/BACK-GWNKYWPQ.jpg,1,BACK,5449,0,1,0,1.0752816,0.81060576,1.0,0.7040584,3.3534524
/content/Dataset/MUC/MUC-WICGFPTL.jpg,4,MUC,5450,4,0,3,1.0165632,0.7917831,1.0,0.67884004,3.2002616
/content/Dataset/ADI/ADI-DKKKSHLM.jpg,0,ADI,5451,0,0,4,1.0848658,0.8230213,1.0,0.7223071,3.2741716
/content/Dataset/BACK/BACK-EDANIWWA.jpg,1,BACK,5452,1,0,3,1.0667909,0.8105231,1.0,0.7044867,3.3020546
/content/Dataset/ADI/ADI-DPAVGALR.jpg,0,ADI,5453,0,0,5,1.0995972,0.8309036,1.0,0.722143,3.316678
/content/Dataset/ADI/ADI-GLTYMRAH.jpg,0,ADI,5454,0,0,4,1.0848703,0.82270294,1.0,0.72251856,3.2751443
/content/Dataset/MUC/MUC-AQWPIIQN.jpg,4,MUC,5455,4,0,3,1.0163707,0.79115134,1.0,0.6790995,3.2015738
/content/Dataset/MUC/MUC-AHDYDYEI.jpg,4,MUC,5456,4,0,7,0.9931553,0.79506123,1.0,0.6794177,3.0452616
/content/Dataset/MUC/MUC-ASGFICDS.jpg,4,MUC,5457,4,0,7,0.99553263,0.8024768,1.0,0.6772742,3.0290232
/content/Dataset/MUC/MUC-WVFCFFEW.jpg,4,MUC,5458,3,1,3,1.017811,0.79361105,1.0,0.67893773,3.1975212
/content/Dataset/MUC/MUC-RQSSPMND.jpg,4,MUC,5459,4,0,3,1.0156859,0.7901264,1.0,0.6790597,3.2031524
/content/Dataset/TUM/TUM-SHLQQGFV.jpg,8,TUM,5460,8,0,6,0.9840849,0.78672373,1.0,0.6908697,2.9973905
/content/Dataset/LYM/LYM-PVSKQCAQ.jpg,3,LYM,5461,3,0,2,1.0483392,0.8065146,1.0,0.7109237,3.1932855
/content/Dataset/ADI/ADI-GEKREVGI.jpg,0,ADI,5462,5,1,5,1.1028298,0.84605896,1.0,0.7155989,3.2778919
/content/Dataset/MUC/MUC-SYSTWNRD.jpg,4,MUC,5463,4,0,3,1.0167103,0.7919907,1.0,0.6788477,3.199994
/content/Dataset/NORM/NORM-SAAWLHEA.jpg,6,NORM,5464,4,1,4,1.0036569,0.8076508,0.9313064,0.6838563,3.143694
/content/Dataset/TUM/TUM-YYVQTASV.jpg,8,TUM,5465,8,0,6,0.9856576,0.78876597,1.0,0.69110775,2.995367
/content/Dataset/DEB/DEB-RCCELNRH.jpg,2,DEB,5466,3,1,3,1.0193374,0.7945343,1.0,0.6871973,3.1721945
/content/Dataset/MUS/MUS-VGNSEMRC.jpg,5,MUS,5467,5,0,7,0.9586822,0.7848811,1.0,0.6901891,2.867632
/content/Dataset/MUC/MUC-RKESQPNA.jpg,4,MUC,5468,4,0,7,0.9915027,0.794351,0.9967096,0.6792037,3.0456278
/content/Dataset/STR/STR-PWLLLDST.jpg,7,STR,5469,7,0,5,0.92313474,0.7818631,1.0,0.6513735,2.806499
/content/Dataset/MUC/MUC-WKYDLLWR.jpg,4,MUC,5470,4,0,7,0.9926183,0.79488266,1.0,0.6790044,3.0444903
/content/Dataset/STR/STR-RSYPKTPQ.jpg,7,STR,5471,7,0,5,0.5300795,0.7883158,1.0,0.2515827,1.7371458
/content/Dataset/STR/STR-PSCFWVLL.jpg,7,STR,5472,7,0,4,0.90562373,0.86452967,1.0,0.5575285,2.6488588
/content/Dataset/LYM/LYM-STCSDYYT.jpg,3,LYM,5473,2,1,2,1.0545952,0.82843924,1.0,0.7028935,3.1433184
/content/Dataset/STR/STR-REKLWFHH.jpg,7,STR,5474,7,0,5,0.92097795,0.76508796,1.0,0.6595708,2.8468924
/content/Dataset/NORM/NORM-AMYIYRMM.jpg,6,NORM,5475,6,0,8,0.978795,0.78705746,1.0,0.68401873,2.9883914
/content/Dataset/MUC/MUC-SLIDPPKN.jpg,4,MUC,5476,0,1,0,1.0308208,0.79914,1.0,0.6777727,3.249244
/content/Dataset/TUM/TUM-WMFCVFFS.jpg,8,TUM,5477,6,1,6,0.9863101,0.79000485,1.0,0.69096965,2.993375
/content/Dataset/BACK/BACK-ITPLATLP.jpg,1,BACK,5478,0,1,0,1.0753896,0.81009984,1.0,0.7045304,3.3551548
/content/Dataset/BACK/BACK-MQIYHQRP.jpg,1,BACK,5479,1,0,2,1.055327,0.85246605,1.0,0.66187596,3.1705942
/content/Dataset/NORM/NORM-NAAGNLFH.jpg,6,NORM,5480,6,0,8,0.9750084,0.82981503,1.0,0.65493584,2.8601499
/content/Dataset/LYM/LYM-NDGYIPEP.jpg,3,LYM,5481,3,0,2,1.0473297,0.8055236,1.0,0.7106032,3.1938486
/content/Dataset/TUM/TUM-TVMRWQAQ.jpg,8,TUM,5482,8,0,6,0.985568,0.78856045,1.0,0.6911898,2.995609
/content/Dataset/STR/STR-PTACFRIK.jpg,7,STR,5483,7,0,5,0.92674077,0.776081,1.0,0.6588929,2.8297937
/content/Dataset/LYM/LYM-HFIEINWL.jpg,3,LYM,5484,5,1,5,1.0668539,0.82090795,0.9754052,0.7102562,3.2694364
/content/Dataset/MUS/MUS-TCNKMMMK.jpg,5,MUS,5485,5,0,7,0.95670015,0.77877903,1.0,0.69212514,2.879474
/content/Dataset/DEB/DEB-QFKEDRLN.jpg,2,DEB,5486,3,1,3,1.0200912,0.7951715,1.0,0.6875342,3.1720448
/content/Dataset/MUS/MUS-PVSGFNQE.jpg,5,MUS,5487,8,1,8,1.0125537,0.8105934,0.89825636,0.6890284,3.22153
/content/Dataset/STR/STR-SSKCNIEI.jpg,7,STR,5488,7,0,5,0.92753845,0.7822548,1.0,0.6560171,2.814654
/content/Dataset/NORM/NORM-TFSVPLTK.jpg,6,NORM,5489,6,0,8,0.97441137,0.7801565,1.0,0.68394244,2.997985
/content/Dataset/DEB/DEB-PHKMGVGH.jpg,2,DEB,5490,2,0,3,1.0176109,0.79164225,1.0,0.68729955,3.1770372
/content/Dataset/DEB/DEB-VVVCMTPV.jpg,2,DEB,5491,8,1,8,1.0292195,0.8155454,0.9299431,0.68653077,3.2455091
/content/Dataset/ADI/ADI-CWRCTQLL.jpg,0,ADI,5492,3,1,3,1.1027191,0.82136655,1.0,0.7223714,3.3866057
/content/Dataset/ADI/ADI-FDRDWQYQ.jpg,0,ADI,5493,0,0,4,1.0869621,0.8282664,1.0,0.7208567,3.263313
/content/Dataset/DEB/DEB-SFVQYTFK.jpg,2,DEB,5494,2,0,3,1.0187873,0.79296577,1.0,0.6876626,3.175631
/content/Dataset/MUS/MUS-RNHRLSKF.jpg,5,MUS,5495,5,0,7,0.95420086,0.7754872,1.0,0.6916358,2.8828306
/content/Dataset/NORM/NORM-YCVWTQKW.jpg,6,NORM,5496,4,1,4,1.0023018,0.80799717,0.92620456,0.6837861,3.14312
/content/Dataset/MUC/MUC-DMDSLQPD.jpg,4,MUC,5497,0,1,0,1.0352893,0.8135399,1.0,0.67298985,3.2159314
/content/Dataset/LYM/LYM-QQKLRIAN.jpg,3,LYM,5498,3,0,4,1.0527935,0.81494784,0.97994024,0.7109687,3.2094624
/content/Dataset/ADI/ADI-FYEWWRIA.jpg,0,ADI,5499,0,0,5,1.1011289,0.83271253,1.0,0.7224111,3.314683
/content/Dataset/NORM/NORM-PSRGYKIV.jpg,6,NORM,5500,4,1,4,1.0066859,0.80739486,0.9420542,0.68388546,3.1438422
/content/Dataset/LYM/LYM-MSWDWPSP.jpg,3,LYM,5501,4,1,4,1.0544373,0.8144055,0.98666203,0.71092147,3.2100737
/content/Dataset/STR/STR-SDWKMSCP.jpg,7,STR,5502,7,0,5,0.9244009,0.7694576,1.0,0.6604886,2.8426814
/content/Dataset/BACK/BACK-EFFSTSIH.jpg,1,BACK,5503,1,0,3,1.066027,0.80921733,1.0,0.704608,3.3042831
/content/Dataset/LYM/LYM-RFLLDWHH.jpg,3,LYM,5504,3,0,2,1.047351,0.80562687,1.0,0.7105503,3.193612
/content/Dataset/MUS/MUS-CHFDRADM.jpg,5,MUS,5505,5,0,7,0.95503855,0.7764129,1.0,0.6919196,2.8821738
/content/Dataset/BACK/BACK-LINEIHWN.jpg,1,BACK,5506,1,0,3,1.0652765,0.80879116,1.0,0.7041753,3.3037968
/content/Dataset/ADI/ADI-CTSKHLGV.jpg,0,ADI,5507,0,0,4,1.0841639,0.8222767,0.9997559,0.7222052,3.2749567
/content/Dataset/BACK/BACK-NRIFEHGH.jpg,1,BACK,5508,1,0,4,1.0295997,0.8280623,1.0,0.66438544,3.1386726
/content/Dataset/NORM/NORM-PSQQADCM.jpg,6,NORM,5509,4,1,4,1.0072312,0.80685234,0.94562584,0.68373406,3.1441598
/content/Dataset/BACK/BACK-AVWKHGAG.jpg,1,BACK,5510,1,0,3,1.0663586,0.81026167,1.0,0.70424163,3.3018477
/content/Dataset/MUS/MUS-SRNMWVFQ.jpg,5,MUS,5511,0,1,0,1.0189213,0.847785,1.0,0.62875986,3.105813
/content/Dataset/LYM/LYM-TMSDQHII.jpg,3,LYM,5512,3,0,4,1.0523301,0.8155688,0.97886425,0.7104354,3.2072961
/content/Dataset/STR/STR-PHYTFCNP.jpg,7,STR,5513,5,1,5,0.9285931,0.7813209,1.0,0.6577879,2.819282
/content/Dataset/ADI/ADI-HNESGKLS.jpg,0,ADI,5514,0,0,5,1.1000812,0.8316027,1.0,0.7221309,3.315711
/content/Dataset/ADI/ADI-DQNKPAWF.jpg,0,ADI,5515,0,0,2,1.0917665,0.82483435,1.0,0.72024757,3.311514
/content/Dataset/NORM/NORM-YTVATMDG.jpg,6,NORM,5516,6,0,8,0.9756549,0.7818558,1.0,0.68412,2.996019
/content/Dataset/STR/STR-TKEPFNKK.jpg,7,STR,5517,7,0,5,0.84701604,0.8635092,1.0,0.5409732,2.403131
/content/Dataset/DEB/DEB-TIDYRIIT.jpg,2,DEB,5518,2,0,3,1.0173374,0.7909349,1.0,0.68753034,3.1783717
/content/Dataset/STR/STR-QWGPQRHG.jpg,7,STR,5519,7,0,8,0.44599092,0.8580217,1.0,0.15218066,1.3784024
/content/Dataset/MUC/MUC-TFTFQTGK.jpg,4,MUC,5520,4,0,3,1.0173976,0.79273015,1.0,0.6791015,3.1991973
/content/Dataset/MUC/MUC-AVCIPTQH.jpg,4,MUC,5521,4,0,6,1.0173393,0.81416714,1.0,0.67209554,3.1119864
/content/Dataset/MUS/MUS-RIMTWACE.jpg,5,MUS,5522,5,0,7,0.84916306,0.87687844,1.0,0.54374254,2.3603952
/content/Dataset/TUM/TUM-QYEERQTL.jpg,8,TUM,5523,8,0,6,0.9830046,0.7851137,1.0,0.69075763,2.9996436
/content/Dataset/ADI/ADI-FADLMLRR.jpg,0,ADI,5524,0,0,5,1.0608289,0.8836533,1.0,0.65834934,3.062063
/content/Dataset/DEB/DEB-VAYMFHVC.jpg,2,DEB,5525,2,0,3,1.0181043,0.79210603,1.0,0.68753314,3.176644
/content/Dataset/MUC/MUC-TWEIQARH.jpg,4,MUC,5526,4,0,3,1.0173804,0.7923302,1.0,0.67932427,3.200436
/content/Dataset/STR/STR-SLPQQYWF.jpg,7,STR,5527,7,0,5,0.9222411,0.7672117,1.0,0.65958565,2.8439403
/content/Dataset/MUC/MUC-PHFYHPVF.jpg,4,MUC,5528,4,0,6,1.0096787,0.8401824,1.0,0.6500116,3.0169222
/content/Dataset/BACK/BACK-IALHVKAK.jpg,1,BACK,5529,1,0,5,1.072569,0.8287224,0.9897985,0.7021921,3.264014
/content/Dataset/DEB/DEB-VQRKTGKH.jpg,2,DEB,5530,3,1,3,1.0193026,0.79386216,1.0,0.6875853,3.1741743
/content/Dataset/TUM/TUM-TSQGKRGS.jpg,8,TUM,5531,8,0,6,0.9828843,0.78562593,1.0,0.6902835,2.9979815
/content/Dataset/STR/STR-VFVEEDWM.jpg,7,STR,5532,6,1,6,0.9966912,0.8208647,1.0,0.6397338,3.0728831
/content/Dataset/ADI/ADI-GWIKFVLM.jpg,0,ADI,5533,3,1,3,1.1026113,0.82107264,1.0,0.7224756,3.3872306
/content/Dataset/ADI/ADI-GHLLFQIL.jpg,0,ADI,5534,0,0,4,1.0858309,0.8251294,1.0,0.72184056,3.2700696
/content/Dataset/DEB/DEB-YGCHNMYP.jpg,2,DEB,5535,2,0,3,1.0191209,0.7939367,1.0,0.6873535,3.1735363
/content/Dataset/NORM/NORM-WKMMTCDE.jpg,6,NORM,5536,6,0,8,0.9783225,0.80187786,1.0,0.6741979,2.9458869
/content/Dataset/LYM/LYM-QPYDRPKP.jpg,3,LYM,5537,3,0,2,1.0471087,0.8047329,1.0,0.7108851,3.195765
/content/Dataset/TUM/TUM-SSAFETSF.jpg,8,TUM,5538,8,0,6,0.97432435,0.8476043,1.0,0.64667654,2.8041558
/content/Dataset/TUM/TUM-WHGGPKWV.jpg,8,TUM,5539,6,1,6,0.9862317,0.7899159,1.0,0.6909694,2.9933748
/content/Dataset/MUS/MUS-PMHYPRTV.jpg,5,MUS,5540,5,0,7,0.9572127,0.7791478,1.0,0.69242114,2.879627
/content/Dataset/BACK/BACK-KWWTECES.jpg,1,BACK,5541,0,1,0,1.0796837,0.8218695,1.0,0.7009011,3.3288622
/content/Dataset/TUM/TUM-QNYGLMGY.jpg,8,TUM,5542,8,0,6,0.85432225,0.89040005,1.0,0.52517974,2.3893087
/content/Dataset/ADI/ADI-FHKGPHPP.jpg,0,ADI,5543,0,0,4,1.0855092,0.82450384,1.0,0.7219287,3.2712634
/content/Dataset/MUS/MUS-SAKFLMYP.jpg,5,MUS,5544,7,1,7,0.96136934,0.78865856,1.0,0.6906014,2.8633604
/content/Dataset/DEB/DEB-TGWDSSYV.jpg,2,DEB,5545,2,0,3,1.0151428,0.78943944,1.0,0.6863349,3.177656
/content/Dataset/MUC/MUC-TRTFYGMD.jpg,4,MUC,5546,4,0,3,1.0172772,0.79239655,1.0,0.6791776,3.1999972
/content/Dataset/MUC/MUC-THFQFTGF.jpg,4,MUC,5547,0,1,0,1.0290335,0.7988075,1.0,0.6761274,3.2464147
/content/Dataset/LYM/LYM-QPGSPCNT.jpg,3,LYM,5548,3,0,2,1.0474039,0.80497986,1.0,0.7110319,3.19564
/content/Dataset/STR/STR-VRHPISIR.jpg,7,STR,5549,5,1,5,0.92806184,0.77779824,1.0,0.6592682,2.8280027
/content/Dataset/TUM/TUM-RDRVLHWT.jpg,8,TUM,5550,8,0,6,0.98364925,0.7859421,1.0,0.69088364,2.99876
/content/Dataset/MUC/MUC-VMGKVLTM.jpg,4,MUC,5551,4,0,6,1.0125057,0.8265258,1.0,0.6600533,3.0645103
/content/Dataset/TUM/TUM-VMGTHLVH.jpg,8,TUM,5552,8,0,6,0.9852206,0.78875464,1.0,0.6906692,2.9944043
/content/Dataset/LYM/LYM-NGNIKDKF.jpg,3,LYM,5553,2,1,2,1.05389,0.82263315,1.0,0.705839,3.1587574
/content/Dataset/TUM/TUM-WLVLACWC.jpg,8,TUM,5554,8,0,6,0.9838221,0.78591764,1.0,0.6911073,2.999122
/content/Dataset/LYM/LYM-DPNASFNR.jpg,3,LYM,5555,3,0,2,1.0484622,0.80714166,1.0,0.71061707,3.1917622
/content/Dataset/NORM/NORM-RYGQAIRK.jpg,6,NORM,5556,6,0,8,0.9731439,0.77797383,1.0,0.6840765,3.0012054
/content/Dataset/MUS/MUS-RRVVDKEL.jpg,5,MUS,5557,7,1,7,0.96151704,0.7925989,1.0,0.688245,2.8531632
/content/Dataset/LYM/LYM-YQFHGLNS.jpg,3,LYM,5558,4,1,4,1.0588958,0.8153529,1.0,0.71067464,3.2080016
/content/Dataset/BACK/BACK-ACIIFEWN.jpg,1,BACK,5559,0,1,0,1.0787641,0.8196075,1.0,0.7015013,3.3336565
/content/Dataset/BACK/BACK-KWSKWYNR.jpg,1,BACK,5560,1,0,3,1.0664898,0.8109077,1.0,0.70393306,3.3002129
/content/Dataset/DEB/DEB-VRVAVLTF.jpg,2,DEB,5561,2,0,3,1.0179169,0.7933892,1.0,0.6864959,3.1724157
/content/Dataset/TUM/TUM-RWSNPRFY.jpg,8,TUM,5562,6,1,6,0.98939365,0.79724115,1.0,0.6894907,2.9800072
/content/Dataset/LYM/LYM-PWRKGYFK.jpg,3,LYM,5563,3,0,4,1.0534567,0.81452113,0.9825756,0.7111201,3.2103431
/content/Dataset/STR/STR-NKLCTREH.jpg,7,STR,5564,5,1,5,0.93138295,0.80252755,1.0,0.64836097,2.7679744
/content/Dataset/BACK/BACK-IMQMFYED.jpg,1,BACK,5565,1,0,3,1.0665708,0.81051797,1.0,0.7042757,3.3015645
/content/Dataset/MUS/MUS-QCTVEWYW.jpg,5,MUS,5566,5,0,7,0.9589079,0.7821422,1.0,0.6922353,2.8753772
/content/Dataset/STR/STR-VAKHQVNS.jpg,7,STR,5567,7,0,5,0.9234767,0.7690322,1.0,0.65973777,2.8418424
/content/Dataset/NORM/NORM-VMGFFPNY.jpg,6,NORM,5568,4,1,4,1.0024313,0.8096676,0.92338234,0.6835985,3.1406913
/content/Dataset/DEB/DEB-VKSGAQTR.jpg,2,DEB,5569,3,1,3,1.0206441,0.7970801,1.0,0.68683904,3.1676621
/content/Dataset/LYM/LYM-TEWATGYT.jpg,3,LYM,5570,3,0,2,1.0495768,0.8084956,1.0,0.71082485,3.1902888
/content/Dataset/BACK/BACK-IITILFDL.jpg,1,BACK,5571,1,0,4,0.49980554,0.86484605,1.0,0.20048904,1.5258927
/content/Dataset/BACK/BACK-LDGFCAPW.jpg,1,BACK,5572,1,0,0,1.0743144,0.8090675,1.0,0.7041819,3.3558428
/content/Dataset/STR/STR-VDTSGVFM.jpg,7,STR,5573,7,0,5,0.92350614,0.77166855,1.0,0.6580705,2.834863
/content/Dataset/TUM/TUM-TAWWRETF.jpg,8,TUM,5574,3,1,3,1.0544358,0.82880414,0.94643795,0.68197095,3.3100731
/content/Dataset/DEB/DEB-AEKKSWWC.jpg,2,DEB,5575,3,1,3,1.0203779,0.7979286,1.0,0.6859476,3.1647935
/content/Dataset/ADI/ADI-CYHKIWWQ.jpg,0,ADI,5576,3,1,3,1.1024988,0.8215499,1.0,0.7220425,3.3855183
/content/Dataset/BACK/BACK-LHQQPLYH.jpg,1,BACK,5577,0,1,0,1.0758247,0.8110312,1.0,0.70433056,3.3532825
/content/Dataset/NORM/NORM-TDHKMAMM.jpg,6,NORM,5578,4,1,4,1.0201551,0.8320364,1.0,0.66533124,3.0623028
/content/Dataset/MUC/MUC-MEINERCT.jpg,4,MUC,5579,3,1,3,1.0179797,0.79344827,1.0,0.679223,3.1983662
/content/Dataset/BACK/BACK-LEKVQPIH.jpg,1,BACK,5580,0,1,0,1.0783422,0.81684,1.0,0.70289665,3.3412454
/content/Dataset/MUS/MUS-ARLGDLAY.jpg,5,MUS,5581,5,0,7,0.9537473,0.7837277,1.0,0.68582284,2.8595777
/content/Dataset/DEB/DEB-VTMPRKSM.jpg,2,DEB,5582,3,1,3,1.0200077,0.7954417,1.0,0.68726015,3.1710982
/content/Dataset/LYM/LYM-SIYCMWFG.jpg,3,LYM,5583,3,0,2,1.0464205,0.8049273,1.0,0.71008396,3.1936014
/content/Dataset/DEB/DEB-RTWQFHPR.jpg,2,DEB,5584,2,0,3,1.0160019,0.7891706,1.0,0.6873486,3.1805515
/content/Dataset/BACK/BACK-MCIATGDC.jpg,1,BACK,5585,1,0,5,1.0655347,0.82381296,0.9701802,0.70440483,3.2767303
/content/Dataset/MUC/MUC-VPCFEAGT.jpg,4,MUC,5586,4,0,3,1.0167726,0.7914628,1.0,0.6792746,3.2016602
/content/Dataset/TUM/TUM-WRLWLYSH.jpg,8,TUM,5587,6,1,6,0.98667985,0.7909584,1.0,0.690772,2.991403
/content/Dataset/ADI/ADI-HMPFCRQW.jpg,0,ADI,5588,0,0,4,1.0845753,0.8229548,1.0,0.72208214,3.2736764
/content/Dataset/TUM/TUM-TGHAFWTN.jpg,8,TUM,5589,6,1,6,0.99300146,0.81867087,1.0,0.6799722,2.928433
/content/Dataset/BACK/BACK-KKMYPAAH.jpg,1,BACK,5590,1,0,3,1.066226,0.8099717,1.0,0.704301,3.3024406
/content/Dataset/TUM/TUM-QWWDQKQD.jpg,8,TUM,5591,8,0,6,0.985314,0.7883555,1.0,0.6910327,2.995708
/content/Dataset/STR/STR-PIYKCPAC.jpg,7,STR,5592,7,0,5,0.9247001,0.7707822,1.0,0.66000986,2.839639
/content/Dataset/MUS/MUS-READFSRW.jpg,5,MUS,5593,5,0,7,0.9525569,0.7730031,1.0,0.6915109,2.8859522
/content/Dataset/STR/STR-PAVSVARN.jpg,7,STR,5594,7,0,5,0.92230606,0.76905334,1.0,0.65849483,2.8390598
/content/Dataset/NORM/NORM-WKNPRKCN.jpg,6,NORM,5595,6,0,8,0.97385657,0.7784828,1.0,0.6844969,3.0013425
/content/Dataset/DEB/DEB-QSGPGYPQ.jpg,2,DEB,5596,2,0,3,1.0185341,0.7930724,1.0,0.6873549,3.1746705
/content/Dataset/MUC/MUC-QMYHVMVP.jpg,4,MUC,5597,0,1,0,1.0300429,0.7984295,1.0,0.6773731,3.249925
/content/Dataset/LYM/LYM-SSDICLIQ.jpg,3,LYM,5598,3,0,4,1.0505825,0.8142296,0.97540516,0.71065456,3.2096837
/content/Dataset/DEB/DEB-SWYNWKNN.jpg,2,DEB,5599,2,0,3,1.0184891,0.79252017,1.0,0.68763626,3.1763384
/content/Dataset/NORM/NORM-QVCLTRRR.jpg,6,NORM,5600,6,0,8,0.9801363,0.8233013,1.0,0.6635139,2.8900237
/content/Dataset/ADI/ADI-FTVWHHVK.jpg,0,ADI,5601,3,1,3,1.1026758,0.82168776,1.0,0.72211564,3.3855104
/content/Dataset/DEB/DEB-TPGETGKF.jpg,2,DEB,5602,7,1,7,1.0265607,0.8252443,1.0,0.6789126,3.085089
/content/Dataset/TUM/TUM-VGETSHMW.jpg,8,TUM,5603,8,0,6,0.98436207,0.7872213,1.0,0.6907686,2.996822
/content/Dataset/LYM/LYM-NRMNEDLT.jpg,3,LYM,5604,4,1,4,1.0537511,0.81481194,0.98365563,0.71088576,3.2094152
/content/Dataset/NORM/NORM-PNRKESGN.jpg,6,NORM,5605,6,0,8,0.3755365,0.859391,1.0,0.13605694,1.0939698
/content/Dataset/BACK/BACK-INGLNRLM.jpg,1,BACK,5606,1,0,3,1.0660479,0.8094211,1.0,0.7045217,3.3036034
/content/Dataset/DEB/DEB-PYVIPIYT.jpg,2,DEB,5607,2,0,3,1.0185676,0.7927363,1.0,0.68758523,3.1758332
/content/Dataset/NORM/NORM-PNVYTCLP.jpg,6,NORM,5608,6,0,8,0.96983165,0.8384317,1.0,0.64554864,2.8238688
/content/Dataset/NORM/NORM-LSEYCGRE.jpg,6,NORM,5609,4,1,4,1.0170174,0.80765617,0.97886425,0.6830814,3.141344
/content/Dataset/BACK/BACK-NFLLMHDQ.jpg,1,BACK,5610,1,0,8,1.0648603,0.8158728,0.9965879,0.70423156,3.2687702
/content/Dataset/MUS/MUS-SVCKKQMD.jpg,5,MUS,5611,5,0,7,0.95368505,0.7749363,1.0,0.6914334,2.88323
/content/Dataset/NORM/NORM-SMYMVVLC.jpg,6,NORM,5612,6,0,8,0.97388154,0.7792901,1.0,0.68398786,2.9991357
/content/Dataset/ADI/ADI-ENGSYRWT.jpg,0,ADI,5613,0,0,3,1.1020212,0.8207389,1.0,0.722137,3.3869088
/content/Dataset/MUC/MUC-TKGILSAF.jpg,4,MUC,5614,4,0,7,0.99406916,0.7974308,1.0,0.6789039,3.0403368
/content/Dataset/STR/STR-YKQMKRWN.jpg,7,STR,5615,7,0,5,0.9269664,0.78890383,1.0,0.6513664,2.7956004
/content/Dataset/DEB/DEB-WYQETFPL.jpg,2,DEB,5616,2,0,6,0.9489984,0.85808474,1.0,0.57006633,2.8684635
/content/Dataset/DEB/DEB-QDWKERST.jpg,2,DEB,5617,2,0,3,1.0176746,0.7917814,1.0,0.68735826,3.176464
/content/Dataset/NORM/NORM-VFQASWFW.jpg,6,NORM,5618,6,0,8,0.9722602,0.77639866,1.0,0.6842357,3.0035117
/content/Dataset/ADI/ADI-FIASSPSR.jpg,0,ADI,5619,0,0,5,1.099167,0.83132136,0.9968311,0.7223894,3.3167675
/content/Dataset/MUS/MUS-VGIQYVEC.jpg,5,MUS,5620,5,0,7,0.95442796,0.77542305,1.0,0.69192904,2.883476
/content/Dataset/STR/STR-VKWWMAIS.jpg,7,STR,5621,7,0,5,0.92437404,0.77002424,1.0,0.6601054,2.8410678
/content/Dataset/NORM/NORM-APYNIETA.jpg,6,NORM,5622,4,1,4,1.0075347,0.8073068,0.94562596,0.6837278,3.1435707
/content/Dataset/TUM/TUM-WAKKISML.jpg,8,TUM,5623,6,1,6,0.9865752,0.79044396,1.0,0.69097865,2.9926705
/content/Dataset/ADI/ADI-CSGQPPKH.jpg,0,ADI,5624,0,0,2,1.0916603,0.8213173,1.0,0.7224811,3.3219078
/content/Dataset/MUS/MUS-QDKMYCDN.jpg,5,MUS,5625,5,0,7,0.95596284,0.7778881,1.0,0.6919154,2.8802857
/content/Dataset/MUS/MUS-PDWWIGHC.jpg,5,MUS,5626,5,0,7,0.95562065,0.77869916,1.0,0.6910625,2.8772187
/content/Dataset/LYM/LYM-VIHNDPVS.jpg,3,LYM,5627,8,1,8,1.0915238,0.8475674,1.0,0.69337255,3.2869685
/content/Dataset/TUM/TUM-RWETTPDL.jpg,8,TUM,5628,8,0,6,0.9834333,0.7853832,1.0,0.6910659,2.999714
/content/Dataset/NORM/NORM-ACGYPDHF.jpg,6,NORM,5629,6,0,8,0.98322475,0.8092734,1.0,0.6746159,2.9364557
/content/Dataset/TUM/TUM-RTKFWIEC.jpg,8,TUM,5630,8,0,6,0.98561823,0.78884906,1.0,0.69102865,2.9949956
/content/Dataset/LYM/LYM-SMRHYHMM.jpg,3,LYM,5631,3,0,2,1.0477219,0.80583316,1.0,0.71078783,3.193817
/content/Dataset/LYM/LYM-DKYRVVHC.jpg,3,LYM,5632,3,0,2,1.0479131,0.80561787,1.0,0.7110959,3.1949675
/content/Dataset/LYM/LYM-NWKTMFWI.jpg,3,LYM,5633,5,1,5,1.0772291,0.8344269,1.0,0.7042323,3.2351787
/content/Dataset/TUM/TUM-SIVHFFIE.jpg,8,TUM,5634,8,0,6,0.8832548,0.8832586,1.0,0.5516888,2.4822743
/content/Dataset/ADI/ADI-FISESKMT.jpg,0,ADI,5635,0,0,5,1.0951238,0.8307532,0.9847368,0.7225468,3.317931
/content/Dataset/MUC/MUC-QYIPFYYQ.jpg,4,MUC,5636,6,1,6,1.0210053,0.8176366,1.0,0.67359847,3.110124
/content/Dataset/MUC/MUC-NAMQMLKG.jpg,4,MUC,5637,4,0,3,1.0160731,0.7913584,1.0,0.6786726,3.2002316
/content/Dataset/ADI/ADI-HCYTSRYF.jpg,0,ADI,5638,3,1,3,1.1026016,0.82155824,1.0,0.7221393,3.3857121
/content/Dataset/BACK/BACK-LSDTRFYD.jpg,1,BACK,5639,1,0,3,1.0664694,0.81069523,1.0,0.70405227,3.3008184
/content/Dataset/STR/STR-RKRDSKNR.jpg,7,STR,5640,5,1,5,0.93216896,0.7993095,1.0,0.6507485,2.7791665
/content/Dataset/MUS/MUS-SRCGNQSP.jpg,5,MUS,5641,5,0,7,0.9531614,0.77709,1.0,0.68944067,2.87633
/content/Dataset/DEB/DEB-VCIEIFWW.jpg,2,DEB,5642,3,1,3,1.0197554,0.7956212,1.0,0.68689084,3.169981
/content/Dataset/TUM/TUM-TLQTNFQA.jpg,8,TUM,5643,6,1,6,0.986415,0.7923324,1.0,0.68952215,2.9872622
/content/Dataset/NORM/NORM-VSFTKVNP.jpg,6,NORM,5644,5,1,5,1.0176839,0.82902074,0.8434218,0.6829888,3.2737591
/content/Dataset/BACK/BACK-KWNQHPNP.jpg,1,BACK,5645,0,1,0,1.0755526,0.8104697,1.0,0.70443135,3.3544269
/content/Dataset/MUS/MUS-PIEMAKFQ.jpg,5,MUS,5646,5,0,7,0.9592475,0.78390795,1.0,0.6914809,2.871277
/content/Dataset/LYM/LYM-SQYWQDSQ.jpg,3,LYM,5647,3,0,4,1.0495236,0.8145013,0.9701803,0.7109984,3.210177
/content/Dataset/DEB/DEB-NWRRSMAD.jpg,2,DEB,5648,2,0,3,1.0183514,0.7920222,1.0,0.6878438,3.1774385
/content/Dataset/LYM/LYM-PNLAYVTQ.jpg,3,LYM,5649,4,1,4,1.0590061,0.8156991,1.0,0.7105749,3.207162
/content/Dataset/ADI/ADI-INQPGGRV.jpg,0,ADI,5650,3,1,3,1.1028323,0.8214067,1.0,0.72246456,3.3866954
/content/Dataset/MUS/MUS-QNSMFEPF.jpg,5,MUS,5651,5,0,7,0.956111,0.7780993,1.0,0.69196683,2.8799412
/content/Dataset/MUS/MUS-SYRLMLIV.jpg,5,MUS,5652,5,0,7,0.95594615,0.7778438,1.0,0.69190973,2.8804216
/content/Dataset/MUC/MUC-NYVLFSAR.jpg,4,MUC,5653,4,0,3,1.0169001,0.7914479,1.0,0.67940193,3.2020385
/content/Dataset/BACK/BACK-AFNEEIPK.jpg,1,BACK,5654,0,1,0,1.0798333,0.8218856,1.0,0.70104605,3.3291118
/content/Dataset/NORM/NORM-TSQRYENE.jpg,6,NORM,5655,6,0,8,0.9746516,0.7799557,1.0,0.6843546,2.9989946
/content/Dataset/NORM/NORM-NCLGRNIG.jpg,6,NORM,5656,6,0,8,0.973316,0.77801955,1.0,0.68422323,3.0014753
/content/Dataset/DEB/DEB-SPHQMFAK.jpg,2,DEB,5657,8,1,8,1.0489823,0.8225938,1.0,0.6805355,3.2206428
/content/Dataset/LYM/LYM-SPMCRMTR.jpg,3,LYM,5658,3,0,2,1.0532057,0.81834215,1.0,0.70792365,3.1697354
/content/Dataset/MUS/MUS-QASQMCPM.jpg,5,MUS,5659,5,0,7,0.95555377,0.77777153,1.0,0.6915703,2.8796592
/content/Dataset/MUC/MUC-WSMCNPHQ.jpg,4,MUC,5660,4,0,3,1.0172532,0.79253376,1.0,0.679054,3.1995628
/content/Dataset/NORM/NORM-RNECDCQR.jpg,6,NORM,5661,6,0,8,0.97798645,0.78620625,1.0,0.68370825,2.9890432
/content/Dataset/STR/STR-YNLSHGRE.jpg,7,STR,5662,2,1,2,0.9658597,0.79638374,0.90124923,0.6587178,3.1195242
/content/Dataset/LYM/LYM-SPMKSYGY.jpg,3,LYM,5663,3,0,2,1.0469977,0.8056015,1.0,0.7102266,3.1928554
/content/Dataset/BACK/BACK-GTNPQGWS.jpg,1,BACK,5664,0,1,0,1.075606,0.81145674,1.0,0.70382494,3.3514996
/content/Dataset/BACK/BACK-PCRIRWVC.jpg,1,BACK,5665,1,0,3,1.0666336,0.8106192,1.0,0.7042722,3.3013916
/content/Dataset/NORM/NORM-MSGLCPQC.jpg,6,NORM,5666,6,0,8,0.9716452,0.77567136,1.0,0.68403906,3.0042868
/content/Dataset/DEB/DEB-QNKSEWCP.jpg,2,DEB,5667,3,1,3,1.020298,0.7956751,1.0,0.68742526,3.1709785
/content/Dataset/MUS/MUS-CFQKMMHA.jpg,5,MUS,5668,7,1,7,0.9615741,0.7868065,1.0,0.69201285,2.868748
/content/Dataset/STR/STR-MPCICTRW.jpg,7,STR,5669,8,1,8,0.9997857,0.8182729,1.0,0.64324003,3.0913262
/content/Dataset/STR/STR-NCICSEGF.jpg,7,STR,5670,7,0,5,0.9235437,0.7697789,1.0,0.65939796,2.8397758
/content/Dataset/LYM/LYM-PTKYAYVP.jpg,3,LYM,5671,3,0,2,1.0478376,0.80584264,1.0,0.7108821,3.1940987
/content/Dataset/LYM/LYM-SRLGPIQN.jpg,3,LYM,5672,3,0,2,1.0486866,0.8073269,1.0,0.71071273,3.1917365
/content/Dataset/MUC/MUC-AFTYGWME.jpg,4,MUC,5673,4,0,6,1.008162,0.8001148,0.975286,0.6790886,3.1493723
/content/Dataset/ADI/ADI-GKYAEFEE.jpg,0,ADI,5674,3,1,3,1.1022873,0.82118404,1.0,0.72208893,3.3861542
/content/Dataset/NORM/NORM-WIREQLTF.jpg,6,NORM,5675,7,1,7,1.0049891,0.8148428,0.91217905,0.6828555,3.1507215
/content/Dataset/BACK/BACK-HTDGTLNQ.jpg,1,BACK,5676,1,0,3,1.0661752,0.81025094,1.0,0.70404553,3.3015497
/content/Dataset/MUC/MUC-YLFWHEDD.jpg,4,MUC,5677,4,0,3,1.0173645,0.7920025,1.0,0.6795366,3.201336
/content/Dataset/STR/STR-SGEMLRLT.jpg,7,STR,5678,7,0,5,0.9254991,0.7733463,1.0,0.65928066,2.834394
/content/Dataset/TUM/TUM-SSWSISVT.jpg,8,TUM,5679,6,1,6,0.98727846,0.79236805,1.0,0.69042456,2.9889677
/content/Dataset/MUC/MUC-VDLALEAN.jpg,4,MUC,5680,3,1,3,1.0178798,0.79299974,1.0,0.6794169,3.1994781
/content/Dataset/MUS/MUS-VFNYIHCT.jpg,5,MUS,5681,5,0,7,0.95883614,0.78368914,1.0,0.6911795,2.870989
/content/Dataset/TUM/TUM-VKPQYMKT.jpg,8,TUM,5682,6,1,6,0.98748404,0.79210484,1.0,0.69082785,2.990091
/content/Dataset/LYM/LYM-TFHVRNSC.jpg,3,LYM,5683,3,0,2,1.0493524,0.8086554,1.0,0.71048075,3.1893728
/content/Dataset/MUC/MUC-YAAQIVCK.jpg,4,MUC,5684,4,0,6,1.0173583,0.8038115,1.0,0.6785159,3.142714
/content/Dataset/LYM/LYM-VNSAVNFG.jpg,3,LYM,5685,3,0,2,1.048582,0.80773354,1.0,0.71035004,3.1902704
/content/Dataset/MUS/MUS-NYMYDALV.jpg,5,MUS,5686,5,0,7,0.9557476,0.7770792,1.0,0.692246,2.8819048
/content/Dataset/STR/STR-MYWDGSCD.jpg,7,STR,5687,7,0,8,0.28548676,0.8155539,1.0,0.039372228,0.8918178
/content/Dataset/ADI/ADI-FRQTKGDF.jpg,0,ADI,5688,3,1,3,1.1022474,0.821098,1.0,0.72211033,3.3863227
/content/Dataset/LYM/LYM-YQHEMWMY.jpg,3,LYM,5689,2,1,2,1.054099,0.82063687,1.0,0.70731056,3.1650736
/content/Dataset/NORM/NORM-NIGYRVKL.jpg,6,NORM,5690,4,1,4,1.0066944,0.80769134,0.9412497,0.68391806,3.1436303
/content/Dataset/DEB/DEB-PAVWASGY.jpg,2,DEB,5691,2,0,3,1.0173415,0.7911759,1.0,0.68739337,3.1775994
/content/Dataset/MUC/MUC-RAQVHVPQ.jpg,4,MUC,5692,4,0,3,1.0165561,0.7923354,1.0,0.67848766,3.1985276
/content/Dataset/MUS/MUS-SDVWLFYH.jpg,5,MUS,5693,5,0,7,0.9554013,0.77672756,1.0,0.69208574,2.8821638
/content/Dataset/BACK/BACK-MDKKDVMT.jpg,1,BACK,5694,1,0,3,1.0661978,0.810402,1.0,0.70397043,3.3011303
/content/Dataset/BACK/BACK-KLTKREHS.jpg,1,BACK,5695,2,1,2,1.0811324,0.8296823,1.0,0.69900817,3.3018186
/content/Dataset/STR/STR-SVAGDIYD.jpg,7,STR,5696,7,0,6,0.7260929,0.8849639,1.0,0.37731186,2.1705945
/content/Dataset/MUC/MUC-RWIWLYST.jpg,4,MUC,5697,4,0,7,0.9973291,0.80494106,1.0,0.6775223,3.026149
/content/Dataset/BACK/BACK-LYWYDYAP.jpg,1,BACK,5698,1,0,3,1.0663784,0.8102304,1.0,0.7042758,3.30201
/content/Dataset/MUC/MUC-VCVCQGYV.jpg,4,MUC,5699,4,0,6,0.6663476,0.89668584,1.0,0.33916673,1.9410174
/content/Dataset/TUM/TUM-WQSHCCNQ.jpg,8,TUM,5700,6,1,6,0.9902946,0.82531273,1.0,0.6734437,2.9039218
/content/Dataset/LYM/LYM-LPSLMAHL.jpg,3,LYM,5701,3,0,6,1.0483079,0.8691324,1.0,0.652377,3.0834434
/content/Dataset/ADI/ADI-FVSTPKSI.jpg,0,ADI,5702,3,1,3,1.1026937,0.8211799,1.0,0.72248346,3.3870823
/content/Dataset/BACK/BACK-KSDEYGRG.jpg,1,BACK,5703,0,1,0,1.078863,0.8203558,1.0,0.70110357,3.3316033
/content/Dataset/STR/STR-PHTTKEYL.jpg,7,STR,5704,7,0,5,0.82334834,0.8736133,1.0,0.51788056,2.3150368
/content/Dataset/BACK/BACK-CADVHKYR.jpg,1,BACK,5705,0,1,0,1.0761362,0.81695884,1.0,0.7006186,3.336072
/content/Dataset/MUS/MUS-AYANLCDT.jpg,5,MUS,5706,5,0,7,0.9587359,0.7819536,1.0,0.6922004,2.8754306
/content/Dataset/MUC/MUC-VRLSFQAI.jpg,4,MUC,5707,4,0,3,1.0171686,0.7922721,1.0,0.67915165,3.2001126
/content/Dataset/NORM/NORM-YDGNGIPC.jpg,6,NORM,5708,6,0,4,0.28579247,0.7970946,1.0,0.041073002,0.9109167
/content/Dataset/MUS/MUS-SLGSYADI.jpg,5,MUS,5709,5,0,7,0.95059294,0.7715516,1.0,0.690363,2.8855715
/content/Dataset/BACK/BACK-MKGEISQN.jpg,1,BACK,5710,1,0,3,1.0655155,0.809211,1.0,0.70410544,3.303155
/content/Dataset/STR/STR-VVNHYCRY.jpg,7,STR,5711,7,0,5,0.92340577,0.7692539,1.0,0.65946484,2.841256
/content/Dataset/MUS/MUS-AIPPIVKT.jpg,5,MUS,5712,5,0,7,0.95603144,0.77764887,1.0,0.6921658,2.8810177
/content/Dataset/STR/STR-PNALVARS.jpg,7,STR,5713,7,0,5,0.9274844,0.78542835,1.0,0.6539596,2.8062146
/content/Dataset/BACK/BACK-KITSTSDQ.jpg,1,BACK,5714,1,0,0,1.07485,0.8102737,1.0,0.70390856,3.353303
/content/Dataset/MUC/MUC-THRNYAIT.jpg,4,MUC,5715,4,0,7,0.9928161,0.7967726,1.0,0.6780072,3.0395198
/content/Dataset/TUM/TUM-QATPMKCD.jpg,8,TUM,5716,8,0,6,0.9849421,0.7873901,1.0,0.69128424,2.9975617
/content/Dataset/MUS/MUS-RTKDFFRA.jpg,5,MUS,5717,7,1,7,0.9620322,0.78955925,1.0,0.6907486,2.8623157
/content/Dataset/TUM/TUM-SCDFCRLK.jpg,8,TUM,5718,8,0,6,0.5896698,0.89825594,1.0,0.30717903,1.6557707
/content/Dataset/STR/STR-WEPCQPTI.jpg,7,STR,5719,7,0,5,0.9192382,0.76289606,1.0,0.6590177,2.8491745
/content/Dataset/LYM/LYM-RASFYISF.jpg,3,LYM,5720,3,0,2,1.0470614,0.80696595,1.0,0.70939505,3.188951
/content/Dataset/TUM/TUM-SRRVQVYN.jpg,8,TUM,5721,8,0,6,0.77800876,0.8957776,1.0,0.45968592,2.178425
/content/Dataset/BACK/BACK-LCHKRSVW.jpg,1,BACK,5722,1,0,3,1.0666454,0.8106928,1.0,0.7042344,3.3011966
/content/Dataset/BACK/BACK-KYECQNEE.jpg,1,BACK,5723,1,0,3,1.0665483,0.81032497,1.0,0.70436853,3.3021502
/content/Dataset/BACK/BACK-KEIKKTMK.jpg,1,BACK,5724,1,0,0,1.0745767,0.8101058,1.0,0.7037477,3.3532197
/content/Dataset/STR/STR-YYRTIHPT.jpg,7,STR,5725,7,0,5,0.92181855,0.76840985,1.0,0.658423,2.8395681
/content/Dataset/MUS/MUS-RVMYQYPW.jpg,5,MUS,5726,7,1,7,0.9678156,0.80715317,1.0,0.6857252,2.8282495
/content/Dataset/DEB/DEB-SEWRPQVK.jpg,2,DEB,5727,2,0,3,1.017711,0.79304945,1.0,0.6864408,3.1732025
/content/Dataset/ADI/ADI-EKMAARRR.jpg,0,ADI,5728,0,0,4,1.0854496,0.82381135,1.0,0.7223365,3.2731652
/content/Dataset/MUS/MUS-PQMDIMQD.jpg,5,MUS,5729,7,1,7,0.96543276,0.80223393,1.0,0.68626076,2.8361773
/content/Dataset/STR/STR-YWCWSDGQ.jpg,7,STR,5730,5,1,5,0.92949235,0.7792293,1.0,0.65991455,2.8273022
/content/Dataset/STR/STR-MMIPVYVY.jpg,7,STR,5731,7,0,5,0.9246566,0.7728832,1.0,0.65859514,2.8339877
/content/Dataset/ADI/ADI-FARLMGII.jpg,0,ADI,5732,3,1,3,1.1024873,0.8209238,1.0,0.72246283,3.3873851
/content/Dataset/BACK/BACK-AENQCLVR.jpg,1,BACK,5733,0,1,0,1.076403,0.8144967,1.0,0.70260036,3.3438823
/content/Dataset/ADI/ADI-DCNTPWDH.jpg,0,ADI,5734,3,1,3,1.1026134,0.82165515,1.0,0.7220963,3.3853996
/content/Dataset/NORM/NORM-WDSKWNHW.jpg,6,NORM,5735,6,0,8,0.97216374,0.77632564,1.0,0.68415624,3.0035884
/content/Dataset/MUC/MUC-VTPVEAAC.jpg,4,MUC,5736,4,0,6,0.94167715,0.875548,1.0,0.57315767,2.745025
/content/Dataset/DEB/DEB-SYDEFGHP.jpg,2,DEB,5737,2,0,3,1.0189472,0.7934581,1.0,0.6874949,3.1745524
/content/Dataset/BACK/BACK-LLQVEYWQ.jpg,1,BACK,5738,0,1,0,1.075552,0.8109757,1.0,0.7040908,3.3528702
/content/Dataset/ADI/ADI-HAVDDVMN.jpg,0,ADI,5739,5,1,5,1.1034667,0.83784854,1.0,0.7212856,3.3044815
/content/Dataset/LYM/LYM-AHNHAYYT.jpg,3,LYM,5740,3,0,2,1.0483406,0.8063532,1.0,0.7110449,3.193718
/content/Dataset/DEB/DEB-TWHDEVFM.jpg,2,DEB,5741,2,0,3,1.01807,0.7916089,1.0,0.6878399,3.1779947
/content/Dataset/BACK/BACK-DPLWFYKQ.jpg,1,BACK,5742,0,1,0,1.076169,0.81177807,1.0,0.7041694,3.3517592
/content/Dataset/STR/STR-QENNICMA.jpg,7,STR,5743,7,0,5,0.925093,0.77175915,1.0,0.6597792,2.8379831
/content/Dataset/LYM/LYM-RCKRAQRA.jpg,3,LYM,5744,4,1,4,1.0536536,0.81503147,0.98245543,0.71101284,3.2093623
/content/Dataset/MUC/MUC-TRWNCERP.jpg,4,MUC,5745,4,0,3,1.0150893,0.7897477,1.0,0.6787313,3.2028217
/content/Dataset/BACK/BACK-MDNHWYLD.jpg,1,BACK,5746,1,0,4,0.38119218,0.8518839,1.0,0.1154599,1.1573572
/content/Dataset/LYM/LYM-PEFDSVPF.jpg,3,LYM,5747,4,1,4,1.0544727,0.8148854,0.9855788,0.71096355,3.2095006
/content/Dataset/MUS/MUS-TCMRIWKN.jpg,5,MUS,5748,5,0,7,0.9541088,0.7749151,1.0,0.6919317,2.88412
/content/Dataset/STR/STR-NNMANQLC.jpg,7,STR,5749,7,0,5,0.92167574,0.7664299,1.0,0.659439,2.844902
/content/Dataset/NORM/NORM-PWNTWQSP.jpg,6,NORM,5750,6,0,8,0.9753406,0.78564113,1.0,0.6812501,2.9849453
/content/Dataset/DEB/DEB-QLRKGAGA.jpg,2,DEB,5751,2,0,3,1.0184233,0.79270613,1.0,0.6874576,3.1755986
/content/Dataset/BACK/BACK-LRLLYAVT.jpg,1,BACK,5752,1,0,3,1.06574,0.80947393,1.0,0.7041725,3.302786
/content/Dataset/BACK/BACK-FNCNHMPT.jpg,1,BACK,5753,2,1,2,1.0832139,0.8316441,1.0,0.69977736,3.3004723
/content/Dataset/BACK/BACK-KWFQTVWW.jpg,1,BACK,5754,1,0,5,1.0617917,0.8233297,0.95864326,0.70456415,3.2777753
/content/Dataset/BACK/BACK-KQICSLNN.jpg,1,BACK,5755,1,0,3,1.0651339,0.8089008,1.0,0.7039567,3.3031583
/content/Dataset/ADI/ADI-IAMIKNQL.jpg,0,ADI,5756,3,1,3,1.1022741,0.82119614,1.0,0.72208184,3.3860354
/content/Dataset/BACK/BACK-HDKWWLCP.jpg,1,BACK,5757,1,0,3,1.0657141,0.80933815,1.0,0.7042141,3.3032255
/content/Dataset/BACK/BACK-LGAWSISE.jpg,1,BACK,5758,2,1,2,1.082026,0.824612,1.0,0.7031235,3.319303
/content/Dataset/BACK/BACK-PASQHPVS.jpg,1,BACK,5759,1,0,3,1.0658908,0.8094738,1.0,0.7043034,3.303192
/content/Dataset/DEB/DEB-RSDDWTVS.jpg,2,DEB,5760,2,0,3,1.0183662,0.79226285,1.0,0.6876958,3.1767726
/content/Dataset/MUC/MUC-YPKPYECR.jpg,4,MUC,5761,4,0,7,0.31047475,0.80941075,1.0,0.06924251,0.9691353
/content/Dataset/DEB/DEB-YGGHMRQC.jpg,2,DEB,5762,2,0,3,1.0184951,0.79364765,1.0,0.68691766,3.1729434
/content/Dataset/BACK/BACK-AEFDLNAF.jpg,1,BACK,5763,0,1,0,1.0759999,0.8182711,1.0,0.6996486,3.3316462
/content/Dataset/LYM/LYM-QMNNYTWH.jpg,3,LYM,5764,5,1,5,1.0605704,0.82356465,0.95153147,0.7095788,3.2640219
/content/Dataset/MUC/MUC-PWKCPCVW.jpg,4,MUC,5765,4,0,3,1.0167533,0.79134643,1.0,0.6793717,3.2018213
/content/Dataset/LYM/LYM-YNMLSHVR.jpg,3,LYM,5766,4,1,4,1.0590318,0.81570727,1.0,0.7105744,3.2072685
/content/Dataset/STR/STR-NAQVQDAR.jpg,7,STR,5767,7,0,5,0.92586225,0.77372944,1.0,0.659409,2.834233
/content/Dataset/LYM/LYM-RTIMFKIG.jpg,3,LYM,5768,3,0,2,1.047801,0.8057234,1.0,0.71091026,3.1944194
/content/Dataset/DEB/DEB-RFTEILKK.jpg,2,DEB,5769,2,0,3,1.0168778,0.7907971,1.0,0.68717915,3.1776476
/content/Dataset/STR/STR-RYTWMVIN.jpg,7,STR,5770,7,0,5,0.9116636,0.76791286,1.0,0.64749384,2.8189294
/content/Dataset/ADI/ADI-FAHLMEWE.jpg,0,ADI,5771,0,0,4,1.0859181,0.82431304,1.0,0.7224495,3.2727458
/content/Dataset/LYM/LYM-RRRDQYRN.jpg,3,LYM,5772,4,1,4,1.0541543,0.8148286,0.98473686,0.7109334,3.209565
/content/Dataset/TUM/TUM-VVHRWTLL.jpg,8,TUM,5773,8,0,6,0.98412675,0.7867846,1.0,0.69085765,2.997365
/content/Dataset/STR/STR-SCVKCWSK.jpg,7,STR,5774,7,0,5,0.92303586,0.76865673,1.0,0.65944463,2.8420482
/content/Dataset/BACK/BACK-ISVKLHHE.jpg,1,BACK,5775,2,1,2,1.0807059,0.82633615,1.0,0.7007478,3.3110201
/content/Dataset/DEB/DEB-QDSACCND.jpg,2,DEB,5776,5,1,5,1.0528452,0.83737516,1.0,0.6782124,3.174596
/content/Dataset/LYM/LYM-QLKITKGL.jpg,3,LYM,5777,4,1,4,1.0587183,0.81515765,1.0,0.71060693,3.2082555
/content/Dataset/LYM/LYM-NLRDATLC.jpg,3,LYM,5778,4,1,4,1.0591239,0.81528383,1.0,0.71093243,3.208757
/content/Dataset/DEB/DEB-PANVVPCM.jpg,2,DEB,5779,8,1,8,1.038219,0.84861386,1.0,0.655638,3.1156523
/content/Dataset/STR/STR-THMHPTAR.jpg,7,STR,5780,7,0,8,0.8259185,0.88228154,1.0,0.46102977,2.4559016
/content/Dataset/DEB/DEB-YYWTMVGA.jpg,2,DEB,5781,2,0,3,1.0179952,0.7921747,1.0,0.68740594,3.17609
/content/Dataset/MUC/MUC-CACQSVMS.jpg,4,MUC,5782,4,0,7,0.9962389,0.80211216,1.0,0.6781665,3.031823
/content/Dataset/ADI/ADI-HPMEQYFR.jpg,0,ADI,5783,0,0,5,1.0979732,0.8308865,0.99440056,0.7222909,3.3170276
/content/Dataset/MUS/MUS-PQWKHWQY.jpg,5,MUS,5784,5,0,7,0.95874035,0.78175545,1.0,0.69233376,2.875975
/content/Dataset/ADI/ADI-HGQQQCEP.jpg,0,ADI,5785,0,0,5,1.0997058,0.83104736,1.0,0.72215855,3.316465
/content/Dataset/STR/STR-RWPTRYVF.jpg,7,STR,5786,5,1,5,0.93331987,0.79983443,1.0,0.65169626,2.780155
/content/Dataset/LYM/LYM-NDTFQFPK.jpg,3,LYM,5787,3,0,4,1.0501081,0.8141955,0.97302675,0.7109211,3.210401
/content/Dataset/ADI/ADI-CSGATGSW.jpg,0,ADI,5788,0,0,3,1.1020708,0.8207828,1.0,0.72215873,3.3868723
/content/Dataset/STR/STR-ACSFSCFG.jpg,7,STR,5789,7,0,5,0.9244152,0.77007794,1.0,0.66013974,2.8409393
/content/Dataset/ADI/ADI-ERNKAWMP.jpg,0,ADI,5790,0,0,4,1.0846492,0.82287097,1.0,0.7221993,3.2741268
/content/Dataset/MUS/MUS-CMSIWAFF.jpg,5,MUS,5791,5,0,7,0.9577361,0.78185546,1.0,0.69123125,2.8734238
/content/Dataset/MUC/MUC-YHEKEPTS.jpg,4,MUC,5792,4,0,3,1.0165031,0.7909699,1.0,0.6793344,3.2024899
/content/Dataset/MUS/MUS-CDKMPKIQ.jpg,5,MUS,5793,5,0,7,0.95567816,0.77818763,1.0,0.6914,2.8789046
/content/Dataset/LYM/LYM-SLGCYWIG.jpg,3,LYM,5794,3,0,2,1.0489527,0.80726826,1.0,0.71105,3.1923847
/content/Dataset/TUM/TUM-VMADDGGS.jpg,8,TUM,5795,8,0,6,0.9853007,0.78835195,1.0,0.6910249,2.9956765
/content/Dataset/STR/STR-TFNMWEQP.jpg,7,STR,5796,7,0,5,0.92646354,0.823382,1.0,0.6323512,2.7004313
/content/Dataset/STR/STR-WPEHWQCC.jpg,7,STR,5797,2,1,2,0.94513947,0.8036006,1.0,0.6039815,2.983138
/content/Dataset/DEB/DEB-WFTRGRFK.jpg,2,DEB,5798,2,0,7,1.0092347,0.810591,0.9492111,0.6857311,3.1231248
/content/Dataset/STR/STR-RWQRTDYK.jpg,7,STR,5799,7,0,5,0.9202329,0.763713,1.0,0.6595498,2.8492565
/content/Dataset/MUS/MUS-PGQMWACD.jpg,5,MUS,5800,0,1,0,1.0503533,0.81409943,0.9639237,0.6888101,3.309128
/content/Dataset/MUC/MUC-CRREGDVY.jpg,4,MUC,5801,4,0,7,0.9931224,0.8104508,1.0,0.6700881,3.000417
/content/Dataset/TUM/TUM-QEYLIDRW.jpg,8,TUM,5802,6,1,6,0.9915848,0.8104404,1.0,0.68342537,2.948348
/content/Dataset/DEB/DEB-STSSSMPT.jpg,2,DEB,5803,3,1,3,1.0194553,0.79477453,1.0,0.68712807,3.1718597
/content/Dataset/ADI/ADI-CFVYFSLE.jpg,0,ADI,5804,3,1,3,1.1025723,0.8215299,1.0,0.72214425,3.38568
/content/Dataset/BACK/BACK-NWLPQNAW.jpg,1,BACK,5805,1,0,3,1.0663184,0.81024206,1.0,0.7042106,3.3018339
/content/Dataset/DEB/DEB-WFNEAVCR.jpg,2,DEB,5806,2,0,3,1.0176984,0.7921602,1.0,0.6871062,3.1754866
/content/Dataset/DEB/DEB-QFVYSVAF.jpg,2,DEB,5807,2,0,3,1.0172236,0.79114157,1.0,0.6872582,3.1775684
/content/Dataset/STR/STR-TNPKVFDR.jpg,7,STR,5808,7,0,5,0.92348737,0.7704725,1.0,0.65879637,2.8380873
/content/Dataset/ADI/ADI-HKILKLWQ.jpg,0,ADI,5809,0,0,2,1.0910996,0.8210745,1.0,0.7221005,3.3213868
/content/Dataset/BACK/BACK-AFDRALSV.jpg,1,BACK,5810,1,0,3,1.066118,0.8094046,1.0,0.70457673,3.3039038
/content/Dataset/ADI/ADI-GCFNIFLV.jpg,0,ADI,5811,0,0,4,1.0852987,0.8240815,1.0,0.72201574,3.2720098
/content/Dataset/LYM/LYM-NHRPTKVW.jpg,3,LYM,5812,3,0,2,1.0474157,0.80498743,1.0,0.7110401,3.1956391
/content/Dataset/DEB/DEB-ACIGGHEY.jpg,2,DEB,5813,2,0,3,1.0176272,0.7916937,1.0,0.68733424,3.1767366
/content/Dataset/BACK/BACK-KYDLHPDE.jpg,1,BACK,5814,0,1,0,1.0767124,0.81293064,1.0,0.7039201,3.349488
/content/Dataset/NORM/NORM-SEPVGIVM.jpg,6,NORM,5815,4,1,4,1.0229745,0.8320533,1.0,0.667731,3.0697474
/content/Dataset/ADI/ADI-GCNDYAWL.jpg,0,ADI,5816,0,0,5,1.1003008,0.8320981,1.0,0.7220115,3.314725
/content/Dataset/NORM/NORM-WHFLVCQE.jpg,6,NORM,5817,4,1,4,1.004967,0.80732244,0.9358649,0.6840519,3.1444218
/content/Dataset/MUS/MUS-SEIMKDMT.jpg,5,MUS,5818,7,1,7,0.9630615,0.79974455,1.0,0.6853792,2.83751
/content/Dataset/TUM/TUM-TVSWDTHE.jpg,8,TUM,5819,8,0,6,0.9855974,0.7892331,1.0,0.6907477,2.9939044
/content/Dataset/NORM/NORM-YHCIEMPK.jpg,6,NORM,5820,4,1,4,1.0056255,0.8071451,0.9397571,0.6836662,3.1437378
/content/Dataset/ADI/ADI-GEVRTIDP.jpg,0,ADI,5821,3,1,3,1.1029465,0.82229704,1.0,0.7219595,3.3842711
/content/Dataset/ADI/ADI-EFTANTQS.jpg,0,ADI,5822,5,1,5,1.1034205,0.83786976,1.0,0.7212017,3.3044102
/content/Dataset/LYM/LYM-LHFFHPNV.jpg,3,LYM,5823,3,0,4,1.0531654,0.8153119,0.98006,0.71106344,3.209124
/content/Dataset/BACK/BACK-CGQRTKHQ.jpg,1,BACK,5824,1,0,3,1.0656992,0.80934745,1.0,0.7042271,3.3030388
/content/Dataset/MUS/MUS-PPMVTLTI.jpg,5,MUS,5825,7,1,7,0.9670223,0.82085514,1.0,0.67690694,2.7899535
/content/Dataset/TUM/TUM-QIGVTLAM.jpg,8,TUM,5826,8,0,6,0.9836457,0.78653014,1.0,0.6905092,2.9970567
/content/Dataset/ADI/ADI-DNPWIILG.jpg,0,ADI,5827,0,0,5,1.098438,0.8317735,0.9944005,0.72212785,3.3154814
/content/Dataset/MUC/MUC-VLGCYDYK.jpg,4,MUC,5828,4,0,6,1.0173395,0.8034102,1.0,0.67881286,3.1436422
/content/Dataset/TUM/TUM-SQTVRILI.jpg,8,TUM,5829,8,0,6,0.9853785,0.7885674,1.0,0.6909492,2.9952981
/content/Dataset/ADI/ADI-IQLISPDF.jpg,0,ADI,5830,0,0,4,1.0843854,0.8226941,1.0,0.72207016,3.274032
/content/Dataset/LYM/LYM-AAFQCRPY.jpg,3,LYM,5831,0,1,0,1.0863682,0.8244534,1.0,0.70254856,3.347769
/content/Dataset/ADI/ADI-FWGHPVIE.jpg,0,ADI,5832,0,0,5,1.0925198,0.8301289,0.9792227,0.72216487,3.3177276
/content/Dataset/BACK/BACK-KKRHTERW.jpg,1,BACK,5833,1,0,0,1.0748179,0.80971044,1.0,0.70423347,3.3550472
/content/Dataset/TUM/TUM-THIDCARY.jpg,8,TUM,5834,8,0,6,0.92630875,0.8187257,1.0,0.6144944,2.7736635
/content/Dataset/TUM/TUM-RRKTWTLK.jpg,8,TUM,5835,8,0,6,0.9847827,0.79090273,1.0,0.68880564,2.9874763
/content/Dataset/STR/STR-RERLYPDK.jpg,7,STR,5836,7,0,5,0.92062664,0.76531065,1.0,0.6590997,2.8453364
/content/Dataset/DEB/DEB-YCPTCSNQ.jpg,2,DEB,5837,2,0,7,0.55951095,0.8721358,1.0,0.25678116,1.6773585
/content/Dataset/LYM/LYM-HGEMLPFA.jpg,3,LYM,5838,3,0,4,1.0508074,0.81456625,0.9742152,0.7110062,3.2100534
/content/Dataset/STR/STR-SYWRRPEE.jpg,7,STR,5839,7,0,5,0.9210088,0.7662538,1.0,0.6588133,2.8439362
/content/Dataset/DEB/DEB-VYKGISTD.jpg,2,DEB,5840,2,0,7,0.3102946,0.7683724,1.0,0.05073254,1.04378
/content/Dataset/STR/STR-QLTCKKRH.jpg,7,STR,5841,7,0,5,0.9194137,0.76407135,1.0,0.6584692,2.8463228
/content/Dataset/DEB/DEB-AEPEEHTL.jpg,2,DEB,5842,2,0,3,1.0182136,0.7923357,1.0,0.68750334,3.1761727
/content/Dataset/MUC/MUC-QKFELGHK.jpg,4,MUC,5843,0,1,0,1.033492,0.8034127,1.0,0.677615,3.2425904
/content/Dataset/NORM/NORM-YIAPTICN.jpg,6,NORM,5844,6,0,5,0.98715055,0.87938845,1.0,0.58716196,2.9260478
/content/Dataset/ADI/ADI-DQKITRGN.jpg,0,ADI,5845,0,0,5,1.0997975,0.8314398,0.9992678,0.72219664,3.316048
/content/Dataset/LYM/LYM-TVTTPGTC.jpg,3,LYM,5846,3,0,2,1.0470048,0.80494297,1.0,0.7106295,3.194958
/content/Dataset/ADI/ADI-DIVKQSYH.jpg,0,ADI,5847,0,0,4,1.0850645,0.826771,1.0,0.7200135,3.2635045
/content/Dataset/STR/STR-QEWMGGKY.jpg,7,STR,5848,7,0,4,0.70810324,0.8791406,1.0,0.38010415,2.0908518
/content/Dataset/MUS/MUS-QDQMSRCS.jpg,5,MUS,5849,0,1,0,1.0512047,0.8390484,1.0,0.6635305,3.209437
/content/Dataset/LYM/LYM-PHIVHHRF.jpg,3,LYM,5850,3,0,6,0.7361075,0.906481,1.0,0.38461304,2.1376379
/content/Dataset/NORM/NORM-RDMTQRVQ.jpg,6,NORM,5851,4,1,4,1.0074774,0.8074403,0.94585687,0.6835043,3.1429133
/content/Dataset/TUM/TUM-STGCQFLW.jpg,8,TUM,5852,8,0,6,0.98464733,0.7875959,1.0,0.6908643,2.996262
/content/Dataset/TUM/TUM-VSLCTHGD.jpg,8,TUM,5853,8,0,6,0.98314285,0.78516257,1.0,0.69086003,2.9998446
/content/Dataset/STR/STR-QSAIDVTN.jpg,7,STR,5854,7,0,5,0.92293674,0.82970804,1.0,0.6257805,2.6752388
/content/Dataset/DEB/DEB-NVSFGFYQ.jpg,2,DEB,5855,2,0,3,1.0190141,0.79488105,1.0,0.6865847,3.1706376
/content/Dataset/BACK/BACK-MRPWMYGY.jpg,1,BACK,5856,0,1,0,1.0781772,0.818202,1.0,0.70183694,3.3366988
/content/Dataset/NORM/NORM-YSNRNYMF.jpg,6,NORM,5857,4,1,4,1.0066342,0.808978,0.93924105,0.68355983,3.1412907
/content/Dataset/MUS/MUS-QTGEMCFP.jpg,5,MUS,5858,8,1,8,1.0326962,0.8215607,0.9508348,0.68573934,3.1991434
/content/Dataset/ADI/ADI-ESDKWYMM.jpg,0,ADI,5859,0,0,4,1.0853713,0.8242019,1.0,0.7219968,3.2718475
/content/Dataset/MUS/MUS-QCPYQQGN.jpg,5,MUS,5860,5,0,7,0.95806533,0.7814163,1.0,0.6917932,2.8755512
/content/Dataset/NORM/NORM-VSFFDYTY.jpg,6,NORM,5861,6,0,8,0.97166234,0.7758293,1.0,0.6839546,3.0038724
/content/Dataset/NORM/NORM-PERANKWF.jpg,6,NORM,5862,6,0,8,0.9766491,0.783028,1.0,0.6844022,2.9949145
/content/Dataset/LYM/LYM-MEVCHHWY.jpg,3,LYM,5863,3,0,2,1.0485327,0.80691195,1.0,0.7108483,3.192565
/content/Dataset/BACK/BACK-KHKSQKVV.jpg,1,BACK,5864,1,0,3,1.0670344,0.81103575,1.0,0.70439523,3.3010106
/content/Dataset/LYM/LYM-YWTIFYSQ.jpg,3,LYM,5865,2,1,2,1.0544589,0.82585514,1.0,0.7043743,3.1505632
/content/Dataset/MUC/MUC-PGGNHYVR.jpg,4,MUC,5866,6,1,6,1.0192827,0.8093928,1.0,0.67692095,3.1306403
/content/Dataset/STR/STR-QNGDMMAI.jpg,7,STR,5867,7,0,4,0.45620096,0.8402047,1.0,0.16359846,1.4373007
/content/Dataset/MUC/MUC-ANGKWSET.jpg,4,MUC,5868,4,0,0,0.83944124,0.90029216,1.0,0.46610728,2.4476213
/content/Dataset/ADI/ADI-HTLMKIDS.jpg,0,ADI,5869,0,0,5,1.1016192,0.8342085,1.0,0.7218866,3.3113265
/content/Dataset/LYM/LYM-MTFMKHYK.jpg,3,LYM,5870,3,0,4,1.049858,0.81451917,0.9711282,0.7110379,3.2101896
/content/Dataset/DEB/DEB-SNSYWIWQ.jpg,2,DEB,5871,8,1,8,1.0449678,0.8386258,1.0,0.66725993,3.1625144
/content/Dataset/TUM/TUM-RMWFIVWL.jpg,8,TUM,5872,8,0,6,0.9852199,0.7897872,1.0,0.69000304,2.991494
/content/Dataset/BACK/BACK-KYWMYRKC.jpg,1,BACK,5873,0,1,0,1.0772697,0.8153455,1.0,0.70285594,3.3433425
/content/Dataset/MUC/MUC-SLAYSIAR.jpg,4,MUC,5874,6,1,6,1.0189993,0.8102226,1.0,0.6761798,3.1273499
/content/Dataset/MUS/MUS-PFFYEAHV.jpg,5,MUS,5875,5,0,7,0.95288354,0.77364457,1.0,0.69143265,2.8849475
/content/Dataset/MUC/MUC-PAMGMWPD.jpg,4,MUC,5876,6,1,6,1.0193083,0.8141495,1.0,0.6740611,3.116491
/content/Dataset/LYM/LYM-VIDCRYQR.jpg,3,LYM,5877,2,1,2,1.0540496,0.8273761,1.0,0.70302784,3.1451986
/content/Dataset/BACK/BACK-ISCTQTNT.jpg,1,BACK,5878,1,0,3,1.066642,0.8105148,1.0,0.70435107,3.3017237
/content/Dataset/TUM/TUM-YGMWEWEN.jpg,8,TUM,5879,8,0,6,0.9849459,0.78764975,1.0,0.6911154,2.9968529
/content/Dataset/BACK/BACK-LSKPQRIQ.jpg,1,BACK,5880,1,0,0,1.0748166,0.8107486,1.0,0.70350915,3.3519475
/content/Dataset/NORM/NORM-REMVSPNG.jpg,6,NORM,5881,6,0,8,0.9735977,0.7792808,1.0,0.68366593,2.998625
/content/Dataset/NORM/NORM-RDNGIIVI.jpg,6,NORM,5882,6,0,4,0.99991703,0.80710006,0.9197823,0.683921,3.1446624
/content/Dataset/STR/STR-SCRSETMV.jpg,7,STR,5883,8,1,8,0.96936876,0.80418265,0.8882249,0.65404403,3.1388516
/content/Dataset/ADI/ADI-IGMPCRTV.jpg,0,ADI,5884,5,1,5,1.1045916,0.84114814,1.0,0.7202244,3.2970922
/content/Dataset/MUC/MUC-WMGPGLHS.jpg,4,MUC,5885,3,1,3,1.0182534,0.79355204,1.0,0.67944115,3.1986485
/content/Dataset/ADI/ADI-DEFMCALD.jpg,0,ADI,5886,0,0,4,1.0846847,0.8230314,1.0,0.72212476,3.2737384
/content/Dataset/ADI/ADI-APDRHCGN.jpg,0,ADI,5887,0,0,4,1.0893394,0.8408452,1.0,0.7150578,3.2313056
/content/Dataset/MUS/MUS-PMSHQNQS.jpg,5,MUS,5888,7,1,7,0.9638349,0.7934238,1.0,0.6901337,2.8560622
/content/Dataset/TUM/TUM-TQSHKQEF.jpg,8,TUM,5889,8,0,6,0.98390836,0.7863668,1.0,0.6909072,2.9980404
/content/Dataset/BACK/BACK-LNNFIFLN.jpg,1,BACK,5890,1,0,3,1.0646864,0.8083024,1.0,0.7039194,3.3039482
/content/Dataset/NORM/NORM-LIDCSCKF.jpg,6,NORM,5891,6,0,8,0.9748909,0.7804662,1.0,0.68424,2.9981906
/content/Dataset/MUC/MUC-QLVCAHRN.jpg,4,MUC,5892,4,0,3,1.016462,0.7913829,1.0,0.67900956,3.2011967
/content/Dataset/STR/STR-SSDSESTF.jpg,7,STR,5893,2,1,2,0.9915373,0.8019428,1.0,0.6519214,3.0955267
/content/Dataset/MUS/MUS-NTFFMWNP.jpg,5,MUS,5894,5,0,7,0.9551038,0.7788782,1.0,0.6903318,2.875801
/content/Dataset/STR/STR-SMWQRCAT.jpg,7,STR,5895,7,0,5,0.9222664,0.76694006,1.0,0.6598313,2.8445942
/content/Dataset/NORM/NORM-NATTRYLC.jpg,6,NORM,5896,4,1,4,1.0117434,0.8068134,0.9616906,0.68349516,3.1434832
/content/Dataset/STR/STR-TISYSRLT.jpg,7,STR,5897,7,0,8,0.67248946,0.89670295,1.0,0.3345837,1.9814866
/content/Dataset/DEB/DEB-QGGTNYWI.jpg,2,DEB,5898,2,0,3,1.0146799,0.7885717,1.0,0.6864219,3.1792421
/content/Dataset/BACK/BACK-NRIARHRK.jpg,1,BACK,5899,0,1,0,1.0790312,0.8358583,1.0,0.6915155,3.2841692
/content/Dataset/DEB/DEB-VWPPKSFL.jpg,2,DEB,5900,2,0,3,1.0184381,0.7940806,1.0,0.68651634,3.1717393
/content/Dataset/NORM/NORM-QCRAGCLV.jpg,6,NORM,5901,4,1,4,1.0217519,0.80945003,0.9906445,0.68312776,3.1389015
/content/Dataset/MUC/MUC-WVDTLIAL.jpg,4,MUC,5902,4,0,7,0.99236035,0.7945216,1.0,0.67896986,3.0449471
/content/Dataset/LYM/LYM-QNETTGWI.jpg,3,LYM,5903,4,1,4,1.0546641,0.81491625,0.98605996,0.71099126,3.2094882
/content/Dataset/NORM/NORM-MRKQWTLM.jpg,6,NORM,5904,4,1,4,1.0091534,0.8077636,0.9497907,0.6837981,3.1431062
/content/Dataset/TUM/TUM-WMKWWSCK.jpg,8,TUM,5905,8,0,6,0.9835435,0.78581476,1.0,0.69088805,2.99878
/content/Dataset/NORM/NORM-WMFDPEWY.jpg,6,NORM,5906,6,0,5,0.9835076,0.869654,1.0,0.58645666,2.9520042
/content/Dataset/MUC/MUC-NNRGDIKD.jpg,4,MUC,5907,4,0,3,1.0165464,0.7914018,1.0,0.67907953,3.2013454
/content/Dataset/DEB/DEB-QLAEWVCC.jpg,2,DEB,5908,2,0,4,0.94679004,0.88733125,1.0,0.54810166,2.8040335
/content/Dataset/NORM/NORM-WCILQRKL.jpg,6,NORM,5909,6,0,8,0.97607154,0.7819804,1.0,0.6844923,2.99654
/content/Dataset/TUM/TUM-SDDHQGRP.jpg,8,TUM,5910,8,0,6,0.98498213,0.78755385,1.0,0.6912109,2.9972174
/content/Dataset/LYM/LYM-PPEHDVCR.jpg,3,LYM,5911,4,1,4,1.0540129,0.8146447,0.98545843,0.7107203,3.2092083
/content/Dataset/NORM/NORM-QEFRLTQN.jpg,6,NORM,5912,4,1,4,1.0067756,0.807763,0.9413646,0.6839011,3.1435876
/content/Dataset/BACK/BACK-AEGCMCHI.jpg,1,BACK,5913,1,0,3,1.0662506,0.8100182,1.0,0.7043004,3.302332
/content/Dataset/BACK/BACK-LQGRKNDD.jpg,1,BACK,5914,1,0,0,1.0746355,0.80979395,1.0,0.70400584,3.3543472
/content/Dataset/LYM/LYM-TDAGLTEY.jpg,3,LYM,5915,4,1,4,1.0579854,0.8146668,1.0,0.71025914,3.2078824
/content/Dataset/TUM/TUM-YYVTDICP.jpg,8,TUM,5916,6,1,6,0.98985773,0.8279264,1.0,0.6716177,2.8954158
/content/Dataset/LYM/LYM-MRRRITIP.jpg,3,LYM,5917,3,0,2,1.047614,0.80525625,1.0,0.71105725,3.1952968
/content/Dataset/LYM/LYM-QQAWTTIR.jpg,3,LYM,5918,6,1,6,1.0606852,0.84602773,1.0,0.67528504,3.1853628
/content/Dataset/BACK/BACK-IFVGHNCP.jpg,1,BACK,5919,1,0,4,0.9713508,0.8808567,1.0,0.5880324,2.8319726
/content/Dataset/DEB/DEB-PQAHAPVV.jpg,2,DEB,5920,3,1,3,1.0202346,0.79548526,1.0,0.68744105,3.171554
/content/Dataset/DEB/DEB-NYRQQNDA.jpg,2,DEB,5921,2,0,3,1.0185106,0.79292524,1.0,0.6874375,3.1750205
/content/Dataset/NORM/NORM-YPFAYLCD.jpg,6,NORM,5922,6,0,4,0.89306587,0.88789886,1.0,0.5288895,2.580464
/content/Dataset/MUC/MUC-SVTNNWTT.jpg,4,MUC,5923,4,0,3,1.0167474,0.7927656,1.0,0.6784374,3.197539
/content/Dataset/MUS/MUS-NMVYNHAQ.jpg,5,MUS,5924,5,0,7,0.95654494,0.82718724,1.0,0.6630648,2.7495537
/content/Dataset/STR/STR-MPCGHPSM.jpg,7,STR,5925,7,0,5,0.92022115,0.7647655,1.0,0.6588902,2.8462794
/content/Dataset/ADI/ADI-GWAFEEMY.jpg,0,ADI,5926,3,1,3,1.1020887,0.8208872,1.0,0.72210646,3.3865871
/content/Dataset/BACK/BACK-MPQQEYPH.jpg,1,BACK,5927,1,0,0,1.0177945,0.87757504,1.0,0.6155191,3.0044734
/content/Dataset/TUM/TUM-SFWRAWNF.jpg,8,TUM,5928,8,0,6,0.9854459,0.7887067,1.0,0.6909322,2.9950447
/content/Dataset/NORM/NORM-SQITLTWL.jpg,6,NORM,5929,4,1,4,1.023419,0.8110646,1.0,0.6810002,3.1315682
/content/Dataset/STR/STR-WICQPMNI.jpg,7,STR,5930,7,0,5,0.9240311,0.7766299,1.0,0.6555455,2.8225908
/content/Dataset/TUM/TUM-RWQESQQL.jpg,8,TUM,5931,6,1,6,0.9903752,0.79944366,1.0,0.6890694,2.976133
/content/Dataset/STR/STR-MMLDISGA.jpg,7,STR,5932,7,0,5,0.92124045,0.8120507,1.0,0.63257265,2.7201586
/content/Dataset/BACK/BACK-FRYRKQTV.jpg,1,BACK,5933,1,0,3,1.0664701,0.81041944,1.0,0.7042421,3.3016365
/content/Dataset/ADI/ADI-IWQTQCIY.jpg,0,ADI,5934,0,0,4,0.97052145,0.89580387,1.0,0.58546025,2.7737207
/content/Dataset/LYM/LYM-TPKAIYVT.jpg,3,LYM,5935,3,0,4,1.0497646,0.8144814,0.9714838,0.71084714,3.2098968
/content/Dataset/ADI/ADI-CYCLEIQD.jpg,0,ADI,5936,5,1,5,1.1033771,0.84245926,1.0,0.7183046,3.2902153
/content/Dataset/BACK/BACK-LSFARFPK.jpg,1,BACK,5937,1,0,4,1.0643336,0.8191564,0.997318,0.703726,3.2486188
/content/Dataset/BACK/BACK-LHECGLCF.jpg,1,BACK,5938,0,1,0,1.075812,0.81139827,1.0,0.7040766,3.3521073
/content/Dataset/BACK/BACK-NWKCLMGW.jpg,1,BACK,5939,1,0,4,1.0573255,0.8181428,0.9758817,0.70399123,3.2507613
/content/Dataset/TUM/TUM-YSVCYPHI.jpg,8,TUM,5940,8,0,6,0.985353,0.78918463,1.0,0.690534,2.9934702
/content/Dataset/ADI/ADI-DNIIAHYE.jpg,0,ADI,5941,0,0,5,1.0927488,0.83026254,0.97946185,0.7221938,3.317781
/content/Dataset/LYM/LYM-MIPSNWFC.jpg,3,LYM,5942,4,1,4,1.0590725,0.8158592,1.0,0.7105193,3.2068958
/content/Dataset/STR/STR-VTMWMDGK.jpg,7,STR,5943,7,0,5,0.89936364,0.78366065,1.0,0.6251879,2.7477002
/content/Dataset/MUS/MUS-NPHKMSYY.jpg,5,MUS,5944,7,1,7,0.96601963,0.807761,1.0,0.68357533,2.822531
/content/Dataset/BACK/BACK-ADLREGSG.jpg,1,BACK,5945,1,0,4,1.0651611,0.8233436,1.0,0.7010402,3.2360654
/content/Dataset/MUC/MUC-QRSFLDLD.jpg,4,MUC,5946,4,0,7,0.9958334,0.8011148,1.0,0.67835814,3.0338335
/content/Dataset/NORM/NORM-RNSHCWKC.jpg,6,NORM,5947,6,0,4,1.00089,0.80667454,0.92394614,0.683959,3.1451702
/content/Dataset/LYM/LYM-NEMIVQHS.jpg,3,LYM,5948,2,1,2,1.054096,0.823065,1.0,0.7057767,3.157918
/content/Dataset/DEB/DEB-SLLAKQDP.jpg,2,DEB,5949,2,0,3,1.018662,0.79358566,1.0,0.6871425,3.1734538
/content/Dataset/NORM/NORM-LNRENRLD.jpg,6,NORM,5950,6,0,8,0.9776264,0.7847061,1.0,0.6843361,2.9923556
/content/Dataset/MUC/MUC-ADYLLNAR.jpg,4,MUC,5951,4,0,3,1.0159599,0.79093695,1.0,0.67880964,3.2013276
/content/Dataset/STR/STR-TYLPRVRT.jpg,7,STR,5952,2,1,2,0.9945557,0.808001,0.99476486,0.6525854,3.0888712
/content/Dataset/LYM/LYM-VHLEMEWI.jpg,3,LYM,5953,3,0,2,1.0493461,0.80809504,1.0,0.71086645,3.1909292
/content/Dataset/MUC/MUC-WVLGPYCG.jpg,4,MUC,5954,4,0,7,0.9944908,0.7986161,1.0,0.67855996,3.0379755
/content/Dataset/MUS/MUS-QTKWYHHW.jpg,5,MUS,5955,5,0,7,0.95855343,0.78161263,1.0,0.692223,2.8759665
/content/Dataset/MUC/MUC-PVNRCNSQ.jpg,4,MUC,5956,4,0,3,1.016462,0.79297817,1.0,0.6780099,3.1962461
/content/Dataset/NORM/NORM-STWYSGHK.jpg,6,NORM,5957,6,0,8,0.9737191,0.77831185,1.0,0.6844512,3.0015624
/content/Dataset/MUC/MUC-WEAHFDSL.jpg,4,MUC,5958,4,0,7,0.9910826,0.7953139,0.9940365,0.6789221,3.0438197
/content/Dataset/MUS/MUS-QYVEQTCS.jpg,5,MUS,5959,5,0,7,0.95865417,0.7814608,1.0,0.69244516,2.8765447
/content/Dataset/TUM/TUM-WMRMNNRN.jpg,8,TUM,5960,8,0,6,0.9848486,0.78735155,1.0,0.69122195,2.9974306
/content/Dataset/DEB/DEB-SATSHAWS.jpg,2,DEB,5961,4,1,4,1.0383368,0.8312224,0.89442676,0.6842982,3.287223
/content/Dataset/ADI/ADI-DAACYFPF.jpg,0,ADI,5962,0,0,3,1.1019125,0.8205819,1.0,0.7221503,3.3871012
/content/Dataset/LYM/LYM-VAYTHMCK.jpg,3,LYM,5963,3,0,2,1.047955,0.80620086,1.0,0.7107408,3.1933796
/content/Dataset/NORM/NORM-TDCTAYFM.jpg,6,NORM,5964,4,1,4,1.0259495,0.81402826,1.0,0.68156785,3.1289053
/content/Dataset/DEB/DEB-YQCPPSCY.jpg,2,DEB,5965,2,0,3,1.0185056,0.7925079,1.0,0.6876764,3.1763577
/content/Dataset/BACK/BACK-PGDHNPID.jpg,1,BACK,5966,1,0,3,1.0657778,0.8094224,1.0,0.7042311,3.3030763
/content/Dataset/LYM/LYM-FPPVQMGG.jpg,3,LYM,5967,3,0,2,1.0483265,0.80662787,1.0,0.7108374,3.1929183
/content/Dataset/STR/STR-YAKTEYTL.jpg,7,STR,5968,7,0,5,0.92090964,0.76558256,1.0,0.65918356,2.845385
/content/Dataset/TUM/TUM-SDCMIGCH.jpg,8,TUM,5969,5,1,5,1.0163637,0.8194589,0.8967225,0.6897159,3.196431
/content/Dataset/DEB/DEB-YTKFHVHF.jpg,2,DEB,5970,2,0,7,1.0108199,0.8090213,0.95374084,0.6870257,3.1281223
/content/Dataset/TUM/TUM-YEWGKAIW.jpg,8,TUM,5971,6,1,6,0.9866119,0.7906124,1.0,0.6909049,2.99229
/content/Dataset/BACK/BACK-FRLSRDDQ.jpg,1,BACK,5972,1,0,8,1.0624616,0.81566274,0.9913705,0.7036073,3.267596
/content/Dataset/MUC/MUC-TKHWRESH.jpg,4,MUC,5973,4,0,6,1.0174385,0.8036474,1.0,0.67871845,3.1433184
/content/Dataset/MUS/MUS-RNGHHQKS.jpg,5,MUS,5974,5,0,7,0.9573837,0.7797269,1.0,0.69224316,2.878383
/content/Dataset/DEB/DEB-QCWQSLAF.jpg,2,DEB,5975,2,0,5,1.0141225,0.8561831,1.0,0.6322493,3.0262806
/content/Dataset/LYM/LYM-RNNKSNPE.jpg,3,LYM,5976,3,0,4,1.0523171,0.8148058,0.9791032,0.71084076,3.2094088
/content/Dataset/DEB/DEB-TCHCWPQP.jpg,2,DEB,5977,2,0,3,1.0184826,0.79236025,1.0,0.6877423,3.1767735
/content/Dataset/MUS/MUS-PGEIKPKN.jpg,5,MUS,5978,7,1,7,0.9672718,0.806932,1.0,0.6852793,2.827717
/content/Dataset/MUC/MUC-YPSPWSQL.jpg,4,MUC,5979,3,1,3,1.0176876,0.792454,1.0,0.67955905,3.2007506
/content/Dataset/ADI/ADI-CVQGRCTM.jpg,0,ADI,5980,0,0,4,1.0848308,0.8227703,1.0,0.72244227,3.2748313
/content/Dataset/NORM/NORM-NGQMHSYL.jpg,6,NORM,5981,6,0,8,0.9740104,0.77937347,1.0,0.6840443,2.999267
/content/Dataset/TUM/TUM-YRITMRHE.jpg,8,TUM,5982,6,1,6,0.991615,0.802873,1.0,0.68816924,2.9693456
/content/Dataset/DEB/DEB-RLHTAEEW.jpg,2,DEB,5983,8,1,8,1.043269,0.8320006,1.0,0.66955066,3.1784105
/content/Dataset/ADI/ADI-CHARPFFM.jpg,0,ADI,5984,0,0,5,1.0963652,0.8310065,0.98907375,0.72228086,3.3168104
/content/Dataset/MUC/MUC-QMFFEPCT.jpg,4,MUC,5985,3,1,3,1.0179061,0.7936859,1.0,0.67901635,3.1974015
/content/Dataset/DEB/DEB-QNIGPDNM.jpg,2,DEB,5986,2,0,3,0.3011167,0.83543295,1.0,0.06776978,0.90298843
/content/Dataset/NORM/NORM-NFSGLYTI.jpg,6,NORM,5987,6,0,8,0.974607,0.779893,1.0,0.6843424,2.9990928
/content/Dataset/MUC/MUC-TKGWWIVF.jpg,4,MUC,5988,6,1,6,1.018472,0.805929,1.0,0.67828584,3.1390126
/content/Dataset/MUC/MUC-WIFHMYRY.jpg,4,MUC,5989,4,0,7,0.997955,0.81416327,1.0,0.6725896,3.0010657
/content/Dataset/BACK/BACK-KPLSVSHN.jpg,1,BACK,5990,1,0,3,1.0662317,0.81024605,1.0,0.70411867,3.3016393
/content/Dataset/ADI/ADI-DMNVYMHT.jpg,0,ADI,5991,0,0,4,1.0844991,0.822822,1.0,0.72208893,3.2739294
/content/Dataset/STR/STR-WVSNRHTM.jpg,7,STR,5992,7,0,5,0.9264564,0.7755121,1.0,0.65880406,2.8311296
/content/Dataset/STR/STR-QFETAYHT.jpg,7,STR,5993,7,0,5,0.7454032,0.78522,1.0,0.46392098,2.3666146
/content/Dataset/ADI/ADI-ERCMHHRR.jpg,0,ADI,5994,0,0,3,1.1014686,0.8220303,1.0,0.72074777,3.381641
/content/Dataset/DEB/DEB-RWAKQAPM.jpg,2,DEB,5995,2,0,3,1.018785,0.7931434,1.0,0.6875429,3.1750994
/content/Dataset/BACK/BACK-IAGIHISL.jpg,1,BACK,5996,1,0,3,1.0658685,0.80945456,1.0,0.704302,3.3031712
/content/Dataset/NORM/NORM-PLNCLKTW.jpg,6,NORM,5997,6,0,8,0.9774088,0.7845824,1.0,0.68421286,2.9921412
/content/Dataset/MUC/MUC-QMLLTKMF.jpg,4,MUC,5998,4,0,6,0.8042419,0.86912245,1.0,0.45548978,2.4055214
/content/Dataset/LYM/LYM-NRGWRTYI.jpg,3,LYM,5999,4,1,4,1.0536444,0.8146371,0.98281544,0.7111683,3.2102127
/content/Dataset/DEB/DEB-TVYKRFIG.jpg,2,DEB,6000,2,0,6,0.34404716,0.832665,1.0,0.07871936,1.0738864
/content/Dataset/STR/STR-MPHTIPVP.jpg,7,STR,6001,7,0,5,0.8909001,0.80688447,1.0,0.6045487,2.6639616
/content/Dataset/TUM/TUM-TNSACQSE.jpg,8,TUM,6002,8,0,6,0.9850419,0.78845054,1.0,0.69067454,2.9948826
/content/Dataset/ADI/ADI-DNMGCNPA.jpg,0,ADI,6003,3,1,3,1.1028541,0.8219235,1.0,0.7221256,3.3851984
/content/Dataset/BACK/BACK-NWYRNCLF.jpg,1,BACK,6004,1,0,3,1.0663605,0.8100888,1.0,0.70436734,3.3023443
/content/Dataset/MUC/MUC-ALKNCGHH.jpg,4,MUC,6005,4,0,7,0.9943492,0.79712176,1.0,0.67937315,3.041892
/content/Dataset/DEB/DEB-WKSHDKTA.jpg,2,DEB,6006,2,0,3,1.017001,0.78992426,1.0,0.68785495,3.1806202
/content/Dataset/MUC/MUC-SRGIEFRR.jpg,4,MUC,6007,6,1,6,1.0203432,0.8125739,1.0,0.67604965,3.1235003
/content/Dataset/DEB/DEB-QTGCVTYA.jpg,2,DEB,6008,2,0,3,1.0173041,0.7935138,1.0,0.68579686,3.1706388
/content/Dataset/ADI/ADI-ICNVINHV.jpg,0,ADI,6009,0,0,3,1.102069,0.82074934,1.0,0.72218776,3.3869402
/content/Dataset/BACK/BACK-LFMELHLW.jpg,1,BACK,6010,0,1,0,1.075997,0.81232053,1.0,0.7036356,3.3497114
/content/Dataset/BACK/BACK-PEFIVDRV.jpg,1,BACK,6011,1,0,4,1.0398992,0.8297403,1.0,0.6731695,3.1578305
/content/Dataset/NORM/NORM-NVFEPTQL.jpg,6,NORM,6012,4,1,4,1.00973,0.80868316,0.95095086,0.68338853,3.141066
/content/Dataset/MUC/MUC-SWGPPDFM.jpg,4,MUC,6013,4,0,3,1.0168344,0.79231167,1.0,0.67878765,3.1992264
/content/Dataset/ADI/ADI-HKASIELS.jpg,0,ADI,6014,0,0,4,1.0838171,0.8233136,0.99683124,0.72205293,3.2731872
/content/Dataset/MUS/MUS-NTGIQEWA.jpg,5,MUS,6015,5,0,7,0.95084906,0.7835636,1.0,0.6829797,2.8532867
/content/Dataset/MUS/MUS-CAIMSLPV.jpg,5,MUS,6016,5,0,7,0.9580643,0.7804574,1.0,0.69245464,2.8780134
/content/Dataset/MUS/MUS-QRLWQGES.jpg,5,MUS,6017,5,0,7,0.9582967,0.7910705,1.0,0.68591404,2.8499699
/content/Dataset/LYM/LYM-TPFYLNPH.jpg,3,LYM,6018,4,1,4,1.0584493,0.8147919,1.0,0.71062326,3.208587
/content/Dataset/LYM/LYM-ADYFCKIP.jpg,3,LYM,6019,3,0,2,1.0481304,0.80618656,1.0,0.7109355,3.193777
/content/Dataset/TUM/TUM-VMMIKTML.jpg,8,TUM,6020,8,0,6,0.98489255,0.78795207,1.0,0.6908383,2.9959671
/content/Dataset/ADI/ADI-IIWWSMSH.jpg,0,ADI,6021,0,0,4,0.94061404,0.900541,1.0,0.5594567,2.6824372
/content/Dataset/ADI/ADI-FIYNPPKD.jpg,0,ADI,6022,0,0,4,1.0841779,0.8222094,1.0,0.7222065,3.2749567
/content/Dataset/ADI/ADI-DEETLSCP.jpg,0,ADI,6023,0,0,5,1.0996907,0.8310468,1.0,0.7221398,3.3164496
/content/Dataset/STR/STR-THLVRQIP.jpg,7,STR,6024,7,0,5,0.9232811,0.7698154,1.0,0.659073,2.8391478
/content/Dataset/MUC/MUC-THHSTIYI.jpg,4,MUC,6025,4,0,6,1.0005379,0.8499207,1.0,0.63656384,2.9662318
/content/Dataset/ADI/ADI-EVDWTLFG.jpg,0,ADI,6026,0,0,4,1.0843846,0.82275975,1.0,0.7220188,3.27386
/content/Dataset/MUS/MUS-ATLNHHQP.jpg,5,MUS,6027,5,0,7,0.9583907,0.7849916,1.0,0.68985534,2.8665574
/content/Dataset/MUC/MUC-NFGQMMFI.jpg,4,MUC,6028,4,0,7,0.99597025,0.8008379,1.0,0.6786517,3.0349965
/content/Dataset/LYM/LYM-PVMKWERI.jpg,3,LYM,6029,2,1,2,1.0536461,0.8313254,1.0,0.7002084,3.1327183
/content/Dataset/ADI/ADI-GQTDTTPY.jpg,0,ADI,6030,3,1,3,1.1024553,0.8212337,1.0,0.72222733,3.3863423
/content/Dataset/TUM/TUM-SMCYRSPQ.jpg,8,TUM,6031,8,0,6,0.9835908,0.78612244,1.0,0.69070697,2.9981165
/content/Dataset/LYM/LYM-PYQKKWMW.jpg,3,LYM,6032,4,1,4,1.0537745,0.8149471,0.9842561,0.7106317,3.208673
/content/Dataset/ADI/ADI-EKKRKIFS.jpg,0,ADI,6033,0,0,4,1.0849147,0.8233808,1.0,0.7221276,3.2731683
/content/Dataset/TUM/TUM-VCAGLQYN.jpg,8,TUM,6034,8,0,6,0.9829276,0.78499734,1.0,0.6907635,2.9997668
/content/Dataset/ADI/ADI-CHDAKGDS.jpg,0,ADI,6035,0,0,5,1.1002733,0.8319508,1.0,0.7220996,3.3150423
/content/Dataset/BACK/BACK-KAVGSPQW.jpg,1,BACK,6036,0,1,0,1.075542,0.81070983,1.0,0.7042784,3.3535936
/content/Dataset/BACK/BACK-KKRDSTYE.jpg,1,BACK,6037,1,0,4,1.0678375,0.82474756,1.0,0.70272017,3.2379575
/content/Dataset/STR/STR-YSMMSYMS.jpg,7,STR,6038,7,0,5,0.9222099,0.7916331,1.0,0.64480346,2.7774947
/content/Dataset/BACK/BACK-NTTCTTAT.jpg,1,BACK,6039,1,0,8,1.0648522,0.8158735,1.0,0.7032225,3.2662551
/content/Dataset/BACK/BACK-ADKVEDKI.jpg,1,BACK,6040,1,0,2,1.0734224,0.8214984,0.9837756,0.70175385,3.3206177
/content/Dataset/MUC/MUC-NQMKRNSV.jpg,4,MUC,6041,4,0,7,0.99238884,0.79529107,1.0,0.6785299,3.0427358
/content/Dataset/NORM/NORM-AETRINGC.jpg,6,NORM,6042,6,0,8,0.97278935,0.7776407,1.0,0.6839084,3.0014012
/content/Dataset/BACK/BACK-ICFRDGCL.jpg,1,BACK,6043,2,1,2,1.0824642,0.8284929,1.0,0.7010431,3.3084643
/content/Dataset/LYM/LYM-EQWSFKFF.jpg,3,LYM,6044,3,0,2,1.0499258,0.80989593,1.0,0.71024287,3.1869707
/content/Dataset/DEB/DEB-PRGCDFQF.jpg,2,DEB,6045,2,0,3,1.0168158,0.79466164,1.0,0.6844226,3.166576
/content/Dataset/ADI/ADI-GASHNWIA.jpg,0,ADI,6046,0,0,2,1.0909257,0.8209367,0.9995118,0.7221734,3.3217576
/content/Dataset/NORM/NORM-SFMQHRFL.jpg,6,NORM,6047,6,0,4,1.0014974,0.80643415,0.9265438,0.68395615,3.14545
/content/Dataset/ADI/ADI-DPKCEWMV.jpg,0,ADI,6048,0,0,3,1.1017565,0.8201933,1.0,0.7222752,3.3878965
/content/Dataset/NORM/NORM-MVVVWFLW.jpg,6,NORM,6049,6,0,8,0.9750647,0.7823255,1.0,0.683172,2.9934564
/content/Dataset/BACK/BACK-PAACLSIL.jpg,1,BACK,6050,1,0,3,1.0662655,0.80971324,1.0,0.70452374,3.3032725
/content/Dataset/ADI/ADI-DTSQCETT.jpg,0,ADI,6051,3,1,3,1.1026858,0.8217958,1.0,0.7220776,3.385106
/content/Dataset/ADI/ADI-GWGYSMYE.jpg,0,ADI,6052,0,0,5,1.1005539,0.83212674,1.0,0.722246,3.3151617
/content/Dataset/STR/STR-VTKISFRS.jpg,7,STR,6053,7,0,5,0.92370653,0.7702285,1.0,0.65922207,2.8391287
/content/Dataset/LYM/LYM-TKDTEEFH.jpg,3,LYM,6054,0,1,0,1.0868229,0.81686366,0.99294496,0.7101324,3.3773139
/content/Dataset/STR/STR-RNQYKMEM.jpg,7,STR,6055,7,0,5,0.69744056,0.89335984,1.0,0.406847,1.9378798
/content/Dataset/LYM/LYM-SHMKDFNG.jpg,3,LYM,6056,3,0,2,1.0480131,0.80627096,1.0,0.7107593,3.1932778
/content/Dataset/TUM/TUM-TLHGYFKY.jpg,8,TUM,6057,8,0,6,0.98411345,0.78661853,1.0,0.6909106,2.9979382
/content/Dataset/DEB/DEB-YELEFHEN.jpg,2,DEB,6058,2,0,7,1.0136802,0.8156051,0.9806582,0.67758334,3.0974667
/content/Dataset/MUS/MUS-PHPNLHYI.jpg,5,MUS,6059,5,0,7,0.9567885,0.77885586,1.0,0.69215405,2.8795059
/content/Dataset/MUS/MUS-PDIWGTYF.jpg,5,MUS,6060,5,0,7,0.94336754,0.850102,1.0,0.6392009,2.657573
/content/Dataset/MUS/MUS-ARDAAGFT.jpg,5,MUS,6061,5,0,7,0.9555555,0.7766818,1.0,0.6923046,2.8825495
/content/Dataset/LYM/LYM-TWGKLHHE.jpg,3,LYM,6062,4,1,4,1.0552833,0.8150126,0.9878671,0.7109809,3.209381
/content/Dataset/TUM/TUM-YSDRQYHM.jpg,8,TUM,6063,8,0,6,0.9840336,0.7881715,1.0,0.6897952,2.9934714
/content/Dataset/MUC/MUC-VSWGMWNS.jpg,4,MUC,6064,4,0,3,1.0171181,0.7924702,1.0,0.6789892,3.1993358
/content/Dataset/ADI/ADI-EFLIFIMT.jpg,0,ADI,6065,0,0,5,1.0912246,0.83001065,0.97421527,0.7224957,3.3187916
/content/Dataset/STR/STR-RGKSAKMG.jpg,7,STR,6066,7,0,5,0.9156132,0.7667283,1.0,0.65269923,2.830446
/content/Dataset/NORM/NORM-NMFSCMQQ.jpg,6,NORM,6067,6,0,8,0.9736077,0.7779779,1.0,0.684576,3.0021842
/content/Dataset/DEB/DEB-QLAEYWQN.jpg,2,DEB,6068,3,1,3,1.0193164,0.7939248,1.0,0.6875549,3.1740322
/content/Dataset/BACK/BACK-AFIGPIRS.jpg,1,BACK,6069,1,0,3,1.0669075,0.8104611,1.0,0.70464605,3.302494
/content/Dataset/DEB/DEB-WGGHQLCD.jpg,2,DEB,6070,3,1,3,1.0205243,0.7959189,1.0,0.6874795,3.1708221
/content/Dataset/MUC/MUC-VKIYQQTR.jpg,4,MUC,6071,4,0,7,0.9905316,0.7937975,1.0,0.67766744,3.0425386
/content/Dataset/DEB/DEB-SYKQAVEG.jpg,2,DEB,6072,2,0,3,1.0173143,0.7911904,1.0,0.6873331,3.1775768
/content/Dataset/ADI/ADI-FSEHEIND.jpg,0,ADI,6073,0,0,4,1.0823065,0.8226168,0.99342996,0.72208166,3.2742653
/content/Dataset/MUS/MUS-RGNYVERT.jpg,5,MUS,6074,5,0,7,0.9610846,0.79135907,1.0,0.6885461,2.8556263
/content/Dataset/ADI/ADI-AHFENICF.jpg,0,ADI,6075,3,1,3,1.1031393,0.8218362,1.0,0.72248185,3.3860235
/content/Dataset/TUM/TUM-VDVLVPYI.jpg,8,TUM,6076,6,1,6,0.9889103,0.7967357,1.0,0.68932015,2.9803348
/content/Dataset/MUS/MUS-PHTGSSGI.jpg,5,MUS,6077,5,0,7,0.46886134,0.86228025,1.0,0.21873067,1.3585663
/content/Dataset/ADI/ADI-EQDWLWYS.jpg,0,ADI,6078,0,0,2,1.091449,0.82137984,1.0,0.72224116,3.3212228
/content/Dataset/NORM/NORM-WWWSNMGK.jpg,6,NORM,6079,6,0,8,0.9736514,0.77874833,1.0,0.6840769,3.0002322
/content/Dataset/MUS/MUS-NPRFHDKC.jpg,5,MUS,6080,5,0,7,0.96069163,0.78485835,1.0,0.6923623,2.8719742
/content/Dataset/BACK/BACK-IIWALLRC.jpg,1,BACK,6081,1,0,3,1.0665299,0.81093323,1.0,0.70396894,3.3001754
/content/Dataset/TUM/TUM-WTGSKWWD.jpg,8,TUM,6082,6,1,6,0.98729604,0.7968739,1.0,0.6875807,2.9763472
/content/Dataset/MUC/MUC-WICDLLAR.jpg,4,MUC,6083,0,1,0,1.0295243,0.81381273,1.0,0.66703284,3.2022908
/content/Dataset/BACK/BACK-ASEDNYLC.jpg,1,BACK,6084,1,0,3,1.0664232,0.81022877,1.0,0.7043355,3.302063
/content/Dataset/BACK/BACK-KIGGDVYG.jpg,1,BACK,6085,1,0,5,1.0631474,0.82421505,0.963218,0.7039127,3.2749882
/content/Dataset/NORM/NORM-YQFISHLF.jpg,6,NORM,6086,6,0,4,0.36586413,0.8578377,1.0,0.11091962,1.0902401
/content/Dataset/MUC/MUC-RHSWEFKF.jpg,4,MUC,6087,4,0,7,0.9914146,0.7936389,1.0,0.6785791,3.0452986
/content/Dataset/STR/STR-VYRIRFPN.jpg,7,STR,6088,7,0,5,0.9215986,0.7678335,1.0,0.65843785,2.8409927
/content/Dataset/NORM/NORM-MTLSPHDA.jpg,6,NORM,6089,6,0,8,0.974176,0.77886844,1.0,0.68456936,3.0009987
/content/Dataset/LYM/LYM-QGCWIHQM.jpg,3,LYM,6090,3,0,8,1.0338686,0.8819264,1.0,0.6251646,3.0387802
/content/Dataset/STR/STR-QTMWWMDQ.jpg,7,STR,6091,5,1,5,0.9306651,0.78756726,1.0,0.65609694,2.8073444
/content/Dataset/STR/STR-PHITEDMF.jpg,7,STR,6092,7,0,5,0.89828616,0.8488689,1.0,0.5938311,2.5654984
/content/Dataset/BACK/BACK-IKPGNHEA.jpg,1,BACK,6093,1,0,3,1.0659955,0.80937135,1.0,0.7044905,3.303683
/content/Dataset/NORM/NORM-SDAGLPHP.jpg,6,NORM,6094,6,0,8,0.97541773,0.7811804,1.0,0.6843623,2.9972305
/content/Dataset/ADI/ADI-IGRWKACL.jpg,0,ADI,6095,0,0,4,1.087156,0.82712007,1.0,0.72178346,3.2671943
/content/Dataset/TUM/TUM-TFQACPWQ.jpg,8,TUM,6096,8,0,6,0.98412615,0.7866595,1.0,0.6909363,2.9977226
/content/Dataset/NORM/NORM-NSLLQGVA.jpg,6,NORM,6097,6,0,8,0.9778711,0.78595364,1.0,0.68376553,2.9894497
/content/Dataset/STR/STR-NDYLNERC.jpg,7,STR,6098,7,0,5,0.89571464,0.8512732,1.0,0.59049577,2.5528305
/content/Dataset/MUC/MUC-TQGPYTVD.jpg,4,MUC,6099,4,0,7,0.99273795,0.79902273,1.0,0.67656964,3.0327015
/content/Dataset/MUC/MUC-WQMYNVIA.jpg,4,MUC,6100,4,0,7,0.9941199,0.79715717,1.0,0.67906564,3.0414467
/content/Dataset/TUM/TUM-RCIPDMVL.jpg,8,TUM,6101,8,0,6,0.98266876,0.78641415,1.0,0.6895442,2.9952903
/content/Dataset/ADI/ADI-CATYHGGQ.jpg,0,ADI,6102,0,0,5,1.1006039,0.83185387,1.0,0.7224648,3.3161256
/content/Dataset/MUC/MUC-PVGYGHHY.jpg,4,MUC,6103,3,1,3,1.0176396,0.79297984,1.0,0.6791691,3.1990511
/content/Dataset/BACK/BACK-LKTFVWES.jpg,1,BACK,6104,1,0,3,1.0667436,0.81030285,1.0,0.704588,3.3026123
/content/Dataset/NORM/NORM-RVLWLQYQ.jpg,6,NORM,6105,6,0,8,0.97329515,0.77827907,1.0,0.6840175,3.000739
/content/Dataset/TUM/TUM-SDHGVGMV.jpg,8,TUM,6106,8,0,6,0.9538236,0.8619777,1.0,0.6213832,2.7151237
/content/Dataset/LYM/LYM-MAMHKHWR.jpg,3,LYM,6107,3,0,4,1.0525388,0.8143676,0.9802991,0.7110021,3.2103217
/content/Dataset/NORM/NORM-LRGHFQRD.jpg,6,NORM,6108,6,0,4,0.9975056,0.8061518,0.91507876,0.68354046,3.1450944
/content/Dataset/MUS/MUS-RTINDYCH.jpg,5,MUS,6109,5,0,7,0.954953,0.7768201,1.0,0.69153666,2.880962
/content/Dataset/ADI/ADI-CYEMVHRQ.jpg,0,ADI,6110,0,0,4,1.0848947,0.82349133,1.0,0.7220228,3.2728384
/content/Dataset/STR/STR-QYLGILDW.jpg,7,STR,6111,7,0,5,0.5331779,0.8924856,1.0,0.2731478,1.4868985
/content/Dataset/STR/STR-WYMIKPHC.jpg,7,STR,6112,7,0,5,0.9185358,0.76364076,1.0,0.6577318,2.8457112
/content/Dataset/MUC/MUC-AFKEDKAH.jpg,4,MUC,6113,4,0,7,0.9940301,0.79649436,1.0,0.6794486,3.042961
/content/Dataset/MUC/MUC-TLREPSQT.jpg,4,MUC,6114,4,0,7,0.99247366,0.83104926,1.0,0.6576665,2.940002
/content/Dataset/ADI/ADI-HDEEELTN.jpg,0,ADI,6115,0,0,4,1.0853226,0.8243378,1.0,0.7218589,3.271338
/content/Dataset/TUM/TUM-VNWISIRI.jpg,8,TUM,6116,6,1,6,0.99007976,0.79814947,1.0,0.68959147,2.9790761
/content/Dataset/BACK/BACK-PFRDPARN.jpg,1,BACK,6117,1,0,0,1.0743972,0.809427,1.0,0.70400375,3.3549905
/content/Dataset/DEB/DEB-PMRSLWED.jpg,2,DEB,6118,2,0,3,1.0178988,0.7917696,1.0,0.6875339,3.1772206
/content/Dataset/TUM/TUM-RAIAPSKV.jpg,8,TUM,6119,6,1,6,0.9919219,0.8080664,1.0,0.685232,2.9556532
/content/Dataset/STR/STR-RVWNVIPP.jpg,7,STR,6120,7,0,4,0.6795269,0.8580707,1.0,0.3529246,2.077747
/content/Dataset/MUS/MUS-NSHSQVLD.jpg,5,MUS,6121,7,1,7,0.9630279,0.80579406,1.0,0.681683,2.8212404
/content/Dataset/LYM/LYM-SGWTQTWM.jpg,3,LYM,6122,3,0,2,1.0479504,0.8056164,1.0,0.71112454,3.1950889
/content/Dataset/MUS/MUS-CFAYETRW.jpg,5,MUS,6123,7,1,7,0.9641605,0.827774,1.0,0.67022324,2.7651181
/content/Dataset/TUM/TUM-SREAWIET.jpg,8,TUM,6124,8,0,6,0.98300755,0.7849944,1.0,0.69083214,3.0000067
/content/Dataset/STR/STR-REIYQDWC.jpg,7,STR,6125,7,0,5,0.92728996,0.77529037,1.0,0.6599348,2.8332806
/content/Dataset/BACK/BACK-AHCWIYDG.jpg,1,BACK,6126,0,1,0,1.077001,0.81401956,1.0,0.7034677,3.3468306
/content/Dataset/BACK/BACK-IVCHNSSW.jpg,1,BACK,6127,1,0,2,1.0745304,0.82496965,0.97982067,0.70173764,3.3153741
/content/Dataset/STR/STR-STTVMHHD.jpg,7,STR,6128,7,0,5,0.40888295,0.849328,1.0,0.16309194,1.209291
/content/Dataset/MUS/MUS-NWGQSVAD.jpg,5,MUS,6129,8,1,8,1.0176784,0.81376505,0.9038108,0.69035655,3.219994
/content/Dataset/LYM/LYM-SPVSTSFG.jpg,3,LYM,6130,4,1,4,1.0579404,0.8156224,0.99610126,0.7107186,3.2078133
/content/Dataset/NORM/NORM-ANCVDGMH.jpg,6,NORM,6131,6,0,4,0.9978684,0.80618775,0.9142971,0.68413407,3.1463516
/content/Dataset/DEB/DEB-TMMWGVNC.jpg,2,DEB,6132,2,0,3,1.0187794,0.7958361,1.0,0.6857542,3.167161
/content/Dataset/MUC/MUC-RFKEADFW.jpg,4,MUC,6133,4,0,7,0.9948859,0.7985667,1.0,0.6789963,3.038996
/content/Dataset/ADI/ADI-FHTNRKGP.jpg,0,ADI,6134,0,0,5,1.098824,0.8307931,0.99731815,0.7223046,3.317094
/content/Dataset/DEB/DEB-WICFFDSP.jpg,2,DEB,6135,8,1,8,1.0502871,0.81884253,1.0,0.6841571,3.234911
/content/Dataset/TUM/TUM-RGFPYDVW.jpg,8,TUM,6136,8,0,6,0.9828965,0.7863302,1.0,0.68989676,2.9958327
/content/Dataset/TUM/TUM-QHQRYHAT.jpg,8,TUM,6137,8,0,6,0.9851355,0.787624,1.0,0.691344,2.9972973
/content/Dataset/MUS/MUS-QIKLRYYA.jpg,5,MUS,6138,7,1,7,0.9626201,0.7889469,1.0,0.6917282,2.8653293
/content/Dataset/BACK/BACK-LTNNIFGA.jpg,1,BACK,6139,1,0,5,1.0729415,0.82517886,0.9929449,0.7038664,3.2734272
/content/Dataset/BACK/BACK-CNQHKGSP.jpg,1,BACK,6140,1,0,3,1.0660114,0.8094067,1.0,0.70448565,3.3036005
/content/Dataset/NORM/NORM-RQSADRVH.jpg,6,NORM,6141,5,1,5,1.0392227,0.835064,0.99200594,0.6567812,3.1991086
/content/Dataset/MUS/MUS-SPFEVNHK.jpg,5,MUS,6142,5,0,7,0.9578268,0.7800112,1.0,0.69251436,2.8786304
/content/Dataset/LYM/LYM-TKNLYNEW.jpg,3,LYM,6143,4,1,4,1.0560828,0.81423104,0.9933087,0.71068627,3.2095497
/content/Dataset/DEB/DEB-PCCGPSTS.jpg,2,DEB,6144,2,0,8,0.29346433,0.815392,1.0,0.0452017,0.91897285
/content/Dataset/NORM/NORM-QLGDLPEF.jpg,6,NORM,6145,6,0,4,0.9992252,0.80691284,0.9175396,0.68402386,3.1451726
/content/Dataset/MUS/MUS-SYKMKETE.jpg,5,MUS,6146,7,1,7,0.9643983,0.7955326,1.0,0.6893812,2.8516943
/content/Dataset/NORM/NORM-AKMNGAKS.jpg,6,NORM,6147,6,0,4,0.99629974,0.80643165,0.9093996,0.68383825,3.1454864
/content/Dataset/BACK/BACK-IGWMVKFY.jpg,1,BACK,6148,1,0,0,1.0747868,0.8103044,1.0,0.7037823,3.3532298
/content/Dataset/MUS/MUS-NNCQSPMD.jpg,5,MUS,6149,5,0,7,0.95647264,0.7786128,1.0,0.691978,2.8794663
/content/Dataset/LYM/LYM-PEGSKCWA.jpg,3,LYM,6150,4,1,4,1.0581659,0.81486946,0.99853617,0.7107026,3.2088497
/content/Dataset/STR/STR-PWMPMHPQ.jpg,7,STR,6151,5,1,5,0.93403786,0.8001451,1.0,0.6522373,2.7809963
/content/Dataset/TUM/TUM-RDHQGAMY.jpg,8,TUM,6152,7,1,7,1.0167701,0.8312289,0.929234,0.6781287,3.1209736
/content/Dataset/MUC/MUC-VLNLKACM.jpg,4,MUC,6153,4,0,3,1.0163552,0.7909689,1.0,0.67921287,3.2020547
/content/Dataset/STR/STR-VWRACNWW.jpg,7,STR,6154,5,1,5,0.9308784,0.80743253,1.0,0.64506674,2.7537744
/content/Dataset/LYM/LYM-TWYFGQES.jpg,3,LYM,6155,4,1,4,1.0574336,0.8153879,0.99440056,0.71087044,3.2086031
/content/Dataset/ADI/ADI-CTNLCTAR.jpg,0,ADI,6156,3,1,3,1.1024833,0.8213616,1.0,0.7221727,3.3859942
/content/Dataset/NORM/NORM-QDYGMIMI.jpg,6,NORM,6157,6,0,8,0.9782171,0.7867272,1.0,0.6836005,2.9881306
/content/Dataset/MUS/MUS-SFGKYNFC.jpg,5,MUS,6158,5,0,7,0.9532594,0.7750162,1.0,0.6909631,2.8819644
/content/Dataset/MUC/MUC-CCHDLKVE.jpg,4,MUC,6159,4,0,7,0.9967134,0.8158625,1.0,0.6704523,2.9930573
/content/Dataset/LYM/LYM-NTIHQTAS.jpg,3,LYM,6160,4,1,4,1.0553412,0.81506455,0.98883224,0.71072924,3.2086275
/content/Dataset/NORM/NORM-LDQEEDGN.jpg,6,NORM,6161,4,1,4,1.004185,0.8069379,0.9356364,0.6835818,3.143906
/content/Dataset/STR/STR-QRCYIIAY.jpg,7,STR,6162,7,0,5,0.9233158,0.7751028,1.0,0.65574527,2.8250613
/content/Dataset/TUM/TUM-VEYSFDYM.jpg,8,TUM,6163,8,0,6,0.7615263,0.8922354,1.0,0.44637197,2.1443515
/content/Dataset/MUC/MUC-NKKEVFFV.jpg,4,MUC,6164,4,0,7,0.9928649,0.7946604,1.0,0.6793777,3.0457518
/content/Dataset/BACK/BACK-AFAENYMY.jpg,1,BACK,6165,1,0,3,1.0668352,0.8103486,1.0,0.7046546,3.3026555
/content/Dataset/STR/STR-YVYIPSAC.jpg,7,STR,6166,7,0,5,0.43730915,0.86515564,1.0,0.19129327,1.2631984
/content/Dataset/BACK/BACK-PFGSHKSR.jpg,1,BACK,6167,1,0,3,1.0660069,0.8093992,1.0,0.7044644,3.3036933
/content/Dataset/MUS/MUS-SNSHRKYR.jpg,5,MUS,6168,5,0,7,0.9547621,0.7803549,1.0,0.68917966,2.870542
/content/Dataset/STR/STR-WILSYSFR.jpg,7,STR,6169,5,1,5,0.92923456,0.79811877,1.0,0.6482899,2.7761014
/content/Dataset/STR/STR-SVQSTCWD.jpg,7,STR,6170,5,1,5,0.93297434,0.79296875,1.0,0.65535146,2.797802
/content/Dataset/TUM/TUM-VSNDHGNM.jpg,8,TUM,6171,6,1,6,0.98598003,0.78974086,1.0,0.6908079,2.9933531
/content/Dataset/MUS/MUS-RWRCSVDA.jpg,5,MUS,6172,5,0,7,0.9557304,0.78029835,1.0,0.6901292,2.873175
/content/Dataset/LYM/LYM-VMCKGKPY.jpg,3,LYM,6173,4,1,4,1.0565286,0.81548256,0.9922179,0.71058744,3.2077637
/content/Dataset/MUC/MUC-WPAYFCLF.jpg,4,MUC,6174,4,0,7,0.3535682,0.8048285,1.0,0.09649788,1.1286594
/content/Dataset/MUC/MUC-TNIEPDKT.jpg,4,MUC,6175,4,0,3,1.0171896,0.7926369,1.0,0.67894536,3.1990252
/content/Dataset/TUM/TUM-RCLGTWRC.jpg,8,TUM,6176,8,0,6,0.98496,0.7880013,1.0,0.69087934,2.995969
/content/Dataset/ADI/ADI-EGPWSNNR.jpg,0,ADI,6177,0,0,5,1.0959449,0.8303196,0.9885909,0.72246695,3.3183215
/content/Dataset/ADI/ADI-FVWWDQIQ.jpg,0,ADI,6178,0,0,4,1.0864224,0.82533616,1.0,0.72225213,3.2708573
/content/Dataset/MUC/MUC-MLNLAGSH.jpg,4,MUC,6179,4,0,7,0.9929276,0.7951664,1.0,0.67915297,3.0443301
/content/Dataset/BACK/BACK-LERLTPYA.jpg,1,BACK,6180,1,0,3,1.0664835,0.81025875,1.0,0.70435435,3.3021843
/content/Dataset/TUM/TUM-RDYKLICA.jpg,8,TUM,6181,6,1,6,0.98766696,0.7936176,1.0,0.69003975,2.9862747
/content/Dataset/ADI/ADI-CWCIWYFW.jpg,0,ADI,6182,3,1,3,1.1028609,0.8219956,1.0,0.7220964,3.3849435
/content/Dataset/ADI/ADI-DSHQGWDW.jpg,0,ADI,6183,0,0,4,1.0847849,0.8232533,1.0,0.72207004,3.2733176
/content/Dataset/MUS/MUS-VIRTTQMA.jpg,5,MUS,6184,5,0,7,0.9601415,0.7881643,1.0,0.6896359,2.8619714
/content/Dataset/MUC/MUC-QIGQSWPD.jpg,4,MUC,6185,4,0,3,1.0167216,0.7917901,1.0,0.6790252,3.2004979
/content/Dataset/STR/STR-PIDMYFEY.jpg,7,STR,6186,8,1,8,0.9749848,0.8060527,0.89642155,0.6562906,3.1402953
/content/Dataset/BACK/BACK-LTRYPPCP.jpg,1,BACK,6187,0,1,0,1.0774175,0.81513333,1.0,0.7031257,3.3443859
/content/Dataset/BACK/BACK-LTSPYNRK.jpg,1,BACK,6188,1,0,3,1.0657412,0.81057996,1.0,0.7034071,3.2995412
/content/Dataset/NORM/NORM-MMLDYDQR.jpg,6,NORM,6189,6,0,4,1.001512,0.80698824,0.92518747,0.68399215,3.1448705
/content/Dataset/ADI/ADI-IPWRRMSV.jpg,0,ADI,6190,3,1,3,1.102085,0.8210025,1.0,0.7220522,3.386122
/content/Dataset/LYM/LYM-RYTNFRIA.jpg,3,LYM,6191,3,0,6,0.4292821,0.7187191,1.0,0.113399364,1.6572434
/content/Dataset/ADI/ADI-CVPNHKGD.jpg,0,ADI,6192,3,1,3,1.1020875,0.8211607,1.0,0.7219463,3.3856473
/content/Dataset/BACK/BACK-KAKWNPTT.jpg,1,BACK,6193,1,0,3,1.0656518,0.8091681,1.0,0.7042799,3.3035502
/content/Dataset/TUM/TUM-WNGRCSWQ.jpg,8,TUM,6194,6,1,6,0.99243075,0.80519354,1.0,0.6875218,2.964784
/content/Dataset/MUS/MUS-VLTEWDMM.jpg,5,MUS,6195,7,1,7,0.96574956,0.80045795,1.0,0.68772477,2.8414724
/content/Dataset/LYM/LYM-PGYWCERN.jpg,3,LYM,6196,3,0,2,1.0477933,0.8056054,1.0,0.71098363,3.1947405
/content/Dataset/MUC/MUC-WSDKHQVC.jpg,4,MUC,6197,4,0,6,1.0131398,0.7999165,1.0,0.6768751,3.1442103
/content/Dataset/NORM/NORM-TNACWAEW.jpg,6,NORM,6198,6,0,8,0.97519964,0.78159475,1.0,0.6838142,2.995736
/content/Dataset/ADI/ADI-GHMVRGCH.jpg,0,ADI,6199,0,0,4,1.0850298,0.823546,1.0,0.7221149,3.2729862
/content/Dataset/STR/STR-VQRCTVVS.jpg,7,STR,6200,7,0,5,0.91751385,0.77133447,1.0,0.65179116,2.8224602
/content/Dataset/ADI/ADI-CDGHMRVD.jpg,0,ADI,6201,0,0,2,1.0916215,0.8211659,1.0,0.7225402,3.3222957
/content/Dataset/MUC/MUC-PATSEGTW.jpg,4,MUC,6202,4,0,6,1.0169103,0.8023001,1.0,0.6790458,3.1460965
/content/Dataset/BACK/BACK-NNALKAWG.jpg,1,BACK,6203,1,0,5,1.0667839,0.82516956,0.9718396,0.70422024,3.2743492
/content/Dataset/LYM/LYM-PRPKNHPG.jpg,3,LYM,6204,3,0,4,1.051785,0.81453836,0.9791033,0.7105253,3.2088819
/content/Dataset/DEB/DEB-RVATRVII.jpg,2,DEB,6205,2,0,3,1.0176799,0.79134744,1.0,0.6875998,3.1779447
/content/Dataset/MUS/MUS-RCIYNAIY.jpg,5,MUS,6206,5,0,7,0.95813954,0.78059095,1.0,0.69245833,2.8777838
/content/Dataset/MUS/MUS-QFRVWGHH.jpg,5,MUS,6207,7,1,7,0.9633348,0.79061747,1.0,0.69138384,2.8625002
/content/Dataset/TUM/TUM-WEDFHMWL.jpg,8,TUM,6208,8,0,6,0.98285043,0.78455657,1.0,0.69096774,3.0008469
/content/Dataset/STR/STR-NLDTVYKD.jpg,7,STR,6209,7,0,5,0.9244064,0.7719468,1.0,0.6589426,2.835878
/content/Dataset/MUS/MUS-RMHHCIRI.jpg,5,MUS,6210,5,0,7,0.9607283,0.78549266,1.0,0.6919431,2.8705006
/content/Dataset/TUM/TUM-QNMALGTW.jpg,8,TUM,6211,2,1,2,1.0529728,0.8301115,1.0,0.6789138,3.2102106
/content/Dataset/MUS/MUS-SNMFIGFT.jpg,5,MUS,6212,5,0,7,0.9579781,0.78277445,1.0,0.6908403,2.8716419
/content/Dataset/MUS/MUS-RRMQSWTL.jpg,5,MUS,6213,5,0,7,0.9568627,0.7791128,1.0,0.6920947,2.8788834
/content/Dataset/NORM/NORM-RRQDNVPI.jpg,6,NORM,6214,6,0,8,0.9744348,0.7795032,1.0,0.6844155,2.9998143
/content/Dataset/TUM/TUM-SKHAQSYI.jpg,8,TUM,6215,8,0,6,0.98496807,0.788389,1.0,0.6906943,2.9947066
/content/Dataset/BACK/BACK-MLMTVADI.jpg,1,BACK,6216,1,0,0,1.0748129,0.8115684,1.0,0.7029899,3.349294
/content/Dataset/TUM/TUM-WVAFKPEL.jpg,8,TUM,6217,8,0,6,0.9850862,0.78802955,1.0,0.6910184,2.9960837
/content/Dataset/ADI/ADI-DQRKFLHM.jpg,0,ADI,6218,0,0,5,1.1006027,0.8325621,1.0,0.7219951,3.3140056
/content/Dataset/DEB/DEB-SIPRIFEL.jpg,2,DEB,6219,3,1,3,1.021706,0.7999048,1.0,0.68605465,3.1617756
/content/Dataset/TUM/TUM-VTILPREA.jpg,8,TUM,6220,8,0,6,0.98386794,0.78646743,1.0,0.6907657,2.9977784
/content/Dataset/STR/STR-RIYDYLRE.jpg,7,STR,6221,7,0,5,0.9180468,0.7606083,1.0,0.6591991,2.8527193
/content/Dataset/DEB/DEB-TWQSYLLI.jpg,2,DEB,6222,2,0,3,1.0175499,0.7909861,1.0,0.6877045,3.1787302
/content/Dataset/MUS/MUS-RPGNMIQI.jpg,5,MUS,6223,8,1,8,1.0392168,0.81681085,0.9816164,0.68630195,3.2059731
/content/Dataset/STR/STR-YIEGIWRQ.jpg,7,STR,6224,2,1,2,0.97550696,0.8396883,1.0,0.6156934,2.9454734
/content/Dataset/ADI/ADI-IGWRQTPC.jpg,0,ADI,6225,0,0,4,1.0857501,0.84302145,1.0,0.71038496,3.2165554
/content/Dataset/DEB/DEB-YYRWRTRQ.jpg,2,DEB,6226,3,1,3,1.0196446,0.7983812,1.0,0.6849256,3.161751
/content/Dataset/MUS/MUS-RWEICEQH.jpg,5,MUS,6227,5,0,7,0.9561991,0.77801865,1.0,0.69207776,2.8804631
/content/Dataset/ADI/ADI-CRIPCDRH.jpg,0,ADI,6228,3,1,3,1.1023102,0.82120275,1.0,0.7221111,3.3861003
/content/Dataset/MUS/MUS-QRSRRKTY.jpg,5,MUS,6229,5,0,7,0.95446485,0.7756148,1.0,0.69184625,2.8830256
/content/Dataset/DEB/DEB-RWGLPCGS.jpg,2,DEB,6230,2,0,3,1.0182003,0.7921752,1.0,0.68756896,3.1767132
/content/Dataset/NORM/NORM-LDRSSAYM.jpg,6,NORM,6231,6,0,1,0.36126384,0.72275233,1.0,0.034594484,1.4150168
/content/Dataset/ADI/ADI-EPCCPVWY.jpg,0,ADI,6232,0,0,5,1.0914294,0.8301256,0.977312,0.72171736,3.3165605
/content/Dataset/MUS/MUS-QFSFIRDW.jpg,5,MUS,6233,5,0,7,0.95936966,0.7930647,1.0,0.6857108,2.8472087
/content/Dataset/STR/STR-MWNPIKKP.jpg,7,STR,6234,7,0,5,0.9193654,0.76248246,1.0,0.65944195,2.8505235
/content/Dataset/TUM/TUM-VAEYHIGM.jpg,8,TUM,6235,6,1,6,0.9915437,0.8159135,1.0,0.68014205,2.9328775
/content/Dataset/BACK/BACK-HTKGTTCH.jpg,1,BACK,6236,1,0,4,1.0674262,0.8220593,1.0,0.7040362,3.2451053
/content/Dataset/MUC/MUC-AMNNCKYE.jpg,4,MUC,6237,3,1,3,1.0179846,0.79363203,1.0,0.6790836,3.1979141
/content/Dataset/TUM/TUM-SFDTYADW.jpg,8,TUM,6238,6,1,6,0.99217016,0.8120656,1.0,0.6830767,2.9449754
/content/Dataset/BACK/BACK-APIRRCAP.jpg,1,BACK,6239,1,0,3,1.0659546,0.8098495,1.0,0.7041124,3.3022082
/content/Dataset/MUC/MUC-YIQQITKK.jpg,4,MUC,6240,4,0,3,1.0172921,0.7928543,1.0,0.6789113,3.1985912
/content/Dataset/DEB/DEB-RCYKLHCP.jpg,2,DEB,6241,2,0,3,1.0174454,0.79112643,1.0,0.68750936,3.1780627
/content/Dataset/BACK/BACK-LWHDIRME.jpg,1,BACK,6242,0,1,0,1.077761,0.81486386,1.0,0.70367223,3.345872
/content/Dataset/TUM/TUM-RKNSEYVT.jpg,8,TUM,6243,8,0,6,0.979756,0.7830044,1.0,0.68886983,2.99795
/content/Dataset/MUC/MUC-VFILQQRS.jpg,4,MUC,6244,0,1,0,1.0307611,0.7990964,1.0,0.6777214,3.249313
/content/Dataset/BACK/BACK-MLHMFFES.jpg,1,BACK,6245,1,0,3,1.0656085,0.8106021,1.0,0.7032389,3.2992582
/content/Dataset/BACK/BACK-AAPKHLQY.jpg,1,BACK,6246,1,0,3,1.0665824,0.8105922,1.0,0.70424074,3.3013546
/content/Dataset/ADI/ADI-ATVPALSN.jpg,0,ADI,6247,0,0,4,1.0846448,0.8231203,1.0,0.7220205,3.2734084
/content/Dataset/BACK/BACK-KMMLIVAY.jpg,1,BACK,6248,0,1,0,1.0771283,0.81420696,1.0,0.7034818,3.3464897
/content/Dataset/ADI/ADI-DAQVSYIT.jpg,0,ADI,6249,0,0,5,1.1000936,0.831057,1.0,0.7225112,3.3173468
/content/Dataset/BACK/BACK-IWEPDKWK.jpg,1,BACK,6250,1,0,5,1.0744765,0.8274264,1.0,0.7018639,3.264973
/content/Dataset/TUM/TUM-YFLMALYA.jpg,8,TUM,6251,5,1,5,1.01828,0.8202356,0.901607,0.6896539,3.1950605
/content/Dataset/DEB/DEB-SWFGYEWY.jpg,2,DEB,6252,3,1,3,1.0249285,0.8109941,1.0,0.68218124,3.1364558
/content/Dataset/DEB/DEB-SFEPGYYT.jpg,2,DEB,6253,3,1,3,1.0207803,0.79773235,1.0,0.686513,3.1661754
/content/Dataset/MUS/MUS-RETNGKTG.jpg,5,MUS,6254,7,1,7,0.96229607,0.7899156,1.0,0.69076097,2.8620517
/content/Dataset/STR/STR-MRNMPDGV.jpg,7,STR,6255,7,0,5,0.9272472,0.77612054,1.0,0.65942013,2.8307865
/content/Dataset/NORM/NORM-MQMDAVQF.jpg,6,NORM,6256,6,0,4,0.9975463,0.8063456,0.91329324,0.6839904,3.1458888
/content/Dataset/TUM/TUM-WDFPQPEQ.jpg,8,TUM,6257,8,0,6,0.9844133,0.78740704,1.0,0.69070476,2.9964015
/content/Dataset/MUS/MUS-SRIPCLDC.jpg,5,MUS,6258,5,0,7,0.95715964,0.7788158,1.0,0.6925895,2.880382
/content/Dataset/DEB/DEB-QDKLYLFW.jpg,2,DEB,6259,2,0,3,1.0185691,0.7930272,1.0,0.6873906,3.174989
/content/Dataset/MUC/MUC-PYEPVGFW.jpg,4,MUC,6260,4,0,7,0.9947757,0.80051225,1.0,0.67766494,3.0331678
/content/Dataset/TUM/TUM-QDLCHLIW.jpg,8,TUM,6261,5,1,5,1.0399289,0.849236,1.0,0.6652081,3.088761
/content/Dataset/BACK/BACK-PCPATVVD.jpg,1,BACK,6262,1,0,3,1.0657725,0.809116,1.0,0.7044356,3.3039746
/content/Dataset/TUM/TUM-QYGNPFQR.jpg,8,TUM,6263,8,0,6,0.9849693,0.78770494,1.0,0.69108796,2.9968016
/content/Dataset/TUM/TUM-RPMRWRKN.jpg,8,TUM,6264,8,0,6,0.98324054,0.7858027,1.0,0.69057155,2.99817
/content/Dataset/NORM/NORM-RLKVGMIV.jpg,6,NORM,6265,6,0,8,0.9748854,0.780495,1.0,0.684229,2.9980524
/content/Dataset/STR/STR-YCPWWNTA.jpg,7,STR,6266,7,0,5,0.91902834,0.7620313,1.0,0.65931636,2.8511512
/content/Dataset/MUS/MUS-STIIESYA.jpg,5,MUS,6267,5,0,7,0.96002674,0.784573,1.0,0.6918339,2.87132
/content/Dataset/BACK/BACK-KFVTCTHE.jpg,1,BACK,6268,1,0,3,1.0659276,0.80973816,1.0,0.70416445,3.3024683
/content/Dataset/MUC/MUC-YVALNVSE.jpg,4,MUC,6269,4,0,3,1.0172541,0.7923713,1.0,0.6791845,3.1999702
/content/Dataset/TUM/TUM-TNMETLWI.jpg,8,TUM,6270,8,0,6,0.98501694,0.83805,1.0,0.6615127,2.855939
/content/Dataset/BACK/BACK-CTDGQSYA.jpg,1,BACK,6271,1,0,5,1.0654854,0.82432187,0.9701803,0.7040144,3.27511
/content/Dataset/DEB/DEB-PKEGDHGY.jpg,2,DEB,6272,2,0,7,0.3165333,0.8169066,1.0,0.070146285,0.98523104
/content/Dataset/DEB/DEB-SHGTMRLC.jpg,2,DEB,6273,5,1,5,1.0344802,0.82327366,0.9395278,0.6866016,3.2174196
/content/Dataset/STR/STR-VKMVVSCF.jpg,7,STR,6274,7,0,5,0.8474066,0.82842654,1.0,0.5512306,2.5040317
/content/Dataset/LYM/LYM-PCFRWQDK.jpg,3,LYM,6275,3,0,2,1.0524426,0.8154438,1.0,0.70903033,3.1765742
/content/Dataset/BACK/BACK-GVFCWKFF.jpg,1,BACK,6276,0,1,0,1.0765055,0.8125355,1.0,0.70398676,3.3502154
/content/Dataset/STR/STR-SDFCFYVP.jpg,7,STR,6277,5,1,5,0.928432,0.7974586,1.0,0.64802235,2.7755084
/content/Dataset/BACK/BACK-NQAFIIMW.jpg,1,BACK,6278,1,0,6,1.0319525,0.85534835,1.0,0.6399426,3.1028147
/content/Dataset/MUC/MUC-RQPPKAVK.jpg,4,MUC,6279,4,0,3,1.0170661,0.7921792,1.0,0.67912143,3.2001102
/content/Dataset/NORM/NORM-WACTQVFN.jpg,6,NORM,6280,6,0,4,0.99986196,0.80934113,0.9154699,0.68360406,3.1411996
/content/Dataset/MUS/MUS-CNFEFSTE.jpg,5,MUS,6281,7,1,7,0.96776336,0.8087725,1.0,0.68470496,2.8237963
/content/Dataset/DEB/DEB-YPSFTQQK.jpg,2,DEB,6282,2,0,3,1.0189773,0.79323643,1.0,0.6876746,3.1752677
/content/Dataset/MUS/MUS-RPFEWQLD.jpg,5,MUS,6283,5,0,7,0.952625,0.77337754,1.0,0.69134915,2.8850486
/content/Dataset/STR/STR-RHHEMQTG.jpg,7,STR,6284,2,1,2,0.993928,0.8095729,1.0,0.6495232,3.0791986
/content/Dataset/DEB/DEB-YHKWKKDD.jpg,2,DEB,6285,4,1,4,1.0539621,0.85097826,1.0,0.65728337,3.186899
/content/Dataset/STR/STR-SRSWNNHV.jpg,7,STR,6286,5,1,5,0.9316474,0.8135797,1.0,0.6425561,2.7388263
/content/Dataset/TUM/TUM-RFAEHTNM.jpg,8,TUM,6287,8,0,6,0.9849183,0.7878977,1.0,0.69091445,2.9961307
/content/Dataset/DEB/DEB-PFFDDLNF.jpg,2,DEB,6288,2,0,3,1.0186759,0.79338586,1.0,0.68728065,3.174104
/content/Dataset/LYM/LYM-THSCQCFF.jpg,3,LYM,6289,4,1,4,1.0583413,0.81537896,0.99719626,0.71093684,3.2086918
/content/Dataset/MUS/MUS-RGNHSTDE.jpg,5,MUS,6290,7,1,7,0.96385306,0.80002886,1.0,0.6860937,2.8382676
/content/Dataset/MUS/MUS-VKQNASCS.jpg,5,MUS,6291,5,0,7,0.95736516,0.78028196,1.0,0.6917953,2.8770518
/content/Dataset/ADI/ADI-DLPADPVD.jpg,0,ADI,6292,0,0,4,1.0848548,0.8234124,1.0,0.72203946,3.2729743
/content/Dataset/MUS/MUS-AQEYPQCQ.jpg,5,MUS,6293,5,0,7,0.9581157,0.7846608,1.0,0.6897929,2.8667972
/content/Dataset/NORM/NORM-YGITGNQS.jpg,6,NORM,6294,6,0,4,1.0009867,0.80779743,0.92113084,0.68412125,3.144197
/content/Dataset/STR/STR-NTCEVKSK.jpg,7,STR,6295,7,0,5,0.92227525,0.76809776,1.0,0.6590659,2.841589
/content/Dataset/TUM/TUM-RKGPRVDC.jpg,8,TUM,6296,8,0,6,0.98403907,0.7864225,1.0,0.6909892,2.9982314
/content/Dataset/TUM/TUM-SCRHKDWS.jpg,8,TUM,6297,8,0,6,0.98401433,0.786936,1.0,0.6906139,2.996782
/content/Dataset/TUM/TUM-YHQYNPAM.jpg,8,TUM,6298,8,0,6,0.9839409,0.7868855,1.0,0.6905334,2.9968822
/content/Dataset/DEB/DEB-TNMQFWHL.jpg,2,DEB,6299,2,0,3,1.0189841,0.79781663,1.0,0.68467987,3.1617312
/content/Dataset/ADI/ADI-EMFFLRWE.jpg,0,ADI,6300,3,1,3,1.1024996,0.82135767,1.0,0.72218055,3.386083
/content/Dataset/NORM/NORM-MSQIPYSM.jpg,6,NORM,6301,6,0,4,1.0015943,0.8073099,0.9249618,0.6839214,3.144301
/content/Dataset/BACK/BACK-CVLCSMSH.jpg,1,BACK,6302,1,0,0,1.0746799,0.81034863,1.0,0.7036622,3.3527963
/content/Dataset/NORM/NORM-QTQNKHEQ.jpg,6,NORM,6303,6,0,8,0.9724307,0.8191494,1.0,0.6582361,2.8841195
/content/Dataset/MUC/MUC-YSRHDFEV.jpg,4,MUC,6304,0,1,0,1.0302907,0.7970539,1.0,0.6785567,3.2545497
/content/Dataset/STR/STR-NFAYCGCL.jpg,7,STR,6305,7,0,5,0.92461604,0.7716007,1.0,0.65940034,2.83724
/content/Dataset/MUC/MUC-ALVMNEPC.jpg,4,MUC,6306,4,0,3,1.0173911,0.7932553,1.0,0.67877144,3.1975336
/content/Dataset/TUM/TUM-YAWRTVYH.jpg,8,TUM,6307,8,0,6,0.9846679,0.7887113,1.0,0.6900896,2.9934106
/content/Dataset/ADI/ADI-HLWWLPMK.jpg,0,ADI,6308,0,0,5,1.1017717,0.834211,1.0,0.72203404,3.3116455
/content/Dataset/TUM/TUM-YLIRSLKI.jpg,8,TUM,6309,8,0,6,0.98425335,0.78829443,1.0,0.6899739,2.9935157
/content/Dataset/STR/STR-SILVQEQV.jpg,7,STR,6310,7,0,5,0.8071046,0.77744335,1.0,0.52964675,2.5491922
/content/Dataset/MUC/MUC-NPHHGDRE.jpg,4,MUC,6311,0,1,0,1.030941,0.79938793,1.0,0.6776675,3.2490003
/content/Dataset/BACK/BACK-KYYGYMTC.jpg,1,BACK,6312,1,0,8,1.0642825,0.81605804,0.996223,0.70365185,3.2671719
/content/Dataset/STR/STR-TSEIFCVH.jpg,7,STR,6313,7,0,5,0.9245145,0.7706429,1.0,0.6599034,2.839585
/content/Dataset/BACK/BACK-IVCSKAEP.jpg,1,BACK,6314,1,0,3,1.0654978,0.80959666,1.0,0.703839,3.3019128
/content/Dataset/TUM/TUM-WISEAHFD.jpg,8,TUM,6315,6,1,6,0.98613536,0.79021007,1.0,0.6906685,2.9923704
/content/Dataset/ADI/ADI-ERFKFCYP.jpg,0,ADI,6316,0,0,4,1.084067,0.8226831,0.9990239,0.722062,3.2740457
/content/Dataset/MUS/MUS-AFEPWTLT.jpg,5,MUS,6317,7,1,7,0.96403855,0.7929077,1.0,0.6906503,2.8579557
/content/Dataset/MUS/MUS-QMVEYYNC.jpg,5,MUS,6318,5,0,7,0.96002775,0.78599983,1.0,0.69089156,2.8675644
/content/Dataset/STR/STR-TLMHHGSD.jpg,7,STR,6319,7,0,5,0.92350835,0.7691188,1.0,0.65973574,2.8416197
/content/Dataset/ADI/ADI-GCIIIVSD.jpg,0,ADI,6320,0,0,5,1.0995549,0.8308375,1.0,0.7221511,3.316764
/content/Dataset/DEB/DEB-TGVANTIH.jpg,2,DEB,6321,2,0,3,1.0179746,0.7934071,1.0,0.68652874,3.172543
/content/Dataset/ADI/ADI-GSRAKWKV.jpg,0,ADI,6322,5,1,5,1.1044992,0.84540886,1.0,0.71747917,3.2839215
/content/Dataset/LYM/LYM-TFIYADHN.jpg,3,LYM,6323,3,0,2,1.0520715,0.8149973,1.0,0.7089967,3.1769078
/content/Dataset/MUS/MUS-RWDIHSKW.jpg,5,MUS,6324,5,0,7,0.96067387,0.83344436,1.0,0.6638103,2.7420433
/content/Dataset/TUM/TUM-SGMQHESQ.jpg,8,TUM,6325,8,0,6,0.9850046,0.7881005,1.0,0.6909097,2.995631
/content/Dataset/TUM/TUM-TQMQAYFY.jpg,8,TUM,6326,8,0,6,0.9841129,0.78805757,1.0,0.6899888,2.9938455
/content/Dataset/LYM/LYM-QCHCNERL.jpg,3,LYM,6327,3,0,2,1.0471985,0.80470556,1.0,0.71100456,3.196006
/content/Dataset/STR/STR-RKALWSKD.jpg,7,STR,6328,7,0,5,0.92269814,0.7679118,1.0,0.6596232,2.843097
/content/Dataset/ADI/ADI-EGFHKDGG.jpg,0,ADI,6329,5,1,5,1.1038551,0.84320813,1.0,0.7182426,3.2891684
/content/Dataset/NORM/NORM-VPQRHTLA.jpg,6,NORM,6330,6,0,8,0.76351595,0.8964145,1.0,0.4460897,2.1421933
/content/Dataset/DEB/DEB-PYWTYKCA.jpg,2,DEB,6331,2,0,3,1.0185455,0.79444623,1.0,0.6864724,3.17059
/content/Dataset/TUM/TUM-SNRCKETS.jpg,8,TUM,6332,6,1,6,0.98625386,0.79012424,1.0,0.69085836,2.9928362
/content/Dataset/NORM/NORM-MHFVFWEF.jpg,6,NORM,6333,6,0,4,1.0003203,0.8059622,0.9256394,0.68332934,3.144801
/content/Dataset/TUM/TUM-YTGVSVEL.jpg,8,TUM,6334,6,1,6,0.98637503,0.7918869,1.0,0.68982965,2.9882174
/content/Dataset/ADI/ADI-IACFLHSQ.jpg,0,ADI,6335,0,0,3,1.1020094,0.8208445,1.0,0.72206086,3.3865323
/content/Dataset/MUC/MUC-QARIGERT.jpg,4,MUC,6336,6,1,6,1.0185232,0.81031036,1.0,0.67567295,3.125936
/content/Dataset/BACK/BACK-KHLWNNAD.jpg,1,BACK,6337,1,0,3,1.0659198,0.8104972,1.0,0.7036567,3.3001275
/content/Dataset/BACK/BACK-LPIATMNE.jpg,1,BACK,6338,1,0,3,1.0666959,0.81080043,1.0,0.70420873,3.3009987
/content/Dataset/DEB/DEB-RIVYKTMV.jpg,2,DEB,6339,2,0,3,1.0179318,0.7914453,1.0,0.6878042,3.1781793
/content/Dataset/MUS/MUS-RMEMNHVK.jpg,5,MUS,6340,2,1,2,1.0036826,0.8467365,1.0,0.6220326,3.0482793
/content/Dataset/ADI/ADI-GPENQETI.jpg,0,ADI,6341,3,1,3,1.1023939,0.8213563,1.0,0.7220718,3.385878
/content/Dataset/NORM/NORM-AGYQICQW.jpg,6,NORM,6342,6,0,8,0.98058414,0.82313144,1.0,0.664103,2.8913436
/content/Dataset/MUC/MUC-WVSKIHMS.jpg,4,MUC,6343,0,1,0,1.0334309,0.8081858,1.0,0.6745669,3.227731
/content/Dataset/TUM/TUM-QHEADAFN.jpg,8,TUM,6344,8,0,6,0.98493916,0.7874675,1.0,0.6912228,2.997364
/content/Dataset/STR/STR-TPMTHLGA.jpg,7,STR,6345,6,1,6,0.9837349,0.81054294,0.9313916,0.65315866,3.1187348
/content/Dataset/LYM/LYM-VLLDGVIV.jpg,3,LYM,6346,4,1,4,1.0595909,0.8158856,1.0,0.7109891,3.208055
/content/Dataset/MUS/MUS-RYQTDVRQ.jpg,5,MUS,6347,5,0,7,0.95595723,0.78427386,1.0,0.6877774,2.8630574
/content/Dataset/NORM/NORM-QGCKRHGT.jpg,6,NORM,6348,6,0,8,0.9744246,0.78105783,1.0,0.68343073,2.995263
/content/Dataset/BACK/BACK-KTHDHCQL.jpg,1,BACK,6349,1,0,0,1.0748154,0.809759,1.0,0.7041867,3.3549354
/content/Dataset/MUC/MUC-AAWQYHPD.jpg,4,MUC,6350,4,0,7,0.99006486,0.79435194,0.9924601,0.67895544,3.045368
/content/Dataset/MUS/MUS-CKEIAPDG.jpg,5,MUS,6351,5,0,7,0.95914984,0.7828058,1.0,0.6920693,2.8740947
/content/Dataset/DEB/DEB-QSRQKWWL.jpg,2,DEB,6352,3,1,3,1.0195519,0.7942367,1.0,0.6875679,3.1737125
/content/Dataset/STR/STR-TRTNETGN.jpg,7,STR,6353,7,0,5,0.92395556,0.7698512,1.0,0.6597233,2.8407276
/content/Dataset/DEB/DEB-QCRQENYV.jpg,2,DEB,6354,3,1,3,1.0197469,0.795971,1.0,0.68665665,3.1689134
/content/Dataset/DEB/DEB-SPCTTDIN.jpg,2,DEB,6355,5,1,5,1.0511237,0.8303098,1.0,0.6807211,3.192097
/content/Dataset/NORM/NORM-LLFSAVTY.jpg,6,NORM,6356,6,0,8,0.55245525,0.8924661,1.0,0.2749689,1.5667541
/content/Dataset/DEB/DEB-RGPHDHGA.jpg,2,DEB,6357,2,0,3,1.018213,0.7923061,1.0,0.6875068,3.1763136
/content/Dataset/TUM/TUM-QFVIGEHE.jpg,8,TUM,6358,8,0,6,0.9845432,0.78713703,1.0,0.6910206,2.997432
/content/Dataset/MUC/MUC-AVNDTFWS.jpg,4,MUC,6359,4,0,6,1.0156811,0.8016164,0.9978051,0.6788948,3.1468484
/content/Dataset/LYM/LYM-PNAERPLH.jpg,3,LYM,6360,4,1,4,1.0553956,0.8143023,0.9908865,0.71067494,3.2095404
/content/Dataset/MUS/MUS-RQPWHTHR.jpg,5,MUS,6361,5,0,7,0.95325434,0.77390456,1.0,0.69166005,2.885052
/content/Dataset/LYM/LYM-SQCSWGKY.jpg,3,LYM,6362,3,0,2,1.0504403,0.8105409,1.0,0.71031976,3.1862576
/content/Dataset/DEB/DEB-ACAFGCEG.jpg,2,DEB,6363,3,1,3,1.019904,0.79498625,1.0,0.6874638,3.1721778
/content/Dataset/NORM/NORM-PDNVHVYI.jpg,6,NORM,6364,6,0,8,0.9751861,0.78076494,1.0,0.68438184,2.9979162
/content/Dataset/BACK/BACK-IQDQLHEQ.jpg,1,BACK,6365,0,1,0,1.0777693,0.815216,1.0,0.703428,3.3448777
/content/Dataset/MUC/MUC-QRKYRDAC.jpg,4,MUC,6366,4,0,3,1.0163832,0.7910619,1.0,0.6791654,3.2018917
/content/Dataset/MUS/MUS-TAYGNMEA.jpg,5,MUS,6367,5,0,7,0.9587659,0.781748,1.0,0.69236106,2.8760653
/content/Dataset/DEB/DEB-NQGFLADA.jpg,2,DEB,6368,2,0,3,1.0184419,0.7928873,1.0,0.6873729,3.1750479
/content/Dataset/MUS/MUS-AQTLISMP.jpg,5,MUS,6369,5,0,7,0.95785755,0.78069043,1.0,0.6920987,2.876885
/content/Dataset/MUC/MUC-TFVPHVVH.jpg,4,MUC,6370,3,1,3,1.0177459,0.7933414,1.0,0.6790507,3.1981716
/content/Dataset/DEB/DEB-PREISAIY.jpg,2,DEB,6371,6,1,6,1.0510415,0.8286458,1.0,0.6795232,3.2045388
/content/Dataset/NORM/NORM-QHNKKWLC.jpg,6,NORM,6372,6,0,4,0.9987087,0.8068104,0.91608465,0.6840129,3.1452758
/content/Dataset/NORM/NORM-RIANSNLC.jpg,6,NORM,6373,6,0,4,0.9967189,0.8577888,1.0,0.63030106,2.9303505
/content/Dataset/LYM/LYM-GPCIIECC.jpg,3,LYM,6374,4,1,4,1.0581517,0.81464434,0.9995119,0.7105557,3.20876
/content/Dataset/LYM/LYM-QGLCGFNF.jpg,3,LYM,6375,3,0,2,1.0477982,0.80589104,1.0,0.71079427,3.1939266
/content/Dataset/LYM/LYM-NGLKFFFQ.jpg,3,LYM,6376,4,1,4,1.0565633,0.8146646,0.9940364,0.7106114,3.2089949
/content/Dataset/NORM/NORM-RVHVYYFH.jpg,6,NORM,6377,6,0,7,0.9971189,0.81590337,0.8823891,0.6831073,3.150408
/content/Dataset/BACK/BACK-KVMNERRC.jpg,1,BACK,6378,1,0,8,1.0608916,0.81609356,0.9869029,0.7031045,3.2659879
/content/Dataset/DEB/DEB-VRRSMWCW.jpg,2,DEB,6379,2,0,3,1.0187229,0.7931686,1.0,0.68744737,3.1749396
/content/Dataset/MUC/MUC-GVFKWMHW.jpg,4,MUC,6380,4,0,7,0.9915693,0.79486656,0.9945219,0.67955774,3.0458877
/content/Dataset/MUC/MUC-TWEPCFFV.jpg,4,MUC,6381,4,0,6,1.0030998,0.8470884,1.0,0.6403665,2.980664
/content/Dataset/MUS/MUS-AIQYQGAP.jpg,5,MUS,6382,0,1,0,1.0600272,0.8239619,1.0,0.68106043,3.2758176
/content/Dataset/MUC/MUC-NHNPFFMM.jpg,4,MUC,6383,4,0,5,0.40398464,0.71256447,1.0,0.074146844,1.6088675
/content/Dataset/DEB/DEB-NVNNIGFQ.jpg,2,DEB,6384,2,0,3,1.0164435,0.79048496,1.0,0.6869573,3.1775398
/content/Dataset/STR/STR-RRCCWVNF.jpg,7,STR,6385,5,1,5,0.9314888,0.78654695,1.0,0.6575252,2.8121004
/content/Dataset/BACK/BACK-NRWRHHSY.jpg,1,BACK,6386,1,0,3,1.0658273,0.8093627,1.0,0.7043238,3.3033535
/content/Dataset/BACK/BACK-MNQPVWGK.jpg,1,BACK,6387,1,0,3,1.0663989,0.8101453,1.0,0.7043582,3.3022943
/content/Dataset/STR/STR-VTQKIVNQ.jpg,7,STR,6388,7,0,5,0.92065775,0.7690633,1.0,0.6565581,2.8358123
/content/Dataset/DEB/DEB-VININWLA.jpg,2,DEB,6389,2,0,3,1.0166022,0.79289997,1.0,0.6855691,3.1705785
/content/Dataset/TUM/TUM-VIESCLVQ.jpg,8,TUM,6390,8,0,6,0.5147637,0.8870878,1.0,0.2465657,1.4652708
/content/Dataset/MUS/MUS-RHMYGANL.jpg,5,MUS,6391,5,0,7,0.95875645,0.7821135,1.0,0.69211376,2.8750598
/content/Dataset/MUC/MUC-GNLIWKGY.jpg,4,MUC,6392,4,0,7,0.99794966,0.80799335,1.0,0.6763123,3.0186784
/content/Dataset/TUM/TUM-TFIEFMEI.jpg,8,TUM,6393,6,1,6,0.9863729,0.7903871,1.0,0.69081306,2.9923584
/content/Dataset/ADI/ADI-FDKAERER.jpg,0,ADI,6394,3,1,3,1.1032984,0.82271045,1.0,0.72201705,3.3838038
/content/Dataset/LYM/LYM-PTCISTGV.jpg,3,LYM,6395,3,0,2,1.0473717,0.80507296,1.0,0.7109412,3.1952825
/content/Dataset/MUS/MUS-RFSLFIDM.jpg,5,MUS,6396,5,0,7,0.9606911,0.78658,1.0,0.6912032,2.8675027
/content/Dataset/ADI/ADI-KLMWMYQF.jpg,0,ADI,6397,0,0,2,1.0908035,0.82138926,1.0,0.7216329,3.319663
/content/Dataset/DEB/DEB-QENPHTAN.jpg,2,DEB,6398,2,0,7,1.0178101,0.82321787,1.0,0.6715367,3.0712905
/content/Dataset/MUS/MUS-RVPADDLL.jpg,5,MUS,6399,7,1,7,0.9611438,0.78566957,1.0,0.69232327,2.870761
/content/Dataset/DEB/DEB-STPNGRWM.jpg,2,DEB,6400,2,0,3,1.0183111,0.79239273,1.0,0.68753976,3.1763124
/content/Dataset/LYM/LYM-PPTDNKAV.jpg,3,LYM,6401,2,1,2,1.0536516,0.8202759,1.0,0.70713204,3.1650314
/content/Dataset/BACK/BACK-KGICMAVQ.jpg,1,BACK,6402,1,0,3,1.0663277,0.81014335,1.0,0.70428604,3.3021517
/content/Dataset/TUM/TUM-RQHRIRSM.jpg,8,TUM,6403,4,1,4,1.0584142,0.84490466,1.0,0.67118156,3.1929355
/content/Dataset/BACK/BACK-KHMKRNLA.jpg,1,BACK,6404,1,0,3,1.0660805,0.80994916,1.0,0.7041774,3.3021624
/content/Dataset/MUS/MUS-SVAVWWYW.jpg,5,MUS,6405,7,1,7,0.963298,0.79054576,1.0,0.691418,2.8625288
/content/Dataset/DEB/DEB-RWVKRFKT.jpg,2,DEB,6406,2,0,3,1.0185655,0.79256606,1.0,0.6876731,3.1764126
/content/Dataset/MUS/MUS-SYCYKLQC.jpg,5,MUS,6407,0,1,0,1.0521882,0.81887215,0.9674601,0.6861751,3.297064
/content/Dataset/MUS/MUS-AFVRAMCF.jpg,5,MUS,6408,7,1,7,0.9616716,0.7911114,1.0,0.68934834,2.8574784
/content/Dataset/DEB/DEB-VRKSEAHH.jpg,2,DEB,6409,5,1,5,1.0340307,0.8599572,1.0,0.6488018,3.0612142
/content/Dataset/BACK/BACK-KKFHYVNH.jpg,1,BACK,6410,1,0,3,1.0666376,0.8106286,1.0,0.7042694,3.3013747
/content/Dataset/MUS/MUS-PHCLRKSV.jpg,5,MUS,6411,7,1,7,0.9641751,0.7922633,1.0,0.69122666,2.8599
/content/Dataset/MUS/MUS-CKTGWEIF.jpg,5,MUS,6412,7,1,7,0.9673854,0.8032396,1.0,0.68767923,2.837696
/content/Dataset/STR/STR-PCCWRMRF.jpg,7,STR,6413,7,0,5,0.92118365,0.76506567,1.0,0.65978706,2.8474798
/content/Dataset/TUM/TUM-WKQVLSTC.jpg,8,TUM,6414,8,0,6,0.9819026,0.78954947,1.0,0.68668747,2.9848886
/content/Dataset/STR/STR-NYQANGQM.jpg,7,STR,6415,7,0,5,0.9230573,0.76775205,1.0,0.6601021,2.8443685
/content/Dataset/MUS/MUS-PMFHTHYW.jpg,5,MUS,6416,7,1,7,0.9654973,0.8154208,1.0,0.67845374,2.8011887
/content/Dataset/MUS/MUS-RYMLWNRM.jpg,5,MUS,6417,7,1,7,0.96146065,0.7861622,1.0,0.6923106,2.8702211
/content/Dataset/DEB/DEB-QAQRSAQT.jpg,2,DEB,6418,2,0,3,1.0176483,0.7916602,1.0,0.6874073,3.1767812
/content/Dataset/DEB/DEB-SDNMHNGP.jpg,2,DEB,6419,2,0,3,1.0186533,0.79241353,1.0,0.6878781,3.1770105
/content/Dataset/NORM/NORM-AIYAFLGE.jpg,6,NORM,6420,4,1,4,1.0116843,0.80662286,0.9635707,0.68300545,3.1425748
/content/Dataset/NORM/NORM-SNNLPQWY.jpg,6,NORM,6421,6,0,8,0.97354805,0.7779351,1.0,0.68453664,3.0021875
/content/Dataset/STR/STR-QETHAHSM.jpg,7,STR,6422,7,0,5,0.9226099,0.7690183,1.0,0.6588266,2.8398917
/content/Dataset/LYM/LYM-TIKRLYWI.jpg,3,LYM,6423,4,1,4,1.0585706,0.8156628,0.99743974,0.7108967,3.208222
/content/Dataset/MUC/MUC-RTFNSAKR.jpg,4,MUC,6424,0,1,0,1.0336466,0.81065834,1.0,0.67318875,3.2208433
/content/Dataset/LYM/LYM-PFRMGDMM.jpg,3,LYM,6425,3,0,2,1.034105,0.8584711,1.0,0.6669857,3.0069177
/content/Dataset/ADI/ADI-FTALRAAA.jpg,0,ADI,6426,3,1,3,1.1025032,0.8218382,1.0,0.7218595,3.384616
/content/Dataset/BACK/BACK-NWSCSAKR.jpg,1,BACK,6427,0,1,0,1.0763571,0.81194645,1.0,0.7042467,3.351646
/content/Dataset/ADI/ADI-EFSFQIMH.jpg,0,ADI,6428,0,0,5,1.1001343,0.832764,1.0,0.7214238,3.312321
/content/Dataset/MUC/MUC-AHQFNLEE.jpg,4,MUC,6429,4,0,3,1.0175512,0.7925565,1.0,0.67936945,3.2000742
/content/Dataset/BACK/BACK-KELEECSG.jpg,1,BACK,6430,0,1,0,1.0758882,0.8128272,1.0,0.70318204,3.3479397
/content/Dataset/TUM/TUM-YTTRSWSK.jpg,8,TUM,6431,8,0,6,0.9850786,0.78755236,1.0,0.69131464,2.9974272
/content/Dataset/STR/STR-YTEWIIMW.jpg,7,STR,6432,7,0,5,0.9263916,0.7767863,1.0,0.65812886,2.8269584
/content/Dataset/BACK/BACK-LYGHNTYM.jpg,1,BACK,6433,1,0,3,1.0663846,0.8101097,1.0,0.70437294,3.3023517
/content/Dataset/NORM/NORM-WDHINWAC.jpg,6,NORM,6434,6,0,8,0.97397673,0.7790444,1.0,0.68426925,2.9999752
/content/Dataset/TUM/TUM-SPRWRHQA.jpg,8,TUM,6435,6,1,6,0.98931134,0.79823554,1.0,0.6887258,2.9772077
/content/Dataset/MUC/MUC-TIYTTFTW.jpg,4,MUC,6436,6,1,6,1.0178306,0.80603695,1.0,0.6776508,3.1369772
/content/Dataset/MUC/MUC-RTHEVMEH.jpg,4,MUC,6437,3,1,3,1.0176277,0.79287493,1.0,0.6792029,3.199421
/content/Dataset/BACK/BACK-FFYCNVHS.jpg,1,BACK,6438,1,0,0,1.0749034,0.8093206,1.0,0.70457685,3.3564517
/content/Dataset/STR/STR-WHGAQTYI.jpg,7,STR,6439,7,0,5,0.921243,0.7692849,1.0,0.6572036,2.8360434
/content/Dataset/BACK/BACK-KYFQKRYC.jpg,1,BACK,6440,1,0,3,1.0662228,0.80967134,1.0,0.70450056,3.3033366
/content/Dataset/NORM/NORM-RHIDSVCV.jpg,6,NORM,6441,6,0,8,0.9725883,0.7771671,1.0,0.6840265,3.0022314
/content/Dataset/ADI/ADI-GFTHESNV.jpg,0,ADI,6442,3,1,3,1.1022823,0.82166076,1.0,0.72175825,3.384694
/content/Dataset/TUM/TUM-QIKNYPPC.jpg,8,TUM,6443,6,1,6,0.9859587,0.78948826,1.0,0.6909646,2.9939654
/content/Dataset/LYM/LYM-AEKAWSNN.jpg,3,LYM,6444,4,1,4,1.0587721,0.81548524,1.0,0.71050316,3.2072055
/content/Dataset/STR/STR-YHYLRLAN.jpg,7,STR,6445,2,1,2,0.99312496,0.82047856,1.0,0.6425487,3.0446517
/content/Dataset/BACK/BACK-KTFAIQKP.jpg,1,BACK,6446,1,0,3,1.0661983,0.8096163,1.0,0.7045088,3.303464
/content/Dataset/MUC/MUC-RIKGYSDI.jpg,4,MUC,6447,4,0,7,0.99325734,0.79588383,1.0,0.6790292,3.0430317
/content/Dataset/ADI/ADI-FPCGETVQ.jpg,0,ADI,6448,3,1,3,1.1032487,0.8225255,1.0,0.7221156,3.3841782
/content/Dataset/MUS/MUS-NTLQCKIM.jpg,5,MUS,6449,5,0,7,0.95353895,0.77576125,1.0,0.6907064,2.880769
/content/Dataset/LYM/LYM-QNMLTFGY.jpg,3,LYM,6450,3,0,4,1.0512747,0.814355,0.97635806,0.71095645,3.210248
/content/Dataset/MUS/MUS-NPEHPDCN.jpg,5,MUS,6451,5,0,7,0.9536961,0.7748511,1.0,0.6915238,2.8834147
/content/Dataset/LYM/LYM-RVGTQWHF.jpg,3,LYM,6452,3,0,2,1.0492167,0.8079771,1.0,0.71080655,3.1910198
/content/Dataset/MUC/MUC-RIWKKSPP.jpg,4,MUC,6453,4,0,6,1.0172188,0.8025729,1.0,0.67916495,3.1460502
/content/Dataset/LYM/LYM-YNLWWTEG.jpg,3,LYM,6454,4,1,4,1.0590428,0.8155543,1.0,0.71068215,3.2077541
/content/Dataset/TUM/TUM-RCRFRSLM.jpg,8,TUM,6455,8,0,6,0.9843748,0.787276,1.0,0.69080156,2.996515
/content/Dataset/STR/STR-VSLVYRIT.jpg,7,STR,6456,7,0,5,0.92530644,0.7731711,1.0,0.65919256,2.8344104
/content/Dataset/LYM/LYM-RNVSHNCH.jpg,3,LYM,6457,4,1,4,1.05881,0.815879,1.0,0.7102696,3.206175
/content/Dataset/TUM/TUM-WEDIWNVW.jpg,8,TUM,6458,8,0,6,0.98508203,0.7880775,1.0,0.6909524,2.9960396
/content/Dataset/MUS/MUS-AQCKTFIE.jpg,5,MUS,6459,5,0,7,0.960379,0.78480947,1.0,0.69207513,2.8713872
/content/Dataset/ADI/ADI-FKMWFWIN.jpg,0,ADI,6460,0,0,5,1.1017431,0.83452153,1.0,0.7218177,3.3105984
/content/Dataset/TUM/TUM-VAKVYSDC.jpg,8,TUM,6461,8,0,6,0.98547584,0.78868794,1.0,0.69098854,2.995121
/content/Dataset/MUC/MUC-PPTDKFTL.jpg,4,MUC,6462,6,1,6,1.0187774,0.80828005,1.0,0.677157,3.1326191
/content/Dataset/TUM/TUM-SRHQTHCC.jpg,8,TUM,6463,8,0,6,0.59160453,0.8980899,1.0,0.3085995,1.6618141
/content/Dataset/TUM/TUM-TAVNQLLQ.jpg,8,TUM,6464,8,0,6,0.9798289,0.8420706,1.0,0.6545275,2.832673
/content/Dataset/DEB/DEB-QLWYIFMI.jpg,2,DEB,6465,2,0,3,1.0181279,0.7927047,1.0,0.68718594,3.1748354
/content/Dataset/ADI/ADI-FSEEHVYN.jpg,0,ADI,6466,5,1,5,1.1026689,0.83703554,1.0,0.72106564,3.3051028
/content/Dataset/MUC/MUC-NMNRCVIF.jpg,4,MUC,6467,4,0,7,0.9921284,0.79445016,0.9974399,0.6795155,3.046426
/content/Dataset/TUM/TUM-WLFEAYSC.jpg,8,TUM,6468,8,0,6,0.9835698,0.7871286,1.0,0.69000405,2.9953258
/content/Dataset/DEB/DEB-PNNHGLMA.jpg,2,DEB,6469,2,0,3,1.017984,0.7931518,1.0,0.6867067,3.1733198
/content/Dataset/MUS/MUS-QFRCMRGP.jpg,5,MUS,6470,7,1,7,0.96489036,0.8132615,1.0,0.67912716,2.8055146
/content/Dataset/ADI/ADI-HASSATLC.jpg,0,ADI,6471,0,0,4,1.0852712,0.82526994,1.0,0.72122115,3.2683518
/content/Dataset/MUC/MUC-QETTMDNN.jpg,4,MUC,6472,6,1,6,1.0191617,0.80873024,1.0,0.6772263,3.132276
/content/Dataset/ADI/ADI-HFDLMAIW.jpg,0,ADI,6473,3,1,3,1.1027138,0.82176614,1.0,0.722127,3.385251
/content/Dataset/NORM/NORM-PGEWSTFT.jpg,6,NORM,6474,4,1,4,1.0063128,0.806321,0.9447029,0.68343925,3.1442244
/content/Dataset/MUS/MUS-RCIISNIK.jpg,5,MUS,6475,5,0,7,0.953576,0.77419597,1.0,0.6918357,2.8848965
/content/Dataset/LYM/LYM-REGYQYAN.jpg,3,LYM,6476,3,0,2,1.0474689,0.80512905,1.0,0.71100175,3.195331
/content/Dataset/MUC/MUC-PTWWKNKK.jpg,4,MUC,6477,4,0,7,0.99348044,0.79525983,1.0,0.6796486,3.04534
/content/Dataset/LYM/LYM-SNIMDWNT.jpg,3,LYM,6478,3,0,2,1.0474933,0.80536354,1.0,0.71085787,3.1947381
/content/Dataset/MUC/MUC-AGKHADNQ.jpg,4,MUC,6479,4,0,3,1.0169758,0.7920661,1.0,0.6791036,3.2002451
/content/Dataset/TUM/TUM-SPKQCIFF.jpg,8,TUM,6480,8,0,6,0.97991806,0.83722794,1.0,0.6570959,2.8464563
/content/Dataset/MUC/MUC-YNLICTRS.jpg,4,MUC,6481,4,0,7,0.99221003,0.7942271,1.0,0.67898965,3.0454996
/content/Dataset/MUC/MUC-WRLSDGAL.jpg,4,MUC,6482,4,0,3,1.0169841,0.79236615,1.0,0.6789208,3.1993442
/content/Dataset/ADI/ADI-DFPCEQHR.jpg,0,ADI,6483,3,1,3,1.1029949,0.82205975,1.0,0.7221919,3.3850117
/content/Dataset/MUS/MUS-RFRWMAKR.jpg,5,MUS,6484,7,1,7,0.9657633,0.82466394,1.0,0.6735437,2.7769156
/content/Dataset/BACK/BACK-LMRGHQLL.jpg,1,BACK,6485,1,0,3,1.0657644,0.8090162,1.0,0.7045023,3.3042297
/content/Dataset/MUC/MUC-YHNMINYV.jpg,4,MUC,6486,4,0,7,0.9948428,0.79999673,1.0,0.678106,3.0346274
/content/Dataset/TUM/TUM-YTKPYIYP.jpg,8,TUM,6487,8,0,6,0.9844605,0.7899276,1.0,0.6890669,2.989605
/content/Dataset/NORM/NORM-WWTIFIQK.jpg,6,NORM,6488,6,0,8,0.97367716,0.77854943,1.0,0.6842865,3.0006804
/content/Dataset/DEB/DEB-VKWIFPEE.jpg,2,DEB,6489,8,1,8,1.0331012,0.81723756,0.9425145,0.6854424,3.2405853
/content/Dataset/MUC/MUC-VYQTCTKF.jpg,4,MUC,6490,4,0,3,1.0169536,0.7923632,1.0,0.67888457,3.199309
/content/Dataset/DEB/DEB-TLVPDAPK.jpg,2,DEB,6491,2,0,3,1.0187906,0.79306173,1.0,0.68759876,3.175367
/content/Dataset/DEB/DEB-VHIPNLLR.jpg,2,DEB,6492,2,0,3,1.0191921,0.7939151,1.0,0.6874295,3.1737986
/content/Dataset/NORM/NORM-YNSCTQHP.jpg,6,NORM,6493,6,0,4,0.95136356,0.870312,1.0,0.58395123,2.7836304
/content/Dataset/STR/STR-RCMQAGQV.jpg,7,STR,6494,7,0,5,0.9197059,0.765839,1.0,0.6576332,2.8422465
/content/Dataset/TUM/TUM-RTTHEESE.jpg,8,TUM,6495,6,1,6,0.9927749,0.81870353,1.0,0.6797105,2.9278915
/content/Dataset/MUC/MUC-VQQGPEFR.jpg,4,MUC,6496,0,1,0,1.0326804,0.80257267,1.0,0.6773685,3.243207
/content/Dataset/MUC/MUC-YRGVETSM.jpg,4,MUC,6497,4,0,7,0.9915474,0.7945148,0.99670935,0.67909014,3.0454438
/content/Dataset/MUS/MUS-CDHHQKQS.jpg,5,MUS,6498,7,1,7,0.9612903,0.78740907,1.0,0.6913256,2.8665152
/content/Dataset/MUS/MUS-SYQRIQWG.jpg,5,MUS,6499,7,1,7,0.9665579,0.8125491,1.0,0.6812415,2.811065
/content/Dataset/MUC/MUC-NSLQPGGE.jpg,4,MUC,6500,6,1,6,1.0200673,0.814774,1.0,0.6744604,3.116269
/content/Dataset/BACK/BACK-LAGFTEKG.jpg,1,BACK,6501,2,1,2,1.0823399,0.824893,1.0,0.7032432,3.3191578
/content/Dataset/STR/STR-SHEWHVPP.jpg,7,STR,6502,2,1,2,0.99249977,0.8214265,1.0,0.64136684,3.040523
/content/Dataset/MUS/MUS-SHYIIIYF.jpg,5,MUS,6503,5,0,7,0.95928186,0.78327715,1.0,0.69189566,2.8731394
/content/Dataset/NORM/NORM-STFMGPIC.jpg,6,NORM,6504,4,1,4,1.0030625,0.8536893,1.0,0.6381255,2.9574301
/content/Dataset/MUC/MUC-FSCCGTQT.jpg,4,MUC,6505,4,0,7,0.9932849,0.7960627,1.0,0.67895645,3.0425384
/content/Dataset/TUM/TUM-SVWIWMGS.jpg,8,TUM,6506,8,0,6,0.98451966,0.78728366,1.0,0.69089466,2.9969878
/content/Dataset/ADI/ADI-ACAGPPPK.jpg,0,ADI,6507,3,1,3,1.1025412,0.82138944,1.0,0.72220826,3.3860455
/content/Dataset/MUC/MUC-RWQNYVCG.jpg,4,MUC,6508,4,0,6,0.98837256,0.8570392,1.0,0.6221218,2.9156046
/content/Dataset/MUC/MUC-AARHSTAQ.jpg,4,MUC,6509,3,1,3,1.0176375,0.79254997,1.0,0.67946714,3.20027
/content/Dataset/NORM/NORM-NRFDGIVS.jpg,6,NORM,6510,6,0,8,0.9748932,0.78021556,1.0,0.68443656,2.9988046
/content/Dataset/DEB/DEB-PKSKPALA.jpg,2,DEB,6511,2,0,3,1.015204,0.78943795,1.0,0.6862952,3.1781638
/content/Dataset/LYM/LYM-RAKFMVKE.jpg,3,LYM,6512,3,0,2,1.0481519,0.8062914,1.0,0.7108898,3.1935072
/content/Dataset/TUM/TUM-QRIMVMCI.jpg,8,TUM,6513,8,0,6,0.9847201,0.78717166,1.0,0.69122267,2.997594
/content/Dataset/MUC/MUC-SSCGERAW.jpg,4,MUC,6514,4,0,3,1.0174239,0.79205215,1.0,0.6795678,3.2013094
/content/Dataset/TUM/TUM-YTAGNNRT.jpg,8,TUM,6515,8,0,6,0.8255953,0.8932556,1.0,0.50029504,2.3080387
/content/Dataset/DEB/DEB-PFAICTIY.jpg,2,DEB,6516,2,0,3,1.01628,0.790219,1.0,0.686885,3.1782498
/content/Dataset/STR/STR-YWFLAVYH.jpg,7,STR,6517,2,1,2,0.98764694,0.80436575,0.97091514,0.65491825,3.0994704
/content/Dataset/ADI/ADI-GDHTRVLL.jpg,0,ADI,6518,0,0,5,1.0992672,0.83080685,0.99804866,0.7224768,3.3176131
/content/Dataset/TUM/TUM-SATCSSWY.jpg,8,TUM,6519,8,0,6,0.98238933,0.78547084,1.0,0.6898887,2.9972527
/content/Dataset/ADI/ADI-FCASKFMP.jpg,0,ADI,6520,3,1,3,1.1028577,0.8220124,1.0,0.72209394,3.3848398
/content/Dataset/DEB/DEB-VQCQVVRT.jpg,2,DEB,6521,2,0,7,1.008951,0.8187344,1.0,0.6658074,3.0631607
/content/Dataset/MUS/MUS-AKATAAVP.jpg,5,MUS,6522,7,1,7,0.9658856,0.7967738,1.0,0.6901394,2.8516598
/content/Dataset/STR/STR-QKNTFKDM.jpg,7,STR,6523,5,1,5,0.92964536,0.7804847,1.0,0.6592069,2.8245468
/content/Dataset/TUM/TUM-WKRTLMFS.jpg,8,TUM,6524,8,0,6,0.9855036,0.7887516,1.0,0.69095147,2.9950843
/content/Dataset/DEB/DEB-TACTMVDI.jpg,2,DEB,6525,2,0,7,0.5652948,0.8102239,1.0,0.2512099,1.8678174
/content/Dataset/DEB/DEB-RLWHFFQV.jpg,2,DEB,6526,3,1,3,1.0197009,0.79973304,1.0,0.6840867,3.1579518
/content/Dataset/MUC/MUC-AEHQAGGW.jpg,4,MUC,6527,4,0,6,1.0175499,0.8040812,1.0,0.67852724,3.1423872
/content/Dataset/LYM/LYM-AHLYVTFD.jpg,3,LYM,6528,3,0,2,1.0509045,0.81127053,1.0,0.71030086,3.18515
/content/Dataset/LYM/LYM-AKWRECRW.jpg,3,LYM,6529,3,0,2,1.0478498,0.8060123,1.0,0.71077526,3.1936493
/content/Dataset/TUM/TUM-SLCQGNGN.jpg,8,TUM,6530,6,1,6,0.9867567,0.79115045,1.0,0.6907068,2.9911034
/content/Dataset/STR/STR-PNPLCLNW.jpg,7,STR,6531,5,1,5,0.9318837,0.79661536,1.0,0.6521052,2.7854755
/content/Dataset/BACK/BACK-MPCMNAHR.jpg,1,BACK,6532,1,0,3,1.0661072,0.81032634,1.0,0.7039217,3.3011916
/content/Dataset/LYM/LYM-NEPATHLN.jpg,3,LYM,6533,3,0,4,1.0509605,0.8147574,0.9744531,0.71094286,3.2097225
/content/Dataset/BACK/BACK-PALSATLF.jpg,1,BACK,6534,1,0,3,1.066038,0.8096412,1.0,0.7043432,3.302993
/content/Dataset/STR/STR-QAPKFIGF.jpg,7,STR,6535,7,0,5,0.92427003,0.7696161,1.0,0.6602427,2.8419716
/content/Dataset/LYM/LYM-VPMFLETQ.jpg,3,LYM,6536,3,0,4,1.0495985,0.8147346,0.97207695,0.71032524,3.208389
/content/Dataset/MUS/MUS-PPFYWPWV.jpg,5,MUS,6537,5,0,7,0.9536116,0.774827,1.0,0.6914401,2.8833237
/content/Dataset/ADI/ADI-EIKWCLLD.jpg,0,ADI,6538,0,0,5,1.1008315,0.8327336,1.0,0.72211343,3.3139558
/content/Dataset/NORM/NORM-YDHLNYFV.jpg,6,NORM,6539,6,0,0,0.9737617,0.8397582,1.0,0.581094,3.0552492
/content/Dataset/MUS/MUS-CKGKCNRC.jpg,5,MUS,6540,5,0,7,0.9568533,0.77965236,1.0,0.69169116,2.8775365
/content/Dataset/BACK/BACK-ICQTAHCP.jpg,1,BACK,6541,0,1,0,1.0799062,0.82230926,1.0,0.7008416,3.3279772
/content/Dataset/TUM/TUM-RSELGSSP.jpg,8,TUM,6542,8,0,6,0.97931063,0.7883632,1.0,0.6847628,2.9824414
/content/Dataset/TUM/TUM-YWGRMIHP.jpg,8,TUM,6543,6,1,6,0.9878846,0.7935115,1.0,0.69034314,2.9870186
/content/Dataset/ADI/ADI-HLRDHGPT.jpg,0,ADI,6544,0,0,4,1.0850506,0.8234289,1.0,0.72221756,3.2733636
/content/Dataset/NORM/NORM-PKFNMCGL.jpg,6,NORM,6545,6,0,8,0.97438335,0.77950287,1.0,0.68435216,2.9997318
/content/Dataset/MUS/MUS-PNLTQWQM.jpg,5,MUS,6546,5,0,7,0.95658135,0.7788478,1.0,0.6919397,2.879071
/content/Dataset/TUM/TUM-SCHAYCFV.jpg,8,TUM,6547,8,0,6,0.88760245,0.8791015,1.0,0.55620235,2.5060043
/content/Dataset/NORM/NORM-PHRVNQNS.jpg,6,NORM,6548,4,1,4,1.026813,0.8190114,1.0,0.6794455,3.1158874
/content/Dataset/MUS/MUS-CDVSPDIH.jpg,5,MUS,6549,5,0,7,0.9582595,0.7810096,1.0,0.69233054,2.876864
/content/Dataset/MUC/MUC-TYRKRHWC.jpg,4,MUC,6550,4,0,6,1.0155758,0.8311272,1.0,0.66048986,3.0577116
/content/Dataset/BACK/BACK-MCCEDCVD.jpg,1,BACK,6551,1,0,3,1.0650992,0.80981815,1.0,0.70329493,3.3003535
/content/Dataset/ADI/ADI-GWCTLYFL.jpg,0,ADI,6552,0,0,4,1.0848817,0.8235854,1.0,0.72193813,3.2725651
/content/Dataset/TUM/TUM-SESYDKYY.jpg,8,TUM,6553,8,0,6,0.98464614,0.78809726,1.0,0.69049335,2.9949956
/content/Dataset/LYM/LYM-KWPGMGRS.jpg,3,LYM,6554,3,0,2,1.047637,0.80553466,1.0,0.71087295,3.1946063
/content/Dataset/MUC/MUC-GGSWMWVD.jpg,4,MUC,6555,4,0,7,0.9926143,0.7943042,1.0,0.67937064,3.0461338
/content/Dataset/BACK/BACK-MRTNCFCK.jpg,1,BACK,6556,1,0,3,1.0657686,0.80927575,1.0,0.70431685,3.303511
/content/Dataset/BACK/BACK-KADKLHHV.jpg,1,BACK,6557,0,1,0,1.0761309,0.81175613,1.0,0.70415,3.3517284
/content/Dataset/STR/STR-VLGQAPEW.jpg,7,STR,6558,5,1,5,0.93209565,0.7920352,1.0,0.6549547,2.7984433
/content/Dataset/ADI/ADI-CIFNCHFI.jpg,0,ADI,6559,0,0,5,1.0909215,0.8304472,0.97302675,0.72228265,3.3175976
/content/Dataset/TUM/TUM-RHVYCIMD.jpg,8,TUM,6560,6,1,6,0.9870539,0.79316914,1.0,0.6896925,2.9861784
/content/Dataset/ADI/ADI-DHNTWFSD.jpg,0,ADI,6561,0,0,2,1.0913668,0.8214081,1.0,0.7221489,3.3209302
/content/Dataset/ADI/ADI-DVEHPFQL.jpg,0,ADI,6562,0,0,5,1.0635916,0.8826772,1.0,0.6611572,3.0718284
/content/Dataset/DEB/DEB-WRQPMFVC.jpg,2,DEB,6563,2,0,3,1.0187757,0.7936567,1.0,0.6872035,3.1735282
/content/Dataset/BACK/BACK-LMPIWELT.jpg,1,BACK,6564,1,0,0,1.0723898,0.83801913,1.0,0.68400437,3.2620137
/content/Dataset/DEB/DEB-WGHILRTA.jpg,2,DEB,6565,2,0,3,1.0176909,0.7946004,1.0,0.68548685,3.1682591
/content/Dataset/MUS/MUS-AVRMTSSY.jpg,5,MUS,6566,5,0,7,0.95418096,0.7760106,1.0,0.69124603,2.881449
/content/Dataset/BACK/BACK-KWYGYGNH.jpg,1,BACK,6567,1,0,0,1.0740045,0.80941117,1.0,0.70363307,3.3541312
/content/Dataset/MUC/MUC-SNQGDYPF.jpg,4,MUC,6568,4,0,3,1.0168352,0.7922874,1.0,0.67881006,3.1992803
/content/Dataset/BACK/BACK-IGVNKYMI.jpg,1,BACK,6569,0,1,0,1.0770634,0.814121,1.0,0.70345396,3.3466873
/content/Dataset/STR/STR-TVGNADPY.jpg,7,STR,6570,5,1,5,0.9284994,0.7773031,1.0,0.6599616,2.83057
/content/Dataset/ADI/ADI-CDNKLPDN.jpg,0,ADI,6571,5,1,5,1.1043792,0.8428429,1.0,0.71894604,3.2915173
/content/Dataset/STR/STR-PIIMEAHK.jpg,7,STR,6572,7,0,5,0.927341,0.78087735,1.0,0.6566418,2.8179536
/content/Dataset/BACK/BACK-LQEVEGNC.jpg,1,BACK,6573,1,0,3,1.0657284,0.80978715,1.0,0.7039492,3.301819
/content/Dataset/STR/STR-NRYETQGN.jpg,7,STR,6574,7,0,5,0.92556727,0.7730086,1.0,0.6594777,2.8357348
/content/Dataset/NORM/NORM-MESKIKIT.jpg,6,NORM,6575,4,1,4,1.011139,0.80514216,0.967342,0.68232673,3.1429422
/content/Dataset/NORM/NORM-QHLFLNNA.jpg,6,NORM,6576,6,0,8,0.65155756,0.90137684,1.0,0.3549272,1.8252062
/content/Dataset/NORM/NORM-VNGSTKMR.jpg,6,NORM,6577,6,0,8,0.9785294,0.78719467,1.0,0.6836266,2.9875038
/content/Dataset/MUS/MUS-SRSNWTNL.jpg,5,MUS,6578,5,0,7,0.95961314,0.7830451,1.0,0.6923782,2.8745453
/content/Dataset/STR/STR-PCCWNIRP.jpg,7,STR,6579,7,0,5,0.9214621,0.83297116,1.0,0.6228051,2.6629856
/content/Dataset/DEB/DEB-WREEPFPD.jpg,2,DEB,6580,2,0,3,1.018563,0.79309964,1.0,0.687355,3.1746955
/content/Dataset/MUC/MUC-RQAAFGAI.jpg,4,MUC,6581,4,0,7,0.954357,0.8594152,1.0,0.6087833,2.7669804
/content/Dataset/LYM/LYM-YVCRFTTY.jpg,3,LYM,6582,3,0,2,1.0481147,0.8066553,1.0,0.71061087,3.1923552
/content/Dataset/LYM/LYM-GFCTCSIG.jpg,3,LYM,6583,6,1,6,1.0733979,0.8527993,1.0,0.6835547,3.1929536
/content/Dataset/ADI/ADI-FCLDCDRS.jpg,0,ADI,6584,0,0,3,1.101921,0.82059824,1.0,0.7221503,3.3870595
/content/Dataset/STR/STR-NKNPGNIN.jpg,7,STR,6585,5,1,5,0.9311062,0.7902884,1.0,0.6548354,2.801302
/content/Dataset/NORM/NORM-NSHIIPCK.jpg,6,NORM,6586,4,1,4,1.0025332,0.8064333,0.93062454,0.68376446,3.1450334
/content/Dataset/NORM/NORM-LYWTVWIR.jpg,6,NORM,6587,6,0,4,1.0007315,0.80757904,0.92141193,0.6839279,3.14403
/content/Dataset/STR/STR-PYSHVQVQ.jpg,7,STR,6588,7,0,5,0.91881335,0.7632514,1.0,0.65834045,2.8472128
/content/Dataset/ADI/ADI-HRSYARRH.jpg,0,ADI,6589,0,0,4,1.0847921,0.8233724,1.0,0.72201204,3.2729287
/content/Dataset/MUC/MUC-TMLVKPVW.jpg,4,MUC,6590,4,0,3,1.017011,0.79167736,1.0,0.67938197,3.201538
/content/Dataset/LYM/LYM-QIVYLISK.jpg,3,LYM,6591,8,1,8,1.093315,0.8320872,0.9861804,0.70867604,3.3488576
/content/Dataset/LYM/LYM-NYPQRIKP.jpg,3,LYM,6592,3,0,2,1.0461771,0.8041471,1.0,0.7103494,3.1953926
/content/Dataset/DEB/DEB-TYRGWGSN.jpg,2,DEB,6593,3,1,3,1.0195276,0.7974163,1.0,0.68548065,3.1641774
/content/Dataset/STR/STR-SSDVFHTP.jpg,7,STR,6594,7,0,8,0.3538725,0.8605801,1.0,0.09499968,1.0581751
/content/Dataset/TUM/TUM-WCNYNRTK.jpg,8,TUM,6595,8,0,6,0.9849168,0.7969712,1.0,0.685039,2.9709108
/content/Dataset/BACK/BACK-MLSSVFMM.jpg,1,BACK,6596,1,0,3,1.0666974,0.81019956,1.0,0.7046144,3.3028097
/content/Dataset/NORM/NORM-MAVSQNSY.jpg,6,NORM,6597,6,0,8,0.97510064,0.78068817,1.0,0.6843293,2.9979856
/content/Dataset/STR/STR-PSSLHMYK.jpg,7,STR,6598,7,0,5,0.92201775,0.7660548,1.0,0.6601444,2.8463898
/content/Dataset/STR/STR-VWWRNNKF.jpg,7,STR,6599,5,1,5,0.9313628,0.8001108,1.0,0.64957297,2.7748497
/content/Dataset/LYM/LYM-AAFRNWGS.jpg,3,LYM,6600,3,0,2,1.0495609,0.8094506,1.0,0.7101777,3.187451
/content/Dataset/STR/STR-NNASPQHQ.jpg,7,STR,6601,7,0,5,0.9271502,0.7763842,1.0,0.6591934,2.8297284
/content/Dataset/NORM/NORM-PCLNRRVP.jpg,6,NORM,6602,6,0,4,0.99916935,0.807047,0.91765153,0.68381697,3.1446586
/content/Dataset/NORM/NORM-WLCLWQAE.jpg,6,NORM,6603,6,0,8,0.93257236,0.8615556,1.0,0.6008075,2.6697502
/content/Dataset/BACK/BACK-KPYLVVVM.jpg,1,BACK,6604,1,0,0,1.0747672,0.8102541,1.0,0.70381624,3.3532677
/content/Dataset/NORM/NORM-ANPYVGFV.jpg,6,NORM,6605,6,0,8,0.9743427,0.7793459,1.0,0.68444484,2.9999774
/content/Dataset/NORM/NORM-MVWRPCWY.jpg,6,NORM,6606,4,1,4,1.0175749,0.80898654,0.97647744,0.68346393,3.1404572
/content/Dataset/NORM/NORM-YFRMSEGF.jpg,6,NORM,6607,4,1,4,1.0258629,0.8191621,1.0,0.6784648,3.1131382
/content/Dataset/MUC/MUC-WYFYSFDT.jpg,4,MUC,6608,4,0,3,1.0171679,0.79192483,1.0,0.679364,3.201207
/content/Dataset/MUS/MUS-PIAVYLRD.jpg,5,MUS,6609,5,0,7,0.9574076,0.78076017,1.0,0.6915686,2.8757336
/content/Dataset/ADI/ADI-FLTMLVIV.jpg,0,ADI,6610,0,0,4,1.0847796,0.823215,1.0,0.72209215,3.2734127
/content/Dataset/TUM/TUM-TEAQWHPE.jpg,8,TUM,6611,8,0,6,0.98463774,0.7883707,1.0,0.69032973,2.9941342
/content/Dataset/NORM/NORM-WWMGSRIG.jpg,6,NORM,6612,6,0,8,0.98116183,0.79447687,1.0,0.68166673,2.9730628
/content/Dataset/DEB/DEB-SVRRLAPP.jpg,2,DEB,6613,2,0,3,1.0187663,0.7935836,1.0,0.6872342,3.1737516
/content/Dataset/MUC/MUC-QYNPQISF.jpg,4,MUC,6614,4,0,6,1.0147327,0.8012574,0.9942791,0.6792094,3.1482182
/content/Dataset/BACK/BACK-MDMWGWKT.jpg,1,BACK,6615,1,0,4,1.0666146,0.8205697,1.0,0.7042195,3.247696
/content/Dataset/MUS/MUS-ASFDSCCQ.jpg,5,MUS,6616,5,0,7,0.95682776,0.7785685,1.0,0.69239676,2.8803267
/content/Dataset/MUS/MUS-PFFEYKEL.jpg,5,MUS,6617,5,0,7,0.9562397,0.77956927,1.0,0.6911849,2.8761315
/content/Dataset/LYM/LYM-SALDVHTM.jpg,3,LYM,6618,3,0,2,1.0491866,0.81001645,1.0,0.709423,3.1849916
/content/Dataset/STR/STR-RIQWPKDA.jpg,7,STR,6619,7,0,2,0.28658274,0.80613935,1.0,0.040915832,0.90468466
/content/Dataset/MUS/MUS-CKQKWHVW.jpg,5,MUS,6620,5,0,7,0.957268,0.77964866,1.0,0.6921765,2.8783238
/content/Dataset/DEB/DEB-NNTCHLYE.jpg,2,DEB,6621,8,1,8,1.0506328,0.8220403,1.0,0.6825114,3.2259736
/content/Dataset/LYM/LYM-MGCQLQSN.jpg,3,LYM,6622,3,0,2,1.0492147,0.8105737,1.0,0.70914394,3.1832123
/content/Dataset/LYM/LYM-SNWKWWNW.jpg,3,LYM,6623,3,0,2,1.0487423,0.8076777,1.0,0.7105542,3.1907656
/content/Dataset/TUM/TUM-YINQTHIV.jpg,8,TUM,6624,8,0,6,0.98360866,0.78563976,1.0,0.69106686,2.9994278
/content/Dataset/MUS/MUS-PNGGLCDL.jpg,5,MUS,6625,7,1,7,0.9631234,0.79185313,1.0,0.6904261,2.8585792
/content/Dataset/STR/STR-YYPYFRQY.jpg,7,STR,6626,7,0,5,0.9275298,0.77873904,1.0,0.6580581,2.8244586
/content/Dataset/MUS/MUS-SRIEPKFW.jpg,5,MUS,6627,5,0,7,0.9552653,0.77648395,1.0,0.6921255,2.8824453
/content/Dataset/BACK/BACK-IILEDTGT.jpg,1,BACK,6628,0,1,0,1.07788,0.815624,1.0,0.70325136,3.3439295
/content/Dataset/DEB/DEB-VHACSDAT.jpg,2,DEB,6629,3,1,3,1.020396,0.79660463,1.0,0.68687814,3.1685812
/content/Dataset/BACK/BACK-EWVQNEVQ.jpg,1,BACK,6630,1,0,3,1.0659645,0.80979913,1.0,0.70416677,3.3023424
/content/Dataset/LYM/LYM-CFFSMHLK.jpg,3,LYM,6631,3,0,2,1.0483313,0.80703014,1.0,0.71055484,3.1918182
/content/Dataset/NORM/NORM-VWEHNPQY.jpg,6,NORM,6632,4,1,4,1.0245341,0.81133837,0.99597967,0.6830511,3.136273
/content/Dataset/MUS/MUS-NNNNYEMG.jpg,5,MUS,6633,7,1,7,0.96353483,0.7930826,1.0,0.6900441,2.8562937
/content/Dataset/MUS/MUS-AFSNGCTE.jpg,5,MUS,6634,5,0,7,0.9548831,0.7761357,1.0,0.6919217,2.8826256
/content/Dataset/DEB/DEB-YLFSFLCQ.jpg,2,DEB,6635,5,1,5,1.0441688,0.85352457,1.0,0.66127545,3.105015
/content/Dataset/LYM/LYM-NCPVVLFW.jpg,3,LYM,6636,4,1,4,1.0571828,0.8149919,0.9941578,0.710973,3.2093217
/content/Dataset/DEB/DEB-YCFCVDGS.jpg,2,DEB,6637,2,0,8,0.90216005,0.89247435,1.0,0.52014834,2.6366136
/content/Dataset/TUM/TUM-QYDQAWTT.jpg,8,TUM,6638,8,0,6,0.98276454,0.78509057,1.0,0.6905683,2.9990246
/content/Dataset/ADI/ADI-HACQLCEP.jpg,0,ADI,6639,0,0,4,1.0833322,0.82249236,0.9968312,0.7221342,3.2745287
/content/Dataset/STR/STR-AAPRWGFL.jpg,7,STR,6640,7,0,5,0.92405933,0.77582794,1.0,0.65612,2.8246748
/content/Dataset/BACK/BACK-KQETWLGW.jpg,1,BACK,6641,0,1,0,1.0779493,0.8282779,1.0,0.6951529,3.3051567
/content/Dataset/ADI/ADI-DMVEHLRK.jpg,0,ADI,6642,0,0,4,1.0845228,0.82293916,1.0,0.72204953,3.273578
/content/Dataset/MUC/MUC-WWCHRFTD.jpg,4,MUC,6643,4,0,7,0.99535996,0.8045435,1.0,0.6759097,3.0224206
/content/Dataset/LYM/LYM-NNQMTGPI.jpg,3,LYM,6644,4,1,4,1.0587177,0.8153674,1.0,0.7104795,3.207599
/content/Dataset/DEB/DEB-RQTVHTQV.jpg,2,DEB,6645,2,0,3,1.0146576,0.79082584,1.0,0.6849822,3.172228
/content/Dataset/TUM/TUM-THDVMREG.jpg,8,TUM,6646,8,0,6,0.9849787,0.78770196,1.0,0.691119,2.996768
/content/Dataset/NORM/NORM-SSQASFDD.jpg,6,NORM,6647,6,0,4,0.7231681,0.9001533,1.0,0.38685074,2.0873437
/content/Dataset/BACK/BACK-NNMIQVNL.jpg,1,BACK,6648,1,0,3,1.065721,0.8090471,1.0,0.7044358,3.3040497
/content/Dataset/LYM/LYM-SNSLPSVD.jpg,3,LYM,6649,3,0,2,1.0480525,0.8059106,1.0,0.7110498,3.1943846
/content/Dataset/BACK/BACK-LAWARSDK.jpg,1,BACK,6650,1,0,3,1.0659176,0.80955356,1.0,0.70427585,3.3030136
/content/Dataset/NORM/NORM-NDTQEQTR.jpg,6,NORM,6651,6,0,8,0.92138743,0.86985815,1.0,0.58781177,2.6186736
/content/Dataset/MUC/MUC-TAVWFNQR.jpg,4,MUC,6652,4,0,3,1.0173728,0.79218936,1.0,0.67940927,3.2008412
/content/Dataset/LYM/LYM-SFIFIQPN.jpg,3,LYM,6653,3,0,6,1.0450922,0.87094164,1.0,0.64862823,3.0702403
/content/Dataset/NORM/NORM-MDMLVNIE.jpg,6,NORM,6654,6,0,8,0.97236973,0.7767292,1.0,0.68411726,3.002873
/content/Dataset/TUM/TUM-RHCPAESF.jpg,8,TUM,6655,8,0,6,0.9846816,0.7869895,1.0,0.69127667,2.9981015
/content/Dataset/NORM/NORM-TKNADLWA.jpg,6,NORM,6656,6,0,8,0.9697243,0.8013975,1.0,0.6656812,2.9280598
/content/Dataset/MUC/MUC-TCIMHGWP.jpg,4,MUC,6657,4,0,3,1.016505,0.79164356,1.0,0.67889553,3.2004654
/content/Dataset/ADI/ADI-GRKPYIEQ.jpg,0,ADI,6658,3,1,3,1.102323,0.82115096,1.0,0.7221449,3.3863406
/content/Dataset/ADI/ADI-HRSYLTQV.jpg,0,ADI,6659,0,0,4,1.0881966,0.82974243,1.0,0.7210675,3.2617228
/content/Dataset/LYM/LYM-SLTTGWTR.jpg,3,LYM,6660,2,1,2,1.0543437,0.8290837,1.0,0.70223635,3.140921
/content/Dataset/NORM/NORM-VACNTYNT.jpg,6,NORM,6661,6,0,2,0.9524353,0.86953187,1.0,0.56757444,2.845769
/content/Dataset/NORM/NORM-WTDMPFPI.jpg,6,NORM,6662,4,1,4,1.0072846,0.80669165,0.94724333,0.68340456,3.1436381
/content/Dataset/TUM/TUM-YNLDTNTG.jpg,8,TUM,6663,6,1,6,0.99108815,0.80266345,1.0,0.68777376,2.9687285
/content/Dataset/LYM/LYM-RWLYTSLK.jpg,3,LYM,6664,4,1,4,1.0569984,0.8148794,0.9935511,0.71106255,3.2096107
/content/Dataset/BACK/BACK-NNIQKWHD.jpg,1,BACK,6665,0,1,0,1.0752611,0.8104671,1.0,0.7041497,3.3537633
/content/Dataset/DEB/DEB-VEQHPQVG.jpg,2,DEB,6666,2,0,3,1.0174426,0.79085934,1.0,0.6876732,3.178885
/content/Dataset/MUS/MUS-CAYDIEFS.jpg,5,MUS,6667,5,0,7,0.9515223,0.7721314,1.0,0.69100344,2.8859606
/content/Dataset/TUM/TUM-QICRFWDL.jpg,8,TUM,6668,8,0,6,0.93219274,0.87040234,1.0,0.59867513,2.6391995
/content/Dataset/STR/STR-NWWDMAEI.jpg,7,STR,6669,7,0,5,0.71414876,0.83002305,1.0,0.42210668,2.1616642
/content/Dataset/ADI/ADI-FMKAKRLM.jpg,0,ADI,6670,0,0,2,1.0911855,0.82095504,1.0,0.7222713,3.3219116
/content/Dataset/MUC/MUC-DNWRMCVL.jpg,4,MUC,6671,0,1,0,1.0308752,0.79794836,1.0,0.6785432,3.2532203
/content/Dataset/ADI/ADI-AFQRGMEM.jpg,0,ADI,6672,0,0,4,1.0855117,0.82425714,1.0,0.7221111,3.2719424
/content/Dataset/DEB/DEB-SQPTDNAP.jpg,2,DEB,6673,3,1,3,1.0211186,0.7967393,1.0,0.6875472,3.169725
/content/Dataset/LYM/LYM-VATYSCNP.jpg,3,LYM,6674,4,1,4,1.0560082,0.8153424,0.98991936,0.71084017,3.2086742
/content/Dataset/NORM/NORM-RSYMQEEF.jpg,6,NORM,6675,6,0,8,0.9748238,0.78033733,1.0,0.6842826,2.998311
/content/Dataset/NORM/NORM-PPILCCCA.jpg,6,NORM,6676,6,0,8,0.9788448,0.78934103,1.0,0.6825656,2.9822094
/content/Dataset/DEB/DEB-SHESTKFD.jpg,2,DEB,6677,3,1,3,1.0197892,0.7947183,1.0,0.68749815,3.1728013
/content/Dataset/MUC/MUC-VPCLCLKT.jpg,4,MUC,6678,4,0,3,1.0175683,0.79279864,1.0,0.6792499,3.1993096
/content/Dataset/MUC/MUC-QFLFDTRM.jpg,4,MUC,6679,4,0,3,1.0163118,0.79148686,1.0,0.6788416,3.2003517
/content/Dataset/DEB/DEB-TWKVDPAG.jpg,2,DEB,6680,2,0,3,1.0176002,0.7908858,1.0,0.68784726,3.179054
/content/Dataset/DEB/DEB-PRITCAPK.jpg,2,DEB,6681,2,0,3,1.0140696,0.803694,1.0,0.6759137,3.1334112
/content/Dataset/ADI/ADI-CLGWQTKP.jpg,0,ADI,6682,0,0,5,1.1001612,0.8312545,1.0,0.72245365,3.3168743
/content/Dataset/BACK/BACK-LYDVISQL.jpg,1,BACK,6683,1,0,2,1.073135,0.8225374,0.9758815,0.7031709,3.3224275
/content/Dataset/DEB/DEB-RWRYILER.jpg,2,DEB,6684,2,0,3,1.0190039,0.79346824,1.0,0.6875634,3.1745877
/content/Dataset/ADI/ADI-HIMSTYVE.jpg,0,ADI,6685,0,0,4,1.0845323,0.8227892,1.0,0.7221434,3.274099
/content/Dataset/TUM/TUM-RAFSSDWI.jpg,8,TUM,6686,8,0,6,0.98467946,0.7876158,1.0,0.6908561,2.9963713
/content/Dataset/BACK/BACK-HFNTHMVE.jpg,1,BACK,6687,1,0,3,1.0663582,0.8100292,1.0,0.7044001,3.3025384
/content/Dataset/NORM/NORM-THGNWSLG.jpg,6,NORM,6688,6,0,4,0.9966255,0.80507445,0.91396236,0.68373924,3.14689
/content/Dataset/STR/STR-NLPEMWDS.jpg,7,STR,6689,5,1,5,0.9284343,0.7868359,1.0,0.65406054,2.804715
/content/Dataset/BACK/BACK-KDWMREQP.jpg,1,BACK,6690,1,0,3,1.0656172,0.8100176,1.0,0.7036842,3.300876
/content/Dataset/ADI/ADI-GWAVAIGF.jpg,0,ADI,6691,0,0,4,1.0835971,0.8226352,0.99610126,0.72251785,3.2752037
/content/Dataset/ADI/ADI-AYPIEEFE.jpg,0,ADI,6692,0,0,5,1.098498,0.83141243,0.9953722,0.72215694,3.3159208
/content/Dataset/TUM/TUM-SDFFHHML.jpg,8,TUM,6693,8,0,6,0.98242754,0.7862455,1.0,0.6893694,2.9953377
/content/Dataset/MUS/MUS-RLEDAMWF.jpg,5,MUS,6694,7,1,7,0.9614866,0.7910009,1.0,0.689252,2.8572853
/content/Dataset/ADI/ADI-AGWGPPCY.jpg,0,ADI,6695,0,0,4,1.0850908,0.8230582,1.0,0.7225032,3.2745538
/content/Dataset/DEB/DEB-AAEPCYID.jpg,2,DEB,6696,8,1,8,1.0193716,0.85992265,1.0,0.63294333,3.0352638
/content/Dataset/TUM/TUM-WGEQKGIV.jpg,8,TUM,6697,8,0,6,0.9824275,0.7842222,1.0,0.69073194,3.0008922
/content/Dataset/NORM/NORM-WDNHTLEY.jpg,6,NORM,6698,6,0,8,0.9833655,0.8057728,1.0,0.6769187,2.946388
/content/Dataset/STR/STR-YTYRQFRD.jpg,7,STR,6699,7,0,5,0.92464924,0.77789366,1.0,0.6554629,2.8204424
/content/Dataset/DEB/DEB-QPTNDFPC.jpg,2,DEB,6700,2,0,3,1.0169144,0.7917496,1.0,0.6865722,3.1749542
/content/Dataset/STR/STR-QNWWTIRM.jpg,7,STR,6701,2,1,2,0.9955659,0.8038561,1.0,0.65490055,3.0988157
/content/Dataset/LYM/LYM-VEWEDLKA.jpg,3,LYM,6702,3,0,2,1.0486401,0.80719095,1.0,0.7107725,3.1919758
/content/Dataset/MUS/MUS-PLLITSHW.jpg,5,MUS,6703,7,1,7,0.9660142,0.8038429,1.0,0.6858733,2.8331676
/content/Dataset/MUS/MUS-PQCGPLPT.jpg,5,MUS,6704,0,1,0,1.0620614,0.81929576,1.0,0.6860709,3.294407
/content/Dataset/BACK/BACK-KRNKDMRK.jpg,1,BACK,6705,1,0,8,1.0611482,0.814008,0.98859096,0.704262,3.2715218
/content/Dataset/BACK/BACK-NKQIQLSC.jpg,1,BACK,6706,0,1,0,1.0775748,0.81529295,1.0,0.70317894,3.3442316
/content/Dataset/NORM/NORM-LSQGYNQK.jpg,6,NORM,6707,4,1,4,1.0060796,0.8078188,0.9387253,0.6839715,3.1435964
/content/Dataset/LYM/LYM-TVIIYGHP.jpg,3,LYM,6708,3,0,2,1.0488961,0.80781597,1.0,0.7105923,3.1907845
/content/Dataset/MUC/MUC-QNEAHIFS.jpg,4,MUC,6709,0,1,0,1.0343153,0.80917895,1.0,0.6747497,3.2269795
/content/Dataset/TUM/TUM-QDHLGHHP.jpg,8,TUM,6710,1,1,1,1.0319927,0.8103265,0.9399579,0.6885555,3.2650023
/content/Dataset/NORM/NORM-LERCFRYW.jpg,6,NORM,6711,4,1,4,1.0269396,0.82359934,1.0,0.67656785,3.1034849
/content/Dataset/BACK/BACK-LKRAKYAN.jpg,1,BACK,6712,0,1,0,1.075631,0.81111336,1.0,0.7040845,3.352594
/content/Dataset/LYM/LYM-PNDEKICG.jpg,3,LYM,6713,3,0,2,1.0474494,0.8051346,1.0,0.7109625,3.195327
/content/Dataset/NORM/NORM-AKIWSATK.jpg,6,NORM,6714,6,0,8,0.976079,0.78232735,1.0,0.68426317,2.9956138
/content/Dataset/TUM/TUM-RDTPMTRD.jpg,8,TUM,6715,8,0,6,0.9838731,0.7866761,1.0,0.6906639,2.9971092
/content/Dataset/ADI/ADI-HNAWEFFD.jpg,0,ADI,6716,5,1,5,1.1022419,0.83632106,1.0,0.7211105,3.3063428
/content/Dataset/LYM/LYM-NEWRPLLI.jpg,3,LYM,6717,4,1,4,1.0590564,0.8155845,1.0,0.7106747,3.2076995
/content/Dataset/LYM/LYM-SKDAHRSK.jpg,3,LYM,6718,3,0,2,1.0501661,0.81055295,1.0,0.71002614,3.1856592
/content/Dataset/MUC/MUC-VPFMKKCN.jpg,4,MUC,6719,4,0,3,1.0163846,0.7916876,1.0,0.6787384,3.200079
/content/Dataset/LYM/LYM-VGYCPLYN.jpg,3,LYM,6720,3,0,2,1.0487757,0.8105746,1.0,0.70871335,3.182211
/content/Dataset/MUC/MUC-AYVLQRFC.jpg,4,MUC,6721,4,0,6,1.0135324,0.80113214,0.9911284,0.67906606,3.147865
/content/Dataset/BACK/BACK-LDLSYCVA.jpg,1,BACK,6722,1,0,4,1.0609977,0.84811705,1.0,0.6823727,3.1514626
/content/Dataset/MUS/MUS-PSNVRNKV.jpg,5,MUS,6723,5,0,7,0.960731,0.78728044,1.0,0.6907813,2.8657556
/content/Dataset/MUS/MUS-QQSAQMSE.jpg,5,MUS,6724,7,1,7,0.9640969,0.7948998,1.0,0.68944526,2.8527863
/content/Dataset/BACK/BACK-LKTVIADY.jpg,1,BACK,6725,1,0,3,1.065903,0.8096734,1.0,0.70418584,3.3026001
/content/Dataset/LYM/LYM-NTISKAQT.jpg,3,LYM,6726,3,0,4,1.0494695,0.81403196,0.9706541,0.71113086,3.2110531
/content/Dataset/MUS/MUS-RLPAKMHI.jpg,5,MUS,6727,5,0,7,0.9574835,0.7795378,1.0,0.6924538,2.8791692
/content/Dataset/BACK/BACK-IGSGVPEN.jpg,1,BACK,6728,1,0,3,1.0666175,0.8102317,1.0,0.70453686,3.3024487
/content/Dataset/STR/STR-RTCPGHLH.jpg,7,STR,6729,7,0,5,0.9247405,0.771119,1.0,0.6598919,2.838657
/content/Dataset/LYM/LYM-AHGSMMWT.jpg,3,LYM,6730,3,0,8,0.8340133,0.8808285,1.0,0.4535756,2.5260038
/content/Dataset/NORM/NORM-LMEHTATV.jpg,6,NORM,6731,4,1,4,1.0034223,0.80679214,0.9331271,0.68367726,3.1442702
/content/Dataset/TUM/TUM-SRMDKHNM.jpg,8,TUM,6732,6,1,6,0.9926087,0.8087263,1.0,0.6855203,2.955344
/content/Dataset/STR/STR-RNSQANIY.jpg,7,STR,6733,7,0,5,0.917375,0.7702104,1.0,0.6522796,2.8253891
/content/Dataset/DEB/DEB-RRKTVFNC.jpg,2,DEB,6734,3,1,3,1.0210252,0.79686993,1.0,0.6873525,3.1691794
/content/Dataset/MUC/MUC-WPILPLIN.jpg,4,MUC,6735,4,0,3,1.0176238,0.7925316,1.0,0.6794591,3.200316
/content/Dataset/TUM/TUM-WWLRNRWK.jpg,8,TUM,6736,8,0,6,0.9850145,0.7880161,1.0,0.69094324,2.9959934
/content/Dataset/MUS/MUS-AIFWCQEV.jpg,5,MUS,6737,5,0,7,0.9595439,0.7838627,1.0,0.6918122,2.8720815
/content/Dataset/NORM/NORM-SVAIPEIH.jpg,6,NORM,6738,6,0,8,0.97316766,0.77765435,1.0,0.68431854,3.0021393
/content/Dataset/LYM/LYM-TSWEPTFK.jpg,3,LYM,6739,3,0,2,0.7649488,0.89799386,1.0,0.4253422,2.197195
/content/Dataset/STR/STR-RIFNYQQK.jpg,7,STR,6740,7,0,5,0.92352515,0.76961243,1.0,0.6594722,2.84022
/content/Dataset/DEB/DEB-QYPCDSQP.jpg,2,DEB,6741,3,1,3,1.020275,0.7954724,1.0,0.687522,3.1715724
/content/Dataset/NORM/NORM-TSNHLIEE.jpg,6,NORM,6742,4,1,4,1.0025771,0.80888444,0.9247359,0.6838933,3.1422653
/content/Dataset/DEB/DEB-PGNMEVMD.jpg,2,DEB,6743,2,0,3,1.0190147,0.7930466,1.0,0.68785334,3.1758597
/content/Dataset/LYM/LYM-NKIICPKY.jpg,3,LYM,6744,3,0,2,1.0473442,0.80549866,1.0,0.71063864,3.1939394
/content/Dataset/NORM/NORM-PPVAFPRR.jpg,6,NORM,6745,6,0,8,0.9783988,0.79131854,1.0,0.6808041,2.97579
/content/Dataset/BACK/BACK-ICHQYTDK.jpg,1,BACK,6746,0,1,0,1.0768521,0.8141057,1.0,0.7032475,3.3462934
/content/Dataset/TUM/TUM-SYTVFLWF.jpg,8,TUM,6747,8,0,6,0.98214626,0.7871489,1.0,0.6885506,2.9919753
/content/Dataset/NORM/NORM-VEVPILPL.jpg,6,NORM,6748,6,0,4,0.99914134,0.8070096,0.91697973,0.68404436,3.1450822
/content/Dataset/STR/STR-ACFRNHAC.jpg,7,STR,6749,8,1,8,1.0012754,0.8141477,0.9941805,0.64887357,3.1106963
/content/Dataset/ADI/ADI-CLIGFPTL.jpg,0,ADI,6750,0,0,5,1.0913371,0.83015066,0.9754051,0.7221375,3.317822
/content/Dataset/TUM/TUM-WDSNMIMP.jpg,8,TUM,6751,8,0,6,0.98191226,0.7857632,1.0,0.6892251,2.9952915
/content/Dataset/MUS/MUS-NPLNVFAD.jpg,5,MUS,6752,5,0,7,0.95409185,0.7751735,1.0,0.69174814,2.8833694
/content/Dataset/MUS/MUS-VINVACPW.jpg,5,MUS,6753,4,1,4,1.0218366,0.82751405,0.88120514,0.6876833,3.2206209
/content/Dataset/LYM/LYM-LMPWQAAG.jpg,3,LYM,6754,3,0,2,1.0473305,0.80497706,1.0,0.7109503,3.1955192
/content/Dataset/NORM/NORM-TLQKKYPN.jpg,6,NORM,6755,6,0,8,0.97658783,0.78282183,1.0,0.6844739,2.995354
/content/Dataset/LYM/LYM-QDNIWAMS.jpg,3,LYM,6756,3,0,4,1.0514009,0.81540555,0.97564334,0.71057934,3.207998
/content/Dataset/LYM/LYM-DFWLVSKG.jpg,3,LYM,6757,3,0,2,1.0475581,0.8059771,1.0,0.71051437,3.1930783
/content/Dataset/DEB/DEB-TEQNAWCQ.jpg,2,DEB,6758,2,0,3,1.017411,0.7915709,1.0,0.6871793,3.1766682
/content/Dataset/MUC/MUC-NVKCAHNG.jpg,4,MUC,6759,4,0,6,1.0171776,0.80333644,1.0,0.67863894,3.1436975
/content/Dataset/STR/STR-VLKWKMGW.jpg,7,STR,6760,7,0,8,0.80461216,0.89027953,1.0,0.44238737,2.3726819
/content/Dataset/MUS/MUS-RRGTFIHT.jpg,5,MUS,6761,5,0,7,0.95854354,0.78296113,1.0,0.69132,2.8723714
/content/Dataset/NORM/NORM-SCGEMAGN.jpg,6,NORM,6762,6,0,8,0.97149885,0.7755415,1.0,0.6839819,3.0042892
/content/Dataset/ADI/ADI-EAGPMPQR.jpg,0,ADI,6763,0,0,2,1.0875626,0.82110155,0.9905237,0.7215491,3.3200576
/content/Dataset/MUC/MUC-NMNEADCI.jpg,4,MUC,6764,4,0,7,0.9769781,0.8403371,1.0,0.6383415,2.8763218
/content/Dataset/BACK/BACK-NGENMSFY.jpg,1,BACK,6765,0,1,0,1.0785184,0.8334804,1.0,0.6924572,3.290434
/content/Dataset/MUS/MUS-QYKPFAIW.jpg,5,MUS,6766,5,0,7,0.9572283,0.7791841,1.0,0.69241434,2.8795621
/content/Dataset/LYM/LYM-TVKNPTRD.jpg,3,LYM,6767,4,1,4,1.0538076,0.8149501,0.9830555,0.7110337,3.209544
/content/Dataset/MUS/MUS-TCNKLEQI.jpg,5,MUS,6768,5,0,7,0.96026266,0.78402674,1.0,0.69245434,2.873248
/content/Dataset/STR/STR-SHYEDIYK.jpg,7,STR,6769,7,0,5,0.9210246,0.76536095,1.0,0.65934366,2.8465765
/content/Dataset/NORM/NORM-MAKMQYDQ.jpg,6,NORM,6770,6,0,8,0.972815,0.77707016,1.0,0.6843322,3.0030017
/content/Dataset/LYM/LYM-TVNSQITI.jpg,3,LYM,6771,4,1,4,1.0589567,0.8149915,1.0,0.71095324,3.209268
/content/Dataset/ADI/ADI-DFWSCGGQ.jpg,0,ADI,6772,3,1,3,1.1028978,0.82200533,1.0,0.72211903,3.3850198
/content/Dataset/ADI/ADI-NVKPLKRY.jpg,0,ADI,6773,5,1,5,1.1037718,0.84037054,1.0,0.7199689,3.2975206
/content/Dataset/DEB/DEB-PWDYGCHS.jpg,2,DEB,6774,2,0,3,1.0180491,0.7919913,1.0,0.6875628,3.1768236
/content/Dataset/ADI/ADI-DGEYTMWC.jpg,0,ADI,6775,0,0,4,1.0841773,0.8230449,0.9990239,0.72191954,3.2732468
/content/Dataset/BACK/BACK-KNYADEFD.jpg,1,BACK,6776,1,0,0,1.0745846,0.8095769,1.0,0.7040897,3.3549454
/content/Dataset/ADI/ADI-FKHQPSWF.jpg,0,ADI,6777,0,0,4,1.0849792,0.82367206,1.0,0.7219925,3.2724614
/content/Dataset/LYM/LYM-AEQTFPVC.jpg,3,LYM,6778,3,0,2,1.0482824,0.80651784,1.0,0.7108591,3.1931696
/content/Dataset/DEB/DEB-TLGDYEAD.jpg,2,DEB,6779,2,0,3,1.0181243,0.79211766,1.0,0.68753344,3.1766982
/content/Dataset/TUM/TUM-VYNSKTCL.jpg,8,TUM,6780,6,1,6,0.98590714,0.7896967,1.0,0.6907872,2.9932294
/content/Dataset/ADI/ADI-FVPPQWNG.jpg,0,ADI,6781,0,0,5,1.0955335,0.8304503,0.98714393,0.7224192,3.3180401
/content/Dataset/ADI/ADI-EYAVWWDT.jpg,0,ADI,6782,3,1,3,1.102723,0.8216678,1.0,0.72219676,3.385594
/content/Dataset/MUS/MUS-QWQNVGPT.jpg,5,MUS,6783,5,0,7,0.95955515,0.78303516,1.0,0.6923572,2.8743408
/content/Dataset/NORM/NORM-WLWSSLNF.jpg,6,NORM,6784,4,1,4,1.0034454,0.8069128,0.9330132,0.68364805,3.1440723
/content/Dataset/BACK/BACK-EKDYIACN.jpg,1,BACK,6785,0,1,0,1.0789664,0.8192282,1.0,0.7019318,3.3353326
/content/Dataset/NORM/NORM-RVPWRWLI.jpg,6,NORM,6786,4,1,4,1.0052136,0.8062661,0.9402162,0.6837271,3.1449306
/content/Dataset/BACK/BACK-KFPPMKDC.jpg,1,BACK,6787,1,0,3,1.0662616,0.81019926,1.0,0.70418286,3.301836
/content/Dataset/STR/STR-SAREACDW.jpg,7,STR,6788,7,0,5,0.9226766,0.82837474,1.0,0.6262101,2.6781163
/content/Dataset/NORM/NORM-PACFSKLV.jpg,6,NORM,6789,6,0,8,0.9732538,0.77778697,1.0,0.68431133,3.001992
/content/Dataset/DEB/DEB-WCPRIDHT.jpg,2,DEB,6790,2,0,3,1.0183448,0.7923022,1.0,0.6876376,3.1766436
/content/Dataset/DEB/DEB-WGIWTTVD.jpg,2,DEB,6791,2,0,3,1.0174873,0.79158133,1.0,0.68728095,3.1767008
/content/Dataset/NORM/NORM-TDRCFHTE.jpg,6,NORM,6792,4,1,4,1.0097182,0.8067976,0.9552555,0.68338287,3.1433735
/content/Dataset/ADI/ADI-CECWSCQW.jpg,0,ADI,6793,3,1,3,1.1029141,0.82145715,1.0,0.72250366,3.3867455
/content/Dataset/TUM/TUM-YIFCGIFE.jpg,8,TUM,6794,8,0,6,0.9852031,0.78816223,1.0,0.69104284,2.996005
/content/Dataset/BACK/BACK-LGYGCPKS.jpg,1,BACK,6795,0,1,0,1.0754163,0.81039816,1.0,0.70434856,3.3543265
/content/Dataset/MUC/MUC-PSTASFEV.jpg,4,MUC,6796,4,0,3,1.0165974,0.7925367,1.0,0.6784026,3.198
/content/Dataset/MUC/MUC-PYHLWHLC.jpg,4,MUC,6797,4,0,3,1.0167916,0.79184926,1.0,0.6790721,3.2004273
/content/Dataset/LYM/LYM-NGLHYPEC.jpg,3,LYM,6798,3,0,4,1.0527439,0.81476414,0.97982067,0.7110925,3.2099245
/content/Dataset/NORM/NORM-YAQCRKWS.jpg,6,NORM,6799,6,0,8,0.9735522,0.77878875,1.0,0.6839626,2.9998424
/content/Dataset/TUM/TUM-TEQRRKLL.jpg,8,TUM,6800,8,0,6,0.9858067,0.7892519,1.0,0.6909785,2.994231
/content/Dataset/MUC/MUC-NHYGSAWI.jpg,4,MUC,6801,6,1,6,1.0208949,0.81873965,1.0,0.67284995,3.1065333
/content/Dataset/MUS/MUS-SCFIMRLS.jpg,5,MUS,6802,5,0,0,0.8235343,0.9103843,1.0,0.44463706,2.3949115
/content/Dataset/NORM/NORM-NVQVKMHY.jpg,6,NORM,6803,6,0,8,0.9733463,0.77834034,1.0,0.6840285,3.000688
/content/Dataset/BACK/BACK-ESYAHIHV.jpg,1,BACK,6804,0,1,0,1.0802007,0.82758355,1.0,0.6977333,3.312478
/content/Dataset/MUS/MUS-SVLETIFG.jpg,5,MUS,6805,5,0,7,0.95855,0.782624,1.0,0.6915653,2.87323
/content/Dataset/MUC/MUC-TRHLSKQY.jpg,4,MUC,6806,4,0,7,0.989828,0.7930049,0.99330866,0.6793648,3.047988
/content/Dataset/BACK/BACK-KDPNCIRR.jpg,1,BACK,6807,1,0,3,1.0663948,0.8098948,1.0,0.7045116,3.303081
/content/Dataset/MUS/MUS-AEHFKVDK.jpg,5,MUS,6808,5,0,7,0.96060926,0.7854209,1.0,0.69191027,2.8702893
/content/Dataset/NORM/NORM-RSEDVAGF.jpg,6,NORM,6809,6,0,4,1.0007894,0.81077194,0.916616,0.6831946,3.1385238
/content/Dataset/MUS/MUS-SWNKPRDS.jpg,5,MUS,6810,5,0,7,0.95879275,0.7825678,1.0,0.69184065,2.8739688
/content/Dataset/TUM/TUM-WSFQKTYG.jpg,8,TUM,6811,8,0,6,0.9837983,0.78655875,1.0,0.6906148,2.9974284
/content/Dataset/MUC/MUC-YRWYFDDF.jpg,4,MUC,6812,4,0,3,1.0163612,0.79122984,1.0,0.6790484,3.20128
/content/Dataset/MUC/MUC-AMLWADPH.jpg,4,MUC,6813,6,1,6,1.0189434,0.8070711,1.0,0.67807186,3.136593
/content/Dataset/STR/STR-STSHQQLA.jpg,7,STR,6814,2,1,2,0.9733167,0.7977564,0.93178964,0.6562347,3.1120183
/content/Dataset/MUS/MUS-VKWFGHLK.jpg,5,MUS,6815,5,0,7,0.95732635,0.7793817,1.0,0.69238967,2.8792434
/content/Dataset/LYM/LYM-FIWVNLCV.jpg,3,LYM,6816,4,1,4,1.0559118,0.81476533,0.99161255,0.71065116,3.2088575
/content/Dataset/MUS/MUS-CACIHHTR.jpg,5,MUS,6817,5,0,7,0.9554148,0.77977794,1.0,0.6900829,2.8740387
/content/Dataset/STR/STR-VRHLCAQS.jpg,7,STR,6818,7,0,5,0.9237941,0.7687988,1.0,0.6602368,2.8431597
/content/Dataset/DEB/DEB-VEGISIYI.jpg,2,DEB,6819,8,1,8,1.0198222,0.82526433,1.0,0.6509487,3.1444175
/content/Dataset/TUM/TUM-YHWDLAML.jpg,8,TUM,6820,6,1,6,0.9902027,0.80190635,1.0,0.6873544,2.9688458
/content/Dataset/MUC/MUC-QSEQQHAW.jpg,4,MUC,6821,0,1,0,1.0313926,0.80187976,1.0,0.6765017,3.2424664
/content/Dataset/NORM/NORM-VWKRQQIF.jpg,6,NORM,6822,4,1,4,1.0257841,0.8130958,1.0,0.6820434,3.1310675
/content/Dataset/ADI/ADI-GKMHDSLV.jpg,0,ADI,6823,3,1,3,1.1023083,0.82107306,1.0,0.7221841,3.3865426
/content/Dataset/STR/STR-THDAECYN.jpg,7,STR,6824,7,0,5,0.9258331,0.7720861,1.0,0.6603621,2.8387723
/content/Dataset/MUC/MUC-YCVHNKAL.jpg,4,MUC,6825,4,0,6,1.0109272,0.84077716,1.0,0.65089875,3.0179927
/content/Dataset/NORM/NORM-LDVDDHPI.jpg,6,NORM,6826,4,1,4,1.0089453,0.8082826,0.9488636,0.6835047,3.1418183
/content/Dataset/TUM/TUM-SHHPFAKD.jpg,8,TUM,6827,6,1,6,0.9920999,0.822604,1.0,0.6768076,2.9154024
/content/Dataset/NORM/NORM-NLHSTYRK.jpg,6,NORM,6828,6,0,8,0.977674,0.7853048,1.0,0.68399805,2.9907756
/content/Dataset/ADI/ADI-FNFLRYWN.jpg,0,ADI,6829,5,1,5,1.102221,0.8363147,1.0,0.7211201,3.3062224
/content/Dataset/BACK/BACK-MPASNHPK.jpg,1,BACK,6830,0,1,0,1.0752829,0.81008756,1.0,0.70442224,3.3549953
/content/Dataset/DEB/DEB-QHVACGAD.jpg,2,DEB,6831,8,1,8,1.0485485,0.82784355,1.0,0.6769873,3.2034943
/content/Dataset/ADI/ADI-CACAHLHD.jpg,0,ADI,6832,3,1,3,1.1028042,0.8221658,1.0,0.7219114,3.3843513
/content/Dataset/LYM/LYM-VGIGTESR.jpg,3,LYM,6833,4,1,4,1.0586383,0.814993,1.0,0.71065354,3.2085001
/content/Dataset/NORM/NORM-RINQKCGG.jpg,6,NORM,6834,6,0,4,0.9996643,0.8080591,0.91630834,0.6840406,3.143808
/content/Dataset/ADI/ADI-CKVQGYKM.jpg,0,ADI,6835,0,0,5,1.0973272,0.83097816,0.9924602,0.72218776,3.3167052
/content/Dataset/STR/STR-TYIIYGPR.jpg,7,STR,6836,7,0,5,0.90092266,0.7986439,1.0,0.61888695,2.7098744
/content/Dataset/STR/STR-NDCHHALV.jpg,7,STR,6837,2,1,2,0.9865029,0.8283901,1.0,0.6316282,3.006235
/content/Dataset/STR/STR-NVAVNPLH.jpg,7,STR,6838,7,0,5,0.92719454,0.78229415,1.0,0.6555723,2.8139527
/content/Dataset/TUM/TUM-YSQGPTHH.jpg,8,TUM,6839,8,0,6,0.98396915,0.7858271,1.0,0.69129866,2.9997716
/content/Dataset/NORM/NORM-MDHRLHIE.jpg,6,NORM,6840,6,0,4,1.0013777,0.8066274,0.9254134,0.68404394,3.1454086
/content/Dataset/STR/STR-NIDTGPCY.jpg,7,STR,6841,5,1,5,0.92878354,0.7835223,1.0,0.65641695,2.8144736
/content/Dataset/LYM/LYM-EIESGWVT.jpg,3,LYM,6842,3,0,2,1.0499282,0.8091496,1.0,0.7107373,3.1891682
/content/Dataset/BACK/BACK-MMQKLHCP.jpg,1,BACK,6843,1,0,4,1.0659915,0.8226371,1.0,0.70229775,3.240052
/content/Dataset/ADI/ADI-DHPTSELR.jpg,0,ADI,6844,0,0,4,1.0852638,0.82345784,1.0,0.72238815,3.2738132
/content/Dataset/STR/STR-PMFTYSWN.jpg,7,STR,6845,5,1,5,0.93161553,0.8028034,1.0,0.64815664,2.7686286
/content/Dataset/TUM/TUM-WTGGKSKP.jpg,8,TUM,6846,6,1,6,0.9901639,0.79936624,1.0,0.6889185,2.9758277
/content/Dataset/LYM/LYM-PSESWQTV.jpg,3,LYM,6847,3,0,4,1.0503279,0.8152692,0.9733832,0.7103077,3.2075036
/content/Dataset/STR/STR-TEMGDCVM.jpg,7,STR,6848,7,0,5,0.9233891,0.7697242,1.0,0.65928185,2.8395286
/content/Dataset/STR/STR-QEAFPCFL.jpg,7,STR,6849,7,0,5,0.92150337,0.7657077,1.0,0.6596965,2.8465323
/content/Dataset/DEB/DEB-QVQMHWKP.jpg,2,DEB,6850,8,1,8,1.0504764,0.8276477,1.0,0.6788605,3.2088683
/content/Dataset/ADI/ADI-IFLQLMPD.jpg,0,ADI,6851,0,0,5,1.1004105,0.8322471,1.0,0.7220265,3.3144925
/content/Dataset/MUS/MUS-NTPCHMVH.jpg,5,MUS,6852,5,0,7,0.95890635,0.78247494,1.0,0.6920225,2.8744628
/content/Dataset/MUC/MUC-RSCKHSMA.jpg,4,MUC,6853,4,0,3,1.0168016,0.7912429,1.0,0.67946625,3.2023227
/content/Dataset/BACK/BACK-IWTNFTHC.jpg,1,BACK,6854,1,0,4,1.0565659,0.81913936,0.9699434,0.70438945,3.2501924
/content/Dataset/ADI/ADI-GNMHSAVQ.jpg,0,ADI,6855,3,1,3,1.1022464,0.8212063,1.0,0.72203654,3.3859856
/content/Dataset/DEB/DEB-VQRHWRWN.jpg,2,DEB,6856,4,1,4,1.0370061,0.8292519,0.8915924,0.68512774,3.292283
/content/Dataset/LYM/LYM-QALGYWYR.jpg,3,LYM,6857,3,0,4,1.0501717,0.81427884,0.9726705,0.71103424,3.2105546
/content/Dataset/BACK/BACK-IPFMWQMG.jpg,1,BACK,6858,1,0,3,1.0663756,0.8101553,1.0,0.70432574,3.302223
/content/Dataset/MUC/MUC-QWHLVGMF.jpg,4,MUC,6859,0,1,0,1.0323367,0.8065454,1.0,0.67450637,3.2302604
/content/Dataset/ADI/ADI-CHYLNLWH.jpg,0,ADI,6860,0,0,4,1.0846999,0.82312334,1.0,0.7220815,3.2734876
/content/Dataset/DEB/DEB-QKDHRWFG.jpg,2,DEB,6861,3,1,3,1.0192674,0.7938704,1.0,0.68753177,3.174115
/content/Dataset/MUS/MUS-NYINSAQH.jpg,5,MUS,6862,5,0,7,0.96098036,0.7857647,1.0,0.69207233,2.8702013
/content/Dataset/NORM/NORM-VLNFVTTI.jpg,6,NORM,6863,6,0,8,0.9736974,0.7789503,1.0,0.6840063,2.99972
/content/Dataset/STR/STR-YTSGTMCT.jpg,7,STR,6864,7,0,5,0.9200379,0.76358414,1.0,0.659463,2.8490381
/content/Dataset/NORM/NORM-WQWNLNPR.jpg,6,NORM,6865,6,0,8,0.9723453,0.77679396,1.0,0.6840477,3.0026398
/content/Dataset/LYM/LYM-TVEMYSDI.jpg,3,LYM,6866,3,0,4,1.0534356,0.81416595,0.9844965,0.71077335,3.2099376
/content/Dataset/STR/STR-VEIIQADF.jpg,7,STR,6867,7,0,5,0.920353,0.765494,1.0,0.65867394,2.8442616
/content/Dataset/STR/STR-SNACNKCA.jpg,7,STR,6868,7,0,5,0.9275667,0.77755904,1.0,0.6588468,2.8276718
/content/Dataset/ADI/ADI-CMPHCYGN.jpg,0,ADI,6869,0,0,4,1.0841345,0.8223003,1.0,0.722078,3.2746825
/content/Dataset/ADI/ADI-IQAKCGGC.jpg,0,ADI,6870,3,1,3,1.1022819,0.8217364,1.0,0.72170895,3.3844526
/content/Dataset/NORM/NORM-QRWMGWWL.jpg,6,NORM,6871,6,0,4,0.99746585,0.80755866,0.9100659,0.68404347,3.1445
/content/Dataset/MUC/MUC-QIILGWLD.jpg,4,MUC,6872,4,0,7,0.9914823,0.7961775,0.99573654,0.6783179,3.040965
/content/Dataset/MUC/MUC-WNASMFHI.jpg,4,MUC,6873,3,1,3,1.0179833,0.7935277,1.0,0.679179,3.1981206
/content/Dataset/TUM/TUM-YIQKRFLC.jpg,8,TUM,6874,8,0,6,0.98457503,0.78768027,1.0,0.6907173,2.9959204
/content/Dataset/NORM/NORM-LITYYKTC.jpg,6,NORM,6875,6,0,4,0.99997264,0.80593544,0.92394614,0.6835301,3.1451766
/content/Dataset/TUM/TUM-TPQMTIQI.jpg,8,TUM,6876,5,1,5,1.0462928,0.8360127,1.0,0.6783684,3.143938
/content/Dataset/MUS/MUS-PVWRYQVF.jpg,5,MUS,6877,5,0,7,0.9597836,0.78414017,1.0,0.6918934,2.8718383
/content/Dataset/NORM/NORM-PVFSKKKS.jpg,6,NORM,6878,6,0,8,0.97472364,0.77971315,1.0,0.68459785,2.9998114
/content/Dataset/NORM/NORM-TNVHLSEG.jpg,6,NORM,6879,6,0,4,1.001512,0.8077662,0.9228753,0.6841445,3.1442997
/content/Dataset/TUM/TUM-WHNHNGKG.jpg,8,TUM,6880,6,1,6,0.9870893,0.79399073,1.0,0.68921167,2.9839277
/content/Dataset/BACK/BACK-ANQSNLCD.jpg,1,BACK,6881,0,1,0,1.0757393,0.8111212,1.0,0.7041895,3.3528001
/content/Dataset/ADI/ADI-AIQQLLRI.jpg,0,ADI,6882,0,0,2,1.0908885,0.8212627,1.0,0.72180516,3.3202171
/content/Dataset/TUM/TUM-SEQQARTQ.jpg,8,TUM,6883,8,0,6,0.9847219,0.788064,1.0,0.69059324,2.9952576
/content/Dataset/MUS/MUS-RPESSAIE.jpg,5,MUS,6884,4,1,4,1.0186398,0.8237661,0.87798405,0.6880335,3.2265146
/content/Dataset/MUS/MUS-RQMGLQWV.jpg,5,MUS,6885,5,0,7,0.9551065,0.77783275,1.0,0.6910199,2.878619
/content/Dataset/DEB/DEB-TDFAEYDT.jpg,2,DEB,6886,3,1,3,1.0197245,0.7951996,1.0,0.6871149,3.1712344
/content/Dataset/ADI/ADI-CYIMYEGS.jpg,0,ADI,6887,5,1,5,1.1022434,0.8347501,1.0,0.72211576,3.3111348
/content/Dataset/ADI/ADI-FFGSQCSW.jpg,0,ADI,6888,0,0,5,1.1006142,0.8319267,1.0,0.7224451,3.3158627
/content/Dataset/MUS/MUS-AGTIGDAS.jpg,5,MUS,6889,5,0,7,0.95645314,0.7789251,1.0,0.6917522,2.8785841
/content/Dataset/DEB/DEB-VTECSAIV.jpg,2,DEB,6890,2,0,3,1.0154496,0.7919133,1.0,0.6849298,3.1713018
/content/Dataset/MUC/MUC-PDVKWVPQ.jpg,4,MUC,6891,4,0,7,0.9949444,0.79953367,1.0,0.6784676,3.0362897
/content/Dataset/MUS/MUS-RLSMNTSC.jpg,5,MUS,6892,5,0,0,0.31046835,0.8612683,1.0,0.06631948,0.91543263
/content/Dataset/TUM/TUM-SDWLGLNV.jpg,8,TUM,6893,8,0,6,0.98538613,0.7887627,1.0,0.6908573,2.9946783
/content/Dataset/MUC/MUC-YYYLCTYQ.jpg,4,MUC,6894,4,0,7,0.99268866,0.7948078,1.0,0.6790832,3.045001
/content/Dataset/LYM/LYM-MTNICYMH.jpg,3,LYM,6895,4,1,4,1.0589755,0.81565803,1.0,0.7105583,3.2072623
/content/Dataset/MUC/MUC-QMREPFCV.jpg,4,MUC,6896,4,0,6,1.0129716,0.837077,1.0,0.65475595,3.0339344
/content/Dataset/LYM/LYM-GSTFIHYM.jpg,3,LYM,6897,3,0,2,1.0467893,0.80492985,1.0,0.7104427,3.1944447
/content/Dataset/LYM/LYM-PLADQGTG.jpg,3,LYM,6898,3,0,2,1.0474682,0.80495775,1.0,0.7111188,3.1958206
/content/Dataset/DEB/DEB-QMLPTHHR.jpg,2,DEB,6899,3,1,3,1.0203246,0.79667425,1.0,0.686749,3.168254
/content/Dataset/LYM/LYM-NVCDGVKR.jpg,3,LYM,6900,4,1,4,1.0595857,0.81601024,1.0,0.7109071,3.2076595
/content/Dataset/LYM/LYM-ACGIMPFA.jpg,3,LYM,6901,3,0,2,1.0478716,0.80625373,1.0,0.71064955,3.1929424
/content/Dataset/STR/STR-SMCRPTEC.jpg,7,STR,6902,7,0,5,0.31377026,0.8251054,1.0,0.09210421,0.93744147
/content/Dataset/ADI/ADI-CGWDLPWE.jpg,0,ADI,6903,0,0,5,1.0967383,0.83043736,0.9919757,0.72214425,3.3172941
/content/Dataset/STR/STR-YDWQMCSE.jpg,7,STR,6904,7,0,5,0.9210897,0.766099,1.0,0.6589884,2.8445733
/content/Dataset/LYM/LYM-QHHRQQCI.jpg,3,LYM,6905,5,1,5,1.060272,0.8232659,0.9464343,0.7109813,3.2680535
/content/Dataset/TUM/TUM-WEDIFEWI.jpg,8,TUM,6906,5,1,5,1.0467473,0.8260003,0.99155205,0.68723774,3.1807096
/content/Dataset/LYM/LYM-QFFKRPIE.jpg,3,LYM,6907,3,0,4,1.0502317,0.8146119,0.97326434,0.7107121,3.2092195
/content/Dataset/MUC/MUC-TYQSHYWV.jpg,4,MUC,6908,4,0,7,0.99225634,0.7948859,1.0,0.6786555,3.0435877
/content/Dataset/NORM/NORM-TFCRMFVP.jpg,6,NORM,6909,6,0,8,0.97283274,0.7769687,1.0,0.6844311,3.0032845
/content/Dataset/DEB/DEB-WYDKSKVC.jpg,2,DEB,6910,3,1,3,1.0205486,0.7959446,1.0,0.687463,3.1708863
/content/Dataset/DEB/DEB-RIKLIQDK.jpg,2,DEB,6911,6,1,6,1.0465147,0.8301444,1.0,0.6743197,3.189476
/content/Dataset/NORM/NORM-NCCFNHYV.jpg,6,NORM,6912,4,1,4,1.0076678,0.8077667,0.9458567,0.6834635,3.142457
/content/Dataset/STR/STR-RWCMCQKT.jpg,7,STR,6913,7,0,5,0.92465025,0.7979417,1.0,0.6439729,2.7652578
/content/Dataset/LYM/LYM-TRETTCHG.jpg,3,LYM,6914,3,0,2,1.047848,0.80619466,1.0,0.7106337,3.1931746
/content/Dataset/ADI/ADI-FVEPSDKR.jpg,0,ADI,6915,0,0,2,1.0909655,0.8211204,1.0,0.72195596,3.3208885
/content/Dataset/BACK/BACK-GAAGPNPW.jpg,1,BACK,6916,1,0,3,1.0665427,0.8102348,1.0,0.70443374,3.3023722
/content/Dataset/LYM/LYM-MKVCTIGE.jpg,3,LYM,6917,3,0,2,1.047998,0.8058432,1.0,0.7110442,3.194447
/content/Dataset/DEB/DEB-WWIHNHGD.jpg,2,DEB,6918,2,0,7,0.9745996,0.84798443,1.0,0.6182663,2.8942335
/content/Dataset/DEB/DEB-TYEGNTRC.jpg,2,DEB,6919,5,1,5,1.0538636,0.82752144,1.0,0.6850351,3.2067933
/content/Dataset/MUC/MUC-PTHIQKHE.jpg,4,MUC,6920,0,1,0,1.0329437,0.80832475,1.0,0.6739495,3.2263634
/content/Dataset/MUS/MUS-PNCWYWPH.jpg,5,MUS,6921,5,0,7,0.95727175,0.7796453,1.0,0.6921528,2.8784344
/content/Dataset/STR/STR-WMLESARD.jpg,7,STR,6922,7,0,5,0.92013264,0.76595867,1.0,0.6580655,2.8427336
/content/Dataset/STR/STR-YEYWDSCL.jpg,7,STR,6923,7,0,5,0.92452365,0.77078116,1.0,0.6597783,2.8393788
/content/Dataset/ADI/ADI-IGSNIHIQ.jpg,0,ADI,6924,0,0,4,1.0867635,0.8263585,1.0,0.72190297,3.2685938
/content/Dataset/STR/STR-VYVSNTGI.jpg,7,STR,6925,7,0,5,0.43300185,0.60172594,1.0,0.1244879,1.9986356
/content/Dataset/NORM/NORM-SRRPLHTE.jpg,6,NORM,6926,6,0,8,0.9719811,0.77630055,1.0,0.68397874,3.0032547
/content/Dataset/ADI/ADI-FTQNEGDY.jpg,0,ADI,6927,0,0,4,1.0854036,0.82706785,1.0,0.7201424,3.2633905
/content/Dataset/MUS/MUS-NNQHKYSE.jpg,5,MUS,6928,5,0,7,0.95474386,0.77564836,1.0,0.69209737,2.8836243
/content/Dataset/DEB/DEB-QFSKKNPR.jpg,2,DEB,6929,2,0,3,1.0147136,0.7898801,1.0,0.6855719,3.1754904
/content/Dataset/STR/STR-ACTGCNEQ.jpg,7,STR,6930,7,0,5,0.9265771,0.77426803,1.0,0.65981716,2.8344367
/content/Dataset/LYM/LYM-QKAQNLVI.jpg,3,LYM,6931,6,1,6,1.0765458,0.8283225,0.9769543,0.7077057,3.2920911
/content/Dataset/NORM/NORM-TVFSYAEW.jpg,6,NORM,6932,6,0,8,0.9732268,0.7784152,1.0,0.68384576,3.0002358
/content/Dataset/STR/STR-THSEKGIS.jpg,7,STR,6933,5,1,5,0.92893,0.7802979,1.0,0.6586444,2.8231978
/content/Dataset/TUM/TUM-RWDVDDYD.jpg,8,TUM,6934,8,0,6,0.985298,0.7884529,1.0,0.69094265,2.9954321
/content/Dataset/ADI/ADI-DASEPNDA.jpg,0,ADI,6935,0,0,2,1.0910362,0.8209105,1.0,0.7221619,3.3216913
/content/Dataset/MUC/MUC-YANPPLPG.jpg,4,MUC,6936,4,0,6,1.0058196,0.83756566,1.0,0.6477521,3.015656
/content/Dataset/MUS/MUS-NWRPGNAG.jpg,5,MUS,6937,5,0,7,0.96091217,0.7882424,1.0,0.69042915,2.8633456
/content/Dataset/BACK/BACK-INPYNDHS.jpg,1,BACK,6938,1,0,3,1.0659797,0.8095558,1.0,0.70434,3.3031306
/content/Dataset/MUC/MUC-PDHDPQVM.jpg,4,MUC,6939,4,0,7,0.9928152,0.7959974,1.0,0.67850614,3.0417087
/content/Dataset/TUM/TUM-RADAEAQF.jpg,8,TUM,6940,8,0,6,0.98378646,0.78642935,1.0,0.6906987,2.9977276
/content/Dataset/NORM/NORM-TAKYWWCQ.jpg,6,NORM,6941,4,1,4,1.020965,0.80973715,0.988229,0.6828612,3.137976
/content/Dataset/MUC/MUC-TNWEEYEQ.jpg,4,MUC,6942,4,0,3,1.0171658,0.7918892,1.0,0.6793959,3.2012703
/content/Dataset/STR/STR-NENKGWYY.jpg,7,STR,6943,7,0,5,0.5960658,0.89382374,1.0,0.32318187,1.6615564
/content/Dataset/NORM/NORM-TQVLRPEL.jpg,6,NORM,6944,6,0,8,0.9848604,0.81351817,1.0,0.67379606,2.9280767
/content/Dataset/BACK/BACK-MICGFGSG.jpg,1,BACK,6945,1,0,3,1.0666378,0.81017995,1.0,0.7045637,3.3027537
/content/Dataset/MUC/MUC-YAHFEKFS.jpg,4,MUC,6946,4,0,7,0.9931043,0.79542446,1.0,0.67914546,3.0440686
/content/Dataset/LYM/LYM-THIIHEFY.jpg,3,LYM,6947,3,0,4,1.0533133,0.8137976,0.9858192,0.71049005,3.2098527
/content/Dataset/ADI/ADI-CDNCYTEV.jpg,0,ADI,6948,0,0,5,1.0909554,0.83066124,0.973502,0.72198594,3.3168454
/content/Dataset/LYM/LYM-VMACCAWI.jpg,3,LYM,6949,5,1,5,1.0783311,0.82990134,1.0,0.70809335,3.2513835
/content/Dataset/BACK/BACK-MQYGMTEV.jpg,1,BACK,6950,0,1,0,1.0774691,0.8142071,1.0,0.7038112,3.3472748
/content/Dataset/TUM/TUM-TTIETWVF.jpg,8,TUM,6951,8,0,6,0.98376036,0.78693044,1.0,0.69036454,2.9961972
/content/Dataset/DEB/DEB-REVPPHQK.jpg,2,DEB,6952,2,0,3,1.0185386,0.7927335,1.0,0.6875692,3.1757352
/content/Dataset/STR/STR-RCFQSTYF.jpg,7,STR,6953,7,0,2,0.2868369,0.80580395,1.0,0.04086632,0.9061936
/content/Dataset/ADI/ADI-CHVTFDWP.jpg,0,ADI,6954,0,0,4,1.0856831,0.8248554,1.0,0.7218663,3.2705991
/content/Dataset/STR/STR-VVMVPELM.jpg,7,STR,6955,7,0,5,0.92341614,0.7705318,1.0,0.6586817,2.8377683
/content/Dataset/NORM/NORM-AFGVIFYI.jpg,6,NORM,6956,4,1,4,1.004146,0.8071061,0.93392473,0.68395704,3.1444833
/content/Dataset/BACK/BACK-MPAAGHKA.jpg,1,BACK,6957,1,0,4,1.0677581,0.8252834,1.0,0.7023109,3.2361438
/content/Dataset/STR/STR-VMIRPADR.jpg,7,STR,6958,7,0,5,0.9244211,0.7750374,1.0,0.6567291,2.8284574
/content/Dataset/DEB/DEB-VGPSALCA.jpg,2,DEB,6959,2,0,3,1.0176345,0.79207754,1.0,0.6870748,3.1756613
/content/Dataset/DEB/DEB-SMARFNRI.jpg,2,DEB,6960,2,0,3,1.0185477,0.7929692,1.0,0.68739134,3.1751683
/content/Dataset/MUC/MUC-YINIIGLY.jpg,4,MUC,6961,4,0,6,1.0153137,0.8020959,0.99440056,0.6792361,3.1469245
/content/Dataset/NORM/NORM-QDWHLLCC.jpg,6,NORM,6962,6,0,8,0.97248393,0.77666306,1.0,0.684261,3.0033827
/content/Dataset/STR/STR-NYHNDWFY.jpg,7,STR,6963,7,0,5,0.9269194,0.7773836,1.0,0.6582617,2.8267093
/content/Dataset/STR/STR-WTSWANAA.jpg,7,STR,6964,7,0,5,0.89882296,0.8460558,1.0,0.5956148,2.5739534
/content/Dataset/LYM/LYM-SSFHKIPY.jpg,3,LYM,6965,3,0,4,1.0520244,0.81467384,0.97802824,0.71096957,3.2098691
/content/Dataset/MUC/MUC-AWMFVIRM.jpg,4,MUC,6966,4,0,3,1.017428,0.7928545,1.0,0.6790642,3.1988456
/content/Dataset/DEB/DEB-TGIKPGHD.jpg,2,DEB,6967,2,0,3,1.0191808,0.7941859,1.0,0.6872284,3.1730108
/content/Dataset/MUS/MUS-QWEMERYD.jpg,5,MUS,6968,7,1,7,0.96422905,0.8255446,1.0,0.67152,2.7712004
/content/Dataset/TUM/TUM-QVPAIPHI.jpg,8,TUM,6969,6,1,6,0.9860067,0.7910192,1.0,0.6900106,2.9898233
/content/Dataset/MUC/MUC-WLNSSVCE.jpg,4,MUC,6970,4,0,3,1.0163401,0.79177994,1.0,0.67867076,3.1995637
/content/Dataset/LYM/LYM-SMGRMLIY.jpg,3,LYM,6971,3,0,2,1.0470884,0.80505884,1.0,0.71066064,3.1947153
/content/Dataset/BACK/BACK-HYGNRDNS.jpg,1,BACK,6972,1,0,3,1.0668362,0.8109269,1.0,0.70426345,3.3009286
/content/Dataset/MUS/MUS-AAIVTSEF.jpg,5,MUS,6973,7,1,7,0.96227926,0.7884567,1.0,0.69168717,2.865889
/content/Dataset/BACK/BACK-MHAEWRQL.jpg,1,BACK,6974,1,0,3,1.0664488,0.8099512,1.0,0.70452946,3.3030233
/content/Dataset/TUM/TUM-VYNKQGFN.jpg,8,TUM,6975,8,0,6,0.98470545,0.78790444,1.0,0.69070816,2.995577
/content/Dataset/MUS/MUS-SHKVATLV.jpg,5,MUS,6976,5,0,7,0.8892217,0.87186325,1.0,0.5810313,2.471055
/content/Dataset/STR/STR-MVWCIITG.jpg,7,STR,6977,7,0,5,0.92528594,0.77247524,1.0,0.65956104,2.8363953
/content/Dataset/MUS/MUS-AGAQSNNV.jpg,5,MUS,6978,7,1,7,0.96405464,0.7989965,1.0,0.6868687,2.8416827
/content/Dataset/LYM/LYM-QKKKIPNS.jpg,3,LYM,6979,3,0,2,1.049075,0.8073472,1.0,0.71107423,3.1925852
/content/Dataset/TUM/TUM-VFSMAWAL.jpg,8,TUM,6980,8,0,6,0.9845741,0.7874814,1.0,0.6908225,2.9965527
/content/Dataset/DEB/DEB-TSNCWYRR.jpg,2,DEB,6981,3,1,3,1.0198281,0.79571223,1.0,0.686911,3.1698549
/content/Dataset/ADI/ADI-CGWSETKN.jpg,0,ADI,6982,3,1,3,1.1025233,0.82097924,1.0,0.7224614,3.3872907
/content/Dataset/ADI/ADI-IGFWQQRD.jpg,0,ADI,6983,3,1,3,1.1023538,0.8211461,1.0,0.7221844,3.3863997
/content/Dataset/NORM/NORM-LYCFLQPN.jpg,6,NORM,6984,6,0,4,0.9998284,0.8074527,0.9180997,0.68408954,3.1446524
/content/Dataset/BACK/BACK-MITAQDVG.jpg,1,BACK,6985,1,0,3,1.0659275,0.80954015,1.0,0.7043027,3.3030465
/content/Dataset/TUM/TUM-SYDFRFWC.jpg,8,TUM,6986,6,1,6,0.988369,0.7934772,1.0,0.6908446,2.9882548
/content/Dataset/MUC/MUC-SHGYCHDM.jpg,4,MUC,6987,4,0,7,0.9925154,0.79409564,1.0,0.6793847,3.046569
/content/Dataset/LYM/LYM-HMKLEQLF.jpg,3,LYM,6988,3,0,2,1.0482773,0.8062836,1.0,0.71102977,3.1937752
/content/Dataset/NORM/NORM-AAGYAITA.jpg,6,NORM,6989,4,1,4,1.0082906,0.8070771,0.9482846,0.68384695,3.1441274
/content/Dataset/ADI/ADI-ECQLGTVE.jpg,0,ADI,6990,0,0,1,1.0962496,0.81685233,1.0,0.72164476,3.3766031
/content/Dataset/MUC/MUC-VSKHGWSP.jpg,4,MUC,6991,4,0,7,0.99095523,0.7943168,0.99476475,0.67923063,3.04584
/content/Dataset/TUM/TUM-SQQVCHPW.jpg,8,TUM,6992,8,0,6,0.98403144,0.7866348,1.0,0.6908447,2.9976118
/content/Dataset/TUM/TUM-QRDNWVHH.jpg,8,TUM,6993,8,0,6,0.9835685,0.785395,1.0,0.6911945,2.9999964
/content/Dataset/MUS/MUS-RVVWMQPN.jpg,5,MUS,6994,5,0,7,0.9611203,0.7867426,1.0,0.691577,2.8679245
/content/Dataset/STR/STR-SQGIFECR.jpg,7,STR,6995,7,0,5,0.9240629,0.7716294,1.0,0.6587821,2.835941
/content/Dataset/NORM/NORM-MHVQCSPQ.jpg,6,NORM,6996,4,1,4,1.0106542,0.8067322,0.9598141,0.68302244,3.1424866
/content/Dataset/MUC/MUC-SAIWDQVC.jpg,4,MUC,6997,4,0,3,1.017374,0.793626,1.0,0.6785015,3.1964211
/content/Dataset/ADI/ADI-ECQVFDVV.jpg,0,ADI,6998,0,0,5,1.0821561,0.87054324,1.0,0.6830285,3.1547267
/content/Dataset/TUM/TUM-TMSLKGGM.jpg,8,TUM,6999,6,1,6,0.9864262,0.7907672,1.0,0.69062346,2.9914074
/content/Dataset/BACK/BACK-MQMRFTPV.jpg,1,BACK,7000,1,0,3,1.0664147,0.81013066,1.0,0.7043916,3.302345
/content/Dataset/MUS/MUS-QDKVCPWF.jpg,5,MUS,7001,5,0,7,0.95490974,0.7766963,1.0,0.69157785,2.881182
/content/Dataset/ADI/ADI-AECRHRYI.jpg,0,ADI,7002,0,0,4,1.0845928,0.82286596,1.0,0.7221557,3.273989
/content/Dataset/BACK/BACK-MMAPDTIM.jpg,1,BACK,7003,2,1,2,1.0813937,0.8234545,1.0,0.7032606,3.3214207
/content/Dataset/STR/STR-WPNIFYQW.jpg,7,STR,7004,7,0,5,0.8645198,0.8607114,1.0,0.5579685,2.4530766
/content/Dataset/MUS/MUS-RPKWCKIA.jpg,5,MUS,7005,7,1,7,0.9652455,0.7956666,1.0,0.69019747,2.85313
/content/Dataset/STR/STR-TPVGFHEL.jpg,7,STR,7006,7,0,5,0.92525953,0.7728151,1.0,0.6593024,2.8354669
/content/Dataset/LYM/LYM-PLKHQMYG.jpg,3,LYM,7007,3,0,2,1.0497552,0.8091183,1.0,0.71057,3.1889315
/content/Dataset/MUS/MUS-QMDLPCEM.jpg,5,MUS,7008,7,1,7,0.961514,0.7875662,1.0,0.6914785,2.8665261
/content/Dataset/NORM/NORM-WPMSIAIS.jpg,6,NORM,7009,4,1,4,1.0101919,0.8075481,0.9547893,0.68349004,3.142648
/content/Dataset/LYM/LYM-PHHKVCAF.jpg,3,LYM,7010,3,0,8,0.30727324,0.83137435,1.0,0.05565006,0.94727916
/content/Dataset/TUM/TUM-TWPWQTVT.jpg,8,TUM,7011,8,0,6,0.98423594,0.7862293,1.0,0.69130415,2.9992642
/content/Dataset/LYM/LYM-VHLHPLKR.jpg,3,LYM,7012,4,1,4,1.0554893,0.8146256,0.990282,0.7107449,3.2091866
/content/Dataset/LYM/LYM-VLDKIHVK.jpg,3,LYM,7013,5,1,5,1.0676689,0.8232882,0.97160244,0.71058196,3.2669759
/content/Dataset/BACK/BACK-IYNFTFWV.jpg,1,BACK,7014,1,0,3,1.066029,0.8096396,1.0,0.7043338,3.3029828
/content/Dataset/MUC/MUC-ATHYGTEW.jpg,4,MUC,7015,6,1,6,1.0179901,0.8059661,1.0,0.6777979,3.1377487
/content/Dataset/MUC/MUC-YHQFEVQC.jpg,4,MUC,7016,4,0,7,0.2935906,0.78705144,1.0,0.050853956,0.94443005
/content/Dataset/BACK/BACK-KMAEVMKE.jpg,1,BACK,7017,1,0,3,1.0670778,0.8108653,1.0,0.7045368,3.301681
/content/Dataset/NORM/NORM-QWSPSATL.jpg,6,NORM,7018,6,0,8,0.97325945,0.77804023,1.0,0.68414915,3.0012934
/content/Dataset/BACK/BACK-IYFHDKWP.jpg,1,BACK,7019,1,0,3,1.066553,0.8103273,1.0,0.7043917,3.3020787
/content/Dataset/TUM/TUM-RTLKESQC.jpg,8,TUM,7020,8,0,6,0.9854293,0.78851277,1.0,0.69106,2.9954896
/content/Dataset/MUS/MUS-AFHYCYIQ.jpg,5,MUS,7021,5,0,7,0.76889175,0.8927258,1.0,0.4712059,2.116493
/content/Dataset/NORM/NORM-NDHCATPV.jpg,6,NORM,7022,6,0,8,0.9744075,0.78019285,1.0,0.6839716,2.9976861
/content/Dataset/DEB/DEB-AEQQYPPN.jpg,2,DEB,7023,5,1,5,1.0438218,0.8238099,0.9686417,0.68679637,3.2168322
/content/Dataset/DEB/DEB-YMLIPRCE.jpg,2,DEB,7024,3,1,3,1.0195398,0.7962759,1.0,0.68618065,3.1677792
/content/Dataset/TUM/TUM-RTELFCNM.jpg,8,TUM,7025,8,0,6,0.98526365,0.7884562,1.0,0.6909228,2.995288
/content/Dataset/NORM/NORM-PPWAIGDV.jpg,6,NORM,7026,6,0,8,0.97813296,0.7860094,1.0,0.6840208,2.989816
/content/Dataset/ADI/ADI-IIMTATSQ.jpg,0,ADI,7027,0,0,4,1.0844911,0.8227332,1.0,0.72214,3.2741754
/content/Dataset/BACK/BACK-ETEPDQKK.jpg,1,BACK,7028,1,0,3,1.0651988,0.80911714,1.0,0.7039009,3.3025575
/content/Dataset/DEB/DEB-PGTRWWLV.jpg,2,DEB,7029,8,1,8,1.0289346,0.8535484,1.0,0.64451265,3.0786338
/content/Dataset/LYM/LYM-RIRWTRIF.jpg,3,LYM,7030,3,0,2,1.0492656,0.8083894,1.0,0.7105752,3.1899426
/content/Dataset/NORM/NORM-MAVMACVY.jpg,6,NORM,7031,6,0,8,0.29871896,0.81295896,1.0,0.070873044,0.9134932
/content/Dataset/MUC/MUC-ATGHWDFD.jpg,4,MUC,7032,4,0,3,1.0173807,0.7919518,1.0,0.67959523,3.201493
/content/Dataset/MUS/MUS-VGPVNRGL.jpg,5,MUS,7033,5,0,7,0.95466316,0.775812,1.0,0.6919344,2.8829098
/content/Dataset/TUM/TUM-VYPDFIDA.jpg,8,TUM,7034,8,0,7,0.561726,0.89150107,1.0,0.2560617,1.6476026
/content/Dataset/BACK/BACK-KHLSWITP.jpg,1,BACK,7035,1,0,3,1.0668327,0.8109622,1.0,0.7042253,3.3008535
/content/Dataset/DEB/DEB-PKTNMNKE.jpg,2,DEB,7036,7,1,7,1.0273632,0.8228068,1.0,0.681159,3.0940194
/content/Dataset/MUC/MUC-CYALCVWQ.jpg,4,MUC,7037,4,0,3,1.0167694,0.7917249,1.0,0.6790769,3.2009451
/content/Dataset/MUS/MUS-QSCIENVF.jpg,5,MUS,7038,5,0,7,0.95759904,0.780244,1.0,0.69207424,2.877648
/content/Dataset/TUM/TUM-RIHPFVES.jpg,8,TUM,7039,8,0,6,0.9838108,0.7865751,1.0,0.6906587,2.9972744
/content/Dataset/LYM/LYM-TPQIVLMI.jpg,3,LYM,7040,4,1,4,1.058723,0.81498563,1.0,0.7107566,3.2086596
/content/Dataset/BACK/BACK-PEFVTPAR.jpg,1,BACK,7041,1,0,3,1.066631,0.8104392,1.0,0.70439655,3.3019056
/content/Dataset/LYM/LYM-ALLYFCYR.jpg,3,LYM,7042,3,0,2,1.0488681,0.8071292,1.0,0.71105045,3.192631
/content/Dataset/MUC/MUC-PCCRYPKP.jpg,4,MUC,7043,6,1,6,1.0183274,0.809688,1.0,0.6758371,3.1274238
/content/Dataset/MUS/MUS-SPPTHSRA.jpg,5,MUS,7044,5,0,7,0.95382845,0.7749305,1.0,0.6915839,2.8835814
/content/Dataset/BACK/BACK-AKVAPDAV.jpg,1,BACK,7045,1,0,3,1.0658233,0.8095509,1.0,0.7041747,3.3028457
/content/Dataset/BACK/BACK-MESQDNVY.jpg,1,BACK,7046,1,0,3,1.0668845,0.8104451,1.0,0.70463663,3.3024824
/content/Dataset/ADI/ADI-HFCDCWAG.jpg,0,ADI,7047,0,0,1,1.096608,0.81759757,1.0,0.7214531,3.3752506
/content/Dataset/NORM/NORM-PKNNPCRL.jpg,6,NORM,7048,4,1,4,1.0053792,0.8064698,0.94124967,0.68343765,3.1440306
/content/Dataset/DEB/DEB-VNDTAVIL.jpg,2,DEB,7049,2,0,3,1.0186615,0.7933887,1.0,0.68727076,3.1740398
/content/Dataset/TUM/TUM-RDNHKMIS.jpg,8,TUM,7050,8,0,6,0.9854621,0.7882094,1.0,0.6912907,2.996417
/content/Dataset/ADI/ADI-EKIHPDTN.jpg,0,ADI,7051,0,0,4,1.0891154,0.83405286,1.0,0.71914995,3.2509923
/content/Dataset/DEB/DEB-PAMKHQVM.jpg,2,DEB,7052,2,0,3,1.0182678,0.79289293,1.0,0.6871925,3.1746354
/content/Dataset/LYM/LYM-VPCTVDLP.jpg,3,LYM,7053,4,1,4,1.0594131,0.8163042,1.0,0.7105752,3.2063017
/content/Dataset/ADI/ADI-GGYVPCRI.jpg,0,ADI,7054,0,0,2,1.091446,0.82149327,1.0,0.7221482,3.3209248
/content/Dataset/NORM/NORM-ALMQHEQH.jpg,6,NORM,7055,6,0,8,0.97522646,0.7820447,1.0,0.68355095,2.994521
/content/Dataset/TUM/TUM-RKMVLLDE.jpg,8,TUM,7056,6,1,6,0.98606217,0.7901893,1.0,0.6906112,2.99225
/content/Dataset/NORM/NORM-WGDNFEVK.jpg,6,NORM,7057,4,1,4,1.0134269,0.80958533,0.9604001,0.68367964,3.1404107
/content/Dataset/STR/STR-PGYDIWHD.jpg,7,STR,7058,7,0,5,0.9242988,0.7697098,1.0,0.66015714,2.8419592
/content/Dataset/MUS/MUS-PAWPYHNA.jpg,5,MUS,7059,5,0,7,0.95412606,0.7752146,1.0,0.69175905,2.8833284
/content/Dataset/ADI/ADI-DPSITKYG.jpg,0,ADI,7060,3,1,3,1.1026459,0.8214633,1.0,0.7222472,3.3860993
/content/Dataset/DEB/DEB-TGTSAYVK.jpg,2,DEB,7061,2,0,3,1.0189096,0.7931915,1.0,0.68764144,3.1752262
/content/Dataset/MUS/MUS-RYNLIFTG.jpg,5,MUS,7062,5,0,7,0.95306647,0.7741434,1.0,0.6913225,2.883928
/content/Dataset/STR/STR-QVRVINIT.jpg,7,STR,7063,7,0,5,0.88552827,0.8601272,1.0,0.57813704,2.5035312
/content/Dataset/MUC/MUC-FDTQFFPM.jpg,4,MUC,7064,4,0,7,0.9929405,0.7944797,1.0,0.67957425,3.046426
/content/Dataset/NORM/NORM-NPWHTFNF.jpg,6,NORM,7065,4,1,4,1.0054104,0.80674154,0.93952775,0.68380016,3.1445336
/content/Dataset/MUC/MUC-TDMKHIED.jpg,4,MUC,7066,4,0,7,0.9918436,0.79535496,0.9957367,0.67921144,3.044136
/content/Dataset/MUC/MUC-QNNTSIYF.jpg,4,MUC,7067,4,0,7,0.9940372,0.7969634,1.0,0.6791323,3.0417216
/content/Dataset/DEB/DEB-TFFKEDGR.jpg,2,DEB,7068,2,0,3,1.0172695,0.79153097,1.0,0.687035,3.17656
/content/Dataset/ADI/ADI-KFFFIQCI.jpg,0,ADI,7069,5,1,5,1.1028646,0.83598375,1.0,0.7219088,3.3087928
/content/Dataset/ADI/ADI-FYPQDQFI.jpg,0,ADI,7070,0,0,2,1.0915664,0.8216387,1.0,0.7221829,3.320699
/content/Dataset/BACK/BACK-HWSDWPCK.jpg,1,BACK,7071,1,0,3,1.0660143,0.80959034,1.0,0.7043586,3.303076
/content/Dataset/MUC/MUC-WKLCGQIW.jpg,4,MUC,7072,4,0,3,1.0176193,0.79252535,1.0,0.6794338,3.200413
/content/Dataset/ADI/ADI-GLTPHFIK.jpg,0,ADI,7073,5,1,5,1.1037138,0.8401655,1.0,0.7200585,3.2979593
/content/Dataset/DEB/DEB-RCRPKHEF.jpg,2,DEB,7074,2,0,8,0.29041955,0.79139864,1.0,0.034636088,0.94549215
/content/Dataset/NORM/NORM-PRMKRWYF.jpg,6,NORM,7075,6,0,8,0.9727215,0.776932,1.0,0.68433505,3.0031505
/content/Dataset/BACK/BACK-MEYIGVNI.jpg,1,BACK,7076,1,0,3,1.0662782,0.8101012,1.0,0.7042688,3.3021557
/content/Dataset/DEB/DEB-PDFWDDNT.jpg,2,DEB,7077,2,0,7,1.0078986,0.8095546,0.9433201,0.6868287,3.1271586
/content/Dataset/MUS/MUS-RLGGWTEN.jpg,5,MUS,7078,5,0,7,0.95233524,0.77331865,1.0,0.6911088,2.8844752
/content/Dataset/MUC/MUC-PLQWKMCV.jpg,4,MUC,7079,4,0,3,1.0173873,0.7921984,1.0,0.67941844,3.200845
/content/Dataset/STR/STR-TPGLSIWY.jpg,7,STR,7080,7,0,5,0.92585844,0.77997565,1.0,0.6554568,2.8175707
/content/Dataset/NORM/NORM-LYWSEFRR.jpg,6,NORM,7081,4,1,4,1.0057198,0.80742455,0.93872523,0.6838836,3.1438692
/content/Dataset/ADI/ADI-CFFRCGWS.jpg,0,ADI,7082,0,0,1,1.0970676,0.8174546,1.0,0.7220146,3.376653
/content/Dataset/DEB/DEB-AATAGAYM.jpg,2,DEB,7083,2,0,3,1.0180024,0.79132307,1.0,0.6879515,3.1787217
/content/Dataset/LYM/LYM-QFFFMFCV.jpg,3,LYM,7084,3,0,8,0.2943637,0.82560825,1.0,0.04831268,0.90808725
/content/Dataset/ADI/ADI-EAEQKCAN.jpg,0,ADI,7085,0,0,5,1.1018865,0.834467,1.0,0.72195965,3.3111935
/content/Dataset/LYM/LYM-IRFVFIYQ.jpg,3,LYM,7086,3,0,2,1.0479274,0.8063395,1.0,0.7106148,3.192932
/content/Dataset/MUS/MUS-PLTVTCHQ.jpg,5,MUS,7087,5,0,7,0.95708096,0.7802008,1.0,0.6915789,2.8765476
/content/Dataset/MUS/MUS-QKLNRNSA.jpg,5,MUS,7088,5,0,7,0.9594761,0.78309053,1.0,0.69225955,2.873951
/content/Dataset/DEB/DEB-TCAVEWWW.jpg,2,DEB,7089,2,0,3,1.0166523,0.800259,1.0,0.68074065,3.1492615
/content/Dataset/ADI/ADI-HVVKPMEV.jpg,0,ADI,7090,0,0,4,1.0851496,0.82460284,1.0,0.7215333,3.270103
/content/Dataset/MUC/MUC-WCNIEQCS.jpg,4,MUC,7091,4,0,7,0.9934138,0.7959924,1.0,0.67911136,3.0431023
/content/Dataset/MUC/MUC-PYFANPLP.jpg,4,MUC,7092,4,0,7,0.9927144,0.7953465,1.0,0.67880684,3.0433803
/content/Dataset/NORM/NORM-SYYDPQPK.jpg,6,NORM,7093,6,0,8,0.9724587,0.7771829,1.0,0.68388826,3.0018687
/content/Dataset/MUS/MUS-QLWTAWFF.jpg,5,MUS,7094,5,0,7,0.96109647,0.7874429,1.0,0.691132,2.8659012
/content/Dataset/TUM/TUM-SSGMDQDL.jpg,8,TUM,7095,6,1,6,0.98774576,0.7953932,1.0,0.6889707,2.981529
/content/Dataset/TUM/TUM-QEVALLSD.jpg,8,TUM,7096,6,1,6,0.98880166,0.79569644,1.0,0.68988156,2.9829636
/content/Dataset/STR/STR-YVFYPSMD.jpg,7,STR,7097,7,0,5,0.9191972,0.7634715,1.0,0.6586518,2.8473656
/content/Dataset/MUS/MUS-RFNNTMLD.jpg,5,MUS,7098,7,1,7,0.96378374,0.79285544,1.0,0.69044256,2.857461
/content/Dataset/NORM/NORM-WSHYGKSK.jpg,6,NORM,7099,4,1,4,1.0050136,0.80775875,0.9356364,0.683857,3.1434824
/content/Dataset/ADI/ADI-FLGVTAPM.jpg,0,ADI,7100,0,0,5,1.0919001,0.8306111,0.97516704,0.7224416,3.3178806
/content/Dataset/TUM/TUM-YLDGIYPW.jpg,8,TUM,7101,8,0,6,0.985019,0.7877716,1.0,0.69112575,2.996628
/content/Dataset/TUM/TUM-WQKVRARC.jpg,8,TUM,7102,8,0,6,0.9847307,0.7945313,1.0,0.6864371,2.9771764
/content/Dataset/DEB/DEB-QYKQEGED.jpg,2,DEB,7103,3,1,3,1.0199593,0.79655373,1.0,0.6864857,3.1676862
/content/Dataset/STR/STR-YFRRYGRH.jpg,7,STR,7104,7,0,5,0.9221147,0.76642156,1.0,0.6599305,2.8458736
/content/Dataset/STR/STR-TIYYCNVW.jpg,7,STR,7105,7,0,5,0.9252023,0.7712353,1.0,0.6601927,2.8397553
/content/Dataset/TUM/TUM-SQMLNNDA.jpg,8,TUM,7106,8,0,6,0.98343647,0.7853706,1.0,0.69104654,2.9998581
/content/Dataset/DEB/DEB-YWNYMDMQ.jpg,2,DEB,7107,2,0,4,0.8067599,0.9017994,1.0,0.42991024,2.3808315
/content/Dataset/MUC/MUC-YYVKIGHG.jpg,4,MUC,7108,4,0,7,0.99327445,0.7950479,1.0,0.6795632,3.0455165
/content/Dataset/DEB/DEB-VNYPWEYF.jpg,2,DEB,7109,2,0,3,1.0187148,0.7937248,1.0,0.6870914,3.173207
/content/Dataset/NORM/NORM-AENRIGQL.jpg,6,NORM,7110,6,0,8,0.97925454,0.7886553,1.0,0.6834424,2.98501
/content/Dataset/TUM/TUM-TCDASKEK.jpg,8,TUM,7111,8,0,6,0.83537775,0.89228606,1.0,0.5087215,2.3358326
/content/Dataset/NORM/NORM-WRCGGYVH.jpg,6,NORM,7112,6,0,8,0.9730666,0.77825767,1.0,0.6837785,3.00033
/content/Dataset/BACK/BACK-LMSQAREK.jpg,1,BACK,7113,1,0,3,1.0653187,0.8092494,1.0,0.7039152,3.3024855
/content/Dataset/NORM/NORM-RWFECERD.jpg,6,NORM,7114,6,0,8,0.9804977,0.82692635,1.0,0.6618833,2.880638
/content/Dataset/TUM/TUM-TYKNCCKG.jpg,8,TUM,7115,8,0,7,0.90887696,0.87404156,1.0,0.540697,2.67999
/content/Dataset/MUS/MUS-NNGLHEIQ.jpg,5,MUS,7116,5,0,7,0.9562485,0.7792084,1.0,0.6914059,2.8771973
/content/Dataset/DEB/DEB-VNTYCTLI.jpg,2,DEB,7117,8,1,8,1.0501937,0.8289967,1.0,0.67783785,3.203905
/content/Dataset/MUC/MUC-AMDCAKEV.jpg,4,MUC,7118,8,1,8,1.0483565,0.82558286,1.0,0.6712429,3.235062
/content/Dataset/MUC/MUC-YMAHINVF.jpg,4,MUC,7119,0,1,0,1.0307894,0.7990448,1.0,0.6777738,3.2495692
/content/Dataset/MUC/MUC-NHYKPKHW.jpg,4,MUC,7120,4,0,7,0.99525416,0.8017181,1.0,0.6774514,3.030611
/content/Dataset/TUM/TUM-TEDLTEWW.jpg,8,TUM,7121,8,0,6,0.984808,0.7873872,1.0,0.6911303,2.9973257
/content/Dataset/DEB/DEB-AGMNKMKY.jpg,2,DEB,7122,2,0,3,1.0177311,0.79153496,1.0,0.6875271,3.1775062
/content/Dataset/MUS/MUS-QRVCYCQQ.jpg,5,MUS,7123,7,1,7,0.9676562,0.8143541,1.0,0.6812473,2.8088136
/content/Dataset/TUM/TUM-WTYYPNGG.jpg,8,TUM,7124,6,1,6,0.99071735,0.8117862,1.0,0.68182516,2.9423914
/content/Dataset/TUM/TUM-WQNWGIYV.jpg,8,TUM,7125,8,0,6,0.9849766,0.79603934,1.0,0.6857069,2.9735913
/content/Dataset/STR/STR-TFHNPQST.jpg,7,STR,7126,7,0,5,0.9236363,0.7689329,1.0,0.6600005,2.8423827
/content/Dataset/DEB/DEB-SREGGLRG.jpg,2,DEB,7127,2,0,3,1.0186676,0.7931503,1.0,0.6874048,3.1748633
/content/Dataset/ADI/ADI-ERLTSYEG.jpg,0,ADI,7128,3,1,3,1.1032138,0.822484,1.0,0.7221005,3.3842626
/content/Dataset/NORM/NORM-VIYNGKRN.jpg,6,NORM,7129,4,1,4,1.0071149,0.8065344,0.94990647,0.682533,3.141864
/content/Dataset/BACK/BACK-NNASHDDF.jpg,1,BACK,7130,0,1,0,1.0761636,0.812474,1.0,0.7036863,3.3496552
/content/Dataset/MUS/MUS-SIMYPVRW.jpg,5,MUS,7131,5,0,7,0.95116514,0.7717801,1.0,0.69084144,2.8861623
/content/Dataset/ADI/ADI-CNMVNDAT.jpg,0,ADI,7132,3,1,3,1.1024625,0.82140803,1.0,0.7221202,3.3858092
/content/Dataset/STR/STR-PMYTEYSR.jpg,7,STR,7133,7,0,5,0.9257162,0.7831389,1.0,0.65350723,2.8083208
/content/Dataset/ADI/ADI-DCLSWYQW.jpg,0,ADI,7134,0,0,5,1.1007454,0.8321221,1.0,0.72241,3.3156848
/content/Dataset/STR/STR-NDHSGDWD.jpg,7,STR,7135,7,0,5,0.9212786,0.7651731,1.0,0.6597974,2.8474746
/content/Dataset/MUC/MUC-RFEGNILP.jpg,4,MUC,7136,6,1,6,1.0196764,0.8128607,1.0,0.6751978,3.1211913
/content/Dataset/DEB/DEB-WYVIKIDI.jpg,2,DEB,7137,2,0,3,1.0188856,0.79378897,1.0,0.6872329,3.173366
/content/Dataset/MUC/MUC-YEHGMLPV.jpg,4,MUC,7138,4,0,7,0.997499,0.8057745,1.0,0.6771767,3.0241556
/content/Dataset/MUC/MUC-SNYTPRLC.jpg,4,MUC,7139,4,0,7,0.9939443,0.79919016,1.0,0.6776599,3.0350444
/content/Dataset/DEB/DEB-QKAYRGGD.jpg,2,DEB,7140,8,1,8,1.0504495,0.8262101,1.0,0.67972225,3.213107
/content/Dataset/TUM/TUM-SMGILTMA.jpg,8,TUM,7141,8,0,6,0.98360866,0.78604347,1.0,0.6907863,2.998348
/content/Dataset/MUS/MUS-NPLVFGGF.jpg,5,MUS,7142,5,0,7,0.9572906,0.7802438,1.0,0.6917812,2.8768666
/content/Dataset/MUC/MUC-GWAHREKW.jpg,4,MUC,7143,4,0,3,1.0174947,0.7930549,1.0,0.67899346,3.1984224
/content/Dataset/DEB/DEB-NQYMANDH.jpg,2,DEB,7144,2,0,3,1.0159744,0.79019666,1.0,0.686714,3.1771777
/content/Dataset/BACK/BACK-GSWQFMYH.jpg,1,BACK,7145,1,0,3,1.0660799,0.80992717,1.0,0.704182,3.3022635
/content/Dataset/STR/STR-RRTGWVTR.jpg,7,STR,7146,7,0,5,0.92048776,0.7687572,1.0,0.65663666,2.8360472
/content/Dataset/MUC/MUC-QCDAMDNY.jpg,4,MUC,7147,4,0,7,0.98899925,0.83639157,1.0,0.65159535,2.9162724
/content/Dataset/ADI/ADI-NTVSYMIA.jpg,0,ADI,7148,0,0,5,1.0930814,0.8312547,0.97850573,0.72215724,3.3161612
/content/Dataset/MUC/MUC-CFSYCGGV.jpg,4,MUC,7149,6,1,6,1.0205607,0.8151618,1.0,0.674693,3.1163085
/content/Dataset/NORM/NORM-WQISNILD.jpg,6,NORM,7150,4,1,4,1.0085084,0.8073222,0.94874775,0.68376714,3.143585
/content/Dataset/MUC/MUC-AENGSQHC.jpg,4,MUC,7151,3,1,3,1.017672,0.79263175,1.0,0.6794248,3.200188
/content/Dataset/STR/STR-MTPWCNLS.jpg,7,STR,7152,7,0,5,0.7264344,0.89015436,1.0,0.43124142,2.022996
/content/Dataset/BACK/BACK-HPAGLAES.jpg,1,BACK,7153,2,1,2,1.0808619,0.83483416,1.0,0.69560075,3.285162
/content/Dataset/NORM/NORM-YVETTGYW.jpg,6,NORM,7154,6,0,8,0.9849967,0.80694157,1.0,0.6778517,2.9467983
/content/Dataset/ADI/ADI-ICSQAMCS.jpg,0,ADI,7155,3,1,3,1.1023251,0.82131124,1.0,0.72205347,3.3857958
/content/Dataset/STR/STR-SWMIVGLH.jpg,7,STR,7156,7,0,5,0.9197553,0.7798534,1.0,0.64880806,2.8049264
/content/Dataset/MUC/MUC-NLQFNVRL.jpg,4,MUC,7157,4,0,7,0.9929473,0.79536164,1.0,0.67901963,3.0439126
/content/Dataset/DEB/DEB-RKLRCNQF.jpg,2,DEB,7158,2,0,3,1.0174425,0.79172206,1.0,0.68711185,3.176289
/content/Dataset/DEB/DEB-TYCIWDKG.jpg,2,DEB,7159,2,0,3,1.0174626,0.7929022,1.0,0.68634266,3.1728737
/content/Dataset/NORM/NORM-PVLAWQTW.jpg,6,NORM,7160,6,0,8,0.97297275,0.7775595,1.0,0.68416625,3.002004
/content/Dataset/MUC/MUC-YWGVMPQD.jpg,4,MUC,7161,4,0,3,1.0175611,0.7925481,1.0,0.67936593,3.2001913
/content/Dataset/LYM/LYM-NHWMLRHF.jpg,3,LYM,7162,3,0,2,1.0485642,0.80730486,1.0,0.71064144,3.1914017
/content/Dataset/STR/STR-YFSCHDHS.jpg,7,STR,7163,7,0,5,0.9259498,0.78563637,1.0,0.652197,2.8022723
/content/Dataset/ADI/ADI-ACVNCCFY.jpg,0,ADI,7164,3,1,3,1.1023223,0.82151926,1.0,0.72189873,3.3851943
/content/Dataset/MUC/MUC-WMITMLTV.jpg,4,MUC,7165,4,0,7,0.9913095,0.7947064,0.99391496,0.67960656,3.0460622
/content/Dataset/DEB/DEB-QMAQDPHR.jpg,2,DEB,7166,2,0,3,1.0158212,0.79106396,1.0,0.6859032,3.1745415
/content/Dataset/NORM/NORM-RGIAGKTI.jpg,6,NORM,7167,6,0,8,0.9754598,0.7809899,1.0,0.68451786,2.9979053
/content/Dataset/STR/STR-SWFYPLVI.jpg,7,STR,7168,7,0,5,0.37944406,0.8569716,1.0,0.14698732,1.0983242
/content/Dataset/BACK/BACK-NQIMCCMW.jpg,1,BACK,7169,0,1,0,1.0768658,0.8413105,1.0,0.68627197,3.2620974
/content/Dataset/LYM/LYM-YYVVDHWN.jpg,3,LYM,7170,4,1,4,1.0584738,0.81530786,0.9976833,0.71096563,3.2088675
/content/Dataset/STR/STR-VFFKYVRM.jpg,7,STR,7171,7,0,5,0.9221157,0.76699674,1.0,0.65953714,2.8443992
/content/Dataset/MUS/MUS-RGNDPCQN.jpg,5,MUS,7172,7,1,7,0.9638559,0.7935856,1.0,0.6900608,2.8556519
/content/Dataset/LYM/LYM-SWLWKHGQ.jpg,3,LYM,7173,4,1,4,1.05484,0.81523955,0.9858193,0.71102405,3.2090948
/content/Dataset/MUC/MUC-NWRHNNPW.jpg,4,MUC,7174,4,0,3,1.0160685,0.7915735,1.0,0.6785494,3.1994936
/content/Dataset/NORM/NORM-QVPGDWHN.jpg,6,NORM,7175,6,0,4,0.99772936,0.80617815,0.91496706,0.68378675,3.1456115
/content/Dataset/MUS/MUS-SYWMGETN.jpg,5,MUS,7176,5,0,7,0.9569221,0.7787813,1.0,0.6923615,2.8799481
/content/Dataset/LYM/LYM-RYMQEEMH.jpg,3,LYM,7177,3,0,2,1.0472322,0.8046783,1.0,0.7110637,3.1961358
/content/Dataset/TUM/TUM-WVWSMKNW.jpg,8,TUM,7178,8,0,6,0.97657585,0.7919106,1.0,0.6798441,2.9658253
/content/Dataset/STR/STR-VWIFCNCG.jpg,7,STR,7179,7,0,5,0.9252268,0.7726215,1.0,0.6594272,2.8357992
/content/Dataset/STR/STR-YMDMNCPW.jpg,7,STR,7180,7,0,5,0.9229057,0.76798046,1.0,0.6598538,2.843219
/content/Dataset/DEB/DEB-QKSKDWCH.jpg,2,DEB,7181,2,0,3,1.0182781,0.7922844,1.0,0.68758273,3.1765416
/content/Dataset/DEB/DEB-YVNFDHRS.jpg,2,DEB,7182,2,0,3,1.0159403,0.79009044,1.0,0.68667537,3.1776786
/content/Dataset/STR/STR-NMQGRVVA.jpg,7,STR,7183,7,0,5,0.92041653,0.7654529,1.0,0.6587993,2.8444219
/content/Dataset/BACK/BACK-MGPPTWNE.jpg,1,BACK,7184,0,1,0,1.078408,0.8175021,1.0,0.7025115,3.3394077
/content/Dataset/ADI/ADI-CPTMNDGP.jpg,0,ADI,7185,0,0,4,1.0852484,0.8239932,1.0,0.7220291,3.2721474
/content/Dataset/TUM/TUM-RFEDCNCN.jpg,8,TUM,7186,8,0,6,0.9854713,0.78887486,1.0,0.6908312,2.994689
/content/Dataset/DEB/DEB-PSYIHCQY.jpg,2,DEB,7187,4,1,4,1.0552547,0.8439539,1.0,0.6622672,3.2120378
/content/Dataset/NORM/NORM-NDAMYVLC.jpg,6,NORM,7188,4,1,4,1.013758,0.8075962,0.9662798,0.6836158,3.142708
/content/Dataset/DEB/DEB-SSIILSPD.jpg,2,DEB,7189,2,0,3,1.0165634,0.79050565,1.0,0.68707055,3.1777337
/content/Dataset/LYM/LYM-PQIMLGEE.jpg,3,LYM,7190,4,1,4,1.0591809,0.81568706,1.0,0.7107579,3.207577
/content/Dataset/MUC/MUC-WPCQIPDI.jpg,4,MUC,7191,4,0,7,0.9911028,0.79388523,0.9962229,0.6791773,3.0465887
/content/Dataset/STR/STR-NNDWFCHL.jpg,7,STR,7192,4,1,4,0.9536611,0.8042853,0.9861803,0.6327417,2.9539258
/content/Dataset/NORM/NORM-MPISIQFE.jpg,6,NORM,7193,4,1,4,1.0033357,0.8074766,0.9302838,0.6839528,3.1441853
/content/Dataset/NORM/NORM-NMSTVICI.jpg,6,NORM,7194,6,0,8,0.9715973,0.77623355,1.0,0.68362594,3.0025613
/content/Dataset/MUS/MUS-CDGPMLSL.jpg,5,MUS,7195,5,0,7,0.9599839,0.7852923,1.0,0.6913339,2.8692653
/content/Dataset/DEB/DEB-SCDEGMHT.jpg,2,DEB,7196,5,1,5,1.0536846,0.82997525,1.0,0.68340224,3.1988764
/content/Dataset/LYM/LYM-TEAHEQNT.jpg,3,LYM,7197,3,0,4,1.0527196,0.8143468,0.9824556,0.7105339,3.209317
/content/Dataset/STR/STR-QSTEVWVI.jpg,7,STR,7198,7,0,8,0.83978057,0.8814517,1.0,0.47375396,2.4933598
/content/Dataset/DEB/DEB-YHIVLIRC.jpg,2,DEB,7199,2,0,3,1.0187683,0.7931339,1.0,0.6875218,3.175126
/content/Dataset/ADI/ADI-GISQFAIS.jpg,0,ADI,7200,0,0,3,1.1019689,0.821331,1.0,0.7216892,3.3849611
/content/Dataset/NORM/NORM-QLALFSIP.jpg,6,NORM,7201,6,0,8,0.9748578,0.7799162,1.0,0.6846033,2.9995458
/content/Dataset/BACK/BACK-HAKIFRKQ.jpg,1,BACK,7202,0,1,0,1.075312,0.8106675,1.0,0.70405895,3.3532858
/content/Dataset/DEB/DEB-SLLTGEVS.jpg,2,DEB,7203,2,0,3,1.019065,0.793247,1.0,0.68774086,3.1754906
/content/Dataset/MUS/MUS-TAWNKGSW.jpg,5,MUS,7204,5,0,7,0.9523931,0.7729048,1.0,0.6914207,2.8857954
/content/Dataset/STR/STR-PYHMYILV.jpg,7,STR,7205,7,0,5,0.70784974,0.79487044,1.0,0.42311424,2.240287
/content/Dataset/NORM/NORM-TICGNAPQ.jpg,6,NORM,7206,4,1,4,1.0051364,0.80767524,0.9363221,0.68383306,3.1435223
/content/Dataset/STR/STR-RDGKRIMW.jpg,7,STR,7207,7,0,5,0.92239493,0.7971797,1.0,0.6416559,2.7634714
/content/Dataset/ADI/ADI-CAEQKGDG.jpg,0,ADI,7208,0,0,3,1.1020508,0.8208076,1.0,0.7221258,3.3867393
/content/Dataset/MUC/MUC-NHTKMSWR.jpg,4,MUC,7209,3,1,3,1.0180392,0.7933688,1.0,0.67931134,3.198826
/content/Dataset/STR/STR-PVASMGKG.jpg,7,STR,7210,7,0,5,0.9237033,0.76925933,1.0,0.65990734,2.8415174
/content/Dataset/MUS/MUS-PEIIIWIG.jpg,5,MUS,7211,5,0,7,0.9566554,0.7808797,1.0,0.6907017,2.8737361
/content/Dataset/DEB/DEB-VHDKECHV.jpg,2,DEB,7212,3,1,3,1.0203549,0.7953649,1.0,0.68768156,3.172043
/content/Dataset/NORM/NORM-SNGKRACG.jpg,6,NORM,7213,6,0,4,1.0010213,0.8078973,0.922087,0.68378264,3.1433735
/content/Dataset/DEB/DEB-TCPTSIWW.jpg,2,DEB,7214,2,0,3,1.0185868,0.79245055,1.0,0.68781924,3.176633
/content/Dataset/MUC/MUC-PNTVDGKQ.jpg,4,MUC,7215,6,1,6,1.0178148,0.8042346,1.0,0.6787213,3.1424444
/content/Dataset/STR/STR-NGPIWCSA.jpg,7,STR,7216,7,0,5,0.9206932,0.76596975,1.0,0.65861964,2.844104
/content/Dataset/NORM/NORM-PCTALKAF.jpg,6,NORM,7217,4,1,4,1.0132092,0.8105229,0.9585848,0.6833604,3.1385326
/content/Dataset/DEB/DEB-WTTPMVLA.jpg,2,DEB,7218,4,1,4,1.0644984,0.83827496,1.0,0.6741858,3.2511818
/content/Dataset/TUM/TUM-RTKLKFNW.jpg,8,TUM,7219,6,1,6,0.98646694,0.79297584,1.0,0.68924516,2.9853055
/content/Dataset/TUM/TUM-RVGIQMIW.jpg,8,TUM,7220,8,0,6,0.98446524,0.7872285,1.0,0.69088644,2.9969807
/content/Dataset/NORM/NORM-LELFCTIW.jpg,6,NORM,7221,6,0,8,0.97251254,0.77725446,1.0,0.6839149,3.0017302
/content/Dataset/ADI/ADI-DSRRQDDM.jpg,0,ADI,7222,0,0,4,1.0863008,0.8258312,1.0,0.7218181,3.2690785
/content/Dataset/LYM/LYM-PWCKWCEV.jpg,3,LYM,7223,3,0,4,1.0494468,0.8142387,0.97018015,0.7111057,3.2107522
/content/Dataset/NORM/NORM-MLWCIRKM.jpg,6,NORM,7224,6,0,8,0.97266376,0.7770973,1.0,0.68414366,3.0026248
/content/Dataset/LYM/LYM-SNWHRHKD.jpg,3,LYM,7225,3,0,2,1.0482919,0.8063941,1.0,0.7109613,3.1935172
/content/Dataset/ADI/ADI-IPMESVFA.jpg,0,ADI,7226,0,0,3,1.1018863,0.8206689,1.0,0.7220716,3.3867543
/content/Dataset/LYM/LYM-YSKKHYNS.jpg,3,LYM,7227,3,0,2,1.0476456,0.8063373,1.0,0.7103708,3.1921854
/content/Dataset/ADI/ADI-HRGITETK.jpg,0,ADI,7228,5,1,5,1.102789,0.85372317,1.0,0.71086943,3.2546587
/content/Dataset/MUS/MUS-RDSTKDCE.jpg,5,MUS,7229,7,1,7,0.9627522,0.82247436,1.0,0.6717785,2.7760391
/content/Dataset/BACK/BACK-MHPNVDRW.jpg,1,BACK,7230,1,0,3,1.0668329,0.8103657,1.0,0.70463437,3.3026211
/content/Dataset/MUS/MUS-PIWGSCPH.jpg,5,MUS,7231,5,0,7,0.95471907,0.7755629,1.0,0.69213086,2.8837898
/content/Dataset/LYM/LYM-PQTTPIRV.jpg,3,LYM,7232,5,1,5,1.0672449,0.823687,0.96876,0.7107803,3.2667599
/content/Dataset/ADI/ADI-DNSSQFVN.jpg,0,ADI,7233,3,1,3,1.1024653,0.82149893,1.0,0.72203183,3.385648
/content/Dataset/MUC/MUC-DCCMNGKT.jpg,4,MUC,7234,6,1,6,1.0193745,0.81091225,1.0,0.67610514,3.1262372
/content/Dataset/MUC/MUC-PCRRDYWW.jpg,4,MUC,7235,6,1,6,1.0189304,0.819443,1.0,0.6704562,3.100135
/content/Dataset/STR/STR-RFFKWYNI.jpg,7,STR,7236,7,0,5,0.9225934,0.7677548,1.0,0.6596408,2.843192
/content/Dataset/STR/STR-YKRNWMEE.jpg,7,STR,7237,7,0,5,0.926415,0.77789044,1.0,0.6574453,2.8241022
/content/Dataset/MUS/MUS-AQHDYGVC.jpg,5,MUS,7238,5,0,7,0.95053416,0.77150667,1.0,0.6903361,2.8855445
/content/Dataset/LYM/LYM-SVSSKGDG.jpg,3,LYM,7239,3,0,4,1.0534166,0.8144032,0.98437613,0.7106288,3.209296
/content/Dataset/DEB/DEB-WFHWWGVS.jpg,2,DEB,7240,5,1,5,1.0280308,0.82122433,0.9198947,0.68745834,3.2224553
/content/Dataset/BACK/BACK-INRCLTWY.jpg,1,BACK,7241,1,0,4,0.36146724,0.81243074,1.0,0.08702926,1.1682693
/content/Dataset/NORM/NORM-PGQAHDNI.jpg,6,NORM,7242,6,0,8,0.9758555,0.7819316,1.0,0.6843084,2.996162
/content/Dataset/MUS/MUS-SRMVPPRF.jpg,5,MUS,7243,5,0,7,0.9569894,0.77901924,1.0,0.6922853,2.8794298
/content/Dataset/MUS/MUS-PHCPTCFN.jpg,5,MUS,7244,5,0,7,0.95398235,0.7749219,1.0,0.69176376,2.8839118
/content/Dataset/BACK/BACK-ISKKKAIA.jpg,1,BACK,7245,1,0,3,1.0662923,0.8099829,1.0,0.70436245,3.3025427
/content/Dataset/LYM/LYM-YQCCYFIP.jpg,3,LYM,7246,4,1,4,1.0561397,0.8149105,0.99161255,0.71077794,3.208948
/content/Dataset/DEB/DEB-QWSVICPF.jpg,2,DEB,7247,8,1,8,1.0493927,0.8301421,1.0,0.67635304,3.1987035
/content/Dataset/ADI/ADI-DITMFMPW.jpg,0,ADI,7248,3,1,3,1.1021956,0.82105875,1.0,0.72210157,3.3862715
/content/Dataset/LYM/LYM-VCFHEIHS.jpg,3,LYM,7249,3,0,4,1.0532318,0.81435937,0.98353547,0.71071386,3.2096505
/content/Dataset/ADI/ADI-AAKMYPEI.jpg,0,ADI,7250,0,0,4,1.0848799,0.8227922,1.0,0.72247696,3.2748697
/content/Dataset/TUM/TUM-RNPGECVH.jpg,8,TUM,7251,8,0,6,0.98425794,0.78644884,1.0,0.69120425,2.9986289
/content/Dataset/BACK/BACK-NLYYVIPS.jpg,1,BACK,7252,0,1,0,1.0753272,0.81067216,1.0,0.7040863,3.3532467
/content/Dataset/LYM/LYM-ALVHTLYC.jpg,3,LYM,7253,3,0,4,1.0529763,0.8149097,0.98221564,0.71048653,3.2084012
/content/Dataset/MUS/MUS-PPFMFNHG.jpg,5,MUS,7254,7,1,7,0.9632186,0.7899426,1.0,0.6917195,2.8639705
/content/Dataset/STR/STR-SKNWKFVH.jpg,7,STR,7255,7,0,5,0.92654204,0.7788026,1.0,0.65696603,2.822081
/content/Dataset/DEB/DEB-SKVMREAY.jpg,2,DEB,7256,3,1,3,1.0193936,0.79391646,1.0,0.6876458,3.1742058
/content/Dataset/BACK/BACK-LFRILNQH.jpg,1,BACK,7257,1,0,8,1.0632106,0.8169935,1.0,0.7008431,3.2593389
/content/Dataset/STR/STR-AAKQMDRI.jpg,7,STR,7258,7,0,5,0.58424294,0.87239194,1.0,0.30867106,1.6841867
/content/Dataset/LYM/LYM-TCYWAYEP.jpg,3,LYM,7259,4,1,4,1.0586902,0.81528157,1.0,0.7105082,3.207792
/content/Dataset/MUC/MUC-VHQYCFDP.jpg,4,MUC,7260,4,0,3,1.0162641,0.7915513,1.0,0.67876065,3.2000148
/content/Dataset/MUC/MUC-WFHHMQIT.jpg,4,MUC,7261,3,1,3,1.0185491,0.7944838,1.0,0.6791579,3.1964352
/content/Dataset/ADI/ADI-GFDDTFRF.jpg,0,ADI,7262,0,0,5,1.1000696,0.8321105,1.0,0.7218096,3.3140721
/content/Dataset/BACK/BACK-KYNLRLSL.jpg,1,BACK,7263,1,0,3,1.0664524,0.8099289,1.0,0.7045566,3.303067
/content/Dataset/BACK/BACK-HVQGCNCM.jpg,1,BACK,7264,0,1,0,1.0781604,0.81864595,1.0,0.70154315,3.3352458
/content/Dataset/DEB/DEB-VDIRMACT.jpg,2,DEB,7265,3,1,3,1.0194978,0.7953157,1.0,0.68683285,3.1702929
/content/Dataset/BACK/BACK-EIGCWESG.jpg,1,BACK,7266,1,0,5,1.0638762,0.82452774,0.9653367,0.70377654,3.2742176
/content/Dataset/MUC/MUC-VAFAMKPC.jpg,4,MUC,7267,4,0,6,0.9820161,0.860371,1.0,0.614812,2.8904624
/content/Dataset/TUM/TUM-YMFKPYNS.jpg,8,TUM,7268,8,0,6,0.9832735,0.78594685,1.0,0.69053936,2.9977474
/content/Dataset/STR/STR-RERRYPEP.jpg,7,STR,7269,7,0,5,0.9202671,0.76362747,1.0,0.6596816,2.8494418
/content/Dataset/BACK/BACK-LPYDFCWF.jpg,1,BACK,7270,0,1,0,1.0778826,0.815779,1.0,0.7031553,3.3434434
/content/Dataset/STR/STR-NFECHKCA.jpg,7,STR,7271,7,0,5,0.92483795,0.77221274,1.0,0.6592714,2.8360217
/content/Dataset/MUS/MUS-SIPHGGVI.jpg,5,MUS,7272,0,1,0,1.0336316,0.86166096,1.0,0.63533294,3.0978627
/content/Dataset/TUM/TUM-WAKWDGSD.jpg,8,TUM,7273,6,1,6,0.9858625,0.7894716,1.0,0.6908598,2.9938502
/content/Dataset/MUC/MUC-NYMESFTG.jpg,4,MUC,7274,4,0,6,0.38292596,0.8653793,1.0,0.1232668,1.1348102
/content/Dataset/ADI/ADI-FKPSRMNP.jpg,0,ADI,7275,0,0,5,1.0968204,0.83201855,0.98883235,0.7220956,3.315045
/content/Dataset/ADI/ADI-GIEIEKVF.jpg,0,ADI,7276,0,0,5,1.1009098,0.8329052,1.0,0.7220844,3.3135831
/content/Dataset/NORM/NORM-VYTKVKKG.jpg,6,NORM,7277,6,0,8,0.9721157,0.83516103,1.0,0.649417,2.8382738
/content/Dataset/BACK/BACK-GYQVQIWI.jpg,1,BACK,7278,1,0,3,1.0664878,0.8109278,1.0,0.70393574,3.3000805
/content/Dataset/DEB/DEB-QAIQILDV.jpg,2,DEB,7279,2,0,7,1.0048717,0.8200765,1.0,0.6609999,3.0499516
/content/Dataset/DEB/DEB-RPAHEFIM.jpg,2,DEB,7280,3,1,3,1.0195975,0.79549617,1.0,0.68682146,3.1699643
/content/Dataset/LYM/LYM-FPYYWKRR.jpg,3,LYM,7281,3,0,2,1.047326,0.80486435,1.0,0.7110347,3.1957924
/content/Dataset/BACK/BACK-ACKPCYKS.jpg,1,BACK,7282,0,1,0,1.076403,0.8124851,1.0,0.7039011,3.3502095
/content/Dataset/DEB/DEB-WGTYAARD.jpg,2,DEB,7283,2,0,3,1.0174805,0.7913823,1.0,0.68736345,3.177426
/content/Dataset/STR/STR-SQRHSVYS.jpg,7,STR,7284,2,1,2,0.9951801,0.80240977,1.0,0.6552839,3.1025956
/content/Dataset/ADI/ADI-GTCSFASY.jpg,0,ADI,7285,0,0,1,1.0989691,0.8224479,1.0,0.7204528,3.3657532
/content/Dataset/LYM/LYM-SCMWEHWM.jpg,3,LYM,7286,3,0,2,1.0485542,0.8078629,1.0,0.7102767,3.1896875
/content/Dataset/DEB/DEB-WKTLTPFE.jpg,2,DEB,7287,2,0,3,1.0185674,0.7927914,1.0,0.68754447,3.1756842
/content/Dataset/ADI/ADI-HCPRDYKF.jpg,0,ADI,7288,0,0,4,1.0833797,0.82243264,0.99707454,0.7221628,3.2745833
/content/Dataset/DEB/DEB-RYEWTDIG.jpg,2,DEB,7289,2,0,3,1.0175993,0.7910947,1.0,0.6876978,3.1784673
/content/Dataset/TUM/TUM-VCFEHHCV.jpg,8,TUM,7290,8,0,6,0.98306,0.78477025,1.0,0.6910598,3.0006676
/content/Dataset/ADI/ADI-DGFCYPEI.jpg,0,ADI,7291,0,0,5,1.0931554,0.83025706,0.98089767,0.7221451,3.317726
/content/Dataset/BACK/BACK-MDNFEFEE.jpg,1,BACK,7292,1,0,4,1.060831,0.81892157,0.98690295,0.70357704,3.2487109
/content/Dataset/MUC/MUC-SCFNCTGN.jpg,4,MUC,7293,4,0,7,0.9941984,0.7993695,1.0,0.67779905,3.0351257
/content/Dataset/BACK/BACK-GIMKCKTL.jpg,1,BACK,7294,1,0,3,1.0664057,0.8101849,1.0,0.7043494,3.3021495
/content/Dataset/TUM/TUM-WTFLQKMQ.jpg,8,TUM,7295,8,0,6,0.98370403,0.7861483,1.0,0.69082415,2.9982429
/content/Dataset/BACK/BACK-AGRPKRIP.jpg,1,BACK,7296,1,0,3,1.0662284,0.809575,1.0,0.7045646,3.303662
/content/Dataset/BACK/BACK-MMWISCSH.jpg,1,BACK,7297,0,1,0,1.0755743,0.81125724,1.0,0.70391923,3.3520732
/content/Dataset/STR/STR-SPVDSNIE.jpg,7,STR,7298,7,0,5,0.9268896,0.789029,1.0,0.65114665,2.795291
/content/Dataset/DEB/DEB-VNQNWSEV.jpg,2,DEB,7299,2,0,3,1.0187905,0.7943357,1.0,0.6867157,3.1717472
/content/Dataset/LYM/LYM-YNPDFTSG.jpg,3,LYM,7300,3,0,2,1.0486908,0.80739474,1.0,0.7106654,3.1915693
/content/Dataset/NORM/NORM-PKLVWCEK.jpg,6,NORM,7301,6,0,8,0.973396,0.7783265,1.0,0.684096,3.0008185
/content/Dataset/TUM/TUM-VAMEMETD.jpg,8,TUM,7302,8,0,6,0.98453707,0.7873927,1.0,0.69085824,2.996666
/content/Dataset/ADI/ADI-AWKMGVCY.jpg,0,ADI,7303,0,0,4,1.0892956,0.83897656,1.0,0.7162102,3.236688
/content/Dataset/MUC/MUC-EKHSQEDE.jpg,4,MUC,7304,4,0,7,0.9958392,0.8021129,1.0,0.6777661,3.0309048
/content/Dataset/LYM/LYM-GKDHCYGQ.jpg,3,LYM,7305,3,0,2,1.048645,0.8069429,1.0,0.71094024,3.192722
/content/Dataset/MUC/MUC-YAFHAPHH.jpg,4,MUC,7306,4,0,3,1.0164056,0.79125404,1.0,0.6790761,3.2013147
/content/Dataset/ADI/ADI-ECKIQHLS.jpg,0,ADI,7307,3,1,3,1.1023935,0.8211753,1.0,0.72221327,3.3863602
/content/Dataset/NORM/NORM-VQKTVPQS.jpg,6,NORM,7308,4,1,4,1.0151893,0.8098937,0.966044,0.6835538,3.1396801
/content/Dataset/ADI/ADI-FMNRHYNA.jpg,0,ADI,7309,0,0,5,1.1005733,0.83182526,1.0,0.72245127,3.316155
/content/Dataset/NORM/NORM-QQEHRFWS.jpg,6,NORM,7310,4,1,4,1.0024598,0.8067152,0.9299432,0.68371326,3.144493
/content/Dataset/LYM/LYM-VQWYVSCF.jpg,3,LYM,7311,3,0,2,1.048901,0.80760133,1.0,0.71073663,3.1914356
/content/Dataset/NORM/NORM-NYCSICFV.jpg,6,NORM,7312,4,1,4,1.0070945,0.80797535,0.94216937,0.6838601,3.143072
/content/Dataset/TUM/TUM-WFMCWSNA.jpg,8,TUM,7313,4,1,4,1.0568936,0.83072984,0.98581934,0.6823085,3.2420943
/content/Dataset/TUM/TUM-SMTAFQRC.jpg,8,TUM,7314,8,0,6,0.98360294,0.78574526,1.0,0.69098264,2.9991496
/content/Dataset/LYM/LYM-YPALNVQF.jpg,3,LYM,7315,3,0,2,1.0487734,0.80783397,1.0,0.71046305,3.190441
/content/Dataset/MUC/MUC-TTVFLEDD.jpg,4,MUC,7316,4,0,6,1.0128638,0.83281946,1.0,0.6569031,3.0465777
/content/Dataset/BACK/BACK-IGEGNWRI.jpg,1,BACK,7317,1,0,3,1.0663712,0.8102908,1.0,0.7042343,3.3017888
/content/Dataset/MUS/MUS-NWWRTDDR.jpg,5,MUS,7318,7,1,7,0.9612056,0.78589195,1.0,0.6922312,2.870342
/content/Dataset/TUM/TUM-QKHPGCDG.jpg,8,TUM,7319,8,0,6,0.9848715,0.7879952,1.0,0.69082475,2.99568
/content/Dataset/MUS/MUS-QRGYNYTL.jpg,5,MUS,7320,5,0,7,0.960844,0.78770214,1.0,0.6906494,2.8648112
/content/Dataset/MUC/MUC-WPKCIDPF.jpg,4,MUC,7321,4,0,3,1.0164375,0.7914223,1.0,0.67899066,3.200909
/content/Dataset/MUC/MUC-QWCVKYWR.jpg,4,MUC,7322,4,0,3,1.0162235,0.79048824,1.0,0.6793494,3.2033622
/content/Dataset/MUC/MUC-ANVEWNVC.jpg,4,MUC,7323,6,1,6,1.019052,0.8261905,1.0,0.6666906,3.0802002
/content/Dataset/LYM/LYM-STNCWAPS.jpg,3,LYM,7324,3,0,2,1.0499482,0.8091937,1.0,0.7107201,3.1891112
/content/Dataset/TUM/TUM-RNEKWDFC.jpg,8,TUM,7325,6,1,6,0.98949134,0.79786,1.0,0.6891814,2.9785492
/content/Dataset/NORM/NORM-PTHIIGQR.jpg,6,NORM,7326,3,1,3,1.0334048,0.81055975,0.9463187,0.6821874,3.2839634
/content/Dataset/TUM/TUM-RMWEDFDT.jpg,8,TUM,7327,8,0,6,0.82426405,0.8922916,1.0,0.49917376,2.3077223
/content/Dataset/NORM/NORM-QNSLPDLS.jpg,6,NORM,7328,6,0,4,0.6809186,0.8996756,1.0,0.352307,1.9712604
/content/Dataset/MUC/MUC-TRSSKTLT.jpg,4,MUC,7329,4,0,3,1.0165612,0.7914767,1.0,0.6790815,3.2010248
/content/Dataset/NORM/NORM-TAKPYQAS.jpg,6,NORM,7330,4,1,4,1.0214456,0.80946696,0.9897985,0.68304515,3.1387947
/content/Dataset/NORM/NORM-AHWCAQYP.jpg,6,NORM,7331,6,0,8,0.97297966,0.77745533,1.0,0.68423176,3.0023472
/content/Dataset/STR/STR-WTRKNNWE.jpg,7,STR,7332,2,1,2,0.9735093,0.7965597,0.93695074,0.6555182,3.1129384
/content/Dataset/TUM/TUM-YHSCTPGV.jpg,8,TUM,7333,8,0,6,0.9838137,0.7858886,1.0,0.6911154,2.9991918
/content/Dataset/LYM/LYM-PMRPFVMR.jpg,3,LYM,7334,4,1,4,1.059424,0.81579053,1.0,0.71088016,3.2079887
/content/Dataset/BACK/BACK-HTIANPRF.jpg,1,BACK,7335,1,0,3,1.0657686,0.80948484,1.0,0.7042038,3.3027785
/content/Dataset/ADI/ADI-HNHEGTWD.jpg,0,ADI,7336,0,0,4,1.0846121,0.82241774,1.0,0.7224632,3.2753987
/content/Dataset/TUM/TUM-YRANCITT.jpg,8,TUM,7337,6,1,6,0.98872894,0.7953074,1.0,0.6900277,2.9839797
/content/Dataset/BACK/BACK-NPGQRRIR.jpg,1,BACK,7338,1,0,3,1.0656654,0.80941355,1.0,0.7041249,3.3028524
/content/Dataset/BACK/BACK-HWADAEHP.jpg,1,BACK,7339,1,0,3,1.065605,0.8089688,1.0,0.7043666,3.3040519
/content/Dataset/ADI/ADI-HNDSVHLV.jpg,0,ADI,7340,0,0,4,1.0849755,0.8235566,1.0,0.72205055,3.272851
/content/Dataset/NORM/NORM-PLKEYDND.jpg,6,NORM,7341,6,0,8,0.9726973,0.776892,1.0,0.6843328,3.003219
/content/Dataset/MUC/MUC-MDKQDFGT.jpg,4,MUC,7342,4,0,7,0.99296635,0.7952462,1.0,0.6791202,3.0442612
/content/Dataset/MUS/MUS-RFCMKTEQ.jpg,5,MUS,7343,7,1,7,0.96217936,0.7898842,1.0,0.690661,2.8618734
/content/Dataset/BACK/BACK-AELWWTHP.jpg,1,BACK,7344,1,0,8,1.0604227,0.81462973,0.9855786,0.70404434,3.2701468
/content/Dataset/BACK/BACK-LDLVRRDE.jpg,1,BACK,7345,1,0,3,1.0662059,0.80972826,1.0,0.70445395,3.303095
/content/Dataset/DEB/DEB-STGCLRII.jpg,2,DEB,7346,3,1,3,1.0200388,0.79608417,1.0,0.6868657,3.1692839
/content/Dataset/MUS/MUS-SYYKCDHY.jpg,5,MUS,7347,7,1,7,0.9625714,0.7902046,1.0,0.6908655,2.86188
/content/Dataset/STR/STR-VLMIGNCM.jpg,7,STR,7348,2,1,2,0.97479653,0.8030378,0.9266569,0.65580696,3.103667
/content/Dataset/MUC/MUC-LEPDPIEK.jpg,4,MUC,7349,4,0,6,0.9975664,0.8509754,1.0,0.6332535,2.956195
/content/Dataset/LYM/LYM-HDNVIICC.jpg,3,LYM,7350,4,1,4,1.0585518,0.81487083,0.9989019,0.71096694,3.2094707
/content/Dataset/STR/STR-RWWWSFEI.jpg,7,STR,7351,7,0,5,0.9267673,0.77464277,1.0,0.65980184,2.833799
/content/Dataset/MUS/MUS-SAHYYCIV.jpg,5,MUS,7352,5,0,7,0.95900506,0.782808,1.0,0.6919302,2.8737235
/content/Dataset/DEB/DEB-YQVAIFPT.jpg,2,DEB,7353,2,0,3,1.0173634,0.79193246,1.0,0.68687284,3.1755557
/content/Dataset/STR/STR-YRAEYAPK.jpg,7,STR,7354,2,1,2,0.9676403,0.79756457,0.90615827,0.6582362,3.1169994
/content/Dataset/MUC/MUC-YYAKSFTQ.jpg,4,MUC,7355,3,1,3,1.0176775,0.7926174,1.0,0.67944545,3.2002237
/content/Dataset/TUM/TUM-WHWMDCYD.jpg,8,TUM,7356,6,1,6,0.9890059,0.80294555,1.0,0.68548125,2.9633067
/content/Dataset/ADI/ADI-GRWEWCRC.jpg,0,ADI,7357,0,0,5,1.0997742,0.83128417,0.9985363,0.7224839,3.317027
/content/Dataset/BACK/BACK-KACWAAWL.jpg,1,BACK,7358,0,1,0,1.0774388,0.81477916,1.0,0.7033783,3.345535
/content/Dataset/TUM/TUM-WQMSRSSP.jpg,8,TUM,7359,6,1,6,0.9868241,0.7913288,1.0,0.6906642,2.9907439
/content/Dataset/MUC/MUC-AWADQVEE.jpg,4,MUC,7360,4,0,3,1.0166965,0.7914625,1.0,0.6791835,3.2015371
/content/Dataset/BACK/BACK-KHQTWDYI.jpg,1,BACK,7361,1,0,3,1.0666746,0.81050104,1.0,0.7044006,3.301809
/content/Dataset/TUM/TUM-RQANNYDL.jpg,8,TUM,7362,6,1,6,0.986154,0.7904649,1.0,0.6905217,2.9917023
/content/Dataset/TUM/TUM-RANDPTHN.jpg,8,TUM,7363,8,0,6,0.98571026,0.7897146,1.0,0.6905539,2.9928
/content/Dataset/DEB/DEB-QKPSFYFA.jpg,2,DEB,7364,2,0,3,1.0142128,0.79542106,1.0,0.6813299,3.158275
/content/Dataset/MUC/MUC-NLQIHEAE.jpg,4,MUC,7365,4,0,3,1.0174286,0.79272515,1.0,0.6791355,3.1992848
/content/Dataset/LYM/LYM-QGIGPVRM.jpg,3,LYM,7366,3,0,2,1.0477238,0.8056593,1.0,0.7108726,3.1944475
/content/Dataset/TUM/TUM-YDHAYNMR.jpg,8,TUM,7367,6,1,6,0.98977685,0.8044066,1.0,0.6852933,2.9611561
/content/Dataset/DEB/DEB-AEYRDACR.jpg,2,DEB,7368,2,0,3,1.0167726,0.7899891,1.0,0.6875602,3.1799762
/content/Dataset/DEB/DEB-PPSDLCEF.jpg,2,DEB,7369,2,0,3,1.0188096,0.7932502,1.0,0.687498,3.1748364
/content/Dataset/DEB/DEB-VIRAIHHL.jpg,2,DEB,7370,2,0,3,1.0161078,0.7915759,1.0,0.68589735,3.1735294
/content/Dataset/ADI/ADI-CSPHNPVE.jpg,0,ADI,7371,0,0,4,1.0856749,0.8240469,1.0,0.72240084,3.2729578
/content/Dataset/ADI/ADI-CNPFSWQK.jpg,0,ADI,7372,0,0,4,1.0853183,0.8239733,1.0,0.7221001,3.2723982
/content/Dataset/ADI/ADI-HVHSLWYS.jpg,0,ADI,7373,0,0,3,1.1020514,0.8212493,1.0,0.7218341,3.3853595
/content/Dataset/DEB/DEB-RMVWPLVC.jpg,2,DEB,7374,3,1,3,1.0196841,0.794317,1.0,0.6876773,3.173674
/content/Dataset/NORM/NORM-VKTELPHV.jpg,6,NORM,7375,6,0,8,0.9730126,0.77781785,1.0,0.68403435,3.001375
/content/Dataset/LYM/LYM-TTVFCKIM.jpg,3,LYM,7376,3,0,2,1.049937,0.8091656,1.0,0.71073735,3.189134
/content/Dataset/MUC/MUC-WMIGSPLH.jpg,4,MUC,7377,3,1,3,1.0179453,0.79402095,1.0,0.67882115,3.1965446
/content/Dataset/NORM/NORM-RYKVFSPM.jpg,6,NORM,7378,6,0,8,0.97640145,0.78359634,1.0,0.68374133,2.992867
/content/Dataset/STR/STR-MTQHAGFH.jpg,7,STR,7379,5,1,5,0.9306406,0.7917645,1.0,0.6535014,2.7961981
/content/Dataset/STR/STR-YTNDVMEP.jpg,7,STR,7380,7,0,5,0.9222971,0.7687799,1.0,0.65879357,2.8393605
/content/Dataset/STR/STR-QNAQPAHC.jpg,7,STR,7381,7,0,5,0.9241816,0.77070296,1.0,0.6594445,2.838872
/content/Dataset/NORM/NORM-NFANNRIE.jpg,6,NORM,7382,6,0,8,0.973788,0.77903306,1.0,0.6840435,2.9997005
/content/Dataset/BACK/BACK-KTRCRIAV.jpg,1,BACK,7383,0,1,0,1.0765165,0.8135394,1.0,0.7033346,3.3471296
/content/Dataset/TUM/TUM-TLYIGMVG.jpg,8,TUM,7384,8,0,6,0.9836348,0.7879074,1.0,0.6896007,2.993169
/content/Dataset/NORM/NORM-MVKKFTEQ.jpg,6,NORM,7385,6,0,8,0.97280586,0.77755946,1.0,0.6840063,3.0015793
/content/Dataset/LYM/LYM-IYFETHCD.jpg,3,LYM,7386,3,0,2,1.0474252,0.80505586,1.0,0.71101695,3.1954129
/content/Dataset/LYM/LYM-SCCARHDA.jpg,3,LYM,7387,3,0,2,1.0473276,0.80486,1.0,0.7110374,3.195816
/content/Dataset/ADI/ADI-FCQNESWP.jpg,0,ADI,7388,0,0,4,1.0847039,0.82313406,1.0,0.7220789,3.2734613
/content/Dataset/MUS/MUS-QDMQIWFA.jpg,5,MUS,7389,5,0,7,0.9561318,0.77775884,1.0,0.69219273,2.8809657
/content/Dataset/MUC/MUC-TPTSIMGF.jpg,4,MUC,7390,4,0,3,1.0165484,0.7917392,1.0,0.6788824,3.2002563
/content/Dataset/MUS/MUS-PLASPKPG.jpg,5,MUS,7391,5,0,7,0.9441065,0.85056406,1.0,0.6396625,2.6581
/content/Dataset/LYM/LYM-AGPNKDYK.jpg,3,LYM,7392,3,0,2,1.0474265,0.8118963,1.0,0.7065477,3.1751962
/content/Dataset/MUC/MUC-TMYDRLSY.jpg,4,MUC,7393,4,0,7,0.9902336,0.7942012,0.99306613,0.67904437,3.045774
/content/Dataset/NORM/NORM-VGEGRERS.jpg,6,NORM,7394,4,1,4,1.0078045,0.80706686,0.94886357,0.6831957,3.1426075
/content/Dataset/DEB/DEB-TWTSIENW.jpg,2,DEB,7395,8,1,8,1.0438814,0.81931204,0.97647744,0.68456376,3.2352738
/content/Dataset/MUC/MUC-TRPAFGNQ.jpg,4,MUC,7396,4,0,3,1.0158873,0.79039717,1.0,0.67908376,3.2028081
/content/Dataset/ADI/ADI-NTWESWWA.jpg,0,ADI,7397,0,0,4,1.0847828,0.82292247,0.99951184,0.7224321,3.2746499
/content/Dataset/STR/STR-PEKGMPVY.jpg,7,STR,7398,7,0,5,0.9213925,0.76659274,1.0,0.6591238,2.8435283
/content/Dataset/STR/STR-RHWHYGFM.jpg,7,STR,7399,7,0,5,0.92354965,0.76898503,1.0,0.65988463,2.842014
/content/Dataset/BACK/BACK-KRGMNQMM.jpg,1,BACK,7400,0,1,0,1.0760175,0.8119685,1.0,0.70387506,3.3508997
/content/Dataset/TUM/TUM-YVGPMAGH.jpg,8,TUM,7401,8,0,6,0.98433137,0.78735465,1.0,0.6906769,2.9962904
/content/Dataset/MUC/MUC-RHYCTLDH.jpg,4,MUC,7402,6,1,6,1.0188608,0.8060363,1.0,0.6786158,3.139547
/content/Dataset/NORM/NORM-MRLCDCRR.jpg,6,NORM,7403,6,0,4,0.99902457,0.8072231,0.91552573,0.6842177,3.1452231
/content/Dataset/BACK/BACK-NWIVPMNR.jpg,1,BACK,7404,0,1,0,1.0773872,0.81472456,1.0,0.7033657,3.3455799
/content/Dataset/LYM/LYM-SIVIDKMR.jpg,3,LYM,7405,3,0,2,1.0474348,0.80539,1.0,0.71076226,3.1945982
/content/Dataset/ADI/ADI-HIHFNMMY.jpg,0,ADI,7406,3,1,3,1.1025763,0.8213841,1.0,0.72224575,3.38614
/content/Dataset/STR/STR-ADLEMTWD.jpg,7,STR,7407,2,1,2,0.9945509,0.81032646,1.0,0.65008795,3.07705
/content/Dataset/BACK/BACK-KWTETHGE.jpg,1,BACK,7408,1,0,3,1.0663257,0.8096168,1.0,0.7046427,3.3037183
/content/Dataset/ADI/ADI-DKNWQDHL.jpg,0,ADI,7409,0,0,5,1.1014994,0.83380806,1.0,0.722045,3.3122237
/content/Dataset/MUS/MUS-SHACLTDY.jpg,5,MUS,7410,5,0,7,0.9576246,0.78548664,1.0,0.688731,2.8635445
/content/Dataset/STR/STR-YYVTYFGM.jpg,7,STR,7411,7,0,5,0.9204313,0.764792,1.0,0.6592235,2.8462963
/content/Dataset/MUS/MUS-QIYKPHCP.jpg,5,MUS,7412,5,0,7,0.9588698,0.7841934,1.0,0.6908563,2.869811
/content/Dataset/DEB/DEB-SAESMMQL.jpg,2,DEB,7413,2,0,3,1.017612,0.79118526,1.0,0.6876555,3.178211
/content/Dataset/STR/STR-WCYTMCNK.jpg,7,STR,7414,7,0,5,0.7211145,0.7682394,1.0,0.43975306,2.3617854
/content/Dataset/BACK/BACK-IKFSVTGA.jpg,1,BACK,7415,1,0,3,1.0667231,0.81076276,1.0,0.70425355,3.3011997
/content/Dataset/ADI/ADI-AVKQGESA.jpg,0,ADI,7416,0,0,5,1.0965383,0.8307643,0.9905237,0.7221744,3.316886
/content/Dataset/ADI/ADI-HWPCSQQA.jpg,0,ADI,7417,3,1,3,1.1025496,0.82202655,1.0,0.72176886,3.3841727
/content/Dataset/MUS/MUS-VMKSISTL.jpg,5,MUS,7418,7,1,7,0.96225095,0.7878466,1.0,0.69206345,2.8674164
/content/Dataset/LYM/LYM-TGKGQMPL.jpg,3,LYM,7419,4,1,4,1.0551825,0.81521654,0.9873848,0.71089286,3.2088852
/content/Dataset/MUS/MUS-PTQYTVCP.jpg,5,MUS,7420,7,1,7,0.9629095,0.7910552,1.0,0.6906887,2.86031
/content/Dataset/ADI/ADI-IDEQTFEK.jpg,0,ADI,7421,0,0,5,1.0928243,0.8302316,0.9799401,0.72217256,3.3175943
/content/Dataset/NORM/NORM-SADKSKVQ.jpg,6,NORM,7422,6,0,4,0.9983709,0.80654573,0.91586095,0.6839128,3.1454306
/content/Dataset/TUM/TUM-SYKAVCTQ.jpg,8,TUM,7423,8,0,6,0.9813098,0.7853389,1.0,0.68892777,2.9949677
/content/Dataset/TUM/TUM-VKYYGGMT.jpg,8,TUM,7424,6,1,6,0.98675907,0.7906872,1.0,0.6909997,2.9924355
/content/Dataset/TUM/TUM-TRYHLIMT.jpg,8,TUM,7425,8,0,6,0.98531944,0.7892998,1.0,0.6904494,2.9929912
/content/Dataset/LYM/LYM-NEAESTRP.jpg,3,LYM,7426,4,1,4,1.0587822,0.815206,1.0,0.7106505,3.2082117
/content/Dataset/BACK/BACK-AEARLKAN.jpg,1,BACK,7427,1,0,3,1.0662849,0.8100887,1.0,0.7042836,3.302209
/content/Dataset/MUC/MUC-SCGEFTAV.jpg,4,MUC,7428,0,1,0,1.0304646,0.79827416,1.0,0.6779328,3.2512357
/content/Dataset/LYM/LYM-QWRCPSCL.jpg,3,LYM,7429,3,0,4,1.051658,0.81426966,0.9789837,0.71060425,3.2095087
/content/Dataset/TUM/TUM-THNGSYIG.jpg,8,TUM,7430,6,1,6,0.98722136,0.7940923,1.0,0.6892839,2.9839327
/content/Dataset/MUC/MUC-NKRLNVEA.jpg,4,MUC,7431,4,0,6,1.0157229,0.8018472,1.0,0.6781128,3.144837
/content/Dataset/STR/STR-YDWWVKEN.jpg,7,STR,7432,2,1,2,0.9829478,0.83460134,1.0,0.62520593,2.9786074
/content/Dataset/STR/STR-YPQQSELD.jpg,7,STR,7433,2,1,2,0.99287397,0.82069826,1.0,0.6422786,3.0430772
/content/Dataset/LYM/LYM-PKDKHCPW.jpg,3,LYM,7434,3,0,2,1.0518594,0.83248705,1.0,0.69787925,3.1249716
/content/Dataset/BACK/BACK-INAYYFCN.jpg,1,BACK,7435,1,0,3,1.0664085,0.80967736,1.0,0.70468116,3.3037317
/content/Dataset/DEB/DEB-WITFDRMP.jpg,2,DEB,7436,2,0,3,0.99398965,0.86052215,1.0,0.62677926,2.914955
/content/Dataset/NORM/NORM-NDCPEWFP.jpg,6,NORM,7437,6,0,8,0.9754365,0.7861214,1.0,0.6811035,2.9836035
/content/Dataset/STR/STR-RYSDKRGF.jpg,7,STR,7438,7,0,5,0.9254613,0.77346325,1.0,0.6591243,2.8341243
/content/Dataset/BACK/BACK-NTIPRNLN.jpg,1,BACK,7439,0,1,0,1.075206,0.81298375,1.0,0.7024459,3.3457778
/content/Dataset/MUS/MUS-SQPCHRHE.jpg,5,MUS,7440,5,0,7,0.9584643,0.7817296,1.0,0.6920453,2.8754797
/content/Dataset/MUC/MUC-NMASAQIA.jpg,4,MUC,7441,4,0,3,1.0171132,0.7929276,1.0,0.6786925,3.1979241
/content/Dataset/TUM/TUM-TKNYHCKD.jpg,8,TUM,7442,8,0,6,0.9856449,0.7890936,1.0,0.69090575,2.9943404
/content/Dataset/MUC/MUC-PVAGERHL.jpg,4,MUC,7443,4,0,6,1.0147911,0.8348809,1.0,0.6576617,3.0447514
/content/Dataset/TUM/TUM-REKNSDDK.jpg,8,TUM,7444,8,0,5,0.94411266,0.8872118,1.0,0.5645883,2.7373397
/content/Dataset/NORM/NORM-QDGVKNYY.jpg,6,NORM,7445,6,0,4,0.9992813,0.8066195,0.9189969,0.6838439,3.1451147
/content/Dataset/TUM/TUM-WHCACVSW.jpg,8,TUM,7446,6,1,6,0.99243975,0.8142344,1.0,0.68203735,2.939555
/content/Dataset/DEB/DEB-VQSEQQEI.jpg,2,DEB,7447,5,1,5,1.0334169,0.81874424,0.95164746,0.68489885,3.2199242
/content/Dataset/ADI/ADI-IMDEPGVA.jpg,0,ADI,7448,0,0,5,1.0889894,0.83028686,0.9680508,0.72203976,3.3172498
/content/Dataset/MUS/MUS-CDTEIYND.jpg,5,MUS,7449,5,0,7,0.95292914,0.77355325,1.0,0.69154644,2.8852804
/content/Dataset/STR/STR-VSQRKVMG.jpg,7,STR,7450,7,0,5,0.92180175,0.7673009,1.0,0.6590527,2.8427172
/content/Dataset/NORM/NORM-PHNGWMAL.jpg,6,NORM,7451,7,1,7,1.0080265,0.8182172,0.9180436,0.6817352,3.1444201
/content/Dataset/STR/STR-RHVCQEMM.jpg,7,STR,7452,7,0,4,0.80250216,0.7976635,1.0,0.47573066,2.6044617
/content/Dataset/ADI/ADI-HCQRCELN.jpg,0,ADI,7453,3,1,3,1.1021816,0.82090306,1.0,0.72217596,3.386783
/content/Dataset/STR/STR-NECAICSV.jpg,7,STR,7454,7,0,5,0.9198525,0.76492816,1.0,0.6584047,2.8449528
/content/Dataset/LYM/LYM-PYTVQHVD.jpg,3,LYM,7455,3,0,8,0.73790747,0.8073299,1.0,0.38256478,2.4824998
/content/Dataset/NORM/NORM-VCDRNRGK.jpg,6,NORM,7456,6,0,4,0.9981227,0.80739856,0.9120678,0.6842152,3.1450887
/content/Dataset/TUM/TUM-YIHVGDPV.jpg,8,TUM,7457,8,0,6,0.9835866,0.7887938,1.0,0.6889043,2.9908097
/content/Dataset/LYM/LYM-RNYHHGEF.jpg,3,LYM,7458,3,0,2,1.0479678,0.8063301,1.0,0.7107043,3.1928995
/content/Dataset/BACK/BACK-HSPYEEKC.jpg,1,BACK,7459,1,0,3,1.0665528,0.81006575,1.0,0.7045591,3.3028975
/content/Dataset/STR/STR-PYIVPWHV.jpg,7,STR,7460,7,0,5,0.923599,0.77471805,1.0,0.65637326,2.8264713
/content/Dataset/STR/STR-THRYVTKQ.jpg,7,STR,7461,7,0,5,0.92126507,0.7697624,1.0,0.6567653,2.8352988
/content/Dataset/MUS/MUS-ACYYTEML.jpg,5,MUS,7462,5,0,7,0.96010303,0.7877332,1.0,0.68983585,2.8631513
/content/Dataset/STR/STR-YPSPEFCD.jpg,7,STR,7463,7,0,5,0.9214063,0.7680479,1.0,0.65810037,2.8399594
/content/Dataset/TUM/TUM-QKQNGNNF.jpg,8,TUM,7464,6,1,6,0.9859617,0.78915024,1.0,0.6911802,2.9949422
/content/Dataset/DEB/DEB-AFMQWDHD.jpg,2,DEB,7465,2,0,3,1.0182146,0.79301625,1.0,0.687025,3.174263
/content/Dataset/LYM/LYM-NFLYEEIG.jpg,3,LYM,7466,3,0,2,1.0485752,0.8079915,1.0,0.7101633,3.1895294
/content/Dataset/BACK/BACK-PCGNDQRD.jpg,1,BACK,7467,1,0,3,1.0659939,0.80975705,1.0,0.70421976,3.302551
/content/Dataset/MUS/MUS-CETCDTYH.jpg,5,MUS,7468,5,0,7,0.6227055,0.88860786,1.0,0.34787688,1.7406904
/content/Dataset/STR/STR-TKECPGPH.jpg,7,STR,7469,7,0,8,0.6889211,0.8986932,1.0,0.3486771,2.0211294
/content/Dataset/MUC/MUC-NSACPMPV.jpg,4,MUC,7470,4,0,7,0.5199243,0.8782879,1.0,0.23707561,1.5218897
/content/Dataset/ADI/ADI-FLEYCLPQ.jpg,0,ADI,7471,0,0,5,1.0955,0.8303103,0.98690295,0.7225656,3.3185103
/content/Dataset/ADI/ADI-NTVPPCPR.jpg,0,ADI,7472,5,1,5,1.104464,0.84343266,1.0,0.71866626,3.2898817
/content/Dataset/DEB/DEB-NYRCPLSI.jpg,2,DEB,7473,2,0,3,1.0175072,0.7911405,1.0,0.6875953,3.178046
/content/Dataset/NORM/NORM-WDSTDNYY.jpg,6,NORM,7474,6,0,8,0.9745531,0.78036344,1.0,0.6840036,2.9975605
/content/Dataset/BACK/BACK-KSMKFMWQ.jpg,1,BACK,7475,1,0,3,1.0666356,0.8104892,1.0,0.7043657,3.3017724
/content/Dataset/ADI/ADI-CTEPDPRP.jpg,0,ADI,7476,0,0,4,1.0848953,0.82277846,1.0,0.7225041,3.2749336
/content/Dataset/NORM/NORM-VRGIQYLG.jpg,6,NORM,7477,6,0,4,0.9975013,0.8058525,0.9150787,0.6837612,3.1458848
/content/Dataset/BACK/BACK-ISGCCNNW.jpg,1,BACK,7478,1,0,0,1.0747501,0.81034625,1.0,0.7037164,3.3530242
/content/Dataset/LYM/LYM-TYTGSSDD.jpg,3,LYM,7479,3,0,2,1.0484078,0.80661154,1.0,0.71093684,3.1931214
/content/Dataset/NORM/NORM-TATNRLMY.jpg,6,NORM,7480,4,1,4,1.0049713,0.8070386,0.9366649,0.684005,3.1447015
/content/Dataset/NORM/NORM-TVVGYLDG.jpg,6,NORM,7481,6,0,4,0.5742076,0.8964257,1.0,0.26940435,1.6668127
/content/Dataset/MUC/MUC-TPFKNLWQ.jpg,4,MUC,7482,4,0,3,1.0168691,0.7913199,1.0,0.67948174,3.202254
/content/Dataset/LYM/LYM-VIDGLFQW.jpg,3,LYM,7483,3,0,4,1.053071,0.8138603,0.9840158,0.7107729,3.2103138
/content/Dataset/MUC/MUC-WFLAKSLS.jpg,4,MUC,7484,4,0,7,0.9898409,0.7945329,0.9916125,0.67890257,3.0447764
/content/Dataset/MUS/MUS-QNWKMRIM.jpg,5,MUS,7485,5,0,7,0.9553723,0.7772031,1.0,0.69170874,2.8809218
/content/Dataset/NORM/NORM-MQALQVQL.jpg,6,NORM,7486,4,1,4,1.0037386,0.8065423,0.93449503,0.6837553,3.1447687
/content/Dataset/ADI/ADI-FTVWGRKF.jpg,0,ADI,7487,0,0,4,1.0860139,0.82609427,1.0,0.72137743,3.2676213
/content/Dataset/BACK/BACK-IIWHSMDA.jpg,1,BACK,7488,1,0,3,1.0665306,0.81072915,1.0,0.70409656,3.3008292
/content/Dataset/DEB/DEB-QSPHAFEV.jpg,2,DEB,7489,2,0,3,1.0190305,0.79393375,1.0,0.6872478,3.1733968
/content/Dataset/LYM/LYM-NMQLWGYN.jpg,3,LYM,7490,3,0,4,1.0497847,0.81413305,0.9731455,0.71060926,3.2097611
/content/Dataset/DEB/DEB-RGKPHTPC.jpg,2,DEB,7491,2,0,3,1.0191654,0.7938597,1.0,0.6874764,3.1737695
/content/Dataset/BACK/BACK-NPDKCSHK.jpg,1,BACK,7492,1,0,4,1.0648861,0.81929755,1.0,0.7033821,3.2475288
/content/Dataset/STR/STR-WLSHSDWG.jpg,7,STR,7493,7,0,5,0.9199913,0.764659,1.0,0.65880066,2.8457675
/content/Dataset/LYM/LYM-QGKVFQRQ.jpg,3,LYM,7494,4,1,4,1.0593375,0.81553113,1.0,0.71097153,3.208536
/content/Dataset/DEB/DEB-PLCEKNLS.jpg,2,DEB,7495,8,1,8,1.0521715,0.822539,1.0,0.68366814,3.2280734
/content/Dataset/LYM/LYM-RMWGPEMN.jpg,3,LYM,7496,4,1,4,1.0588272,0.8152829,1.0,0.7106596,3.2080317
/content/Dataset/BACK/BACK-PDIVKMYI.jpg,1,BACK,7497,1,0,3,1.0661199,0.8096119,1.0,0.7044303,3.303315
/content/Dataset/MUC/MUC-QQKATGIG.jpg,4,MUC,7498,4,0,7,0.99232167,0.7942891,1.0,0.67904747,3.0456305
/content/Dataset/BACK/BACK-IWPILIHQ.jpg,1,BACK,7499,1,0,0,0.8420873,0.90779734,1.0,0.46292743,2.4444368
/content/Dataset/DEB/DEB-NQTSKGSE.jpg,2,DEB,7500,2,0,3,1.0160362,0.7909545,1.0,0.6861456,3.175527
/content/Dataset/MUS/MUS-TAEWEIVT.jpg,5,MUS,7501,5,0,7,0.95243573,0.7732054,1.0,0.6912417,2.8851566
/content/Dataset/BACK/BACK-IAHTLEAR.jpg,1,BACK,7502,1,0,3,1.0656321,0.8096866,1.0,0.7039348,3.3018577
/content/Dataset/BACK/BACK-IWGDLEHR.jpg,1,BACK,7503,0,1,0,1.0763032,0.8131003,1.0,0.70340854,3.3480332
/content/Dataset/NORM/NORM-VDTEFVLP.jpg,6,NORM,7504,6,0,8,0.9798565,0.80604935,1.0,0.6732149,2.937702
/content/Dataset/DEB/DEB-VSGHWTAI.jpg,2,DEB,7505,2,0,3,1.0177338,0.79144764,1.0,0.68762165,3.177652
/content/Dataset/STR/STR-NGLCQDIM.jpg,7,STR,7506,7,0,5,0.7411035,0.879486,1.0,0.4434131,2.0922961
/content/Dataset/NORM/NORM-VHDETGWV.jpg,6,NORM,7507,6,0,8,0.89753723,0.8696433,1.0,0.56655705,2.5609992
/content/Dataset/NORM/NORM-TLFYCPGM.jpg,6,NORM,7508,6,0,8,0.97662956,0.78318334,1.0,0.6843006,2.9943674
/content/Dataset/ADI/ADI-FCSPLRRL.jpg,0,ADI,7509,0,0,4,1.0851874,0.82327485,1.0,0.72244763,3.274144
/content/Dataset/ADI/ADI-HRSMLKEP.jpg,0,ADI,7510,3,1,3,1.102428,0.82107085,1.0,0.7223102,3.3867848
/content/Dataset/DEB/DEB-RPDEPPAG.jpg,2,DEB,7511,2,0,5,0.7228585,0.8134919,1.0,0.37642995,2.3911014
/content/Dataset/BACK/BACK-NNMTDRDL.jpg,1,BACK,7512,0,1,0,1.0752871,0.810934,1.0,0.70387834,3.3523247
/content/Dataset/LYM/LYM-DIGRHGPF.jpg,3,LYM,7513,3,0,2,1.0458254,0.8050539,1.0,0.7094882,3.1916082
/content/Dataset/STR/STR-MYPNQRLC.jpg,7,STR,7514,7,0,5,0.9261992,0.77777326,1.0,0.65728897,2.823932
/content/Dataset/DEB/DEB-YDFNKHTW.jpg,2,DEB,7515,2,0,3,1.0187278,0.79312885,1.0,0.68748724,3.1750386
/content/Dataset/STR/STR-SSMCQWGA.jpg,7,STR,7516,7,0,5,0.92757344,0.7764809,1.0,0.65949106,2.8307054
/content/Dataset/DEB/DEB-RKWHKVDD.jpg,2,DEB,7517,2,0,3,1.0175258,0.7914982,1.0,0.6873777,3.1770253
/content/Dataset/STR/STR-TQNKWCNI.jpg,7,STR,7518,5,1,5,0.93095714,0.80151236,1.0,0.6483588,2.7701652
/content/Dataset/MUS/MUS-SHVTCFGY.jpg,5,MUS,7519,0,1,0,1.0286169,0.8114263,0.89721525,0.6894138,3.314887
/content/Dataset/LYM/LYM-TNNFSDYI.jpg,3,LYM,7520,3,0,2,1.0492313,0.80967355,1.0,0.7097649,3.1858459
/content/Dataset/TUM/TUM-RCEQWEQR.jpg,8,TUM,7521,8,0,6,0.98409563,0.7867931,1.0,0.69081247,2.9972959
/content/Dataset/ADI/ADI-CQVKLDRR.jpg,0,ADI,7522,0,0,4,1.0856141,0.8239857,1.0,0.72236365,3.2730725
/content/Dataset/MUC/MUC-PQVEQYVR.jpg,4,MUC,7523,4,0,7,0.99105734,0.79351664,0.99780524,0.67893064,3.0463626
/content/Dataset/BACK/BACK-KVMFQNGT.jpg,1,BACK,7524,0,1,0,1.0778499,0.8158762,1.0,0.70305634,3.3430805
/content/Dataset/STR/STR-PISAVTYC.jpg,7,STR,7525,2,1,2,0.9925346,0.8113692,1.0,0.64765483,3.06867
/content/Dataset/BACK/BACK-MDPPEKKV.jpg,1,BACK,7526,0,1,0,1.0762224,0.81288433,1.0,0.7034807,3.348486
/content/Dataset/NORM/NORM-TWAYEFWS.jpg,6,NORM,7527,4,1,4,1.0260885,0.8134992,1.0,0.6819561,3.1310482
/content/Dataset/MUS/MUS-PQHGCFSD.jpg,5,MUS,7528,5,0,7,0.9547555,0.7760348,1.0,0.6918765,2.8825417
/content/Dataset/ADI/ADI-CEKKCGEP.jpg,0,ADI,7529,0,0,5,1.1010039,0.8323381,1.0,0.72252077,3.315591
/content/Dataset/STR/STR-VQLPRYGY.jpg,7,STR,7530,5,1,5,0.93008447,0.81109345,1.0,0.6422287,2.7422328
/content/Dataset/TUM/TUM-SDLMYNFA.jpg,8,TUM,7531,8,0,6,0.9838198,0.7926154,1.0,0.68664,2.9807715
/content/Dataset/MUS/MUS-SILPIWAQ.jpg,5,MUS,7532,7,1,7,0.96298695,0.80073506,1.0,0.68466234,2.8347983
/content/Dataset/STR/STR-SEQDHIYM.jpg,7,STR,7533,7,0,5,0.9242944,0.77013403,1.0,0.65998316,2.8404891
/content/Dataset/LYM/LYM-IVLEEWNE.jpg,3,LYM,7534,4,1,4,1.0590103,0.81584865,1.0,0.7104752,3.206751
/content/Dataset/TUM/TUM-QKVVSSQL.jpg,8,TUM,7535,8,0,6,0.9852378,0.7880818,1.0,0.69112414,2.996331
/content/Dataset/DEB/DEB-NVHMEGYQ.jpg,2,DEB,7536,2,0,3,1.017094,0.7909514,1.0,0.68732256,3.1775892
/content/Dataset/STR/STR-PLMHQVPP.jpg,7,STR,7537,7,0,5,0.9208653,0.7647765,1.0,0.65958375,2.8476875
/content/Dataset/MUC/MUC-PSHCAIDE.jpg,4,MUC,7538,4,0,7,0.99438995,0.7977287,1.0,0.679011,3.0403109
/content/Dataset/MUC/MUC-YRCIMKFF.jpg,4,MUC,7539,4,0,3,1.0167782,0.7918308,1.0,0.6790532,3.200516
/content/Dataset/ADI/ADI-EFICTCPF.jpg,0,ADI,7540,0,0,5,1.099915,0.8309699,1.0,0.7223912,3.317233
/content/Dataset/STR/STR-TDSIIMSW.jpg,7,STR,7541,7,0,5,0.91798496,0.7734075,1.0,0.6510093,2.817913
/content/Dataset/BACK/BACK-LVWVVMCP.jpg,1,BACK,7542,1,0,3,1.0663793,0.8101274,1.0,0.7043511,3.3023033
/content/Dataset/MUC/MUC-RSEPHASC.jpg,4,MUC,7543,4,0,3,1.0175033,0.7927582,1.0,0.67919296,3.199344
/content/Dataset/ADI/ADI-GLNSEIMG.jpg,0,ADI,7544,0,0,4,1.0847794,0.82344216,1.0,0.7219392,3.272744
/content/Dataset/LYM/LYM-NMKTLLLY.jpg,3,LYM,7545,3,0,2,1.0528744,0.8168268,1.0,0.70856875,3.1734552
/content/Dataset/BACK/BACK-IMFFCFID.jpg,1,BACK,7546,1,0,2,1.0744764,0.8458914,1.0,0.68310976,3.2360542
/content/Dataset/TUM/TUM-VWVDDMPP.jpg,8,TUM,7547,8,0,6,0.985206,0.7880429,1.0,0.69112676,2.9963362
/content/Dataset/ADI/ADI-FLDHPHTY.jpg,0,ADI,7548,5,1,5,1.1042433,0.84402233,1.0,0.71809846,3.287568
/content/Dataset/MUS/MUS-PGKKDIVV.jpg,5,MUS,7549,5,0,7,0.9606873,0.7856349,1.0,0.6918091,2.8700266
/content/Dataset/DEB/DEB-PPWLGYES.jpg,2,DEB,7550,2,0,3,1.0179279,0.79211676,1.0,0.68736494,3.1761475
/content/Dataset/LYM/LYM-PAYKYSFM.jpg,3,LYM,7551,4,1,4,1.0552276,0.8147222,0.9882291,0.7110219,3.209814
/content/Dataset/LYM/LYM-NHNWEQFV.jpg,3,LYM,7552,3,0,4,1.05153,0.81496066,0.97659665,0.7107162,3.2089314
/content/Dataset/STR/STR-YGSRNEHW.jpg,7,STR,7553,7,0,5,0.9268908,0.7745246,1.0,0.6599552,2.8345585
/content/Dataset/LYM/LYM-EDEFADQF.jpg,3,LYM,7554,0,1,0,1.0754638,0.81600285,1.0,0.6976895,3.3483787
/content/Dataset/TUM/TUM-VINSVFFS.jpg,8,TUM,7555,8,0,6,0.96845615,0.85169166,1.0,0.6391888,2.7791984
/content/Dataset/STR/STR-NMRYENTH.jpg,7,STR,7556,7,0,5,0.9259534,0.7935866,1.0,0.6476141,2.780553
/content/Dataset/NORM/NORM-YCAQDCLI.jpg,6,NORM,7557,6,0,4,1.0017738,0.8066139,0.92688316,0.68400407,3.1453612
/content/Dataset/MUS/MUS-PHQTVHCH.jpg,5,MUS,7558,7,1,7,0.9664699,0.80301046,1.0,0.6868619,2.8363512
/content/Dataset/TUM/TUM-SDRPTVYH.jpg,8,TUM,7559,6,1,6,0.9873072,0.79517674,1.0,0.68866414,2.9811394
/content/Dataset/DEB/DEB-TASWRLIR.jpg,2,DEB,7560,2,0,7,0.493599,0.7014731,1.0,0.17563762,1.9504509
/content/Dataset/ADI/ADI-GGKWDMGH.jpg,0,ADI,7561,0,0,5,1.0969225,0.8303127,0.99149156,0.72254133,3.3184547
/content/Dataset/DEB/DEB-WCHGFPEF.jpg,2,DEB,7562,2,0,3,1.01734,0.7915233,1.0,0.68715376,3.176594
/content/Dataset/LYM/LYM-GRDYTWSN.jpg,3,LYM,7563,4,1,4,1.0584073,0.81464213,1.0,0.7106531,3.209031
/content/Dataset/DEB/DEB-YRPLMNMH.jpg,2,DEB,7564,2,0,3,1.0186834,0.79366696,1.0,0.6871058,3.173278
/content/Dataset/LYM/LYM-SPVYWIYD.jpg,3,LYM,7565,3,0,2,1.0483599,0.8065803,1.0,0.71089804,3.1931477
/content/Dataset/STR/STR-NQMLARRW.jpg,7,STR,7566,5,1,5,0.9289301,0.78010106,1.0,0.65871906,2.8238742
/content/Dataset/DEB/DEB-TIVWDQWN.jpg,2,DEB,7567,3,1,3,1.0200505,0.79613537,1.0,0.6868335,3.1691957
/content/Dataset/NORM/NORM-TNQFHSCH.jpg,6,NORM,7568,6,0,4,0.9982423,0.8065331,0.9149671,0.68406427,3.1457877
/content/Dataset/NORM/NORM-PYWVVHIL.jpg,6,NORM,7569,6,0,8,0.9751456,0.7808989,1.0,0.6842478,2.997461
/content/Dataset/MUS/MUS-NNAGADTT.jpg,5,MUS,7570,5,0,7,0.9559696,0.7781693,1.0,0.69177246,2.8794363
/content/Dataset/NORM/NORM-PPMRKFNR.jpg,6,NORM,7571,6,0,8,0.979962,0.79817986,1.0,0.6781484,2.9599063
/content/Dataset/BACK/BACK-GPKLEQHF.jpg,1,BACK,7572,2,1,2,1.0767769,0.83078533,1.0,0.6942087,3.2883234
/content/Dataset/DEB/DEB-QRFYCLKI.jpg,2,DEB,7573,2,0,3,1.0188885,0.79329014,1.0,0.68757266,3.1748226
/content/Dataset/ADI/ADI-ELHSLYNY.jpg,0,ADI,7574,3,1,3,1.1022028,0.8209913,1.0,0.7221484,3.386516
/content/Dataset/TUM/TUM-WCMPMWDC.jpg,8,TUM,7575,8,0,6,0.94641244,0.86477494,1.0,0.6135086,2.6895883
/content/Dataset/MUS/MUS-CKSISIGQ.jpg,5,MUS,7576,0,1,0,1.0613631,0.8199216,1.0,0.6848543,3.291412
/content/Dataset/MUS/MUS-QYAFDFIF.jpg,5,MUS,7577,5,0,7,0.9609592,0.78549314,1.0,0.6922333,2.870859
/content/Dataset/TUM/TUM-TWHPQVYN.jpg,8,TUM,7578,8,0,6,0.9837332,0.78657204,1.0,0.69056916,2.997146
/content/Dataset/NORM/NORM-TEDGIPWD.jpg,6,NORM,7579,6,0,4,0.9967806,0.80675673,0.90984374,0.6839723,3.1453478
/content/Dataset/MUS/MUS-QGGPQTIH.jpg,5,MUS,7580,5,0,7,0.95932806,0.7846805,1.0,0.6910169,2.8695328
/content/Dataset/BACK/BACK-IPPVYDMV.jpg,1,BACK,7581,1,0,0,1.0730634,0.8099959,1.0,0.70230734,3.3502288
/content/Dataset/MUC/MUC-YGHTPISA.jpg,4,MUC,7582,4,0,3,1.0167798,0.7913725,1.0,0.6793484,3.2019212
/content/Dataset/ADI/ADI-GEIHGQCR.jpg,0,ADI,7583,0,0,5,1.098107,0.8310444,0.99464333,0.7222467,3.316662
/content/Dataset/BACK/BACK-MAKCVHCA.jpg,1,BACK,7584,0,1,0,1.0768287,0.81349194,1.0,0.7036466,3.3480763
/content/Dataset/ADI/ADI-GQTRQKMH.jpg,0,ADI,7585,0,0,4,1.0831594,0.82299376,0.99537206,0.7220617,3.2737193
/content/Dataset/BACK/BACK-KQTQVYSM.jpg,1,BACK,7586,1,0,3,1.0657848,0.80911326,1.0,0.7044578,3.3039808
/content/Dataset/ADI/ADI-FHNSLRYW.jpg,0,ADI,7587,0,0,4,1.0845809,0.82277626,1.0,0.72219545,3.2742589
/content/Dataset/NORM/NORM-ALATIWMQ.jpg,6,NORM,7588,6,0,8,0.97756726,0.78497124,1.0,0.684092,2.9915118
/content/Dataset/ADI/ADI-HWKKFWRC.jpg,0,ADI,7589,3,1,3,1.1027315,0.8211901,1.0,0.7225214,3.3871047
/content/Dataset/NORM/NORM-YQIVYWWI.jpg,6,NORM,7590,5,1,5,1.0653499,0.83631706,1.0,0.6784614,3.2506993
/content/Dataset/MUC/MUC-NQIPHFFN.jpg,4,MUC,7591,4,0,3,1.0171355,0.7917044,1.0,0.67948437,3.2017632
/content/Dataset/TUM/TUM-TLIGCNSP.jpg,8,TUM,7592,8,0,6,0.98462427,0.78770655,1.0,0.69076604,2.9959073
/content/Dataset/MUC/MUC-GYKCADYE.jpg,4,MUC,7593,4,0,3,1.0170456,0.7923573,1.0,0.67898124,3.1995387
/content/Dataset/MUS/MUS-RPTTGMCV.jpg,5,MUS,7594,7,1,7,0.9620097,0.79843587,1.0,0.6851367,2.838578
/content/Dataset/NORM/NORM-MSMFIFFC.jpg,6,NORM,7595,6,0,8,0.97351086,0.77837825,1.0,0.68420964,3.0008404
/content/Dataset/ADI/ADI-IPDMGSCG.jpg,0,ADI,7596,0,0,2,1.0914433,0.82217896,1.0,0.7216946,3.3188221
/content/Dataset/MUS/MUS-RQRTKINV.jpg,5,MUS,7597,5,0,7,0.95791274,0.7805266,1.0,0.692272,2.8774226
/content/Dataset/DEB/DEB-WDADFGKL.jpg,2,DEB,7598,2,0,3,1.0169675,0.79007703,1.0,0.6876988,3.1801631
/content/Dataset/ADI/ADI-GETQWDGE.jpg,0,ADI,7599,3,1,3,1.102283,0.8212206,1.0,0.72205794,3.386041
/content/Dataset/ADI/ADI-FHPSVKKM.jpg,0,ADI,7600,0,0,2,1.0909249,0.8206929,1.0,0.7222068,3.3220742
/content/Dataset/DEB/DEB-RDNGFLPH.jpg,2,DEB,7601,2,0,5,0.58509433,0.8811712,1.0,0.26270437,1.766007
/content/Dataset/NORM/NORM-WYVAYRFW.jpg,6,NORM,7602,6,0,8,0.9742297,0.7792407,1.0,0.68438095,3.000069
/content/Dataset/ADI/ADI-HSTAIAPQ.jpg,0,ADI,7603,0,0,4,1.0858319,0.82511103,1.0,0.7218499,3.2701395
/content/Dataset/ADI/ADI-GQQVAFLN.jpg,0,ADI,7604,0,0,5,1.100624,0.83218217,1.0,0.7222725,3.3151667
/content/Dataset/BACK/BACK-MDKNVQYL.jpg,1,BACK,7605,1,0,3,1.0665556,0.81048083,1.0,0.7042913,3.3016214
/content/Dataset/TUM/TUM-RMDMSQRW.jpg,8,TUM,7606,6,1,6,0.9925188,0.809356,1.0,0.68506235,2.9533322
/content/Dataset/STR/STR-YGDTDKVS.jpg,7,STR,7607,7,0,5,0.92159754,0.7928519,1.0,0.6434761,2.7727818
/content/Dataset/BACK/BACK-LFLEAMSA.jpg,1,BACK,7608,1,0,3,1.0660452,0.8096172,1.0,0.7043661,3.3030832
/content/Dataset/NORM/NORM-SETAFHAM.jpg,6,NORM,7609,6,0,8,0.9833994,0.7997622,1.0,0.6806798,2.963161
/content/Dataset/STR/STR-PTSDFDEF.jpg,7,STR,7610,7,0,5,0.91994536,0.76366496,1.0,0.6593487,2.8484912
/content/Dataset/MUC/MUC-ACSIFTFC.jpg,4,MUC,7611,4,0,6,0.9978974,0.8504685,1.0,0.6338774,2.9582524
/content/Dataset/MUC/MUC-PLMSAFEC.jpg,4,MUC,7612,6,1,6,1.0188361,0.8065501,1.0,0.678244,3.1380563
/content/Dataset/LYM/LYM-PYSRRRPA.jpg,3,LYM,7613,3,0,2,1.049578,0.8094982,1.0,0.710126,3.187481
/content/Dataset/BACK/BACK-MRKLWWMW.jpg,1,BACK,7614,1,0,8,1.0641636,0.8145135,0.9975616,0.70416194,3.2705553
/content/Dataset/STR/STR-SPGYEEVQ.jpg,7,STR,7615,7,0,5,0.9276063,0.7771131,1.0,0.6591054,2.8291535
/content/Dataset/STR/STR-SLSPDKCP.jpg,7,STR,7616,7,0,5,0.92475075,0.77308494,1.0,0.6585017,2.8338623
/content/Dataset/NORM/NORM-NRTLAQIG.jpg,6,NORM,7617,4,1,4,1.0149853,0.8133629,0.96251273,0.6820352,3.1319213
/content/Dataset/LYM/LYM-TRTPWNAS.jpg,3,LYM,7618,3,0,2,1.0473976,0.80533576,1.0,0.71079135,3.1945689
/content/Dataset/STR/STR-TTNSAART.jpg,7,STR,7619,7,0,5,0.9259201,0.77606994,1.0,0.6580778,2.8278174
/content/Dataset/MUS/MUS-SNSMHARC.jpg,5,MUS,7620,0,1,0,1.054776,0.8295501,1.0,0.6719862,3.248809
/content/Dataset/ADI/ADI-ECHVCHAV.jpg,0,ADI,7621,0,0,4,1.0847316,0.8232825,1.0,0.7219947,3.2731276
/content/Dataset/MUC/MUC-QNEQCAER.jpg,4,MUC,7622,8,1,8,1.0314893,0.8169079,0.93918365,0.6781952,3.2653418
/content/Dataset/MUS/MUS-QVNSNASH.jpg,5,MUS,7623,5,0,7,0.96091616,0.8023959,1.0,0.6815562,2.8256905
/content/Dataset/DEB/DEB-YFHWQAQT.jpg,2,DEB,7624,2,0,3,1.0174687,0.79157954,1.0,0.6872186,3.1768217
/content/Dataset/NORM/NORM-TYTGCWGG.jpg,6,NORM,7625,6,0,4,0.9989558,0.80705535,0.91664386,0.6839343,3.144724
/content/Dataset/NORM/NORM-LKLIVTFH.jpg,6,NORM,7626,6,0,4,0.9990042,0.806699,0.9173156,0.684027,3.145387
/content/Dataset/LYM/LYM-RAWTCYAR.jpg,3,LYM,7627,4,1,4,1.0565058,0.8147446,0.9939151,0.7105621,3.208632
/content/Dataset/STR/STR-QWLYCTQD.jpg,7,STR,7628,7,0,5,0.9206403,0.766968,1.0,0.65790516,2.8413398
/content/Dataset/LYM/LYM-QDAPELKT.jpg,3,LYM,7629,3,0,2,1.0475918,0.80527186,1.0,0.7110249,3.1952012
/content/Dataset/BACK/BACK-NVAHHQDG.jpg,1,BACK,7630,0,1,0,1.0755411,0.8108899,1.0,0.70414174,3.353094
/content/Dataset/STR/STR-MRDGNDCC.jpg,7,STR,7631,7,0,2,0.33378452,0.75953376,1.0,0.046605267,1.1775236
/content/Dataset/LYM/LYM-SKRNDFSW.jpg,3,LYM,7632,3,0,2,1.0476519,0.8056766,1.0,0.7107795,3.1942713
/content/Dataset/LYM/LYM-PAMTHWDS.jpg,3,LYM,7633,4,1,4,1.0586396,0.8152505,1.0,0.71048665,3.2077425
/content/Dataset/LYM/LYM-RLDSFTFT.jpg,3,LYM,7634,3,0,2,1.047586,0.8052426,1.0,0.71104604,3.195247
/content/Dataset/STR/STR-VYWMYWHR.jpg,7,STR,7635,5,1,5,0.9302645,0.7874833,1.0,0.6556691,2.8068495
/content/Dataset/MUS/MUS-AHCMHSMK.jpg,5,MUS,7636,5,0,7,0.69372636,0.8937845,1.0,0.40752995,1.9184655
/content/Dataset/DEB/DEB-NRMQLFDY.jpg,2,DEB,7637,2,0,3,1.0177817,0.79472476,1.0,0.6854781,3.168165
/content/Dataset/BACK/BACK-LHDISWMY.jpg,1,BACK,7638,1,0,0,1.0748659,0.81172925,1.0,0.7029231,3.3489618
/content/Dataset/TUM/TUM-WICMQWDC.jpg,8,TUM,7639,6,1,6,0.9902875,0.79865026,1.0,0.689487,2.9781365
/content/Dataset/MUS/MUS-CFSALIRA.jpg,5,MUS,7640,7,1,7,0.9624605,0.78875065,1.0,0.6916977,2.8654711
/content/Dataset/MUC/MUC-SRCESAMG.jpg,4,MUC,7641,4,0,7,0.993718,0.7965764,1.0,0.6790838,3.0420046
/content/Dataset/NORM/NORM-SSMHCFSC.jpg,6,NORM,7642,6,0,8,0.9762753,0.78209454,1.0,0.6846488,2.9966156
/content/Dataset/BACK/BACK-ISHNLLDG.jpg,1,BACK,7643,1,0,4,1.0611861,0.82051337,0.9832954,0.7039886,3.2472003
/content/Dataset/MUC/MUC-VRKLMYQR.jpg,4,MUC,7644,4,0,7,0.99287313,0.79509425,1.0,0.679127,3.0444689
/content/Dataset/BACK/BACK-HTKWKEGC.jpg,1,BACK,7645,1,0,3,1.0663029,0.81011015,1.0,0.7042863,3.302187
/content/Dataset/ADI/ADI-CRRAEKTM.jpg,0,ADI,7646,3,1,3,1.1027111,0.8216504,1.0,0.7221802,3.385685
/content/Dataset/TUM/TUM-YSSDKHVF.jpg,8,TUM,7647,8,0,6,0.97209,0.85151565,1.0,0.64273727,2.7879145
/content/Dataset/MUC/MUC-TLQICLFY.jpg,4,MUC,7648,4,0,7,0.9937521,0.7979627,1.0,0.6782728,3.0380065
/content/Dataset/STR/STR-YAQVNPDF.jpg,7,STR,7649,7,0,5,0.92665863,0.77360713,1.0,0.6603229,2.836397
/content/Dataset/NORM/NORM-MYANRGTM.jpg,6,NORM,7650,6,0,8,0.97287077,0.7779737,1.0,0.68379897,3.0005631
/content/Dataset/MUS/MUS-QLCGACPS.jpg,5,MUS,7651,5,0,7,0.9520151,0.7741322,1.0,0.6901673,2.8817666
/content/Dataset/BACK/BACK-KPCWKPGK.jpg,1,BACK,7652,1,0,3,1.0663955,0.81011194,1.0,0.7043855,3.3023572
/content/Dataset/MUS/MUS-QWMMIFIY.jpg,5,MUS,7653,5,0,7,0.9568678,0.783182,1.0,0.68943095,2.8680236
/content/Dataset/BACK/BACK-KLAWVSLQ.jpg,1,BACK,7654,1,0,3,1.0664073,0.8101543,1.0,0.7043605,3.3022866
/content/Dataset/STR/STR-TGKYQMFV.jpg,7,STR,7655,7,0,5,0.92478657,0.77150106,1.0,0.6595551,2.8381758
/content/Dataset/BACK/BACK-KKTIVWMA.jpg,1,BACK,7656,1,0,3,1.0662947,0.8100776,1.0,0.704299,3.3022707
/content/Dataset/NORM/NORM-RCESSWFP.jpg,6,NORM,7657,6,0,8,0.9805917,0.8273359,1.0,0.66175026,2.8797069
/content/Dataset/STR/STR-TRLIREEN.jpg,7,STR,7658,7,0,5,0.9258831,0.79898155,1.0,0.6444975,2.7657304
/content/Dataset/NORM/NORM-NQAAEEEI.jpg,6,NORM,7659,4,1,4,1.0211838,0.8299254,1.0,0.66712976,3.0722413
/content/Dataset/STR/STR-SLGQDCKR.jpg,7,STR,7660,7,0,5,0.91097283,0.8401202,1.0,0.6094623,2.6192114
/content/Dataset/BACK/BACK-IVMQFPYV.jpg,1,BACK,7661,1,0,0,1.0635153,0.85543776,1.0,0.6661306,3.1865432
/content/Dataset/DEB/DEB-WAWMNRME.jpg,2,DEB,7662,2,0,3,1.01846,0.79345775,1.0,0.68698376,3.1735084
/content/Dataset/STR/STR-SQFAACEG.jpg,7,STR,7663,5,1,5,0.9284074,0.782267,1.0,0.65689355,2.81668
/content/Dataset/ADI/ADI-HAYDIVCV.jpg,0,ADI,7664,0,0,4,1.0847468,0.8226603,1.0,0.7224353,3.2749672
/content/Dataset/LYM/LYM-QCLPKLIH.jpg,3,LYM,7665,4,1,4,1.0589921,0.8153516,1.0,0.7107943,3.2081356
/content/Dataset/LYM/LYM-TCTRRKGC.jpg,3,LYM,7666,4,1,4,1.0586736,0.81492054,1.0,0.71074694,3.208753
/content/Dataset/DEB/DEB-PVNGNCYQ.jpg,2,DEB,7667,2,0,3,1.0178828,0.7914783,1.0,0.68773675,3.1779559
/content/Dataset/BACK/BACK-IHNKGYDY.jpg,1,BACK,7668,1,0,3,1.0665692,0.8104335,1.0,0.7043366,3.3017943
/content/Dataset/ADI/ADI-HEHSTGNA.jpg,0,ADI,7669,0,0,3,1.101895,0.8206414,1.0,0.72209686,3.3868654
/content/Dataset/MUS/MUS-VKYGCFYW.jpg,5,MUS,7670,5,0,7,0.9597109,0.7842219,1.0,0.691715,2.8716102
/content/Dataset/ADI/ADI-CQTRADFM.jpg,0,ADI,7671,0,0,4,1.084001,0.82260966,0.9990241,0.72203356,3.2741635
/content/Dataset/BACK/BACK-MHCQSRVA.jpg,1,BACK,7672,1,0,3,1.0655586,0.80921006,1.0,0.704152,3.303242
/content/Dataset/LYM/LYM-SEGPINYS.jpg,3,LYM,7673,3,0,2,1.0535665,0.83203304,1.0,0.6997075,3.1304429
/content/Dataset/ADI/ADI-IHWPWKKG.jpg,0,ADI,7674,0,0,4,1.0855163,0.82435936,1.0,0.7220456,3.271657
/content/Dataset/LYM/LYM-RDYWRNNM.jpg,3,LYM,7675,3,0,2,1.0480725,0.806105,1.0,0.7109231,3.1939185
/content/Dataset/MUC/MUC-VIWYYMMN.jpg,4,MUC,7676,4,0,6,1.0162977,0.8048142,1.0,0.67692506,3.1369731
/content/Dataset/DEB/DEB-VSAAKDQG.jpg,2,DEB,7677,3,1,3,1.020169,0.7958043,1.0,0.68718237,3.1704009
/content/Dataset/STR/STR-QGVHSNRI.jpg,7,STR,7678,7,0,5,0.92683464,0.7759503,1.0,0.65905833,2.830408
/content/Dataset/MUC/MUC-WGWMETYH.jpg,4,MUC,7679,0,1,0,1.0320069,0.8027797,1.0,0.67654926,3.241085
/content/Dataset/MUS/MUS-RSINKNGW.jpg,5,MUS,7680,7,1,7,0.9621706,0.7891147,1.0,0.6911845,2.8637872
/content/Dataset/STR/STR-QWACRANQ.jpg,7,STR,7681,7,0,5,0.9208772,0.76582474,1.0,0.65893906,2.8448243
/content/Dataset/BACK/BACK-IVTRTNGK.jpg,1,BACK,7682,1,0,3,1.065898,0.8095505,1.0,0.7042585,3.3029783
/content/Dataset/NORM/NORM-RFPQWVWN.jpg,6,NORM,7683,6,0,8,0.9671116,0.7815884,1.0,0.67539257,2.9774952
/content/Dataset/NORM/NORM-TAPEAVKF.jpg,6,NORM,7684,6,0,8,0.97659206,0.78299147,1.0,0.68437105,2.9948745
/content/Dataset/STR/STR-TDVATWAD.jpg,7,STR,7685,5,1,5,0.9290496,0.81585187,1.0,0.63866645,2.7270224
/content/Dataset/TUM/TUM-QLTTISFD.jpg,8,TUM,7686,8,0,6,0.98501736,0.78765076,1.0,0.69119215,2.9969983
/content/Dataset/STR/STR-VLLDHWFN.jpg,7,STR,7687,7,0,5,0.9226871,0.8199156,1.0,0.63018924,2.7016046
/content/Dataset/BACK/BACK-MEAHIRSK.jpg,1,BACK,7688,0,1,0,1.0774734,0.8147239,1.0,0.7034682,3.34571
/content/Dataset/ADI/ADI-FCWGFMNC.jpg,0,ADI,7689,0,0,5,1.0945445,0.8302872,0.9840158,0.72252876,3.318506
/content/Dataset/MUC/MUC-VLWGAKAI.jpg,4,MUC,7690,4,0,7,0.47809386,0.8774247,1.0,0.20488493,1.3963212
/content/Dataset/NORM/NORM-STRSNYDA.jpg,6,NORM,7691,6,0,8,0.583021,0.828657,1.0,0.28980717,1.8217313
/content/Dataset/LYM/LYM-TAMECKSL.jpg,3,LYM,7692,3,0,2,1.0484852,0.8070487,1.0,0.71070313,3.1920822
/content/Dataset/DEB/DEB-YDKLLTQP.jpg,2,DEB,7693,2,0,3,1.0182831,0.7930597,1.0,0.6870955,3.1741853
/content/Dataset/DEB/DEB-AAFQPLWK.jpg,2,DEB,7694,8,1,8,1.0351669,0.8446373,1.0,0.65475965,3.1212292
/content/Dataset/BACK/BACK-LNVCPTEM.jpg,1,BACK,7695,1,0,3,1.066411,0.811501,1.0,0.703457,3.298251
/content/Dataset/ADI/ADI-HESAPNSF.jpg,0,ADI,7696,0,0,2,1.0907626,0.8209857,1.0,0.72185045,3.3208387
/content/Dataset/BACK/BACK-MMMNACYW.jpg,1,BACK,7697,1,0,3,1.0661188,0.80982375,1.0,0.704295,3.3026438
/content/Dataset/BACK/BACK-ICMNRDSK.jpg,1,BACK,7698,1,0,3,1.0659864,0.8096349,1.0,0.70429945,3.3028846
/content/Dataset/STR/STR-TWHYIHWR.jpg,7,STR,7699,2,1,2,0.97742045,0.83932674,1.0,0.61776966,2.9508061
/content/Dataset/MUS/MUS-QEEPWCQK.jpg,5,MUS,7700,5,0,7,0.9591768,0.7831333,1.0,0.6918855,2.8732727
/content/Dataset/ADI/ADI-FSPGFDPA.jpg,0,ADI,7701,0,0,3,1.1019714,0.8212175,1.0,0.72180676,3.385171
/content/Dataset/MUC/MUC-WAPAIPWN.jpg,4,MUC,7702,4,0,3,1.0172415,0.79250276,1.0,0.67908865,3.1995354
/content/Dataset/MUC/MUC-PKINEKEA.jpg,4,MUC,7703,3,1,3,1.0176619,0.79267234,1.0,0.6793947,3.2000198
/content/Dataset/MUS/MUS-SYMIGMLP.jpg,5,MUS,7704,7,1,7,0.9625146,0.7937009,1.0,0.6885998,2.8523767
/content/Dataset/LYM/LYM-VEDCYEDH.jpg,3,LYM,7705,4,1,4,1.0588008,0.81511456,1.0,0.7107532,3.208437
/content/Dataset/BACK/BACK-IKCCFLQE.jpg,1,BACK,7706,0,1,0,1.0753108,0.8103915,1.0,0.70425457,3.3540888
/content/Dataset/STR/STR-RYEVGTHT.jpg,7,STR,7707,7,0,5,0.926047,0.7732163,1.0,0.65987635,2.8362005
/content/Dataset/LYM/LYM-LREFFEVW.jpg,3,LYM,7708,3,0,2,1.0485724,0.80679774,1.0,0.71097296,3.1929562
/content/Dataset/LYM/LYM-VFAMWRNK.jpg,3,LYM,7709,3,0,2,1.047912,0.80638975,1.0,0.7106081,3.1926026
/content/Dataset/MUS/MUS-QQEFITPD.jpg,5,MUS,7710,5,0,7,0.9580641,0.7809105,1.0,0.6921631,2.8767793
/content/Dataset/BACK/BACK-FTSFVIAG.jpg,1,BACK,7711,1,0,3,1.0668349,0.8108915,1.0,0.70428574,3.3010333
/content/Dataset/MUC/MUC-QKGAQSWD.jpg,4,MUC,7712,6,1,6,1.0179939,0.8293829,1.0,0.6638255,3.0683656
/content/Dataset/DEB/DEB-SAFYASCS.jpg,2,DEB,7713,2,0,8,0.8485968,0.89560366,1.0,0.4749278,2.4849231
/content/Dataset/MUS/MUS-CGNYQQAV.jpg,5,MUS,7714,5,0,7,0.9587705,0.7822897,1.0,0.6920329,2.874559
/content/Dataset/BACK/BACK-KGYDDETL.jpg,1,BACK,7715,1,0,3,1.0668427,0.810688,1.0,0.704426,3.3016777
/content/Dataset/ADI/ADI-ETWCYAND.jpg,0,ADI,7716,5,1,5,1.103701,0.8405142,1.0,0.7198207,3.2968912
/content/Dataset/BACK/BACK-MECMCYPG.jpg,1,BACK,7717,1,0,4,1.0607481,0.84032273,1.0,0.6865525,3.1746333
/content/Dataset/STR/STR-QKMAGACT.jpg,7,STR,7718,2,1,2,0.9727996,0.80174404,0.9233964,0.65549034,3.1053126
/content/Dataset/MUS/MUS-APPRVMYI.jpg,5,MUS,7719,5,0,7,0.96073115,0.78610706,1.0,0.6915909,2.8687315
/content/Dataset/STR/STR-YLAHTWNG.jpg,7,STR,7720,4,1,4,0.9737473,0.8064039,1.0,0.6485912,2.9827228
/content/Dataset/DEB/DEB-QCVMCIFS.jpg,2,DEB,7721,2,0,3,1.0106136,0.7949854,1.0,0.6779125,3.1515613
/content/Dataset/DEB/DEB-QVNHVMFN.jpg,2,DEB,7722,4,1,4,1.0648752,0.84276146,1.0,0.67198426,3.2379758
/content/Dataset/TUM/TUM-TGNPFNPA.jpg,8,TUM,7723,8,0,7,0.29244593,0.79478097,1.0,0.04225213,0.9411237
/content/Dataset/NORM/NORM-WNPWTCTA.jpg,6,NORM,7724,6,0,4,0.99869484,0.8056265,0.9193333,0.68383735,3.1463437
/content/Dataset/STR/STR-YSDPCAKK.jpg,7,STR,7725,7,0,5,0.92762536,0.78325284,1.0,0.6552577,2.8129086
/content/Dataset/LYM/LYM-RHYPHAEA.jpg,3,LYM,7726,4,1,4,1.0589911,0.8154855,1.0,0.71068746,3.2078028
/content/Dataset/DEB/DEB-SQPHSQKW.jpg,2,DEB,7727,2,0,3,1.018213,0.793935,1.0,0.68639505,3.1716194
/content/Dataset/TUM/TUM-SWRFVMMV.jpg,8,TUM,7728,6,1,6,0.98637056,0.7894496,1.0,0.69140303,2.995032
/content/Dataset/ADI/ADI-IDGCWRWM.jpg,0,ADI,7729,0,0,3,1.1020689,0.8208058,1.0,0.7221532,3.386753
/content/Dataset/TUM/TUM-TCSNFQCP.jpg,8,TUM,7730,8,0,6,0.9853095,0.8350684,1.0,0.66333765,2.8650527
/content/Dataset/MUC/MUC-QTDRPASE.jpg,4,MUC,7731,4,0,3,1.017274,0.79272676,1.0,0.6789935,3.198871
/content/Dataset/ADI/ADI-FATPVSMN.jpg,0,ADI,7732,0,0,3,1.1018171,0.8211534,0.9997558,0.7217135,3.3854313
/content/Dataset/MUS/MUS-CIVWVYYP.jpg,5,MUS,7733,7,1,7,0.96521354,0.79512674,1.0,0.6905094,2.854485
/content/Dataset/STR/STR-QIWCYLWH.jpg,7,STR,7734,7,0,5,0.48397782,0.7925341,1.0,0.20876321,1.5814301
/content/Dataset/STR/STR-WNDRKHLD.jpg,7,STR,7735,5,1,5,0.92936087,0.78290486,1.0,0.65754646,2.8169909
/content/Dataset/ADI/ADI-GSACFASF.jpg,0,ADI,7736,3,1,3,1.1027913,0.8217556,1.0,0.722193,3.3855176
/content/Dataset/STR/STR-WKYHLCRA.jpg,7,STR,7737,5,1,5,0.9312347,0.8064855,1.0,0.64585185,2.7574325
/content/Dataset/BACK/BACK-MNEVLKSD.jpg,1,BACK,7738,1,0,4,1.0585216,0.81945854,0.9761198,0.7042291,3.249357
/content/Dataset/NORM/NORM-YMFLTING.jpg,6,NORM,7739,6,0,8,0.97929204,0.78998494,1.0,0.6826346,2.9813426
/content/Dataset/BACK/BACK-FWIMGGYI.jpg,1,BACK,7740,0,1,0,1.0795436,0.8203261,1.0,0.7017789,3.3332508
/content/Dataset/MUC/MUC-SEWDYINQ.jpg,4,MUC,7741,4,0,3,1.0174321,0.79257107,1.0,0.67925096,3.1997166
/content/Dataset/BACK/BACK-NYFISLHN.jpg,1,BACK,7742,1,0,2,1.0098889,0.8520426,1.0,0.6205288,3.0630755
/content/Dataset/TUM/TUM-RWCQCCMC.jpg,8,TUM,7743,8,0,6,0.96207803,0.8580987,1.0,0.63055825,2.7456927
/content/Dataset/BACK/BACK-PFQYRWLT.jpg,1,BACK,7744,1,0,3,1.0659329,0.8095289,1.0,0.704314,3.3030977
/content/Dataset/NORM/NORM-PMCSKQDA.jpg,6,NORM,7745,6,0,8,0.9733689,0.7781867,1.0,0.6841966,3.0010302
/content/Dataset/STR/STR-QTDNLQKN.jpg,7,STR,7746,7,0,5,0.9191598,0.7720715,1.0,0.65323514,2.82375
/content/Dataset/MUC/MUC-VCHQKNPH.jpg,4,MUC,7747,0,1,0,1.0308236,0.82710236,1.0,0.6605386,3.1642523
/content/Dataset/TUM/TUM-RWMRPARW.jpg,8,TUM,7748,8,0,6,0.9839968,0.7872831,1.0,0.6904175,2.995612
/content/Dataset/MUC/MUC-TECLTLHT.jpg,4,MUC,7749,4,0,6,0.82894105,0.89367837,1.0,0.47246253,2.3990204
/content/Dataset/NORM/NORM-RFCDGIQD.jpg,6,NORM,7750,6,0,8,0.97408223,0.779795,1.0,0.6838236,2.9983032
/content/Dataset/MUC/MUC-WRQWTKIV.jpg,4,MUC,7751,4,0,3,1.0173817,0.7928538,1.0,0.67899776,3.1988137
/content/Dataset/BACK/BACK-LAPEHMQC.jpg,1,BACK,7752,1,0,3,1.0663295,0.81019396,1.0,0.70425427,3.302002
/content/Dataset/MUS/MUS-AMHGKSRE.jpg,5,MUS,7753,7,1,7,0.9624975,0.7909163,1.0,0.69034153,2.8597932
/content/Dataset/BACK/BACK-IAFTSQCE.jpg,1,BACK,7754,1,0,5,1.065549,0.82364696,0.9737396,0.7034505,3.2747695
/content/Dataset/TUM/TUM-QVKWALWQ.jpg,8,TUM,7755,8,0,6,0.9844163,0.7870253,1.0,0.6909801,2.9974034
/content/Dataset/MUS/MUS-CLPSFRIA.jpg,5,MUS,7756,5,0,7,0.95517164,0.7771425,1.0,0.6915784,2.880509
/content/Dataset/MUC/MUC-RPWHQWVI.jpg,4,MUC,7757,1,1,1,1.0328895,0.80364716,1.0,0.6761662,3.2430475
/content/Dataset/TUM/TUM-RCLEGDFR.jpg,8,TUM,7758,6,1,6,0.990609,0.8256142,1.0,0.67358744,2.9037695
/content/Dataset/NORM/NORM-MKVIFNDY.jpg,6,NORM,7759,4,1,4,1.0265735,0.81810373,1.0,0.67973864,3.118102
/content/Dataset/NORM/NORM-TIGKIWYL.jpg,6,NORM,7760,4,1,4,1.0097971,0.81000686,0.94828457,0.68334234,3.1393454
/content/Dataset/BACK/BACK-DDWRGMWD.jpg,1,BACK,7761,1,0,3,1.0664057,0.8103534,1.0,0.7042172,3.3017108
/content/Dataset/TUM/TUM-YCYKRRAN.jpg,8,TUM,7762,8,0,6,0.9848434,0.787536,1.0,0.69110054,2.996887
/content/Dataset/ADI/ADI-FSIRFHIT.jpg,0,ADI,7763,0,0,5,1.1008339,0.8327005,1.0,0.7221233,3.3141115
/content/Dataset/BACK/BACK-LNSAHEFQ.jpg,1,BACK,7764,0,1,0,1.0798367,0.8214239,1.0,0.70134133,3.3305676
/content/Dataset/BACK/BACK-KHFVCCHL.jpg,1,BACK,7765,1,0,0,1.0750586,0.8107331,0.99987805,0.7038062,3.352587
/content/Dataset/ADI/ADI-EHPRARDS.jpg,0,ADI,7766,0,0,5,1.0973423,0.8306452,0.9929449,0.72229695,3.3173234
/content/Dataset/MUS/MUS-RPPNNWIQ.jpg,5,MUS,7767,5,0,7,0.95957416,0.78588164,1.0,0.6905109,2.8668218
/content/Dataset/BACK/BACK-MQSMIVMQ.jpg,1,BACK,7768,2,1,2,1.0774341,0.8311218,1.0,0.69456977,3.2889977
/content/Dataset/MUS/MUS-SWHRSGPA.jpg,5,MUS,7769,5,0,7,0.9544643,0.7764744,1.0,0.69128275,2.8806975
/content/Dataset/MUS/MUS-RDYGKVET.jpg,5,MUS,7770,5,0,7,0.9285919,0.84446466,1.0,0.6279202,2.638189
/content/Dataset/LYM/LYM-QRHTTNRT.jpg,3,LYM,7771,4,1,4,1.0576348,0.8146626,0.99719626,0.7107252,3.2091782
/content/Dataset/DEB/DEB-RWNKCPVF.jpg,2,DEB,7772,8,1,8,1.0454439,0.8184148,0.981976,0.6850315,3.2377264
/content/Dataset/MUC/MUC-NFTGYTCR.jpg,4,MUC,7773,4,0,3,1.0166559,0.7912251,1.0,0.67931694,3.2020907
/content/Dataset/LYM/LYM-SIKCIMHV.jpg,3,LYM,7774,3,0,2,1.0490481,0.80774605,1.0,0.7107988,3.1912975
/content/Dataset/DEB/DEB-WHQADYLM.jpg,2,DEB,7775,2,0,3,1.0170743,0.7907691,1.0,0.6873738,3.178261
/content/Dataset/MUS/MUS-PHCFFRDW.jpg,5,MUS,7776,5,0,7,0.75382996,0.8936989,1.0,0.45846763,2.0749342
/content/Dataset/STR/STR-TQGFNMVC.jpg,7,STR,7777,7,0,5,0.92314094,0.76943433,1.0,0.65914,2.8399398
/content/Dataset/BACK/BACK-GRDMGPII.jpg,1,BACK,7778,0,1,0,1.0752274,0.810673,1.0,0.70398074,3.3530452
/content/Dataset/STR/STR-SRDFWGTQ.jpg,7,STR,7779,7,0,5,0.9213788,0.7662095,1.0,0.6592655,2.8448129
/content/Dataset/MUS/MUS-SVNMKRYD.jpg,5,MUS,7780,5,0,7,0.96016157,0.7845396,1.0,0.69199455,2.8717153
/content/Dataset/DEB/DEB-PDYTCETC.jpg,2,DEB,7781,3,1,3,1.0193846,0.7993039,1.0,0.6840497,3.1584885
/content/Dataset/NORM/NORM-LVDVHTDL.jpg,6,NORM,7782,6,0,4,1.0012991,0.80582017,0.9300566,0.6831272,3.1442423
/content/Dataset/BACK/BACK-GEYEPDFK.jpg,1,BACK,7783,1,0,8,1.0653114,0.81554055,1.0,0.7038729,3.2683544
/content/Dataset/MUS/MUS-QWKHPCNT.jpg,5,MUS,7784,5,0,7,0.95984083,0.7896871,1.0,0.6883573,2.857211
/content/Dataset/MUS/MUS-SNSQLHMA.jpg,5,MUS,7785,5,0,7,0.95569724,0.7780452,1.0,0.691498,2.8793788
/content/Dataset/MUS/MUS-ATEQPQSK.jpg,5,MUS,7786,5,0,7,0.95525736,0.78127575,1.0,0.6890723,2.8692622
/content/Dataset/NORM/NORM-THTHKSTR.jpg,6,NORM,7787,4,1,4,1.0268043,0.8172084,1.0,0.68021816,3.1222858
/content/Dataset/NORM/NORM-PVAFNMDA.jpg,6,NORM,7788,6,0,8,0.970873,0.77471805,1.0,0.6838945,3.0051246
/content/Dataset/TUM/TUM-VMHGCMYR.jpg,8,TUM,7789,8,0,6,0.9839553,0.78643596,1.0,0.69089866,2.9979904
/content/Dataset/STR/STR-RDGVNQDW.jpg,7,STR,7790,7,0,4,0.52682394,0.8784839,1.0,0.23282029,1.5609208
/content/Dataset/DEB/DEB-PLKVAQAA.jpg,2,DEB,7791,3,1,3,1.0194665,0.7947899,1.0,0.68716,3.171731
/content/Dataset/NORM/NORM-YMMHAVKI.jpg,6,NORM,7792,6,0,4,1.000723,0.8076454,0.92124313,0.6839174,3.1439636
/content/Dataset/DEB/DEB-WHMWTPLI.jpg,2,DEB,7793,2,0,3,1.0186841,0.7926707,1.0,0.687765,3.1762283
/content/Dataset/NORM/NORM-RECTIHGY.jpg,6,NORM,7794,4,1,4,1.0095334,0.8096541,0.94764817,0.6835174,3.1401494
/content/Dataset/NORM/NORM-SHYDTGRE.jpg,6,NORM,7795,6,0,8,0.9794575,0.78922427,1.0,0.683303,2.9838145
/content/Dataset/NORM/NORM-MNGWVMMC.jpg,6,NORM,7796,6,0,8,0.55256057,0.89647585,1.0,0.27638504,1.5566686
/content/Dataset/NORM/NORM-VNSQYQLY.jpg,6,NORM,7797,6,0,8,0.97208136,0.776671,1.0,0.683825,3.0024817
/content/Dataset/BACK/BACK-MNRIEIDS.jpg,1,BACK,7798,1,0,4,1.0577681,0.8428273,1.0,0.68239534,3.1599
/content/Dataset/LYM/LYM-SDGFHWGI.jpg,3,LYM,7799,6,1,6,1.0837586,0.8413977,1.0,0.69948703,3.2528446
/content/Dataset/STR/STR-YGAQKQCP.jpg,7,STR,7800,5,1,5,0.92956746,0.81346434,1.0,0.6403852,2.734827
/content/Dataset/LYM/LYM-TSMFQDTE.jpg,3,LYM,7801,3,0,2,1.0516895,0.8142382,1.0,0.7091271,3.1782322
/content/Dataset/NORM/NORM-TWNKQKWE.jpg,6,NORM,7802,4,1,4,1.0042801,0.8085085,0.93210256,0.68364877,3.1421626
/content/Dataset/BACK/BACK-KKAYREFL.jpg,1,BACK,7803,1,0,0,1.0665313,0.85374033,1.0,0.66976553,3.1990519
/content/Dataset/DEB/DEB-TTWTWEQM.jpg,2,DEB,7804,2,0,3,1.0177889,0.79132974,1.0,0.68771225,3.1782808
/content/Dataset/MUC/MUC-VYTKIMNL.jpg,4,MUC,7805,0,1,0,1.0320753,0.8260389,1.0,0.6622235,3.1708925
/content/Dataset/STR/STR-TRQCSWWP.jpg,7,STR,7806,5,1,5,0.92813647,0.778448,1.0,0.6590026,2.826236
/content/Dataset/ADI/ADI-ASSRPARS.jpg,0,ADI,7807,5,1,5,1.1032121,0.83784187,1.0,0.7210457,3.303943
/content/Dataset/BACK/BACK-ECKDYFFQ.jpg,1,BACK,7808,0,1,0,1.0781004,0.81631255,1.0,0.70301473,3.3422978
/content/Dataset/NORM/NORM-SGWESATR.jpg,6,NORM,7809,6,0,4,0.99882114,0.8064399,0.91731554,0.6839991,3.1457775
/content/Dataset/STR/STR-SWKQTTKH.jpg,7,STR,7810,5,1,5,0.9312469,0.79457605,1.0,0.6525539,2.7897696
/content/Dataset/NORM/NORM-WHVGDRKW.jpg,6,NORM,7811,6,0,8,0.981832,0.80472106,1.0,0.6759248,2.9461498
/content/Dataset/DEB/DEB-PQWECTNW.jpg,2,DEB,7812,2,0,3,0.9974236,0.8441063,1.0,0.63719434,2.9740222
/content/Dataset/LYM/LYM-SFTWWNKC.jpg,3,LYM,7813,3,0,2,1.0493853,0.8086013,1.0,0.7105426,3.1896281
/content/Dataset/LYM/LYM-YSCKFVGA.jpg,3,LYM,7814,4,1,4,1.0568235,0.81446004,0.9937938,0.71108407,3.2103205
/content/Dataset/NORM/NORM-SMASPERP.jpg,6,NORM,7815,4,1,4,1.0265709,0.81912494,1.0,0.67899334,3.1155086
/content/Dataset/LYM/LYM-QPSHANKM.jpg,3,LYM,7816,3,0,4,1.0497656,0.8142281,0.97160244,0.71099323,3.2105217
/content/Dataset/NORM/NORM-SHCTPHWK.jpg,6,NORM,7817,6,0,4,0.8956569,0.8868893,1.0,0.53101283,2.591162
/content/Dataset/TUM/TUM-YPFSEDMV.jpg,8,TUM,7818,6,1,6,0.9865259,0.79011554,1.0,0.6911256,2.99353
/content/Dataset/LYM/LYM-QIYTQRVY.jpg,3,LYM,7819,3,0,2,1.047293,0.8047621,1.0,0.71106833,3.1960247
/content/Dataset/MUC/MUC-RQGCEIWP.jpg,4,MUC,7820,0,1,0,1.0316803,0.8016709,1.0,0.6769564,3.2436423
/content/Dataset/BACK/BACK-CDSTGCDR.jpg,1,BACK,7821,1,0,3,1.0666823,0.81071997,1.0,0.70425195,3.3012
/content/Dataset/DEB/DEB-RDRANMWY.jpg,2,DEB,7822,8,1,8,1.0420014,0.84535146,1.0,0.6608767,3.1346004
/content/Dataset/ADI/ADI-GSQMWCIN.jpg,0,ADI,7823,0,0,4,1.0847247,0.8229757,1.0,0.72220135,3.2739894
/content/Dataset/DEB/DEB-SIARALIL.jpg,2,DEB,7824,2,0,3,1.0176116,0.7918382,1.0,0.6872153,3.176299
/content/Dataset/TUM/TUM-WRIPHFPK.jpg,8,TUM,7825,6,1,6,0.98687464,0.79131156,1.0,0.690711,2.9909577
/content/Dataset/MUC/MUC-NAQEFSEG.jpg,4,MUC,7826,6,1,6,1.0200132,0.81235653,1.0,0.67580914,3.1235573
/content/Dataset/ADI/ADI-CSPNGTPF.jpg,0,ADI,7827,0,0,2,1.0917431,0.82204854,1.0,0.72205627,3.3199446
/content/Dataset/TUM/TUM-SIAFGRVR.jpg,8,TUM,7828,8,0,6,0.9831943,0.78526735,1.0,0.6908478,2.9996555
/content/Dataset/NORM/NORM-QTMHSGDN.jpg,6,NORM,7829,4,1,4,1.0265808,0.8225249,1.0,0.6767331,3.1062744
/content/Dataset/DEB/DEB-WTNMFLAN.jpg,2,DEB,7830,2,0,3,1.0163411,0.7901717,1.0,0.68701726,3.1783912
/content/Dataset/MUC/MUC-QTKVNRVE.jpg,4,MUC,7831,3,1,3,1.017945,0.79383665,1.0,0.67892337,3.197161
/content/Dataset/MUS/MUS-SMKIWLYM.jpg,5,MUS,7832,5,0,7,0.9594316,0.7827691,1.0,0.69239753,2.8747907
/content/Dataset/DEB/DEB-TGHITMSI.jpg,2,DEB,7833,2,0,3,1.0164512,0.78963274,1.0,0.6874847,3.1802516
/content/Dataset/NORM/NORM-RFDPQCEH.jpg,6,NORM,7834,4,1,4,1.0115622,0.8091295,0.9550224,0.68372357,3.141143
/content/Dataset/ADI/ADI-GVECYFHH.jpg,0,ADI,7835,0,0,2,1.0911576,0.8209293,1.0,0.7222658,3.3219109
/content/Dataset/LYM/LYM-NKCNDFGD.jpg,3,LYM,7836,4,1,4,1.0554367,0.8147916,0.98883235,0.71099585,3.2096744
/content/Dataset/BACK/BACK-KYTPFAFT.jpg,1,BACK,7837,1,0,3,1.0667022,0.810249,1.0,0.7045848,3.302676
/content/Dataset/STR/STR-PFLHGGSE.jpg,7,STR,7838,5,1,5,0.92978144,0.781096,1.0,0.6590416,2.8229947
/content/Dataset/TUM/TUM-WDQGSTAS.jpg,8,TUM,7839,6,1,6,0.9861284,0.7894133,1.0,0.6912101,2.9944832
/content/Dataset/LYM/LYM-QHAVMRYS.jpg,3,LYM,7840,3,0,2,1.0471966,0.804722,1.0,0.71099454,3.195944
/content/Dataset/BACK/BACK-ACCYDQNM.jpg,1,BACK,7841,1,0,3,1.0662752,0.81004715,1.0,0.7043024,3.3023117
/content/Dataset/MUS/MUS-SEQVNQHL.jpg,5,MUS,7842,5,0,7,0.956358,0.77824986,1.0,0.69212127,2.8801074
/content/Dataset/NORM/NORM-LKVPWWDQ.jpg,6,NORM,7843,6,0,8,0.97288305,0.77751005,1.0,0.68410593,3.0019376
/content/Dataset/STR/STR-VCMFGKHY.jpg,7,STR,7844,7,0,5,0.9255522,0.82544035,1.0,0.6303743,2.6929388
/content/Dataset/NORM/NORM-RWACCWRR.jpg,6,NORM,7845,6,0,4,1.0005366,0.8060314,0.92484874,0.683763,3.145585
/content/Dataset/DEB/DEB-QCCMMACR.jpg,2,DEB,7846,2,0,3,1.0185282,0.79305595,1.0,0.68737775,3.174643
/content/Dataset/NORM/NORM-MDSWSFGG.jpg,6,NORM,7847,6,0,8,0.9746826,0.7814138,1.0,0.6833894,2.9950962
/content/Dataset/MUC/MUC-QNWIHYLV.jpg,4,MUC,7848,3,1,3,1.0179064,0.79280317,1.0,0.6795545,3.2001944
/content/Dataset/MUC/MUC-ANQLFGAA.jpg,4,MUC,7849,4,0,6,1.0145031,0.8336829,1.0,0.65798694,3.0478399
/content/Dataset/MUC/MUC-WDHMLLAN.jpg,4,MUC,7850,4,0,3,1.0175409,0.7931678,1.0,0.67898375,3.198127
/content/Dataset/MUC/MUC-VTFDHSCS.jpg,4,MUC,7851,0,1,0,1.0340489,0.81056947,1.0,0.67366415,3.2219548
/content/Dataset/TUM/TUM-WGTSMCME.jpg,8,TUM,7852,8,0,6,0.98560417,0.7884748,1.0,0.6912575,2.9960132
/content/Dataset/TUM/TUM-AAGHMFGN.jpg,8,TUM,7853,8,0,6,0.98415184,0.7863874,1.0,0.6910923,2.9987028
/content/Dataset/DEB/DEB-VWRSHVFE.jpg,2,DEB,7854,2,0,3,1.0188993,0.79365027,1.0,0.68730545,3.1739247
/content/Dataset/BACK/BACK-NIRNTLRD.jpg,1,BACK,7855,1,0,3,1.0663577,0.81002593,1.0,0.7044047,3.3025365
/content/Dataset/NORM/NORM-VNLECDFM.jpg,6,NORM,7856,4,1,4,1.0039772,0.8071743,0.93289936,0.6840391,3.144647
/content/Dataset/DEB/DEB-VSNYWVPN.jpg,2,DEB,7857,4,1,4,1.0665603,0.84458107,1.0,0.6725446,3.23614
/content/Dataset/TUM/TUM-TIVHHQLW.jpg,8,TUM,7858,4,1,4,1.0163836,0.8669543,1.0,0.6220224,3.0234675
/content/Dataset/ADI/ADI-CFWRVATT.jpg,0,ADI,7859,3,1,3,1.102692,0.8212267,1.0,0.7224447,3.3869555
/content/Dataset/DEB/DEB-VFECPTEI.jpg,2,DEB,7860,3,1,3,1.0193928,0.79459774,1.0,0.68719745,3.1721835
/content/Dataset/MUC/MUC-AANEGTAN.jpg,4,MUC,7861,0,1,0,1.0271759,0.79573977,0.99258137,0.67856014,3.256559
/content/Dataset/ADI/ADI-GWMVQQWE.jpg,0,ADI,7862,0,0,4,1.0808644,0.8221427,0.98834956,0.72255296,3.2759643
/content/Dataset/STR/STR-VGSFSMCI.jpg,7,STR,7863,7,0,5,0.7033029,0.89191264,1.0,0.41163886,1.9574785
/content/Dataset/NORM/NORM-LFIANQSY.jpg,6,NORM,7864,6,0,8,0.97352046,0.778656,1.0,0.68401057,3.0001655
/content/Dataset/TUM/TUM-VCGTQYKQ.jpg,8,TUM,7865,8,0,6,0.9840995,0.78612465,1.0,0.69122314,2.9992802
/content/Dataset/DEB/DEB-TDCSWEDY.jpg,2,DEB,7866,2,0,8,0.84920144,0.8843943,1.0,0.47688594,2.5224757
/content/Dataset/STR/STR-TTCPKMFW.jpg,7,STR,7867,7,0,5,0.9237928,0.7693757,1.0,0.65994453,2.841357
/content/Dataset/DEB/DEB-VTELPDSC.jpg,2,DEB,7868,8,1,8,1.0506085,0.8206681,1.0,0.6832924,3.2302485
/content/Dataset/MUS/MUS-QHQGIWEP.jpg,5,MUS,7869,5,0,7,0.95327264,0.7750009,1.0,0.6909397,2.8821828
/content/Dataset/MUC/MUC-VHGYHNKQ.jpg,4,MUC,7870,0,1,0,1.0311257,0.8011554,1.0,0.6767632,3.243837
/content/Dataset/DEB/DEB-TETHQDLV.jpg,2,DEB,7871,2,0,3,1.0188152,0.7939682,1.0,0.68700594,3.1728084
/content/Dataset/LYM/LYM-STYYSDNR.jpg,3,LYM,7872,3,0,2,1.0508164,0.81188256,1.0,0.70979375,3.1832225
/content/Dataset/TUM/TUM-VCTEHDAQ.jpg,8,TUM,7873,8,0,6,0.9813323,0.78579193,1.0,0.6885918,2.9939559
/content/Dataset/ADI/ADI-DCDKDFWF.jpg,0,ADI,7874,0,0,2,1.0918183,0.82196194,1.0,0.72219455,3.3203459
/content/Dataset/BACK/BACK-LQGWQGMI.jpg,1,BACK,7875,0,1,0,1.0753374,0.8112066,1.0,0.70371467,3.3517148
/content/Dataset/MUS/MUS-PISKPYDS.jpg,5,MUS,7876,5,0,7,0.95340925,0.7741179,1.0,0.6916888,2.8848033
/content/Dataset/TUM/TUM-WPCTCVQH.jpg,8,TUM,7877,5,1,5,1.0164902,0.8191748,0.8966678,0.69007534,3.197526
/content/Dataset/TUM/TUM-VVEQCGIP.jpg,8,TUM,7878,8,0,6,0.9845234,0.7873312,1.0,0.69086766,2.9968617
/content/Dataset/STR/STR-REHQPQCS.jpg,7,STR,7879,2,1,2,0.99330306,0.8163538,1.0,0.6452933,3.0565012
/content/Dataset/LYM/LYM-VRDDCSRH.jpg,3,LYM,7880,4,1,4,1.056825,0.8148836,0.993915,0.7107836,3.2089427
/content/Dataset/ADI/ADI-ATNYYNWH.jpg,0,ADI,7881,0,0,4,1.085193,0.82381666,1.0,0.72208357,3.272581
/content/Dataset/NORM/NORM-PQLDYLEI.jpg,6,NORM,7882,6,0,8,0.97607136,0.7818837,1.0,0.6845636,2.9967847
/content/Dataset/LYM/LYM-NCPVKMAG.jpg,3,LYM,7883,3,0,4,1.0500423,0.81468815,0.9712467,0.7110672,3.2100399
/content/Dataset/ADI/ADI-IALVPGKK.jpg,0,ADI,7884,3,1,3,1.102206,0.8211131,1.0,0.72206074,3.386181
/content/Dataset/NORM/NORM-SRDYFSPA.jpg,6,NORM,7885,6,0,8,0.971737,0.7758738,1.0,0.68401486,3.0038779
/content/Dataset/MUC/MUC-VNMGACPR.jpg,4,MUC,7886,4,0,7,0.30758435,0.7805898,1.0,0.057109043,1.0068356
/content/Dataset/NORM/NORM-QNVCWLVN.jpg,6,NORM,7887,6,0,8,0.9826467,0.80870956,1.0,0.6744156,2.9365911
/content/Dataset/NORM/NORM-TWEQWVHN.jpg,6,NORM,7888,5,1,5,1.0502955,0.8528369,1.0,0.6550373,3.1648328
/content/Dataset/ADI/ADI-DYHMSFAL.jpg,0,ADI,7889,3,1,3,1.1023256,0.8211343,1.0,0.72217023,3.386353
/content/Dataset/STR/STR-WAMQFYVN.jpg,7,STR,7890,7,0,5,0.91569996,0.7768116,1.0,0.646463,2.8036084
/content/Dataset/MUS/MUS-RGRHKNCP.jpg,5,MUS,7891,7,1,7,0.96329504,0.7908004,1.0,0.6912453,2.8618627
/content/Dataset/MUS/MUS-ANAAFHTF.jpg,5,MUS,7892,7,1,7,0.96326154,0.7909688,1.0,0.69108444,2.8613968
/content/Dataset/BACK/BACK-LKDFKEID.jpg,1,BACK,7893,1,0,3,1.0661374,0.8098371,1.0,0.70431614,3.302602
/content/Dataset/NORM/NORM-YNASMDNV.jpg,6,NORM,7894,5,1,5,1.0426804,0.83068895,0.92914885,0.68083423,3.2655041
/content/Dataset/LYM/LYM-SCHLCSGT.jpg,3,LYM,7895,4,1,4,1.056658,0.81471103,0.9941577,0.7106539,3.2089293
/content/Dataset/DEB/DEB-VQVSVNVR.jpg,2,DEB,7896,3,1,3,1.0194194,0.794267,1.0,0.6874419,3.1732233
/content/Dataset/MUS/MUS-CEGGCLPK.jpg,5,MUS,7897,5,0,7,0.95569736,0.77768975,1.0,0.6917481,2.8802838
/content/Dataset/TUM/TUM-QTVMLRAF.jpg,8,TUM,7898,8,0,6,0.984071,0.786893,1.0,0.6907171,2.9969757
/content/Dataset/ADI/ADI-INHRPEKF.jpg,0,ADI,7899,0,0,3,1.1017869,0.8204686,1.0,0.7221108,3.3871472
/content/Dataset/TUM/TUM-VHLNPSNV.jpg,8,TUM,7900,6,1,6,0.9886306,0.80707675,1.0,0.68246514,2.9512348
/content/Dataset/LYM/LYM-KIMFVTPM.jpg,3,LYM,7901,3,0,2,1.0492686,0.80904853,1.0,0.7101638,3.1879408
/content/Dataset/LYM/LYM-YNVPGNKR.jpg,3,LYM,7902,3,0,2,1.0464431,0.80414236,1.0,0.7106304,3.1959589
/content/Dataset/ADI/ADI-GIDWWVST.jpg,0,ADI,7903,0,0,3,1.1020745,0.8207223,1.0,0.7222025,3.3870685
/content/Dataset/ADI/ADI-IDFQQHEC.jpg,0,ADI,7904,0,0,5,1.1016152,0.8339822,1.0,0.72203684,3.3119752
/content/Dataset/MUC/MUC-AEQHMKMF.jpg,4,MUC,7905,6,1,6,1.0200365,0.8225063,1.0,0.66974723,3.0935235
/content/Dataset/NORM/NORM-QHGCREDG.jpg,6,NORM,7906,6,0,8,0.9843383,0.8041258,1.0,0.678918,2.9531386
/content/Dataset/DEB/DEB-SLQKMPTR.jpg,2,DEB,7907,2,0,3,1.018144,0.79186034,1.0,0.68773687,3.1774597
/content/Dataset/MUS/MUS-SRQSYSLI.jpg,5,MUS,7908,5,0,7,0.9555929,0.7770994,1.0,0.6920526,2.8815587
/content/Dataset/MUS/MUS-NMHCFQAE.jpg,5,MUS,7909,5,0,7,0.95811033,0.78183424,1.0,0.6916185,2.8743725
/content/Dataset/ADI/ADI-FCVRHVIM.jpg,0,ADI,7910,0,0,4,1.0834651,0.8228514,0.9965878,0.7221021,3.2739117
/content/Dataset/MUC/MUC-YPFNPPAP.jpg,4,MUC,7911,4,0,7,0.9932518,0.7955428,1.0,0.6791944,3.0441504
/content/Dataset/ADI/ADI-GWFEMWNA.jpg,0,ADI,7912,0,0,4,1.086957,0.8267194,1.0,0.72186804,3.267894
/content/Dataset/DEB/DEB-TGHMEAML.jpg,2,DEB,7913,2,0,8,0.8784226,0.8919364,1.0,0.50036144,2.5759132
/content/Dataset/BACK/BACK-LQGLQYTC.jpg,1,BACK,7914,0,1,0,1.0756195,0.8112315,1.0,0.7039772,3.3522677
/content/Dataset/DEB/DEB-RFSSVYPG.jpg,2,DEB,7915,2,0,3,1.0183302,0.79254055,1.0,0.6874886,3.1758218
/content/Dataset/STR/STR-PVLCLKYT.jpg,7,STR,7916,5,1,5,0.929078,0.7802601,1.0,0.65883017,2.8236144
/content/Dataset/NORM/NORM-AKQARWDQ.jpg,6,NORM,7917,4,1,4,1.0042409,0.8070604,0.9343808,0.68393934,3.1445422
/content/Dataset/MUC/MUC-VCHSFNFF.jpg,4,MUC,7918,4,0,7,0.99339384,0.7956866,1.0,0.6792901,3.043917
/content/Dataset/ADI/ADI-ILMEHLLQ.jpg,0,ADI,7919,0,0,4,1.0848224,0.82340854,1.0,0.72201097,3.272912
/content/Dataset/LYM/LYM-AGKFPCCF.jpg,3,LYM,7920,4,1,4,1.0541258,0.81519616,0.9838956,0.7109152,3.209005
/content/Dataset/TUM/TUM-QLGRNPPW.jpg,8,TUM,7921,6,1,6,0.99208164,0.8054985,1.0,0.6869965,2.9631011
/content/Dataset/BACK/BACK-MERQEQRA.jpg,1,BACK,7922,1,0,3,1.066462,0.8103427,1.0,0.70428383,3.3018563
/content/Dataset/TUM/TUM-WYCQTCTV.jpg,8,TUM,7923,8,0,6,0.9117155,0.82380563,1.0,0.59751505,2.7255614
/content/Dataset/MUC/MUC-ANGLIYQA.jpg,4,MUC,7924,4,0,7,0.9959922,0.827166,1.0,0.6631937,2.9592657
/content/Dataset/TUM/TUM-VRQRFPGQ.jpg,8,TUM,7925,6,1,6,0.98599166,0.7894924,1.0,0.6910088,2.9939845
/content/Dataset/DEB/DEB-QHHRVVRQ.jpg,2,DEB,7926,2,0,3,1.0166038,0.7918835,1.0,0.6862218,3.173662
/content/Dataset/MUC/MUC-RMFFNYVV.jpg,4,MUC,7927,4,0,3,1.0165917,0.7910688,1.0,0.6793322,3.2024925
/content/Dataset/TUM/TUM-QTDVWTRP.jpg,8,TUM,7928,8,0,6,0.98577493,0.788671,1.0,0.69128525,2.9959133
/content/Dataset/ADI/ADI-DFGDHTQF.jpg,0,ADI,7929,0,0,4,1.0840223,0.8226581,1.0,0.7217593,3.273267
/content/Dataset/STR/STR-VHCALHGG.jpg,7,STR,7930,7,0,5,0.9251163,0.7712343,1.0,0.6601547,2.8393986
/content/Dataset/TUM/TUM-RKIAPSSP.jpg,8,TUM,7931,6,1,6,0.99076736,0.8259631,1.0,0.6735925,2.9030032
/content/Dataset/STR/STR-TPAFIDCD.jpg,7,STR,7932,5,1,5,0.92939204,0.780331,1.0,0.6592022,2.8238716
/content/Dataset/ADI/ADI-HNEFLPMR.jpg,0,ADI,7933,0,0,3,1.09879,0.8205275,0.9902819,0.72215766,3.3872087
/content/Dataset/ADI/ADI-DVWIHNYA.jpg,0,ADI,7934,0,0,3,1.1020699,0.82070005,1.0,0.7222156,3.3871174
/content/Dataset/MUS/MUS-AVDGYRTH.jpg,5,MUS,7935,5,0,7,0.95758486,0.7797339,1.0,0.69244325,2.878833
/content/Dataset/MUS/MUS-QEHCYEVI.jpg,5,MUS,7936,5,0,7,0.95423,0.77556694,1.0,0.6916045,2.88271
/content/Dataset/ADI/ADI-CPNKFYSN.jpg,0,ADI,7937,3,1,3,1.1030722,0.82213545,1.0,0.72220373,3.3849962
/content/Dataset/TUM/TUM-YVEPVIGE.jpg,8,TUM,7938,8,0,6,0.98250157,0.7868902,1.0,0.6890895,2.9934864
/content/Dataset/MUS/MUS-NPFGYAWS.jpg,5,MUS,7939,7,1,7,0.96293175,0.8244134,1.0,0.670882,2.7712607
/content/Dataset/TUM/TUM-QKFYVFQP.jpg,8,TUM,7940,8,0,6,0.98333573,0.7851459,1.0,0.6911089,3.0001988
/content/Dataset/ADI/ADI-GSVWERWT.jpg,0,ADI,7941,0,0,2,1.0912849,0.82102257,1.0,0.72233325,3.3218904
/content/Dataset/ADI/ADI-GLEYTDKV.jpg,0,ADI,7942,0,0,2,1.0910634,0.82097745,1.0,0.7221395,3.321565
/content/Dataset/TUM/TUM-YWNNAFVA.jpg,8,TUM,7943,8,0,6,0.9810981,0.7830211,1.0,0.6901865,3.0011365
/content/Dataset/NORM/NORM-YFKKQNWC.jpg,6,NORM,7944,6,0,4,0.9968629,0.8059255,0.9147438,0.68312496,3.1445427
/content/Dataset/MUS/MUS-VLDDNWPN.jpg,5,MUS,7945,5,0,7,0.9542177,0.77623343,1.0,0.6911731,2.8808215
/content/Dataset/NORM/NORM-TCALRHPA.jpg,6,NORM,7946,6,0,8,0.9762787,0.79035956,1.0,0.67924803,2.973651
/content/Dataset/STR/STR-QNPSVYLK.jpg,7,STR,7947,7,0,5,0.9205465,0.76436985,1.0,0.6595094,2.848045
/content/Dataset/MUS/MUS-SCNAYNPM.jpg,5,MUS,7948,5,0,7,0.95543975,0.7795492,1.0,0.69027334,2.8746636
/content/Dataset/LYM/LYM-FSWDEYPQ.jpg,3,LYM,7949,3,0,2,1.0515705,0.8155428,1.0,0.70818835,3.1740549
/content/Dataset/TUM/TUM-YHYCQPMP.jpg,8,TUM,7950,5,1,5,1.0483711,0.82432157,0.9983534,0.6879234,3.18451
/content/Dataset/MUC/MUC-RFFMINRK.jpg,4,MUC,7951,4,0,3,1.0154978,0.7906835,1.0,0.67846566,3.2011793
/content/Dataset/ADI/ADI-FPDRYKAQ.jpg,0,ADI,7952,0,0,5,1.1008527,0.8322503,1.0,0.722435,3.3155148
/content/Dataset/STR/STR-MPQCLNRI.jpg,7,STR,7953,2,1,2,0.9700724,0.8421854,1.0,0.6094145,2.9248827
/content/Dataset/BACK/BACK-IDTKKMQE.jpg,1,BACK,7954,1,0,8,1.0637316,0.8146839,0.9961014,0.7040785,3.2700512
/content/Dataset/MUS/MUS-SNSQPAQY.jpg,5,MUS,7955,5,0,7,0.2908126,0.77128327,1.0,0.06157988,0.93736595
/content/Dataset/ADI/ADI-INHWVAYY.jpg,0,ADI,7956,0,0,4,1.0859551,0.82515395,1.0,0.7219307,3.2703218
/content/Dataset/ADI/ADI-GEPPKQHC.jpg,0,ADI,7957,0,0,4,1.085984,0.82520455,1.0,0.72192794,3.2702262
/content/Dataset/ADI/ADI-FNHFLLST.jpg,0,ADI,7958,0,0,2,1.0908973,0.82121587,1.0,0.72184026,3.3203957
/content/Dataset/LYM/LYM-ADKQMLNM.jpg,3,LYM,7959,3,0,4,1.0505264,0.8146805,0.97314554,0.71096617,3.2098637
/content/Dataset/LYM/LYM-QNMPLIFP.jpg,3,LYM,7960,3,0,2,1.0473826,0.80505204,1.0,0.7109614,3.195384
/content/Dataset/TUM/TUM-VDLKLNNH.jpg,8,TUM,7961,8,0,6,0.9836251,0.7859799,1.0,0.6908403,2.9985788
/content/Dataset/ADI/ADI-INEDKFER.jpg,0,ADI,7962,0,0,5,1.0943873,0.8306066,0.9837757,0.72222716,3.3173997
/content/Dataset/MUC/MUC-SHEADKST.jpg,4,MUC,7963,6,1,6,1.0178552,0.80968285,1.0,0.6753328,3.126497
/content/Dataset/BACK/BACK-EWRMFHPY.jpg,1,BACK,7964,1,0,3,1.065999,0.809637,1.0,0.7043044,3.302929
/content/Dataset/STR/STR-SLYQVMCM.jpg,7,STR,7965,7,0,5,0.3364953,0.77321935,1.0,0.083489865,1.1136776
/content/Dataset/TUM/TUM-YFKKPEMF.jpg,8,TUM,7966,8,0,6,0.98522955,0.7884093,1.0,0.69093007,2.9953036
/content/Dataset/STR/STR-WALQLASE.jpg,7,STR,7967,7,0,0,0.2831007,0.8342222,1.0,0.03825357,0.8640872
/content/Dataset/BACK/BACK-ILPWTGSP.jpg,1,BACK,7968,0,1,0,1.0755976,0.8125048,1.0,0.70311713,3.3482554
/content/Dataset/STR/STR-WNCHHVGS.jpg,7,STR,7969,7,0,5,0.9257563,0.77616936,1.0,0.6577564,2.827444
/content/Dataset/MUC/MUC-PSRCRLQI.jpg,4,MUC,7970,4,0,3,1.0174733,0.7923601,1.0,0.67941236,3.2005107
/content/Dataset/MUC/MUC-PDKDSRTA.jpg,4,MUC,7971,4,0,6,1.0166621,0.80226344,1.0,0.67879266,3.1457365
/content/Dataset/MUC/MUC-AAKQLWCP.jpg,4,MUC,7972,4,0,7,0.9940175,0.79692596,1.0,0.67914575,3.0417507
/content/Dataset/MUC/MUC-LQIFYAWI.jpg,4,MUC,7973,4,0,3,1.0175704,0.7930984,1.0,0.6790277,3.198515
/content/Dataset/ADI/ADI-GVHQAAAR.jpg,0,ADI,7974,5,1,5,1.1035454,0.85212505,1.0,0.7124935,3.2613466
/content/Dataset/BACK/BACK-MQTKISGS.jpg,1,BACK,7975,0,1,0,1.0774101,0.81538486,1.0,0.7029588,3.3435707
/content/Dataset/BACK/BACK-KNLLIYTY.jpg,1,BACK,7976,0,1,0,1.0752449,0.8099153,1.0,0.7045065,3.355417
/content/Dataset/DEB/DEB-VHRAWIDF.jpg,2,DEB,7977,2,0,3,1.0182029,0.7926133,1.0,0.6873429,3.175205
/content/Dataset/BACK/BACK-AHVDMFQP.jpg,1,BACK,7978,0,1,0,1.0753801,0.8430849,1.0,0.6838218,3.2532396
/content/Dataset/MUS/MUS-RYTLYTHA.jpg,5,MUS,7979,5,0,7,0.96084225,0.78588253,1.0,0.6918539,2.8695734
/content/Dataset/BACK/BACK-DWKWTICE.jpg,1,BACK,7980,1,0,3,1.0653098,0.8090427,1.0,0.70404303,3.3030968
/content/Dataset/STR/STR-NPSCAWAT.jpg,7,STR,7981,5,1,5,0.92801434,0.7796728,1.0,0.6580582,2.8228328
/content/Dataset/LYM/LYM-TNMAIPHP.jpg,3,LYM,7982,3,0,5,0.98853785,0.85683274,1.0,0.6102968,2.9569035
/content/Dataset/ADI/ADI-FMHMAHES.jpg,0,ADI,7983,0,0,4,1.0843339,0.822511,1.0,0.7221393,3.2744715
/content/Dataset/STR/STR-PIIQKDFG.jpg,7,STR,7984,7,0,5,0.92252964,0.76820993,1.0,0.6593231,2.8416872
/content/Dataset/ADI/ADI-AWEDVCQY.jpg,0,ADI,7985,0,0,4,1.084646,0.8230216,1.0,0.7221112,3.2736173
/content/Dataset/NORM/NORM-MNNCQWCN.jpg,6,NORM,7986,6,0,8,0.9755623,0.7815279,1.0,0.6842611,2.9966578
/content/Dataset/MUC/MUC-QSDWNKHV.jpg,4,MUC,7987,4,0,7,0.9910164,0.7946515,0.9935512,0.67940795,3.0459428
/content/Dataset/DEB/DEB-QMPQNLQD.jpg,2,DEB,7988,2,0,3,1.0181266,0.7920026,1.0,0.6876265,3.1769934
/content/Dataset/MUS/MUS-QNCTPFCY.jpg,5,MUS,7989,8,1,8,1.0405564,0.81946105,1.0,0.6805201,3.188388
/content/Dataset/MUS/MUS-SRVYCNLL.jpg,5,MUS,7990,5,0,7,0.8337583,0.87099814,1.0,0.5312061,2.3390024
/content/Dataset/MUS/MUS-PEWKMTLC.jpg,5,MUS,7991,5,0,7,0.9235044,0.8374644,1.0,0.62571263,2.6467793
/content/Dataset/TUM/TUM-VLLIRYDE.jpg,8,TUM,7992,8,0,6,0.9851009,0.7883866,1.0,0.69081455,2.9950714
/content/Dataset/STR/STR-WFWIEKVW.jpg,7,STR,7993,7,0,5,0.32057944,0.8309104,1.0,0.09816189,0.95158666
/content/Dataset/MUS/MUS-CAHYKAPG.jpg,5,MUS,7994,7,1,7,0.963306,0.7934009,1.0,0.68960446,2.8549411
/content/Dataset/LYM/LYM-PYFMVWGQ.jpg,3,LYM,7995,3,0,2,1.0509394,0.8109936,1.0,0.7105108,3.1860638
/content/Dataset/DEB/DEB-PFICGQSC.jpg,2,DEB,7996,3,1,3,1.0192366,0.7951342,1.0,0.68668616,3.1702425
/content/Dataset/ADI/ADI-AWHANWYN.jpg,0,ADI,7997,0,0,4,1.0847347,0.8230748,1.0,0.72216135,3.2736592
/content/Dataset/DEB/DEB-NTKQPMLW.jpg,2,DEB,7998,2,0,3,1.016912,0.7907301,1.0,0.6872131,3.178084
/content/Dataset/MUS/MUS-PEQNPYPC.jpg,5,MUS,7999,7,1,7,0.9623988,0.78847,1.0,0.69177395,2.8662083
/content/Dataset/MUS/MUS-QVYWRSNH.jpg,5,MUS,8000,5,0,7,0.95400655,0.77469045,1.0,0.6919695,2.8845057
/content/Dataset/DEB/DEB-TAKPTIGI.jpg,2,DEB,8001,8,1,8,1.0352952,0.81447023,0.954323,0.6859493,3.2454183
/content/Dataset/MUS/MUS-VGSCPLIM.jpg,5,MUS,8002,7,1,7,0.96175265,0.7910988,1.0,0.6894527,2.8576546
/content/Dataset/NORM/NORM-VYKYKHYG.jpg,6,NORM,8003,4,1,4,1.0257226,0.8225175,1.0,0.6761362,3.1035259
/content/Dataset/BACK/BACK-KWWCNLVC.jpg,1,BACK,8004,1,0,3,1.065627,0.8091908,1.0,0.7042391,3.30343
/content/Dataset/TUM/TUM-SPVFGDWP.jpg,8,TUM,8005,6,1,6,0.99172837,0.82175136,1.0,0.6769449,2.916907
/content/Dataset/DEB/DEB-RNDECWER.jpg,2,DEB,8006,2,0,3,1.0143654,0.7908142,1.0,0.68448496,3.1723328
/content/Dataset/BACK/BACK-PDNYWEEP.jpg,1,BACK,8007,1,0,2,1.0703187,0.82234675,0.9647477,0.70391244,3.324592
/content/Dataset/ADI/ADI-CDIPRVHM.jpg,0,ADI,8008,0,0,4,1.0847384,0.822506,1.0,0.7225227,3.275432
/content/Dataset/TUM/TUM-RAPARHYI.jpg,8,TUM,8009,8,0,6,0.9852246,0.7889001,1.0,0.69058967,2.9939704
/content/Dataset/ADI/ADI-HMRYMNPG.jpg,0,ADI,8010,3,1,3,1.1028538,0.82201046,1.0,0.7220709,3.3849142
/content/Dataset/NORM/NORM-NDPQNAAK.jpg,6,NORM,8011,6,0,8,0.9817112,0.79548395,1.0,0.68161935,2.9713933
/content/Dataset/MUC/MUC-TWPVYYQA.jpg,4,MUC,8012,0,1,0,1.0312153,0.8067996,1.0,0.6731218,3.2273183
/content/Dataset/STR/STR-STQQKVHY.jpg,7,STR,8013,7,0,5,0.92066205,0.7644353,1.0,0.6595798,2.8481674
/content/Dataset/BACK/BACK-ALRHWCHC.jpg,1,BACK,8014,1,0,3,1.066612,0.81047404,1.0,0.7043521,3.3017666
/content/Dataset/MUC/MUC-RCCCRNQV.jpg,4,MUC,8015,0,1,0,1.0294737,0.7962793,0.9991458,0.67852485,3.2555556
/content/Dataset/LYM/LYM-SQRLYIWL.jpg,3,LYM,8016,8,1,8,1.0978632,0.8326589,1.0,0.70850366,3.3475866
/content/Dataset/BACK/BACK-MDFVKVDP.jpg,1,BACK,8017,1,0,3,1.0663645,0.81099784,1.0,0.7037536,3.2996426
/content/Dataset/TUM/TUM-SNFYSRKC.jpg,8,TUM,8018,6,1,6,0.9880351,0.7933314,1.0,0.6906007,2.9879007
/content/Dataset/STR/STR-RQDVWAHA.jpg,7,STR,8019,7,0,5,0.9222052,0.7698727,1.0,0.6579672,2.8363023
/content/Dataset/BACK/BACK-AALMELQQ.jpg,1,BACK,8020,1,0,3,1.0664591,0.8103796,1.0,0.70426154,3.3017185
/content/Dataset/NORM/NORM-AENISPLH.jpg,6,NORM,8021,4,1,4,1.0123012,0.8074084,0.9626303,0.68336415,3.1424448
/content/Dataset/DEB/DEB-SDAGTFPR.jpg,2,DEB,8022,4,1,4,1.0577707,0.85213184,1.0,0.66024715,3.191981
/content/Dataset/STR/STR-YGMYCAWV.jpg,7,STR,8023,6,1,6,0.989067,0.8116041,0.98200965,0.6427421,3.09469
/content/Dataset/NORM/NORM-RLCMGCKH.jpg,6,NORM,8024,4,1,4,1.0036135,0.8074683,0.93130654,0.68393844,3.1441135
/content/Dataset/BACK/BACK-AALWNPHD.jpg,1,BACK,8025,1,0,3,1.0664794,0.8102765,1.0,0.70435435,3.3020627
/content/Dataset/ADI/ADI-HFCRCDPV.jpg,0,ADI,8026,0,0,4,1.0844386,0.8233329,1.0,0.72170186,3.2722356
/content/Dataset/MUS/MUS-RFNSMACA.jpg,5,MUS,8027,7,1,7,0.96345437,0.79277074,1.0,0.6901518,2.8569686
/content/Dataset/ADI/ADI-DEPKNKMF.jpg,0,ADI,8028,0,0,5,1.0967525,0.8307708,0.99100745,0.7222287,3.317008
/content/Dataset/ADI/ADI-ENKCCCPW.jpg,0,ADI,8029,3,1,3,1.1022482,0.82062984,1.0,0.7224441,3.3877013
/content/Dataset/BACK/BACK-LSGYTIDC.jpg,1,BACK,8030,1,0,3,1.0658126,0.809406,1.0,0.70428437,3.3031743
/content/Dataset/TUM/TUM-YWVFVMAI.jpg,8,TUM,8031,8,0,6,0.9853197,0.7881666,1.0,0.69115907,2.9962587
/content/Dataset/NORM/NORM-VPYFCWRV.jpg,6,NORM,8032,4,1,4,1.0113047,0.8080286,0.9572401,0.6835552,3.1421218
/content/Dataset/TUM/TUM-TDAVWYRT.jpg,8,TUM,8033,8,0,6,0.9836796,0.7863288,1.0,0.6906543,2.9977686
/content/Dataset/MUC/MUC-QCQGIEDY.jpg,4,MUC,8034,4,0,6,1.0098538,0.80036974,0.9802992,0.6791107,3.149097
/content/Dataset/BACK/BACK-AVAFGGTL.jpg,1,BACK,8035,1,0,4,0.70939225,0.82823884,1.0,0.36838737,2.2875586
/content/Dataset/BACK/BACK-ACACAWIC.jpg,1,BACK,8036,0,1,0,1.0761075,0.81189084,1.0,0.70402336,3.3513112
/content/Dataset/ADI/ADI-ATNNMFED.jpg,0,ADI,8037,0,0,4,1.0891527,0.8342082,1.0,0.7190778,3.2506433
/content/Dataset/LYM/LYM-VDDFQAQR.jpg,3,LYM,8038,3,0,2,0.9792857,0.8684693,1.0,0.61307687,2.8461368
/content/Dataset/ADI/ADI-GPGAYRGN.jpg,0,ADI,8039,0,0,2,1.0911642,0.82105935,1.0,0.7221744,3.3215723
/content/Dataset/TUM/TUM-WRWHDNEN.jpg,8,TUM,8040,8,0,6,0.8565238,0.87022674,1.0,0.5306697,2.4549944
/content/Dataset/DEB/DEB-TEEDYTTE.jpg,2,DEB,8041,2,0,3,1.0188081,0.792727,1.0,0.6878336,3.1764135
/content/Dataset/DEB/DEB-TPYPNRAV.jpg,2,DEB,8042,2,0,3,1.0183104,0.79255766,1.0,0.6874401,3.1757863
/content/Dataset/NORM/NORM-WSNIAFGC.jpg,6,NORM,8043,4,1,4,1.0225223,0.8120259,0.987385,0.68312114,3.13568
/content/Dataset/MUC/MUC-TQYIYSTP.jpg,4,MUC,8044,4,0,3,1.017458,0.79308,1.0,0.678956,3.1982045
/content/Dataset/NORM/NORM-YCDLAPPM.jpg,6,NORM,8045,6,0,8,0.97393125,0.7784188,1.0,0.684618,3.0016882
/content/Dataset/TUM/TUM-TVTYSTGK.jpg,8,TUM,8046,8,0,6,0.67131126,0.9013098,1.0,0.37243465,1.8762169
/content/Dataset/NORM/NORM-VAMCRLCE.jpg,6,NORM,8047,4,1,4,1.0120939,0.8081316,0.9599313,0.68347466,3.141774
/content/Dataset/DEB/DEB-NVPAHQVE.jpg,2,DEB,8048,2,0,3,1.0183371,0.7927135,1.0,0.6873789,3.1753333
/content/Dataset/MUC/MUC-RWKMIACN.jpg,4,MUC,8049,4,0,7,0.99297535,0.7952634,1.0,0.6791689,3.044062
/content/Dataset/TUM/TUM-WWGWVMAI.jpg,8,TUM,8050,7,1,7,1.0106468,0.82337356,0.8918374,0.6883583,3.1553705
/content/Dataset/LYM/LYM-VNWYEFFS.jpg,3,LYM,8051,3,0,8,0.303082,0.8295624,1.0,0.054523617,0.9329944
/content/Dataset/ADI/ADI-HLHAFQKG.jpg,0,ADI,8052,3,1,3,1.1021782,0.8210758,1.0,0.722063,3.3862183
/content/Dataset/NORM/NORM-PHKHFTVW.jpg,6,NORM,8053,6,0,8,0.97721595,0.7843703,1.0,0.68411344,2.9924257
/content/Dataset/BACK/BACK-KQDYRACS.jpg,1,BACK,8054,1,0,3,1.0664595,0.8099519,1.0,0.70453584,3.3030589
/content/Dataset/TUM/TUM-QYEFNENG.jpg,8,TUM,8055,8,0,6,0.98395693,0.7861179,1.0,0.6911024,2.9989057
/content/Dataset/DEB/DEB-SSETNKFD.jpg,2,DEB,8056,2,0,3,1.0182729,0.7930149,1.0,0.6871102,3.1743107
/content/Dataset/LYM/LYM-RWTCEKCS.jpg,3,LYM,8057,3,0,2,1.0503324,0.81027836,1.0,0.7103934,3.1867597
/content/Dataset/STR/STR-PDYQWDMA.jpg,7,STR,8058,7,0,5,0.38454416,0.85929054,1.0,0.15151551,1.1100092
/content/Dataset/MUS/MUS-PHECHQLL.jpg,5,MUS,8059,5,0,7,0.9485182,0.8064408,1.0,0.666563,2.7870991
/content/Dataset/ADI/ADI-FKNRLLSP.jpg,0,ADI,8060,0,0,3,1.1019771,0.8205829,1.0,0.722212,3.3872435
/content/Dataset/LYM/LYM-VHTGISDP.jpg,3,LYM,8061,3,0,2,1.0475426,0.80547416,1.0,0.71082705,3.194545
/content/Dataset/TUM/TUM-TAMWFYNI.jpg,8,TUM,8062,8,0,6,0.98458105,0.78774536,1.0,0.6906944,2.9957082
/content/Dataset/NORM/NORM-TGILSMLS.jpg,6,NORM,8063,6,0,4,1.0003705,0.8075547,0.9217494,0.6834554,3.143092
/content/Dataset/BACK/BACK-MHPCCGVS.jpg,1,BACK,8064,1,0,4,1.0670081,0.8231104,1.0,0.7029748,3.2409477
/content/Dataset/LYM/LYM-HQWSTSCY.jpg,3,LYM,8065,4,1,4,1.0549294,0.81457484,0.987385,0.7110806,3.2101638
/content/Dataset/MUC/MUC-QVYGPLAS.jpg,4,MUC,8066,4,0,3,1.0165695,0.7915655,1.0,0.6789897,3.2009277
/content/Dataset/ADI/ADI-DLLDILDM.jpg,0,ADI,8067,3,1,3,1.1025115,0.8216077,1.0,0.72205126,3.385236
/content/Dataset/DEB/DEB-RTNRQYST.jpg,2,DEB,8068,2,0,3,1.0182644,0.7924826,1.0,0.6874315,3.1759446
/content/Dataset/TUM/TUM-QWSRALGK.jpg,8,TUM,8069,8,0,6,0.98506516,0.787557,1.0,0.69129664,2.9973881
/content/Dataset/BACK/BACK-PDTYVGIQ.jpg,1,BACK,8070,1,0,5,1.0609953,0.82438123,0.95490587,0.7042382,3.2753572
/content/Dataset/MUS/MUS-VHMDPGRE.jpg,5,MUS,8071,5,0,2,0.7366486,0.87640184,1.0,0.375212,2.2569153
/content/Dataset/BACK/BACK-IIADHGFV.jpg,1,BACK,8072,1,0,3,1.0666318,0.8103529,1.0,0.7044621,3.3021429
/content/Dataset/MUC/MUC-TEYNAHPA.jpg,4,MUC,8073,4,0,0,0.56795514,0.9079939,1.0,0.25547412,1.6427668
/content/Dataset/ADI/ADI-GQDGQRNI.jpg,0,ADI,8074,3,1,3,1.1022583,0.8210022,1.0,0.72219837,3.3865938
/content/Dataset/DEB/DEB-VVGRATRG.jpg,2,DEB,8075,2,0,3,1.0175698,0.79083467,1.0,0.6878102,3.1792777
/content/Dataset/LYM/LYM-YLKWKKQE.jpg,3,LYM,8076,4,1,4,1.0589254,0.81540465,1.0,0.7106733,3.2079034
/content/Dataset/BACK/BACK-IKIDFQFG.jpg,1,BACK,8077,0,1,0,1.0752095,0.81033576,1.0,0.704182,3.35407
/content/Dataset/NORM/NORM-QNSYRWSE.jpg,6,NORM,8078,4,1,4,1.0058258,0.80703884,0.9405604,0.6837065,3.1439204
/content/Dataset/DEB/DEB-WMCDKMFS.jpg,2,DEB,8079,3,1,3,1.0198283,0.79476535,1.0,0.6875367,3.1726449
/content/Dataset/DEB/DEB-PKIEYGQA.jpg,2,DEB,8080,8,1,8,1.0425904,0.8155538,0.97946185,0.6849104,3.2412322
/content/Dataset/LYM/LYM-GICTIDEM.jpg,3,LYM,8081,3,0,2,1.048806,0.8071544,1.0,0.71095717,3.1924703
/content/Dataset/ADI/ADI-EYEAKFPV.jpg,0,ADI,8082,0,0,4,1.0838581,0.82317275,0.997318,0.72203857,3.2733579
/content/Dataset/MUC/MUC-PAMADFMV.jpg,4,MUC,8083,4,0,3,1.0167674,0.7920552,1.0,0.6788443,3.1999996
/content/Dataset/NORM/NORM-VKGNAAIV.jpg,6,NORM,8084,6,0,4,0.99954647,0.8061702,0.92135566,0.6837152,3.145344
/content/Dataset/MUC/MUC-YDCIHARC.jpg,4,MUC,8085,3,1,3,1.0181792,0.79394764,1.0,0.6791039,3.1973054
/content/Dataset/TUM/TUM-TKSSLCVY.jpg,8,TUM,8086,8,0,6,0.98362005,0.78629243,1.0,0.69064116,2.997656
/content/Dataset/STR/STR-RWKAGNYC.jpg,7,STR,8087,2,1,2,0.9713842,0.7931286,0.9319319,0.65734184,3.1206698
/content/Dataset/LYM/LYM-PCHPMHFN.jpg,3,LYM,8088,4,1,4,1.0566857,0.8151648,0.99197567,0.7110321,3.2091942
/content/Dataset/TUM/TUM-YMPDENHI.jpg,8,TUM,8089,8,0,6,0.9850545,0.78745186,1.0,0.69137204,2.9976006
/content/Dataset/MUC/MUC-NSASLRFP.jpg,4,MUC,8090,4,0,6,1.0174319,0.80372715,1.0,0.6786354,3.143158
/content/Dataset/MUS/MUS-SSKVTTME.jpg,5,MUS,8091,5,0,7,0.95641166,0.7780191,1.0,0.6923367,2.8808253
/content/Dataset/LYM/LYM-QMIHRNSQ.jpg,3,LYM,8092,3,0,2,1.0518504,0.8138548,1.0,0.7095164,3.179783
/content/Dataset/NORM/NORM-TYYQFHDV.jpg,6,NORM,8093,4,1,4,1.0057093,0.8081798,0.9376945,0.6836588,3.1424303
/content/Dataset/MUC/MUC-PMNTYEEH.jpg,4,MUC,8094,4,0,3,1.0168641,0.79141307,1.0,0.67940336,3.2020068
/content/Dataset/MUC/MUC-NDNKCNVC.jpg,4,MUC,8095,4,0,7,0.9929025,0.7954157,1.0,0.6789071,3.043766
/content/Dataset/ADI/ADI-GHRKWCRD.jpg,0,ADI,8096,3,1,3,1.1033379,0.82278013,1.0,0.7220156,3.3836503
/content/Dataset/ADI/ADI-EFHYRDMC.jpg,0,ADI,8097,3,1,3,1.1026461,0.8216518,1.0,0.7221041,3.3855813
/content/Dataset/TUM/TUM-QWAHTDKP.jpg,8,TUM,8098,8,0,6,0.9845455,0.78743726,1.0,0.6908417,2.996548
/content/Dataset/MUC/MUC-CDDIEIEL.jpg,4,MUC,8099,4,0,7,0.99080837,0.7940536,0.9995119,0.67780626,3.0431807
/content/Dataset/MUS/MUS-RMKQFETM.jpg,5,MUS,8100,5,0,7,0.9564611,0.7793196,1.0,0.69147295,2.8776312
/content/Dataset/MUC/MUC-RMHRWGGC.jpg,4,MUC,8101,4,0,7,0.9976893,0.8061448,1.0,0.67717206,3.023419
/content/Dataset/NORM/NORM-TGFSWAMV.jpg,6,NORM,8102,4,1,4,1.0070697,0.81266516,0.9370938,0.68208486,3.1334448
/content/Dataset/BACK/BACK-HWSHQHMV.jpg,1,BACK,8103,1,0,0,1.0743539,0.8090186,1.0,0.70424664,3.3561099
/content/Dataset/TUM/TUM-WLYNEFSF.jpg,8,TUM,8104,8,0,6,0.98511636,0.7882033,1.0,0.69091654,2.9957283
/content/Dataset/STR/STR-NWYHELEY.jpg,7,STR,8105,7,0,5,0.9199204,0.76457334,1.0,0.65869904,2.8460896
/content/Dataset/TUM/TUM-YNMCYGAK.jpg,8,TUM,8106,8,0,6,0.98276836,0.7850079,1.0,0.6906312,2.99925
/content/Dataset/STR/STR-WVTIARCF.jpg,7,STR,8107,7,0,5,0.9195933,0.7622701,1.0,0.65984714,2.8515491
/content/Dataset/ADI/ADI-GIKNYMDK.jpg,0,ADI,8108,3,1,3,1.1022347,0.8207005,1.0,0.72237974,3.3874674
/content/Dataset/DEB/DEB-YWKNHTIC.jpg,2,DEB,8109,2,0,3,1.0179284,0.7920903,1.0,0.68735915,3.1763117
/content/Dataset/NORM/NORM-VWQLRSNW.jpg,6,NORM,8110,5,1,5,1.0354458,0.82985514,0.9064072,0.68107265,3.2673695
/content/Dataset/BACK/BACK-PFLMSRGR.jpg,1,BACK,8111,1,0,3,1.066504,0.810691,1.0,0.7040838,3.3009288
/content/Dataset/BACK/BACK-KFMHIFYV.jpg,1,BACK,8112,1,0,3,1.0651801,0.80935585,1.0,0.7036787,3.3019543
/content/Dataset/TUM/TUM-SNWVFHHK.jpg,8,TUM,8113,8,0,6,0.98288,0.7847067,1.0,0.6909064,3.0004702
/content/Dataset/BACK/BACK-HWKGNRMD.jpg,1,BACK,8114,1,0,8,1.0650259,0.81487703,1.0,0.70402706,3.2697124
/content/Dataset/NORM/NORM-VRQYGGKN.jpg,6,NORM,8115,6,0,8,0.9813915,0.820918,1.0,0.66608155,2.8995569
/content/Dataset/NORM/NORM-YNWCQVMP.jpg,6,NORM,8116,4,1,4,1.0209465,0.8355184,1.0,0.66428924,3.053311
/content/Dataset/DEB/DEB-WHCGNTIG.jpg,2,DEB,8117,2,0,4,0.3791075,0.70963323,1.0,0.04357639,1.531547
/content/Dataset/TUM/TUM-WSNTQFFI.jpg,8,TUM,8118,8,0,6,0.9856267,0.7895249,1.0,0.69062054,2.9930477
/content/Dataset/TUM/TUM-TEFQMDHD.jpg,8,TUM,8119,6,1,6,0.9867031,0.7918371,1.0,0.69019103,2.9891171
/content/Dataset/BACK/BACK-AHVPTQDS.jpg,1,BACK,8120,2,1,2,1.0805339,0.8398005,1.0,0.69227,3.2691264
/content/Dataset/LYM/LYM-QQDLTKNE.jpg,3,LYM,8121,3,0,2,1.0478457,0.80575955,1.0,0.71093446,3.1944005
/content/Dataset/STR/STR-VESGPRYA.jpg,7,STR,8122,7,0,5,0.91894823,0.764104,1.0,0.6578953,2.845338
/content/Dataset/MUS/MUS-SDFPVCDM.jpg,5,MUS,8123,5,0,7,0.95512575,0.77648664,1.0,0.6919701,2.8821476
/content/Dataset/TUM/TUM-QWDDFNVA.jpg,8,TUM,8124,8,0,6,0.98494893,0.7883888,1.0,0.69061023,2.9948754
/content/Dataset/MUS/MUS-CCQRLLAS.jpg,5,MUS,8125,5,0,7,0.9428748,0.84512484,1.0,0.6410541,2.6697614
/content/Dataset/STR/STR-WVGMHFTC.jpg,7,STR,8126,7,0,5,0.9222583,0.77585614,1.0,0.6541266,2.8207173
/content/Dataset/TUM/TUM-VISCKVQY.jpg,8,TUM,8127,8,0,6,0.98405576,0.78716356,1.0,0.69049,2.9962964
/content/Dataset/LYM/LYM-SCRLLIDR.jpg,3,LYM,8128,8,1,8,1.0787913,0.8640054,1.0,0.67274535,3.2053046
/content/Dataset/MUC/MUC-PHDNINFL.jpg,4,MUC,8129,4,0,3,1.0169462,0.79141253,1.0,0.67947716,3.202232
/content/Dataset/ADI/ADI-HGGQDNAS.jpg,0,ADI,8130,5,1,5,1.1043646,0.842189,1.0,0.71936756,3.2933788
/content/Dataset/DEB/DEB-NWENRVYG.jpg,2,DEB,8131,2,0,3,1.017437,0.79227257,1.0,0.6866959,3.1748095
/content/Dataset/BACK/BACK-LYIKKFGE.jpg,1,BACK,8132,1,0,3,1.0662364,0.8100735,1.0,0.70425045,3.3021283
/content/Dataset/MUC/MUC-SGEKGINC.jpg,4,MUC,8133,3,1,3,1.0179185,0.79302776,1.0,0.67941886,3.1995506
/content/Dataset/STR/STR-PPEVTWRI.jpg,7,STR,8134,7,0,8,0.28607097,0.81446284,1.0,0.0393612,0.89545107
/content/Dataset/MUC/MUC-PTRWGDEH.jpg,4,MUC,8135,4,0,0,0.9760193,0.87130475,1.0,0.58914846,2.894573
/content/Dataset/MUC/MUC-RDNISGGL.jpg,4,MUC,8136,0,1,0,1.0258207,0.7941875,0.99914587,0.6762653,3.2533774
/content/Dataset/NORM/NORM-SSGLSLYL.jpg,6,NORM,8137,4,1,4,1.0057403,0.81092644,0.933184,0.68314016,3.1379027
/content/Dataset/TUM/TUM-VNMQNYRC.jpg,8,TUM,8138,8,0,6,0.9821146,0.7843371,1.0,0.69035393,2.9997966
/content/Dataset/MUS/MUS-PFVCWSYW.jpg,5,MUS,8139,5,0,7,0.5549701,0.8904302,1.0,0.29350713,1.5469961
/content/Dataset/ADI/ADI-FEHKFWEH.jpg,0,ADI,8140,0,0,4,1.0839077,0.84716374,1.0,0.70628613,3.1995387
/content/Dataset/TUM/TUM-WGCCPART.jpg,8,TUM,8141,8,0,6,0.9840619,0.7865794,1.0,0.69093585,2.9977584
/content/Dataset/MUS/MUS-VIVDGLMH.jpg,5,MUS,8142,5,0,7,0.9588506,0.78274417,1.0,0.69178784,2.87362
/content/Dataset/ADI/ADI-DSGTPPVG.jpg,0,ADI,8143,0,0,4,1.0891458,0.83425975,1.0,0.71903807,3.2504754
/content/Dataset/DEB/DEB-WKCLEDET.jpg,2,DEB,8144,2,0,4,0.8434821,0.8988227,1.0,0.45992112,2.4917445
/content/Dataset/MUS/MUS-QRFYNVWG.jpg,5,MUS,8145,5,0,7,0.9556277,0.7772655,1.0,0.6919834,2.8811786
/content/Dataset/MUS/MUS-AQTNTKPK.jpg,5,MUS,8146,5,0,7,0.95835686,0.7808788,1.0,0.69250005,2.8774881
/content/Dataset/BACK/BACK-IHPNCQQS.jpg,1,BACK,8147,0,1,0,1.0765145,0.81279045,1.0,0.7038098,3.3495097
/content/Dataset/MUS/MUS-AHPARRMG.jpg,5,MUS,8148,0,1,0,1.0603896,0.81803733,1.0,0.68521494,3.2945619
/content/Dataset/STR/STR-PSFDTAAE.jpg,7,STR,8149,7,0,2,0.8853693,0.8728372,1.0,0.5208941,2.6219792
/content/Dataset/STR/STR-TVDCYAII.jpg,7,STR,8150,7,0,5,0.9209934,0.76672167,1.0,0.6584822,2.8426814
/content/Dataset/MUC/MUC-QDYVHNYL.jpg,4,MUC,8151,6,1,6,1.0191933,0.8076857,1.0,0.6779255,3.1353805
/content/Dataset/STR/STR-AAMAYWIW.jpg,7,STR,8152,7,0,5,0.9259894,0.7844019,1.0,0.6529617,2.8057475
/content/Dataset/STR/STR-PPRHYMLD.jpg,7,STR,8153,7,0,5,0.92588603,0.7736337,1.0,0.6595057,2.8345113
/content/Dataset/DEB/DEB-SEHGTISR.jpg,2,DEB,8154,2,0,3,1.0191276,0.7931177,1.0,0.6879231,3.1758978
/content/Dataset/NORM/NORM-RHNWGDEE.jpg,6,NORM,8155,4,1,4,1.0080136,0.80865973,0.9438959,0.6837918,3.1420743
/content/Dataset/MUC/MUC-YYLVPCKP.jpg,4,MUC,8156,4,0,7,0.99567765,0.800279,1.0,0.6787155,3.0359027
/content/Dataset/MUS/MUS-AQFGASSE.jpg,5,MUS,8157,5,0,7,0.95476794,0.7762392,1.0,0.69175327,2.8820229
/content/Dataset/DEB/DEB-PFQVWPGS.jpg,2,DEB,8158,2,0,3,1.0155901,0.7899392,1.0,0.6864366,3.177268
/content/Dataset/STR/STR-QGWKKAGQ.jpg,7,STR,8159,7,0,6,0.3426382,0.7299112,1.0,0.042405542,1.2804977
/content/Dataset/LYM/LYM-HDFDSIRV.jpg,3,LYM,8160,3,0,2,1.0509503,0.8198453,1.0,0.70474756,3.1603065
/content/Dataset/ADI/ADI-DHKGMALL.jpg,0,ADI,8161,0,0,5,1.1011678,0.8331126,1.0,0.7221888,3.3135567
/content/Dataset/STR/STR-YPIKKIDA.jpg,7,STR,8162,7,0,5,0.9223417,0.76672274,1.0,0.659978,2.8455822
/content/Dataset/LYM/LYM-IGMGQGRQ.jpg,3,LYM,8163,3,0,2,1.049134,0.8077676,1.0,0.7108726,3.1914165
/content/Dataset/MUC/MUC-ASHWNWAA.jpg,4,MUC,8164,3,1,3,1.01785,0.7928262,1.0,0.6794978,3.19994
/content/Dataset/LYM/LYM-SHKEQDCP.jpg,3,LYM,8165,3,0,2,1.0473119,0.80473506,1.0,0.71110797,3.1961381
/content/Dataset/DEB/DEB-VWYCKATV.jpg,2,DEB,8166,2,0,3,1.0173421,0.7917375,1.0,0.6870038,3.176001
/content/Dataset/MUC/MUC-HSWSDLEK.jpg,4,MUC,8167,6,1,6,1.0191538,0.80758977,1.0,0.6779448,3.1355803
/content/Dataset/MUS/MUS-RYLPYCVE.jpg,5,MUS,8168,7,1,7,0.9611509,0.78744435,1.0,0.6911776,2.86605
/content/Dataset/LYM/LYM-QHESTSTE.jpg,3,LYM,8169,4,1,4,1.0595657,0.8157944,1.0,0.71101743,3.208291
/content/Dataset/NORM/NORM-RKTPLELQ.jpg,6,NORM,8170,6,0,8,0.32366544,0.83537745,1.0,0.094399124,0.9636622
/content/Dataset/ADI/ADI-FDGMSRYS.jpg,0,ADI,8171,0,0,5,1.1007257,0.8320559,1.0,0.7224485,3.315789
/content/Dataset/STR/STR-TMVPFFPS.jpg,7,STR,8172,5,1,5,0.9311828,0.8113724,1.0,0.64317435,2.7440157
/content/Dataset/STR/STR-VWCDPWAA.jpg,7,STR,8173,5,1,5,0.9330753,0.80213547,1.0,0.6501285,2.773424
/content/Dataset/LYM/LYM-PCYDQLSW.jpg,3,LYM,8174,3,0,2,1.0502404,0.80987567,1.0,0.71055746,3.1877716
/content/Dataset/NORM/NORM-NSVWEQQQ.jpg,6,NORM,8175,6,0,8,0.9735278,0.7783309,1.0,0.68424994,3.00104
/content/Dataset/STR/STR-YFFCVNKL.jpg,7,STR,8176,7,0,5,0.92307365,0.7686163,1.0,0.6596892,2.8416872
/content/Dataset/STR/STR-PQWNNLFA.jpg,7,STR,8177,7,0,5,0.8590809,0.86771923,1.0,0.5513956,2.419419
/content/Dataset/MUC/MUC-WDTRCYMH.jpg,4,MUC,8178,4,0,6,1.0165958,0.8100219,1.0,0.67386013,3.1226676
/content/Dataset/ADI/ADI-HLNQNRST.jpg,0,ADI,8179,0,0,4,1.0854936,0.82364404,1.0,0.7224836,3.2737846
/content/Dataset/MUS/MUS-NVMIPTCL.jpg,5,MUS,8180,5,0,7,0.95476013,0.777289,1.0,0.6909893,2.8793802
/content/Dataset/LYM/LYM-AYNVQFLE.jpg,3,LYM,8181,3,0,2,1.0466161,0.80420506,1.0,0.7107787,3.196099
/content/Dataset/STR/STR-WDYIKICK.jpg,7,STR,8182,2,1,2,0.9952908,0.812867,1.0,0.6492736,3.0714316
/content/Dataset/BACK/BACK-LNIRFAMH.jpg,1,BACK,8183,0,1,0,1.078119,0.81600875,1.0,0.7032288,3.3432925
/content/Dataset/NORM/NORM-YDNMLVWG.jpg,6,NORM,8184,6,0,8,0.9733344,0.7780421,1.0,0.6842354,3.0014277
/content/Dataset/MUC/MUC-STAWGWLT.jpg,4,MUC,8185,4,0,3,1.0171356,0.7930062,1.0,0.67867196,3.1977105
/content/Dataset/ADI/ADI-EKQEKCFM.jpg,0,ADI,8186,0,0,4,1.0795636,0.8565378,1.0,0.69683814,3.1614316
/content/Dataset/MUS/MUS-QNQHNAKI.jpg,5,MUS,8187,5,0,7,0.9561912,0.77799594,1.0,0.6921206,2.8803945
/content/Dataset/TUM/TUM-SPNTEWCK.jpg,8,TUM,8188,8,0,4,0.34472236,0.7947315,1.0,0.052067846,1.169658
/content/Dataset/ADI/ADI-GLPWEFVR.jpg,0,ADI,8189,3,1,3,1.102585,0.82118577,1.0,0.72239006,3.386762
/content/Dataset/ADI/ADI-IDHKETNQ.jpg,0,ADI,8190,0,0,2,1.0918251,0.82202226,1.0,0.72216153,3.320176
/content/Dataset/DEB/DEB-YMSWHFSD.jpg,2,DEB,8191,8,1,8,1.0347568,0.81617075,0.94759023,0.6862447,3.2440975
/content/Dataset/LYM/LYM-SLKGKVVH.jpg,3,LYM,8192,4,1,4,1.0577427,0.81486106,0.99804884,0.7104473,3.2082329
/content/Dataset/MUC/MUC-NTILLDMF.jpg,4,MUC,8193,4,0,7,0.99353224,0.79686546,1.0,0.67867637,3.040875
/content/Dataset/DEB/DEB-VCFDEQSH.jpg,2,DEB,8194,2,0,3,1.0179491,0.7924212,1.0,0.68719673,3.175253
/content/Dataset/STR/STR-NTNIWGFE.jpg,7,STR,8195,7,0,5,0.9217685,0.7665708,1.0,0.6594237,2.8448076
/content/Dataset/BACK/BACK-MLSVPTEG.jpg,1,BACK,8196,1,0,2,1.066899,0.8322331,1.0,0.6839466,3.2611039
/content/Dataset/TUM/TUM-WFDVFNPF.jpg,8,TUM,8197,8,0,6,0.9848963,0.78795063,1.0,0.69085556,2.995939
/content/Dataset/TUM/TUM-YYDGGAMK.jpg,8,TUM,8198,8,0,6,0.98505914,0.78769493,1.0,0.6912041,2.9969761
/content/Dataset/TUM/TUM-RGLDWPRQ.jpg,8,TUM,8199,8,0,6,0.984809,0.78791124,1.0,0.6907874,2.995866
/content/Dataset/STR/STR-YRGTHDYT.jpg,7,STR,8200,7,0,8,0.53742725,0.89439243,1.0,0.23025405,1.5827076
/content/Dataset/ADI/ADI-DQWWIMPN.jpg,0,ADI,8201,0,0,4,1.0853313,0.82415557,1.0,0.7219925,3.2718825
/content/Dataset/MUS/MUS-AIFLYKGW.jpg,5,MUS,8202,7,1,7,0.96363693,0.7959206,1.0,0.6883244,2.8490582
/content/Dataset/NORM/NORM-VQLLWHAF.jpg,6,NORM,8203,6,0,8,0.8580756,0.8841244,1.0,0.52798647,2.4213822
/content/Dataset/DEB/DEB-RQPRDLVW.jpg,2,DEB,8204,3,1,3,1.019285,0.79408,1.0,0.68742394,3.1734889
/content/Dataset/MUC/MUC-WVLTELHC.jpg,4,MUC,8205,0,1,0,1.0345577,0.82043695,1.0,0.66804624,3.1933277
/content/Dataset/DEB/DEB-TKWFMNRH.jpg,2,DEB,8206,2,0,3,1.018289,0.7926736,1.0,0.6873789,3.1752625
/content/Dataset/NORM/NORM-SNFASIDS.jpg,6,NORM,8207,6,0,8,0.5486402,0.8966194,1.0,0.27343237,1.5449147
/content/Dataset/MUC/MUC-RKFDPLMK.jpg,4,MUC,8208,3,1,3,1.0176545,0.7927283,1.0,0.6793539,3.1998224
/content/Dataset/STR/STR-PQRQVKEN.jpg,7,STR,8209,5,1,5,0.9313403,0.78630453,1.0,0.6575322,2.8123693
/content/Dataset/BACK/BACK-MGDIHPTI.jpg,1,BACK,8210,1,0,3,1.0655516,0.8089302,1.0,0.70434034,3.3040447
/content/Dataset/TUM/TUM-TPMPTITR.jpg,8,TUM,8211,8,0,6,0.98534966,0.7882605,1.0,0.69112265,2.9960825
/content/Dataset/LYM/LYM-PTGESRFP.jpg,3,LYM,8212,4,1,4,1.0548708,0.8140708,0.9904028,0.71045065,3.2094014
/content/Dataset/ADI/ADI-GWQQYWGS.jpg,0,ADI,8213,0,0,2,1.0911338,0.8210567,1.0,0.72214687,3.321512
/content/Dataset/ADI/ADI-DAVGSRIK.jpg,0,ADI,8214,0,0,5,1.0946183,0.8305646,0.98401576,0.72240156,3.317885
/content/Dataset/MUS/MUS-PQHRGFTA.jpg,5,MUS,8215,7,1,7,0.9615594,0.78696084,1.0,0.69193965,2.8681726
/content/Dataset/MUC/MUC-YMYWPQKV.jpg,4,MUC,8216,4,0,7,0.9977866,0.8073245,1.0,0.67651993,3.0203493
/content/Dataset/LYM/LYM-VMLIISQD.jpg,3,LYM,8217,6,1,6,1.0802616,0.8399367,1.0,0.69721454,3.2488499
/content/Dataset/DEB/DEB-WLNWMNYN.jpg,2,DEB,8218,2,0,3,1.0175775,0.7917377,1.0,0.6872203,3.1766145
/content/Dataset/NORM/NORM-TGNTVISC.jpg,6,NORM,8219,6,0,4,0.99808323,0.80749166,0.9116781,0.68424207,3.144957
/content/Dataset/LYM/LYM-RDTCNDIC.jpg,3,LYM,8220,3,0,4,1.0518402,0.814488,0.9776701,0.7110377,3.2101882
/content/Dataset/MUS/MUS-AEFVHSSY.jpg,5,MUS,8221,7,1,7,0.9646549,0.7961406,1.0,0.68926406,2.8506396
/content/Dataset/ADI/ADI-FPVDACNK.jpg,0,ADI,8222,0,0,4,1.0848233,0.82350516,1.0,0.721952,3.2726111
/content/Dataset/NORM/NORM-AAVACQRN.jpg,6,NORM,8223,6,0,8,0.9744085,0.7794842,1.0,0.68440026,2.9998093
/content/Dataset/TUM/TUM-SVHTFVTD.jpg,8,TUM,8224,8,0,6,0.98337394,0.7859528,1.0,0.6905856,2.998132
/content/Dataset/DEB/DEB-TPINNNMY.jpg,2,DEB,8225,2,0,3,1.0184059,0.79246867,1.0,0.6875942,3.1762729
/content/Dataset/BACK/BACK-AEFMCIWL.jpg,1,BACK,8226,1,0,4,1.0573102,0.8331397,1.0,0.6875286,3.1884775
/content/Dataset/STR/STR-MLPHESTD.jpg,7,STR,8227,7,0,5,0.9225512,0.7697182,1.0,0.65824217,2.838105
/content/Dataset/ADI/ADI-DPFQPDQE.jpg,0,ADI,8228,0,0,4,1.0829853,0.8224001,0.9958581,0.7221684,3.274657
/content/Dataset/MUS/MUS-SWLARCNV.jpg,5,MUS,8229,5,0,7,0.9555026,0.778428,1.0,0.69110346,2.877724
/content/Dataset/MUS/MUS-NPQDYIPY.jpg,5,MUS,8230,7,1,7,0.96468055,0.79914254,1.0,0.68745536,2.842574
/content/Dataset/BACK/BACK-IASRPTYK.jpg,1,BACK,8231,1,0,2,1.0582014,0.85395855,1.0,0.66366863,3.172882
/content/Dataset/LYM/LYM-RQRWPIFN.jpg,3,LYM,8232,4,1,4,1.0549421,0.8148906,0.9883497,0.71059203,3.2085936
/content/Dataset/LYM/LYM-QTWFERVE.jpg,3,LYM,8233,3,0,6,0.5576615,0.9010149,1.0,0.2481896,1.6253349
/content/Dataset/TUM/TUM-YEELTTDF.jpg,8,TUM,8234,6,1,6,0.9859053,0.78942835,1.0,0.69093674,2.9940512
/content/Dataset/BACK/BACK-KYGTYESS.jpg,1,BACK,8235,1,0,3,1.0660394,0.80971795,1.0,0.70429695,3.3027508
/content/Dataset/BACK/BACK-CLVPHKSN.jpg,1,BACK,8236,0,1,0,1.0773811,0.814558,1.0,0.7034723,3.34607
/content/Dataset/TUM/TUM-QDTLMMIE.jpg,8,TUM,8237,8,0,6,0.98451203,0.786901,1.0,0.6911584,2.9979725
/content/Dataset/LYM/LYM-NVFKPDHK.jpg,3,LYM,8238,3,0,2,1.0491824,0.807816,1.0,0.7108964,3.191356
/content/Dataset/DEB/DEB-RFEMWWTQ.jpg,2,DEB,8239,2,0,3,1.0179083,0.7923014,1.0,0.6872018,3.1756313
/content/Dataset/LYM/LYM-FKNFTPIR.jpg,3,LYM,8240,3,0,2,1.0500739,0.810233,1.0,0.710175,3.1862872
/content/Dataset/NORM/NORM-AKFPCHGS.jpg,6,NORM,8241,6,0,8,0.9760292,0.78177404,1.0,0.6845941,2.9969904
/content/Dataset/BACK/BACK-IMPNQDQT.jpg,1,BACK,8242,1,0,3,1.0657586,0.8093753,1.0,0.70424765,3.3031595
/content/Dataset/DEB/DEB-PWSYYTTC.jpg,2,DEB,8243,2,0,3,1.0182477,0.7922269,1.0,0.68758965,3.1766438
/content/Dataset/MUC/MUC-WRKQCAEG.jpg,4,MUC,8244,4,0,3,1.0173111,0.79271543,1.0,0.6790125,3.1990826
/content/Dataset/MUS/MUS-AADGLEEQ.jpg,5,MUS,8245,5,0,7,0.9587609,0.7819555,1.0,0.6922434,2.8754263
/content/Dataset/TUM/TUM-RLVVPECR.jpg,8,TUM,8246,8,0,6,0.9822911,0.7840556,1.0,0.6907491,3.0008934
/content/Dataset/NORM/NORM-MCGLGAWC.jpg,6,NORM,8247,4,1,4,1.0132121,0.80782163,0.964159,0.6835483,3.1422837
/content/Dataset/MUS/MUS-QDMKVDAL.jpg,5,MUS,8248,5,0,7,0.9594658,0.7845178,1.0,0.6913066,2.8701496
/content/Dataset/ADI/ADI-NTYWMKLA.jpg,0,ADI,8249,5,1,5,1.1046296,0.8429408,1.0,0.7191318,3.2917385
/content/Dataset/LYM/LYM-RCAMNTAC.jpg,3,LYM,8250,3,0,2,1.0501993,0.8095562,1.0,0.7107414,3.1885674
/content/Dataset/DEB/DEB-VANHMVVS.jpg,2,DEB,8251,3,1,3,1.0207696,0.7974408,1.0,0.6867181,3.1669223
/content/Dataset/LYM/LYM-RRFLHTPN.jpg,3,LYM,8252,3,0,2,1.0483537,0.8066085,1.0,0.7108656,3.1930768
/content/Dataset/NORM/NORM-RRTTAYYP.jpg,6,NORM,8253,6,0,8,0.9775349,0.78463364,1.0,0.6842777,2.992388
/content/Dataset/STR/STR-SSPMFNML.jpg,7,STR,8254,7,0,5,0.924645,0.77158314,1.0,0.6593684,2.8375826
/content/Dataset/TUM/TUM-SYASSAQN.jpg,8,TUM,8255,8,0,6,0.9831743,0.78546906,1.0,0.6907321,2.9989226
/content/Dataset/STR/STR-QDPHQCGF.jpg,7,STR,8256,5,1,5,0.9309851,0.78578734,1.0,0.6574512,2.8130307
/content/Dataset/STR/STR-WIICEYTM.jpg,7,STR,8257,7,0,5,0.91863203,0.76159644,1.0,0.6592074,2.851314
/content/Dataset/ADI/ADI-CWEEEPFP.jpg,0,ADI,8258,3,1,3,1.1025645,0.82148826,1.0,0.7221573,3.3858192
/content/Dataset/MUS/MUS-AVACQECV.jpg,5,MUS,8259,5,0,7,0.9542983,0.77499574,1.0,0.6920748,2.8843374
/content/Dataset/BACK/BACK-GNRRFFPF.jpg,1,BACK,8260,0,1,0,1.0755765,0.8107443,1.0,0.7042835,3.3535876
/content/Dataset/NORM/NORM-YFPLWFTA.jpg,6,NORM,8261,6,0,8,0.9741435,0.7800888,1.0,0.68368006,2.9976623
/content/Dataset/TUM/TUM-SGAPEFFW.jpg,8,TUM,8262,6,1,6,0.9907172,0.80274016,1.0,0.687336,2.9677303
/content/Dataset/LYM/LYM-TGHMTESC.jpg,3,LYM,8263,3,0,2,1.0506237,0.8113855,1.0,0.7099679,3.1841135
/content/Dataset/MUS/MUS-PYAMMFFL.jpg,5,MUS,8264,5,0,7,0.95534945,0.77721494,1.0,0.6917376,2.8806496
/content/Dataset/STR/STR-PKPITCIA.jpg,7,STR,8265,7,0,5,0.92499405,0.7714783,1.0,0.65984553,2.838536
/content/Dataset/MUC/MUC-EMLCMTFP.jpg,4,MUC,8266,4,0,6,0.74691886,0.8962619,1.0,0.40474656,2.1681252
/content/Dataset/MUC/MUC-NVWGMNQF.jpg,4,MUC,8267,4,0,6,1.0163916,0.80300194,1.0,0.6780754,3.1428566
/content/Dataset/NORM/NORM-LMLERWDD.jpg,6,NORM,8268,6,0,4,0.99702924,0.8055011,0.91496706,0.6835273,3.1459754
/content/Dataset/MUC/MUC-WQYFMEEF.jpg,4,MUC,8269,4,0,7,0.99155277,0.7945285,0.9967096,0.6791335,3.0452592
/content/Dataset/STR/STR-PEAPVQHC.jpg,7,STR,8270,5,1,5,0.92972094,0.8003986,1.0,0.6476141,2.7706914
/content/Dataset/STR/STR-RSFWPGGE.jpg,7,STR,8271,5,1,5,0.9332284,0.7932687,1.0,0.6553861,2.7977257
/content/Dataset/MUS/MUS-AQDYEWWN.jpg,5,MUS,8272,5,0,7,0.9578757,0.78152406,1.0,0.6915719,2.8746917
/content/Dataset/NORM/NORM-RCASACWF.jpg,6,NORM,8273,6,0,8,0.9807704,0.79098994,1.0,0.683522,2.981821
/content/Dataset/STR/STR-MYQHKHID.jpg,7,STR,8274,7,0,5,0.502291,0.88887095,1.0,0.24808605,1.4062836
/content/Dataset/STR/STR-NGSGQHLI.jpg,7,STR,8275,5,1,5,0.9321122,0.80564415,1.0,0.64715207,2.7618663
/content/Dataset/NORM/NORM-PWRPYILL.jpg,6,NORM,8276,6,0,4,0.9969391,0.8058232,0.9131818,0.6837598,3.1460776
/content/Dataset/BACK/BACK-LTSRPVPT.jpg,1,BACK,8277,1,0,3,1.0667437,0.8108504,1.0,0.70422524,3.3009446
/content/Dataset/DEB/DEB-VVAMWSAI.jpg,2,DEB,8278,7,1,7,1.0225222,0.81252426,1.0,0.68276346,3.1128852
/content/Dataset/ADI/ADI-HFDDVVYE.jpg,0,ADI,8279,0,0,2,1.0912308,0.82128733,1.0,0.72209233,3.3210106
/content/Dataset/TUM/TUM-REALKWDH.jpg,8,TUM,8280,8,0,6,0.9850871,0.7878951,1.0,0.6910876,2.996526
/content/Dataset/ADI/ADI-CWMATNCG.jpg,0,ADI,8281,0,0,4,1.084472,0.82256466,1.0,0.72223353,3.2746341
/content/Dataset/BACK/BACK-MCRDANGQ.jpg,1,BACK,8282,1,0,3,1.0665,0.810048,1.0,0.7045182,3.3028347
/content/Dataset/STR/STR-YCRRWNFV.jpg,7,STR,8283,7,0,5,0.8891915,0.8560177,1.0,0.5829139,2.5236437
/content/Dataset/DEB/DEB-QTCQYHCR.jpg,2,DEB,8284,2,0,3,1.0169735,0.79294825,1.0,0.6857443,3.1718798
/content/Dataset/MUS/MUS-NQLSMAIY.jpg,5,MUS,8285,7,1,7,0.96243745,0.7894833,1.0,0.69117177,2.8635602
/content/Dataset/LYM/LYM-RQRICIGC.jpg,3,LYM,8286,4,1,4,1.0587672,0.81540704,0.9985362,0.71092075,3.208681
/content/Dataset/TUM/TUM-TWRCDGPP.jpg,8,TUM,8287,8,0,6,0.9825613,0.7889526,1.0,0.68782544,2.987799
/content/Dataset/NORM/NORM-RMTMPDHM.jpg,6,NORM,8288,4,1,4,1.0120232,0.8066828,0.96392363,0.6832046,3.1429229
/content/Dataset/ADI/ADI-AQEAWVYV.jpg,0,ADI,8289,0,0,4,1.0848249,0.8234671,1.0,0.7219662,3.2727735
/content/Dataset/STR/STR-QIGWSQTQ.jpg,7,STR,8290,7,0,5,0.9189854,0.76258534,1.0,0.6589137,2.8495438
/content/Dataset/MUS/MUS-PRPWECSH.jpg,5,MUS,8291,5,0,7,0.9573335,0.7793141,1.0,0.6924364,2.8794568
/content/Dataset/TUM/TUM-WYRGHIVD.jpg,8,TUM,8292,8,0,6,0.30626208,0.8157865,1.0,0.07829914,0.9330696
/content/Dataset/ADI/ADI-AWGNGNRA.jpg,0,ADI,8293,5,1,5,1.1024356,0.8366117,1.0,0.72111523,3.3058684
/content/Dataset/MUC/MUC-STRVDEGF.jpg,4,MUC,8294,0,1,0,1.0266447,0.8189697,1.0,0.6612429,3.1794283
/content/Dataset/TUM/TUM-YIVKTCIG.jpg,8,TUM,8295,8,0,6,0.9844322,0.78663826,1.0,0.69124866,2.9985275
/content/Dataset/ADI/ADI-AIQAVQTS.jpg,0,ADI,8296,0,0,4,1.0862352,0.82543224,1.0,0.7220127,3.2701368
/content/Dataset/LYM/LYM-QHLAYHVK.jpg,3,LYM,8297,4,1,4,1.0585506,0.8149936,1.0,0.7105743,3.208276
/content/Dataset/LYM/LYM-VFSGNKQH.jpg,3,LYM,8298,3,0,4,1.0497812,0.8146924,0.9711282,0.71083343,3.2095497
/content/Dataset/DEB/DEB-PKARPMVY.jpg,2,DEB,8299,3,1,3,1.0206876,0.79689914,1.0,0.68698597,3.1683505
/content/Dataset/LYM/LYM-PRRQVTWN.jpg,3,LYM,8300,3,0,2,1.0495715,0.8085444,1.0,0.7108035,3.1900768
/content/Dataset/TUM/TUM-YSMMESMR.jpg,8,TUM,8301,5,1,5,1.044844,0.8437599,1.0,0.67263526,3.1171799
/content/Dataset/MUC/MUC-SFKVTRRG.jpg,4,MUC,8302,4,0,3,1.0170376,0.79233396,1.0,0.6789969,3.1995604
/content/Dataset/DEB/DEB-VWSAPWEL.jpg,2,DEB,8303,2,0,3,1.0191082,0.79376113,1.0,0.6874647,3.1739976
/content/Dataset/BACK/BACK-MRHTNPGL.jpg,1,BACK,8304,0,1,0,1.076258,0.81208575,1.0,0.70403373,3.3510783
/content/Dataset/TUM/TUM-QVCRSGVL.jpg,8,TUM,8305,6,1,6,0.98790276,0.7942031,1.0,0.689899,2.9851868
/content/Dataset/MUS/MUS-QIFKIAQG.jpg,5,MUS,8306,7,1,7,0.9612741,0.78673756,1.0,0.6917493,2.8682516
/content/Dataset/TUM/TUM-RQNNVHEM.jpg,8,TUM,8307,8,0,5,0.568646,0.90053016,1.0,0.26051432,1.651115
/content/Dataset/BACK/BACK-ETRSTRLM.jpg,1,BACK,8308,1,0,3,1.0665244,0.81048673,1.0,0.7042518,3.3015513
/content/Dataset/DEB/DEB-WILGRRMI.jpg,2,DEB,8309,3,1,3,1.0214835,0.7986845,1.0,0.68664837,3.1647906
/content/Dataset/TUM/TUM-YKNGYRLM.jpg,8,TUM,8310,8,0,6,0.95916927,0.85894746,1.0,0.62754035,2.7363763
/content/Dataset/NORM/NORM-MNKSERPV.jpg,6,NORM,8311,4,1,4,1.0250238,0.81129146,1.0,0.6824553,3.13452
/content/Dataset/NORM/NORM-PKTLSSKW.jpg,6,NORM,8312,6,0,8,0.97321147,0.7778194,1.0,0.6842403,3.0018222
/content/Dataset/NORM/NORM-QHSFSHCL.jpg,6,NORM,8313,5,1,5,1.0344552,0.830218,0.9007818,0.6815039,3.2681327
/content/Dataset/MUC/MUC-NKFTNCDC.jpg,4,MUC,8314,4,0,6,1.0175803,0.80377823,1.0,0.67875874,3.1433198
/content/Dataset/ADI/ADI-IFCDWACS.jpg,0,ADI,8315,0,0,5,1.1011728,0.8331696,1.0,0.72215176,3.3134122
/content/Dataset/NORM/NORM-NMCQKSVW.jpg,6,NORM,8316,4,1,4,1.0075365,0.81180876,0.9388399,0.68265265,3.1356137
/content/Dataset/LYM/LYM-VCSMYPMI.jpg,3,LYM,8317,3,0,2,1.0477582,0.8053711,1.0,0.71113026,3.1952612
/content/Dataset/MUC/MUC-IGYQERIP.jpg,4,MUC,8318,4,0,3,1.017433,0.7930524,1.0,0.6789165,3.1983473
/content/Dataset/MUC/MUC-SFYAWFVY.jpg,4,MUC,8319,4,0,3,1.0174301,0.79276425,1.0,0.679094,3.1992333
/content/Dataset/DEB/DEB-WFFAYNGT.jpg,2,DEB,8320,2,0,3,1.0178949,0.79379886,1.0,0.68614686,3.1713545
/content/Dataset/MUS/MUS-PYAWAAWM.jpg,5,MUS,8321,5,0,7,0.95981526,0.78646326,1.0,0.69040596,2.8657444
/content/Dataset/LYM/LYM-PGHTTCVH.jpg,3,LYM,8322,3,0,2,1.0423781,0.82966065,1.0,0.69049567,3.1117432
/content/Dataset/TUM/TUM-AACHTSSN.jpg,8,TUM,8323,8,0,6,0.9838975,0.78615844,1.0,0.69103116,2.9986036
/content/Dataset/MUC/MUC-RTKTPFGS.jpg,4,MUC,8324,4,0,7,0.99885774,0.8155757,1.0,0.67266434,2.9990098
/content/Dataset/STR/STR-NCDFYAIA.jpg,7,STR,8325,7,0,5,0.9209334,0.76513577,1.0,0.6594715,2.8467262
/content/Dataset/DEB/DEB-VYYIWGGV.jpg,2,DEB,8326,2,0,3,1.0192028,0.7945214,1.0,0.6870727,3.171916
/content/Dataset/ADI/ADI-ECCLEDFV.jpg,0,ADI,8327,0,0,5,1.0976884,0.8310624,0.99342984,0.7221946,3.316545
/content/Dataset/MUC/MUC-NPVPRELT.jpg,4,MUC,8328,4,0,6,0.51352495,0.88762176,1.0,0.22137031,1.5050212
/content/Dataset/TUM/TUM-QPFNRCEG.jpg,8,TUM,8329,8,0,6,0.98486996,0.81416124,1.0,0.6745904,2.922573
/content/Dataset/TUM/TUM-VTKTFGCN.jpg,8,TUM,8330,8,0,6,0.98491186,0.78820413,1.0,0.6907088,2.9952555
/content/Dataset/STR/STR-WGKVNLWH.jpg,7,STR,8331,5,1,5,0.9324035,0.80898875,1.0,0.6457026,2.7532146
/content/Dataset/MUS/MUS-QAPMCCAP.jpg,5,MUS,8332,7,1,7,0.96581733,0.80010206,1.0,0.6879886,2.842651
/content/Dataset/STR/STR-PVDPDVSN.jpg,7,STR,8333,5,1,5,0.93223447,0.8106643,1.0,0.6446796,2.7481318
/content/Dataset/LYM/LYM-PLEMMHVW.jpg,3,LYM,8334,3,0,4,1.0513873,0.81512827,0.97480994,0.7110238,3.2092931
/content/Dataset/TUM/TUM-QNRYCPNC.jpg,8,TUM,8335,8,0,6,0.9833266,0.7859819,1.0,0.6905628,2.9977968
/content/Dataset/MUC/MUC-NMHVPSAL.jpg,4,MUC,8336,4,0,3,1.0168442,0.7917272,1.0,0.6792069,3.2009094
/content/Dataset/MUC/MUC-NKNGAHQP.jpg,4,MUC,8337,4,0,3,1.0152872,0.7904007,1.0,0.6784902,3.2013583
/content/Dataset/DEB/DEB-TFPGGLSR.jpg,2,DEB,8338,2,0,7,1.0152975,0.8096529,0.9752862,0.684655,3.1217916
/content/Dataset/BACK/BACK-KATRIPTR.jpg,1,BACK,8339,1,0,8,1.066146,0.82294506,1.0,0.699856,3.2481127
/content/Dataset/MUS/MUS-QFWPQDCQ.jpg,5,MUS,8340,7,1,7,0.96472317,0.79558754,1.0,0.6896826,2.852264
/content/Dataset/BACK/BACK-KYGKSSTY.jpg,1,BACK,8341,1,0,3,1.0656818,0.8092543,1.0,0.704256,3.3033414
/content/Dataset/MUC/MUC-QNTVFPLC.jpg,4,MUC,8342,4,0,7,0.99285805,0.7950096,1.0,0.67912775,3.0448043
/content/Dataset/MUS/MUS-ASCPQTFM.jpg,5,MUS,8343,5,0,7,0.95928377,0.78243357,1.0,0.6924574,2.8753738
/content/Dataset/NORM/NORM-RLQTMHVL.jpg,6,NORM,8344,6,0,8,0.9603316,0.84970975,1.0,0.6313036,2.7695293
/content/Dataset/STR/STR-PSYTYDFC.jpg,7,STR,8345,7,0,5,0.9167385,0.763659,1.0,0.6559544,2.8410408
/content/Dataset/TUM/TUM-TPNQLEPV.jpg,8,TUM,8346,8,0,6,0.9838406,0.7860789,1.0,0.69102275,2.9987047
/content/Dataset/MUC/MUC-VILRVWNG.jpg,4,MUC,8347,4,0,7,0.9924488,0.7950287,1.0,0.6787195,3.0437527
/content/Dataset/BACK/BACK-EVAHCRWG.jpg,1,BACK,8348,1,0,3,1.0650008,0.8092227,1.0,0.7036124,3.301874
/content/Dataset/DEB/DEB-WFVLFFTL.jpg,2,DEB,8349,2,0,3,1.018114,0.79190254,1.0,0.68767506,3.1772785
/content/Dataset/LYM/LYM-AALKPLVP.jpg,3,LYM,8350,4,1,4,1.0536042,0.8140256,0.98678243,0.7103596,3.2090786
/content/Dataset/MUC/MUC-DILLGYCQ.jpg,4,MUC,8351,4,0,3,1.016791,0.7922218,1.0,0.6788181,3.1993415
/content/Dataset/MUS/MUS-SFWEHHPR.jpg,5,MUS,8352,7,1,7,0.963174,0.8249086,1.0,0.67081094,2.7705922
/content/Dataset/LYM/LYM-FSCQASKD.jpg,3,LYM,8353,3,0,2,1.0468328,0.8042899,1.0,0.710909,3.196439
/content/Dataset/BACK/BACK-HCMIDHMV.jpg,1,BACK,8354,1,0,0,1.0749902,0.8099495,1.0,0.7042412,3.3547037
/content/Dataset/STR/STR-TVQKDMWQ.jpg,7,STR,8355,7,0,5,0.9210637,0.76990145,1.0,0.65655464,2.8341773
/content/Dataset/MUS/MUS-SADWMFAR.jpg,5,MUS,8356,5,0,7,0.95513105,0.7764308,1.0,0.6919735,2.8824313
/content/Dataset/DEB/DEB-SARHGEFP.jpg,2,DEB,8357,3,1,3,1.0192566,0.79336286,1.0,0.6878714,3.1755373
/content/Dataset/MUS/MUS-QIEMHLWW.jpg,5,MUS,8358,5,0,7,0.9600531,0.78581077,1.0,0.69103146,2.8681536
/content/Dataset/MUC/MUC-ITEEGDHK.jpg,4,MUC,8359,4,0,3,1.0156677,0.79054797,1.0,0.67876136,3.2018526
/content/Dataset/NORM/NORM-VYSDKDFI.jpg,6,NORM,8360,4,1,4,1.0066991,0.8068627,0.94378084,0.6837412,3.1441965
/content/Dataset/MUC/MUC-NWRSFICP.jpg,4,MUC,8361,3,1,3,1.0178977,0.7928333,1.0,0.6795494,3.1999993
/content/Dataset/NORM/NORM-NHEHMCAR.jpg,6,NORM,8362,6,0,8,0.97216684,0.7764033,1.0,0.6840965,3.003414
/content/Dataset/NORM/NORM-TRIWIYHD.jpg,6,NORM,8363,4,1,4,1.0055279,0.80653477,0.9419393,0.68332905,3.1437304
/content/Dataset/ADI/ADI-HWCTGAPD.jpg,0,ADI,8364,3,1,3,1.1021864,0.82093406,1.0,0.72217345,3.3866472
/content/Dataset/NORM/NORM-YCDKKEPF.jpg,6,NORM,8365,6,0,8,0.9733674,0.7781236,1.0,0.6842019,3.0013187
/content/Dataset/TUM/TUM-SIIVMGQH.jpg,8,TUM,8366,6,1,6,0.98842424,0.79470444,1.0,0.6901029,2.9849806
/content/Dataset/LYM/LYM-RMMMKGGY.jpg,3,LYM,8367,3,0,2,1.047449,0.80520004,1.0,0.7109181,3.1951349
/content/Dataset/MUS/MUS-SPTIDMMG.jpg,5,MUS,8368,5,0,7,0.96081805,0.7913606,1.0,0.68833107,2.8548384
/content/Dataset/BACK/BACK-HTDVACAA.jpg,1,BACK,8369,1,0,3,1.0666695,0.81048095,1.0,0.70440483,3.301873
/content/Dataset/BACK/BACK-KKSGMMGG.jpg,1,BACK,8370,1,0,3,1.0666516,0.810136,1.0,0.7046117,3.3028994
/content/Dataset/MUC/MUC-AHYMRDYT.jpg,4,MUC,8371,3,1,3,1.0179902,0.79379827,1.0,0.67898095,3.197426
/content/Dataset/TUM/TUM-TNRANYWD.jpg,8,TUM,8372,6,1,6,0.986528,0.7919365,1.0,0.6899482,2.9884427
/content/Dataset/BACK/BACK-IIWWKWTN.jpg,1,BACK,8373,1,0,8,1.0659579,0.81699014,1.0,0.7035594,3.265443
/content/Dataset/TUM/TUM-VMWRKIYN.jpg,8,TUM,8374,8,0,6,0.9834075,0.78794736,1.0,0.6893324,2.9925718
/content/Dataset/NORM/NORM-PWASYPFA.jpg,6,NORM,8375,4,1,4,1.0086628,0.8073083,0.94979066,0.68360466,3.1433046
/content/Dataset/TUM/TUM-TNIRQKFH.jpg,8,TUM,8376,8,0,5,0.86077857,0.8185959,0.98449653,0.5096794,2.7654765
/content/Dataset/BACK/BACK-MDIPKVYN.jpg,1,BACK,8377,1,0,3,1.0668769,0.81104803,1.0,0.7042242,3.3006477
/content/Dataset/LYM/LYM-YVLLWTAA.jpg,3,LYM,8378,3,0,4,1.0528865,0.8144085,0.981257,0.7110356,3.210292
/content/Dataset/LYM/LYM-SMCIMLLA.jpg,3,LYM,8379,4,1,4,1.0537956,0.8148407,0.9830555,0.71109617,3.209834
/content/Dataset/LYM/LYM-RTCSNWCK.jpg,3,LYM,8380,3,0,2,1.0478715,0.80586004,1.0,0.71090084,3.1941361
/content/Dataset/DEB/DEB-THHVCLQM.jpg,2,DEB,8381,2,0,3,1.0187047,0.79365784,1.0,0.68711126,3.1734314
/content/Dataset/MUS/MUS-RNAQRFLI.jpg,5,MUS,8382,5,0,7,0.95626503,0.7784757,1.0,0.6918803,2.879277
/content/Dataset/DEB/DEB-PPTETIVC.jpg,2,DEB,8383,2,0,3,1.0179251,0.7929113,1.0,0.68682456,3.173832
/content/Dataset/ADI/ADI-FSQNCVMP.jpg,0,ADI,8384,0,0,4,1.0840082,0.8225087,0.999024,0.7221258,3.2744157
/content/Dataset/DEB/DEB-PYEEYCGL.jpg,2,DEB,8385,7,1,7,1.0265472,0.81897736,1.0,0.6826178,3.1035943
/content/Dataset/DEB/DEB-REGKMDSN.jpg,2,DEB,8386,3,1,3,1.0199414,0.7946151,1.0,0.6877464,3.1733594
/content/Dataset/MUS/MUS-ACHPWKPS.jpg,5,MUS,8387,5,0,4,0.29739904,0.82024497,1.0,0.044344448,0.93148726
/content/Dataset/MUS/MUS-RHWNYPHD.jpg,5,MUS,8388,5,0,7,0.9561439,0.77843976,1.0,0.69175893,2.879158
/content/Dataset/MUS/MUS-SGSNVYRL.jpg,5,MUS,8389,5,0,7,0.9599574,0.7837907,1.0,0.69224983,2.873323
/content/Dataset/NORM/NORM-PWFAFPHH.jpg,6,NORM,8390,6,0,8,0.9745526,0.77998483,1.0,0.6842058,2.9987762
/content/Dataset/DEB/DEB-TVCYGGPG.jpg,2,DEB,8391,2,0,3,1.0176835,0.791118,1.0,0.68774915,3.178656
/content/Dataset/NORM/NORM-TKCDCFQN.jpg,6,NORM,8392,4,1,4,1.017773,0.8079237,0.9811372,0.6829919,3.1407096
/content/Dataset/TUM/TUM-YSGLLGRY.jpg,8,TUM,8393,8,0,6,0.98310655,0.78557473,1.0,0.6905919,2.9984775
/content/Dataset/STR/STR-QCHYMTWD.jpg,7,STR,8394,7,0,5,0.50916225,0.89016014,1.0,0.25376686,1.4232966
/content/Dataset/MUS/MUS-CMPCQQFM.jpg,5,MUS,8395,5,0,7,0.9520968,0.79392475,1.0,0.67796636,2.8277624
/content/Dataset/MUC/MUC-AEKINRIK.jpg,4,MUC,8396,0,1,0,1.0292724,0.7957736,1.0,0.6783856,3.2560675
/content/Dataset/BACK/BACK-LWLHTVMC.jpg,1,BACK,8397,1,0,8,1.0651459,0.815028,1.0,0.7040719,3.2694325
/content/Dataset/DEB/DEB-VTECWHRY.jpg,2,DEB,8398,2,0,7,1.0172269,0.81219953,0.96852356,0.68693215,3.1234856
/content/Dataset/STR/STR-TDMMIMRC.jpg,7,STR,8399,5,1,5,0.9287179,0.78038466,1.0,0.6583245,2.822617
/content/Dataset/NORM/NORM-NAHFHHDL.jpg,6,NORM,8400,6,0,8,0.97177744,0.77668214,1.0,0.6834915,3.0017898
/content/Dataset/DEB/DEB-AAPAALWT.jpg,2,DEB,8401,2,0,3,1.0191239,0.79397297,1.0,0.68733233,3.1734366
/content/Dataset/DEB/DEB-TYRGWPQK.jpg,2,DEB,8402,2,0,3,1.0177988,0.79168344,1.0,0.68749595,3.1772258
/content/Dataset/STR/STR-NCTVGNDL.jpg,7,STR,8403,7,0,5,0.29008394,0.80466217,1.0,0.07052282,0.8869731
/content/Dataset/ADI/ADI-CHHWPGDL.jpg,0,ADI,8404,0,0,3,1.0989051,0.82061696,0.9905237,0.72212404,3.3870556
/content/Dataset/LYM/LYM-SHLFLRFT.jpg,3,LYM,8405,3,0,2,1.0485963,0.80686593,1.0,0.71094286,3.192839
/content/Dataset/STR/STR-MPYVYIGQ.jpg,7,STR,8406,7,0,5,0.9216494,0.76632446,1.0,0.6594344,2.8452654
/content/Dataset/LYM/LYM-SENICYPQ.jpg,3,LYM,8407,3,0,2,1.0502797,0.8106544,1.0,0.7100936,3.185539
/content/Dataset/MUS/MUS-RFIEYQAF.jpg,5,MUS,8408,5,0,7,0.9568163,0.77882254,1.0,0.692199,2.8796763
/content/Dataset/MUS/MUS-RNPNQRDF.jpg,5,MUS,8409,5,0,7,0.9541849,0.7751055,1.0,0.6918647,2.8838434
/content/Dataset/MUS/MUS-PPTFYYSW.jpg,5,MUS,8410,5,0,7,0.95591056,0.77732754,1.0,0.6922519,2.8816068
/content/Dataset/ADI/ADI-GSYNFRHY.jpg,0,ADI,8411,0,0,2,1.0910941,0.8210756,1.0,0.722103,3.3213396
/content/Dataset/MUS/MUS-SLFQGWRM.jpg,5,MUS,8412,5,0,7,0.9574853,0.78076357,1.0,0.69167864,2.8758023
/content/Dataset/BACK/BACK-MLALTQSV.jpg,1,BACK,8413,0,1,0,1.075378,0.81060207,1.0,0.7041668,3.3536394
/content/Dataset/STR/STR-NEPNSMQE.jpg,7,STR,8414,7,0,5,0.37344015,0.8614523,1.0,0.14487284,1.0709732
/content/Dataset/MUC/MUC-RACFIHDE.jpg,4,MUC,8415,4,0,3,1.0172518,0.7919853,1.0,0.6794373,3.2011168
/content/Dataset/TUM/TUM-RCEMLPQY.jpg,8,TUM,8416,6,1,6,0.99021256,0.80020094,1.0,0.6884319,2.9736369
/content/Dataset/LYM/LYM-PLYYEVPK.jpg,3,LYM,8417,3,0,4,1.0500547,0.8149235,0.9705355,0.7111364,3.2098756
/content/Dataset/NORM/NORM-VYRQDEAQ.jpg,6,NORM,8418,4,1,4,1.0070869,0.8080845,0.9420543,0.6838141,3.142817
/content/Dataset/DEB/DEB-VKFIIHAV.jpg,2,DEB,8419,2,0,3,1.0172237,0.79409057,1.0,0.6853294,3.1687734
/content/Dataset/BACK/BACK-LGNTFISC.jpg,1,BACK,8420,1,0,3,1.0663599,0.8103411,1.0,0.7041771,3.3016567
/content/Dataset/BACK/BACK-LRYDEICY.jpg,1,BACK,8421,1,0,0,1.0742874,0.80876833,1.0,0.70435214,3.3567212
/content/Dataset/TUM/TUM-VKCYGVDV.jpg,8,TUM,8422,8,0,6,0.9830986,0.78666556,1.0,0.6898153,2.9955802
/content/Dataset/DEB/DEB-NTKRMTRY.jpg,2,DEB,8423,2,0,3,1.0173137,0.79082716,1.0,0.68762445,3.178472
/content/Dataset/DEB/DEB-QLMPENCC.jpg,2,DEB,8424,2,0,3,1.0150864,0.7897013,1.0,0.6861553,3.1765668
/content/Dataset/NORM/NORM-TTTMLGNN.jpg,6,NORM,8425,6,0,8,0.974556,0.77983797,1.0,0.68432415,2.9991376
/content/Dataset/LYM/LYM-SIGNQSHQ.jpg,3,LYM,8426,3,0,2,1.0490633,0.8077698,1.0,0.7108021,3.1912487
/content/Dataset/MUS/MUS-CCDGNIDK.jpg,5,MUS,8427,7,1,7,0.96455795,0.7931671,1.0,0.6910548,2.858316
/content/Dataset/TUM/TUM-RSPNCFKM.jpg,8,TUM,8428,8,0,6,0.31254736,0.81883895,1.0,0.08306121,0.9501458
/content/Dataset/DEB/DEB-AFQPQSLV.jpg,2,DEB,8429,3,1,3,1.0196193,0.7945604,1.0,0.68745327,3.1728017
/content/Dataset/NORM/NORM-QIMQMCKQ.jpg,6,NORM,8430,6,0,8,0.9734275,0.77811956,1.0,0.68428326,3.0014136
/content/Dataset/ADI/ADI-HMYHVTIY.jpg,0,ADI,8431,0,0,3,1.1019222,0.8204906,1.0,0.7222226,3.3873992
/content/Dataset/TUM/TUM-YSRVHIYL.jpg,8,TUM,8432,8,0,6,0.98489547,0.78800714,1.0,0.69086236,2.9956331
/content/Dataset/STR/STR-WKCRFGLP.jpg,7,STR,8433,7,0,5,0.9203007,0.7690871,1.0,0.65624136,2.8346865
/content/Dataset/LYM/LYM-QATKSYNL.jpg,3,LYM,8434,3,0,2,1.0472397,0.8046462,1.0,0.7110952,3.1962376
/content/Dataset/TUM/TUM-VPFCYSFD.jpg,8,TUM,8435,8,0,6,0.98539394,0.7885775,1.0,0.6909569,2.9953103
/content/Dataset/MUC/MUC-RQCGYILC.jpg,4,MUC,8436,4,0,3,1.0156224,0.7923773,1.0,0.67760575,3.1959348
/content/Dataset/STR/STR-PWWMHAMF.jpg,7,STR,8437,5,1,5,0.9303626,0.7885501,1.0,0.65508467,2.804343
/content/Dataset/TUM/TUM-TKHMPTQM.jpg,8,TUM,8438,8,0,6,0.5853935,0.8885834,1.0,0.30145234,1.6687962
/content/Dataset/TUM/TUM-SCIHLNKT.jpg,8,TUM,8439,8,0,6,0.9846507,0.7868362,1.0,0.6913513,2.998441
/content/Dataset/TUM/TUM-VPELNWHW.jpg,8,TUM,8440,8,0,6,0.9855795,0.79014707,1.0,0.6901881,2.9911351
/content/Dataset/STR/STR-TRWHDRWN.jpg,7,STR,8441,7,0,5,0.9276092,0.7820038,1.0,0.65630054,2.8153195
/content/Dataset/DEB/DEB-VAGGQDGG.jpg,2,DEB,8442,2,0,3,1.0181417,0.7933397,1.0,0.6867337,3.1731534
/content/Dataset/MUS/MUS-QDHQGFTQ.jpg,5,MUS,8443,7,1,7,0.96565294,0.7992569,1.0,0.6883455,2.8445356
/content/Dataset/ADI/ADI-EQRQCPPA.jpg,0,ADI,8444,0,0,4,1.0860567,0.82531315,1.0,0.72191924,3.2700913
/content/Dataset/LYM/LYM-QCCIHRFD.jpg,3,LYM,8445,3,0,4,1.053247,0.81508183,0.9811372,0.7109811,3.2091992
/content/Dataset/DEB/DEB-WYNQTQHN.jpg,2,DEB,8446,2,0,7,1.011217,0.80991787,0.9557221,0.6861958,3.1252232
/content/Dataset/ADI/ADI-DDYMNFIS.jpg,0,ADI,8447,5,1,5,1.1045153,0.8474314,1.0,0.7162497,3.2777975
/content/Dataset/MUS/MUS-QEKYRPHP.jpg,5,MUS,8448,5,0,7,0.9564244,0.77849716,1.0,0.69201666,2.8796284
/content/Dataset/BACK/BACK-IDGSDMIV.jpg,1,BACK,8449,0,1,0,1.0784923,0.8166418,1.0,0.70318,3.3421707
/content/Dataset/LYM/LYM-KDLTKEKT.jpg,3,LYM,8450,3,0,2,1.0471228,0.80474496,1.0,0.7108937,3.1957536
/content/Dataset/MUS/MUS-SNSEIPAA.jpg,5,MUS,8451,5,0,7,0.9554876,0.7776808,1.0,0.69155914,2.8797596
/content/Dataset/BACK/BACK-NQGSWHIP.jpg,1,BACK,8452,0,1,0,1.0781025,0.8166664,1.0,0.70278126,3.3412218
/content/Dataset/NORM/NORM-RGSYIFRV.jpg,6,NORM,8453,6,0,4,0.9990432,0.8071917,0.91558164,0.68424606,3.1453016
/content/Dataset/TUM/TUM-RGAIDKRI.jpg,8,TUM,8454,8,0,6,0.9852166,0.7880339,1.0,0.691139,2.9964006
/content/Dataset/MUS/MUS-QPENEHCH.jpg,5,MUS,8455,5,0,7,0.95829225,0.78095406,1.0,0.69236773,2.87719
/content/Dataset/MUS/MUS-SRQIDKAC.jpg,5,MUS,8456,5,0,7,0.9551922,0.77653116,1.0,0.6919836,2.88226
/content/Dataset/DEB/DEB-YTDMPDWQ.jpg,2,DEB,8457,2,0,3,1.0178965,0.7923131,1.0,0.68718934,3.1755433
/content/Dataset/TUM/TUM-WHEDPEWF.jpg,8,TUM,8458,8,0,6,0.98064196,0.7904445,1.0,0.6849116,2.9792318
/content/Dataset/BACK/BACK-AVKVHAFK.jpg,1,BACK,8459,0,1,0,1.0781145,0.81681615,1.0,0.70268315,3.3408298
/content/Dataset/MUC/MUC-GNGFMCAT.jpg,4,MUC,8460,4,0,5,0.348294,0.838645,1.0,0.08000433,1.0829525
/content/Dataset/MUC/MUC-TPMVQAIK.jpg,4,MUC,8461,4,0,7,0.7419265,0.8929044,1.0,0.41663978,2.123412
/content/Dataset/TUM/TUM-TRLHNERL.jpg,8,TUM,8462,6,1,6,0.98607254,0.79013735,1.0,0.69064915,2.9924395
/content/Dataset/ADI/ADI-FCKVENPY.jpg,0,ADI,8463,0,0,5,1.0937053,0.83048797,0.98113716,0.7224501,3.318089
/content/Dataset/ADI/ADI-FAWIYAFS.jpg,0,ADI,8464,0,0,4,1.0841881,0.82305294,0.9982925,0.72215134,3.2737403
/content/Dataset/TUM/TUM-SIWIHNET.jpg,8,TUM,8465,8,0,6,0.9849174,0.7880405,1.0,0.6908449,2.9956489
/content/Dataset/BACK/BACK-KLGPLFRG.jpg,1,BACK,8466,1,0,3,1.0666544,0.81063443,1.0,0.7042795,3.3014038
/content/Dataset/STR/STR-NCRLRFTI.jpg,7,STR,8467,7,0,5,0.9186483,0.7704387,1.0,0.65391815,2.8263593
/content/Dataset/NORM/NORM-MHAKRYMF.jpg,6,NORM,8468,6,0,8,0.97200996,0.7763289,1.0,0.6839746,3.0032918
/content/Dataset/ADI/ADI-DCVFNTPP.jpg,0,ADI,8469,0,0,4,1.0846992,0.8232287,1.0,0.72200936,3.2731774
/content/Dataset/NORM/NORM-QSYFSNCT.jpg,6,NORM,8470,4,1,4,1.0193732,0.80988634,0.9813768,0.68319684,3.1386583
/content/Dataset/DEB/DEB-WNSAAAAL.jpg,2,DEB,8471,3,1,3,1.019528,0.79505795,1.0,0.6870404,3.1710978
/content/Dataset/DEB/DEB-QGFQNMPQ.jpg,2,DEB,8472,2,0,3,1.0178041,0.7913562,1.0,0.6877269,3.178177
/content/Dataset/BACK/BACK-IYKTGLVD.jpg,1,BACK,8473,1,0,3,1.0650496,0.8092385,1.0,0.70362884,3.3020144
/content/Dataset/ADI/ADI-DANQSHNP.jpg,0,ADI,8474,3,1,3,1.1029774,0.82207155,1.0,0.7221568,3.3849745
/content/Dataset/TUM/TUM-WPIGHWTC.jpg,8,TUM,8475,6,1,6,0.98733175,0.7926449,1.0,0.69030213,2.9883087
/content/Dataset/MUS/MUS-SDITQIKW.jpg,5,MUS,8476,5,0,7,0.9582598,0.7830788,1.0,0.6909366,2.8714557
/content/Dataset/TUM/TUM-VTHLGSGL.jpg,8,TUM,8477,8,0,6,0.9849465,0.78818446,1.0,0.69077915,2.995317
/content/Dataset/NORM/NORM-TMIGMNGG.jpg,6,NORM,8478,4,1,4,1.0172558,0.80958897,0.97481006,0.6832175,3.1392312
/content/Dataset/NORM/NORM-PDNFQLRK.jpg,6,NORM,8479,4,1,4,1.008302,0.806932,0.95048654,0.68330497,3.1430023
/content/Dataset/MUC/MUC-YAMAIFWE.jpg,4,MUC,8480,0,1,0,1.0315793,0.79864764,1.0,0.6788187,3.25261
/content/Dataset/DEB/DEB-QKDRIYGW.jpg,2,DEB,8481,2,0,3,1.0191225,0.7944191,1.0,0.68704796,3.1720743
/content/Dataset/TUM/TUM-STVYVGET.jpg,8,TUM,8482,8,0,6,0.98494625,0.78930795,1.0,0.6900446,2.992182
/content/Dataset/DEB/DEB-RTDTFRLK.jpg,2,DEB,8483,5,1,5,1.054896,0.8328212,1.0,0.6828223,3.1931608
/content/Dataset/MUS/MUS-SYFLGYNT.jpg,5,MUS,8484,7,1,7,0.9626029,0.7894646,1.0,0.69139636,2.8638518
/content/Dataset/DEB/DEB-WMVSQRGR.jpg,2,DEB,8485,2,0,3,1.0173608,0.7918289,1.0,0.68696356,3.1757686
/content/Dataset/DEB/DEB-PEIFSSEA.jpg,2,DEB,8486,2,0,3,1.0187382,0.7931825,1.0,0.6874762,3.1748536
/content/Dataset/STR/STR-VHNTKWHE.jpg,7,STR,8487,5,1,5,0.9301412,0.81903994,1.0,0.6381972,2.7206101
/content/Dataset/NORM/NORM-SLWSQEQC.jpg,6,NORM,8488,5,1,5,1.0454277,0.8307996,0.9419395,0.67967564,3.2623675
/content/Dataset/DEB/DEB-NRMTSWNK.jpg,2,DEB,8489,8,1,8,1.0356244,0.84319836,1.0,0.6562549,3.1256747
/content/Dataset/BACK/BACK-KSIWHRFG.jpg,1,BACK,8490,1,0,3,1.0660932,0.8093121,1.0,0.7046121,3.3041363
/content/Dataset/MUC/MUC-SRNCGIGC.jpg,4,MUC,8491,4,0,7,0.29159057,0.7853841,1.0,0.048859842,0.939986
/content/Dataset/MUC/MUC-INVLNNTK.jpg,4,MUC,8492,4,0,7,0.9975729,0.808298,1.0,0.6756826,3.0171766
/content/Dataset/NORM/NORM-LYPQKLSR.jpg,6,NORM,8493,4,1,4,1.0137391,0.8099441,0.9608692,0.68361485,3.1397674
/content/Dataset/TUM/TUM-TEGFNEFD.jpg,8,TUM,8494,8,0,6,0.9851092,0.78821284,1.0,0.6909301,2.995597
/content/Dataset/TUM/TUM-VAENELPM.jpg,8,TUM,8495,8,0,6,0.9849808,0.787557,1.0,0.6912212,2.9971611
/content/Dataset/MUS/MUS-TCLPVSFY.jpg,5,MUS,8496,5,0,0,0.32323757,0.8662225,1.0,0.074701846,0.9515506
/content/Dataset/ADI/ADI-CFGHYTGP.jpg,0,ADI,8497,3,1,3,1.102147,0.8209154,1.0,0.7221525,3.3865988
/content/Dataset/MUS/MUS-QSIQLLWT.jpg,5,MUS,8498,5,0,7,0.7505276,0.89426655,1.0,0.4554432,2.0653706
/content/Dataset/STR/STR-NCATDDRY.jpg,7,STR,8499,2,1,2,0.98490256,0.8073678,0.9657344,0.65168387,3.0881834
/content/Dataset/MUS/MUS-QNAHPHSW.jpg,5,MUS,8500,5,0,7,0.95571965,0.7772243,1.0,0.69210905,2.881489
/content/Dataset/MUS/MUS-QDPQFKWM.jpg,5,MUS,8501,7,1,7,0.96245486,0.7920165,1.0,0.6895903,2.856783
/content/Dataset/ADI/ADI-CLSQIVHY.jpg,0,ADI,8502,0,0,4,0.83543724,0.9079252,1.0,0.47282118,2.3825355
/content/Dataset/DEB/DEB-SPQQWVFE.jpg,2,DEB,8503,2,0,3,1.018654,0.79612887,1.0,0.6854163,3.16608
/content/Dataset/STR/STR-NYNCQRWL.jpg,7,STR,8504,7,0,5,0.919683,0.7653817,1.0,0.6580856,2.842858
/content/Dataset/NORM/NORM-QTTKQPLC.jpg,6,NORM,8505,6,0,8,0.9847001,0.80527693,1.0,0.6785738,2.9507542
/content/Dataset/NORM/NORM-TIELMPIN.jpg,6,NORM,8506,6,0,8,0.9763367,0.78285205,1.0,0.68418694,2.9947236
/content/Dataset/DEB/DEB-YIFYPEHN.jpg,2,DEB,8507,2,0,3,1.0165706,0.7898066,1.0,0.6874974,3.1799827
/content/Dataset/NORM/NORM-YAKMPMNM.jpg,6,NORM,8508,6,0,4,0.99821085,0.8060014,0.9182119,0.6834144,3.1449606
/content/Dataset/LYM/LYM-NMELTDRE.jpg,3,LYM,8509,3,0,2,1.0472621,0.8053746,1.0,0.7106366,3.1941295
/content/Dataset/MUS/MUS-PPYNRFVI.jpg,5,MUS,8510,7,1,7,0.9654841,0.7972119,1.0,0.6894733,2.8495355
/content/Dataset/STR/STR-RCFMMIPV.jpg,7,STR,8511,7,0,5,0.92483616,0.77179503,1.0,0.65944755,2.8374138
/content/Dataset/MUS/MUS-CKKSYHGT.jpg,5,MUS,8512,5,0,7,0.95115966,0.77190435,1.0,0.6907502,2.885824
/content/Dataset/MUS/MUS-CLFSKLDD.jpg,5,MUS,8513,5,0,7,0.9586739,0.78868777,1.0,0.68775374,2.8573751
/content/Dataset/TUM/TUM-TKALALGI.jpg,8,TUM,8514,8,0,6,0.9531701,0.8602562,1.0,0.62145877,2.7185853
/content/Dataset/LYM/LYM-RAEADSRQ.jpg,3,LYM,8515,3,0,4,1.0523189,0.81455934,0.98005986,0.7107392,3.209394
/content/Dataset/ADI/ADI-CCYFRIDW.jpg,0,ADI,8516,0,0,4,1.0851386,0.82388884,1.0,0.7219769,3.272267
/content/Dataset/TUM/TUM-YSVQCAWR.jpg,8,TUM,8517,6,1,6,0.98759645,0.79265887,1.0,0.6905709,2.9888422
/content/Dataset/BACK/BACK-HYRDDNVE.jpg,1,BACK,8518,0,1,0,1.0766307,0.81274855,1.0,0.7039513,3.3499022
/content/Dataset/BACK/BACK-MEQMLTNH.jpg,1,BACK,8519,1,0,3,1.0660347,0.80969584,1.0,0.704308,3.302803
/content/Dataset/LYM/LYM-YQHEEHWH.jpg,3,LYM,8520,3,0,2,1.0488181,0.8074689,1.0,0.7107486,3.1916163
/content/Dataset/DEB/DEB-RERLRKKW.jpg,2,DEB,8521,2,0,7,0.4034908,0.85668063,1.0,0.13860533,1.2124565
/content/Dataset/NORM/NORM-NCSSVTYM.jpg,6,NORM,8522,6,0,8,0.97773874,0.78496313,1.0,0.6842933,2.991861
/content/Dataset/BACK/BACK-LSYGFGRG.jpg,1,BACK,8523,1,0,5,1.0696837,0.82601815,0.9914915,0.7006431,3.2644181
/content/Dataset/MUS/MUS-NMQTLQRI.jpg,5,MUS,8524,5,0,7,0.95901823,0.78303695,1.0,0.6917641,2.8732345
/content/Dataset/DEB/DEB-WCLFQVSY.jpg,2,DEB,8525,2,0,3,1.0180074,0.79144686,1.0,0.6878858,3.1783266
/content/Dataset/MUC/MUC-AEHKHRLH.jpg,4,MUC,8526,4,0,6,1.0105506,0.8012692,0.9816163,0.67880243,3.1472468
/content/Dataset/STR/STR-SLETECDR.jpg,7,STR,8527,7,0,5,0.9219819,0.7669048,1.0,0.6595141,2.8441522
/content/Dataset/NORM/NORM-MCSMYRHC.jpg,6,NORM,8528,6,0,4,0.9976761,0.80769527,0.91045475,0.6840441,3.1443276
/content/Dataset/LYM/LYM-ACCYYPEY.jpg,3,LYM,8529,3,0,2,1.0472118,0.8049897,1.0,0.7108142,3.1952496
/content/Dataset/BACK/BACK-KYTCYSYY.jpg,1,BACK,8530,1,0,3,1.0664715,0.8103011,1.0,0.70432466,3.3019893
/content/Dataset/LYM/LYM-GCNIHGDH.jpg,3,LYM,8531,3,0,2,1.0463269,0.80429864,1.0,0.71044636,3.1951108
/content/Dataset/MUS/MUS-AFMVMTYR.jpg,5,MUS,8532,5,0,7,0.96091294,0.79111564,1.0,0.6886016,2.8556523
/content/Dataset/MUC/MUC-TWFPCSYI.jpg,4,MUC,8533,4,0,6,1.0172771,0.80259144,1.0,0.6791942,3.1461887
/content/Dataset/TUM/TUM-QTYDITNQ.jpg,8,TUM,8534,6,1,6,0.98596466,0.789492,1.0,0.69095904,2.9939983
/content/Dataset/MUC/MUC-PADINMFW.jpg,4,MUC,8535,4,0,3,1.0165035,0.79145396,1.0,0.6789649,3.2012224
/content/Dataset/NORM/NORM-LMCKFHEC.jpg,6,NORM,8536,4,1,4,1.0124917,0.8068334,0.96604407,0.68294,3.1420996
/content/Dataset/NORM/NORM-NLIGNIND.jpg,6,NORM,8537,6,0,8,0.979159,0.78838456,1.0,0.6835438,2.9854693
/content/Dataset/STR/STR-NMFGTHPN.jpg,7,STR,8538,2,1,2,0.9516169,0.8052255,0.9054672,0.636351,3.058601
/content/Dataset/ADI/ADI-ATFYTKSW.jpg,0,ADI,8539,0,0,4,1.0857674,0.8247726,1.0,0.7220154,3.2709863
/content/Dataset/BACK/BACK-DHCVEKIY.jpg,1,BACK,8540,1,0,3,1.065908,0.80942017,1.0,0.7043627,3.3033705
/content/Dataset/STR/STR-YREVHLGF.jpg,7,STR,8541,2,1,2,0.96538216,0.7974162,0.8980507,0.6584164,3.1178794
/content/Dataset/MUS/MUS-CLQDTRDL.jpg,5,MUS,8542,5,0,7,0.9386174,0.7901444,1.0,0.66588205,2.8089778
/content/Dataset/ADI/ADI-DGMHRLPK.jpg,0,ADI,8543,0,0,4,1.0705799,0.8656136,1.0,0.68385804,3.1128128
/content/Dataset/BACK/BACK-EQQKPWNT.jpg,1,BACK,8544,1,0,3,1.0664201,0.81025493,1.0,0.7043089,3.3019989
/content/Dataset/BACK/BACK-IDYHAAGN.jpg,1,BACK,8545,1,0,5,1.0698321,0.8258772,0.9834154,0.70328444,3.2708538
/content/Dataset/BACK/BACK-MICRCTVW.jpg,1,BACK,8546,0,1,0,1.0773269,0.8144188,1.0,0.703528,3.3463144
/content/Dataset/ADI/ADI-FSFPIFAT.jpg,0,ADI,8547,0,0,4,1.0848522,0.823248,1.0,0.7221447,3.2734609
/content/Dataset/LYM/LYM-QWPFALRH.jpg,3,LYM,8548,3,0,2,1.0472941,0.8048137,1.0,0.7110276,3.1959026
/content/Dataset/ADI/ADI-IDGWPHYR.jpg,0,ADI,8549,0,0,4,1.0833578,0.82287306,0.99634445,0.72205395,3.2737906
/content/Dataset/MUC/MUC-SYSMGLIM.jpg,4,MUC,8550,4,0,7,0.9982271,0.8155286,1.0,0.6720849,2.997658
/content/Dataset/TUM/TUM-VTINIDAE.jpg,8,TUM,8551,8,0,6,0.98551244,0.7885247,1.0,0.6911375,2.995644
/content/Dataset/MUS/MUS-SVKLRVAK.jpg,5,MUS,8552,7,1,7,0.96581703,0.82010037,1.0,0.6761506,2.789237
/content/Dataset/MUS/MUS-SPATMTKN.jpg,5,MUS,8553,5,0,7,0.9544524,0.7754152,1.0,0.69195616,2.8835638
/content/Dataset/ADI/ADI-FVRVSKMD.jpg,0,ADI,8554,0,0,5,1.1015047,0.8333056,1.0,0.72237957,3.313743
/content/Dataset/TUM/TUM-RTPLDSDV.jpg,8,TUM,8555,8,0,5,0.6145141,0.87021375,1.0,0.28401336,1.8875133
/content/Dataset/MUC/MUC-SKMMTMIS.jpg,4,MUC,8556,3,1,3,1.0178728,0.7930062,1.0,0.6793758,3.1995497
/content/Dataset/MUC/MUC-VFGGCMCP.jpg,4,MUC,8557,4,0,3,1.0168043,0.7922436,1.0,0.6788126,3.1993227
/content/Dataset/ADI/ADI-HFYHPQSH.jpg,0,ADI,8558,0,0,4,1.0855594,0.8238887,1.0,0.7224002,3.2731483
/content/Dataset/MUC/MUC-VDWEKYKC.jpg,4,MUC,8559,4,0,3,1.0168508,0.7920803,1.0,0.67895025,3.1999793
/content/Dataset/TUM/TUM-YKYAGKSL.jpg,8,TUM,8560,6,1,6,0.9929337,0.80794847,1.0,0.6863229,2.9582427
/content/Dataset/DEB/DEB-VKNFHPPY.jpg,2,DEB,8561,2,0,3,1.0182153,0.7934722,1.0,0.68670666,3.172979
/content/Dataset/STR/STR-YECGGWWQ.jpg,7,STR,8562,7,0,5,0.9264636,0.77953833,1.0,0.6564694,2.8197954
/content/Dataset/STR/STR-RIYEYLVA.jpg,7,STR,8563,7,0,5,0.9240918,0.77137834,1.0,0.65891695,2.8368554
/content/Dataset/STR/STR-NYWCYHQA.jpg,7,STR,8564,5,1,5,0.9300878,0.785252,1.0,0.6567796,2.8126197
/content/Dataset/TUM/TUM-WVPDNQCF.jpg,8,TUM,8565,8,0,6,0.98350227,0.7863436,1.0,0.6905026,2.997194
/content/Dataset/BACK/BACK-IPVVACPM.jpg,1,BACK,8566,1,0,3,1.0659014,0.8094784,1.0,0.7043222,3.3031592
/content/Dataset/DEB/DEB-WDPKFRHV.jpg,2,DEB,8567,2,0,3,1.018198,0.79212874,1.0,0.6875929,3.176861
/content/Dataset/MUC/MUC-SWTNPITV.jpg,4,MUC,8568,0,1,0,1.0271157,0.7956786,0.99306613,0.67842627,3.2561398
/content/Dataset/BACK/BACK-LKMIPPWY.jpg,1,BACK,8569,1,0,0,1.0738645,0.8097917,1.0,0.7032392,3.352645
/content/Dataset/STR/STR-RDCYWCIM.jpg,7,STR,8570,2,1,2,0.9740522,0.79969156,0.9285535,0.65669644,3.1102984
/content/Dataset/NORM/NORM-SHFLHKVV.jpg,6,NORM,8571,6,0,8,0.9726902,0.777027,1.0,0.6842219,3.0028691
/content/Dataset/DEB/DEB-QHRVKQIR.jpg,2,DEB,8572,2,0,3,1.0162483,0.81122035,1.0,0.6733861,3.1162157
/content/Dataset/DEB/DEB-QEVDNCTE.jpg,2,DEB,8573,6,1,6,1.0435643,0.8262881,1.0,0.67378557,3.194378
/content/Dataset/BACK/BACK-IREFFWVS.jpg,1,BACK,8574,1,0,3,1.0663023,0.81002134,1.0,0.70435214,3.3024292
/content/Dataset/MUS/MUS-RWLRFCRH.jpg,5,MUS,8575,5,0,7,0.9558066,0.785051,1.0,0.6870962,2.8607144
/content/Dataset/LYM/LYM-VEMSQNPA.jpg,3,LYM,8576,3,0,4,1.0503682,0.8150972,0.97183967,0.71095616,3.209087
/content/Dataset/MUS/MUS-RLVQCETN.jpg,5,MUS,8577,4,1,4,1.0296221,0.83441037,0.90697443,0.6829947,3.2003756
/content/Dataset/LYM/LYM-TQDADVWS.jpg,3,LYM,8578,4,1,4,1.0588948,0.81553864,1.0,0.7105645,3.207408
/content/Dataset/NORM/NORM-YKFVPVDC.jpg,6,NORM,8579,6,0,8,0.9800582,0.81679046,1.0,0.6671597,2.907936
/content/Dataset/MUS/MUS-CHMTYALL.jpg,5,MUS,8580,5,0,7,0.952499,0.7735666,1.0,0.69110996,2.8841972
/content/Dataset/STR/STR-PHHTQALY.jpg,7,STR,8581,7,0,5,0.9246826,0.771713,1.0,0.6593728,2.8371727
/content/Dataset/STR/STR-QLVWRATV.jpg,7,STR,8582,5,1,5,0.9299689,0.78448987,1.0,0.65717417,2.8142304
/content/Dataset/DEB/DEB-NSLKSFKM.jpg,2,DEB,8583,2,0,3,1.0175,0.7912041,1.0,0.68750775,3.177976
/content/Dataset/STR/STR-RTHNIFCC.jpg,7,STR,8584,7,0,5,0.9254756,0.77334416,1.0,0.6592031,2.834514
/content/Dataset/MUS/MUS-RRHNIGLS.jpg,5,MUS,8585,5,0,7,0.95686877,0.77910817,1.0,0.6920765,2.8789952
/content/Dataset/MUC/MUC-WKPSDYPV.jpg,4,MUC,8586,0,1,0,1.0294052,0.79515547,1.0,0.6789013,3.2583458
/content/Dataset/NORM/NORM-MFTRAYWR.jpg,6,NORM,8587,6,0,8,0.9727783,0.7771483,1.0,0.6842359,3.0027194
/content/Dataset/ADI/ADI-FRGMPKNP.jpg,0,ADI,8588,0,0,4,1.0852904,0.82372755,1.0,0.7222355,3.2730687
/content/Dataset/STR/STR-WNGMKDFY.jpg,7,STR,8589,7,0,5,0.9213291,0.765786,1.0,0.6594291,2.846018
/content/Dataset/DEB/DEB-PPDFPPYK.jpg,2,DEB,8590,2,0,3,1.0181365,0.7924863,1.0,0.687349,3.1754665
/content/Dataset/STR/STR-WTKKLNGE.jpg,7,STR,8591,5,1,5,0.9280263,0.7765292,1.0,0.65994704,2.8315792
/content/Dataset/DEB/DEB-STILLVLW.jpg,2,DEB,8592,2,0,7,1.0086724,0.80828214,0.9654545,0.6818435,3.1172888
/content/Dataset/LYM/LYM-SDNFSKPH.jpg,3,LYM,8593,3,0,4,1.0505073,0.81514746,0.9763582,0.7096898,3.2061074
/content/Dataset/ADI/ADI-GPEYTSQW.jpg,0,ADI,8594,3,1,3,1.1022462,0.82064486,1.0,0.7224251,3.3876762
/content/Dataset/STR/STR-QPMDTPIG.jpg,7,STR,8595,7,0,5,0.9226354,0.77300787,1.0,0.6561873,2.8296208
/content/Dataset/LYM/LYM-TTREQGNP.jpg,3,LYM,8596,3,0,2,1.0486491,0.81182814,1.0,0.7077207,3.1784139
/content/Dataset/BACK/BACK-IGQTSWHD.jpg,1,BACK,8597,1,0,5,1.06518,0.8246446,0.9675782,0.7042762,3.2753232
/content/Dataset/DEB/DEB-WCHLKFFE.jpg,2,DEB,8598,3,1,3,1.0193284,0.7999188,1.0,0.6836366,3.1563993
/content/Dataset/BACK/BACK-KEHGPACE.jpg,1,BACK,8599,0,1,0,1.0772989,0.814991,1.0,0.7031198,3.3444977
/content/Dataset/DEB/DEB-YPMNNNIF.jpg,2,DEB,8600,3,1,3,1.0206908,0.7969682,1.0,0.6869499,3.1681323
/content/Dataset/STR/STR-TEEYDTCP.jpg,7,STR,8601,5,1,5,0.9280893,0.783072,1.0,0.6560757,2.8137665
/content/Dataset/TUM/TUM-SFYPSADH.jpg,8,TUM,8602,8,0,6,0.98449266,0.7874867,1.0,0.69071734,2.9964132
/content/Dataset/LYM/LYM-NLPIARMS.jpg,3,LYM,8603,3,0,4,1.0526671,0.814833,0.979701,0.7109978,3.209664
/content/Dataset/ADI/ADI-HCGGYFRA.jpg,0,ADI,8604,0,0,4,1.0830786,0.82245696,0.9963447,0.72205687,3.2744162
/content/Dataset/TUM/TUM-YPRLIKLL.jpg,8,TUM,8605,8,0,6,0.9843094,0.78643066,1.0,0.6912733,2.9987829
/content/Dataset/LYM/LYM-SERLDGID.jpg,3,LYM,8606,3,0,2,1.0494635,0.8082486,1.0,0.7108772,3.1907556
/content/Dataset/BACK/BACK-LVQLHNAK.jpg,1,BACK,8607,1,0,8,1.0660446,0.8170934,1.0,0.70353734,3.2654707
/content/Dataset/ADI/ADI-AGYDLECP.jpg,0,ADI,8608,0,0,5,1.0941626,0.83037627,0.9825755,0.72253114,3.3184257
/content/Dataset/MUS/MUS-QLPKIYML.jpg,5,MUS,8609,5,0,7,0.9537902,0.7759278,1.0,0.69083995,2.8809497
/content/Dataset/MUS/MUS-NRFLYEAN.jpg,5,MUS,8610,5,0,2,0.39158934,0.87696,1.0,0.12083432,1.1592947
/content/Dataset/MUC/MUC-WRLQHLHT.jpg,4,MUC,8611,6,1,6,1.0183227,0.8076056,1.0,0.6770793,3.1337388
/content/Dataset/NORM/NORM-WPFSLTEE.jpg,6,NORM,8612,6,0,8,0.9722265,0.7764503,1.0,0.6841223,3.0034342
/content/Dataset/NORM/NORM-PFWFHQRY.jpg,6,NORM,8613,6,0,4,0.4562513,0.8788109,1.0,0.17648984,1.3470514
/content/Dataset/BACK/BACK-KPDWIYHV.jpg,1,BACK,8614,1,0,5,1.0629773,0.8241631,0.9607519,0.70453537,3.2764666
/content/Dataset/BACK/BACK-MAQKAVLW.jpg,1,BACK,8615,2,1,2,1.080754,0.8254329,1.0,0.7013817,3.313863
/content/Dataset/LYM/LYM-SVVHGQMG.jpg,3,LYM,8616,3,0,2,1.0372329,0.83375,1.0,0.6831465,3.0880182
/content/Dataset/ADI/ADI-DCCYSLRI.jpg,0,ADI,8617,0,0,5,1.091176,0.8311329,0.9720769,0.72233105,3.3168757
/content/Dataset/NORM/NORM-AHHCSTAE.jpg,6,NORM,8618,6,0,8,0.98033434,0.7910752,1.0,0.68302876,2.9805696
/content/Dataset/BACK/BACK-LWMAPASG.jpg,1,BACK,8619,1,0,3,1.0664424,0.8100018,1.0,0.70448923,3.3028557
/content/Dataset/DEB/DEB-NRPRSSWI.jpg,2,DEB,8620,2,0,3,1.0175215,0.7931054,1.0,0.6862248,3.1725593
/content/Dataset/LYM/LYM-ECAWTYML.jpg,3,LYM,8621,8,1,8,1.0695546,0.8534143,1.0,0.6702899,3.2159276
/content/Dataset/TUM/TUM-RTANEAKQ.jpg,8,TUM,8622,8,0,6,0.9844317,0.7872401,1.0,0.6908524,2.9968462
/content/Dataset/MUS/MUS-CFQSEFSV.jpg,5,MUS,8623,5,0,7,0.3652774,0.8380649,1.0,0.13459928,1.0811062
/content/Dataset/BACK/BACK-AFQETSDW.jpg,1,BACK,8624,1,0,0,1.0482866,0.86670935,1.0,0.6469564,3.1139858
/content/Dataset/BACK/BACK-KESHKYSC.jpg,1,BACK,8625,1,0,3,1.0663091,0.8101003,1.0,0.7043097,3.3021915
/content/Dataset/NORM/NORM-LFKCCMDY.jpg,6,NORM,8626,6,0,8,0.9793027,0.78841746,1.0,0.68364155,2.985797
/content/Dataset/TUM/TUM-RNPAPLPI.jpg,8,TUM,8627,6,1,6,0.992483,0.8117728,1.0,0.68357986,2.946448
/content/Dataset/BACK/BACK-NGLFADHK.jpg,1,BACK,8628,2,1,2,1.0814418,0.826951,1.0,0.70109165,3.310696
/content/Dataset/BACK/BACK-CHGSVEAQ.jpg,1,BACK,8629,1,0,3,1.0662767,0.8100604,1.0,0.70430076,3.3022532
/content/Dataset/NORM/NORM-YMWPIQWA.jpg,6,NORM,8630,6,0,8,0.9746843,0.78030336,1.0,0.684128,2.9981956
/content/Dataset/LYM/LYM-SVKDQIKF.jpg,3,LYM,8631,3,0,2,1.0474327,0.8051379,1.0,0.7109413,3.1952891
/content/Dataset/TUM/TUM-TTYNNRSR.jpg,8,TUM,8632,8,0,6,0.9850808,0.7886348,1.0,0.690613,2.994394
/content/Dataset/STR/STR-WWFAPLIH.jpg,7,STR,8633,7,0,5,0.9229026,0.76700795,1.0,0.6604459,2.8459284
/content/Dataset/TUM/TUM-VVQALQSN.jpg,8,TUM,8634,8,0,6,0.9763411,0.8151909,1.0,0.66541713,2.90069
/content/Dataset/MUS/MUS-REWKDSWG.jpg,5,MUS,8635,5,0,7,0.9563694,0.77845573,1.0,0.6920119,2.8795364
/content/Dataset/STR/STR-PIIRWNND.jpg,7,STR,8636,2,1,2,0.96432775,0.794623,0.90541196,0.6570861,3.1179912
/content/Dataset/ADI/ADI-FLQAFIEH.jpg,0,ADI,8637,0,0,4,1.0842448,0.82304513,1.0,0.72171056,3.27264
/content/Dataset/BACK/BACK-KSAIADAY.jpg,1,BACK,8638,1,0,3,1.06601,0.809728,1.0,0.7042569,3.302669
/content/Dataset/ADI/ADI-FPGFPVGT.jpg,0,ADI,8639,3,1,3,1.1021743,0.82089686,1.0,0.72217906,3.3867633
/content/Dataset/TUM/TUM-QHQDEDWR.jpg,8,TUM,8640,8,0,6,0.98457056,0.787766,1.0,0.6906395,2.995727
/content/Dataset/DEB/DEB-WLDSVPFI.jpg,2,DEB,8641,2,0,3,0.79991496,0.8952601,1.0,0.45010036,2.311195
/content/Dataset/LYM/LYM-NNPEEPST.jpg,3,LYM,8642,3,0,2,1.0476373,0.8057781,1.0,0.71071696,3.1938708
/content/Dataset/DEB/DEB-YMDIQENW.jpg,2,DEB,8643,2,0,7,0.99767154,0.8239311,1.0,0.65193665,3.0214841
/content/Dataset/LYM/LYM-PGPPVWHA.jpg,3,LYM,8644,4,1,4,1.0557647,0.8157435,0.9904029,0.7102489,3.2064028
/content/Dataset/NORM/NORM-RFYFWWWE.jpg,6,NORM,8645,6,0,8,0.9731011,0.77743036,1.0,0.68441373,3.0025654
/content/Dataset/MUS/MUS-CADDSKRG.jpg,5,MUS,8646,7,1,7,0.96757483,0.80490685,1.0,0.6868076,2.833811
/content/Dataset/LYM/LYM-ASFDIGLM.jpg,3,LYM,8647,4,1,4,1.059173,0.81532776,1.0,0.71094984,3.2087443
/content/Dataset/ADI/ADI-HQKFPPAM.jpg,0,ADI,8648,0,0,4,1.0857168,0.8247596,1.0,0.72196436,3.270951
/content/Dataset/MUS/MUS-SCKPRNTY.jpg,5,MUS,8649,6,1,6,1.0515989,0.8356145,0.93626475,0.68276906,3.2716243
/content/Dataset/MUS/MUS-AIPKTSKH.jpg,5,MUS,8650,7,1,7,0.9661756,0.79989564,1.0,0.68851477,2.8438995
/content/Dataset/TUM/TUM-QPVNWQEA.jpg,8,TUM,8651,6,1,6,0.9889238,0.7977799,1.0,0.688678,2.9774232
/content/Dataset/LYM/LYM-DDHECWCC.jpg,3,LYM,8652,4,1,4,1.056511,0.81480384,0.9925814,0.71091187,3.2094593
/content/Dataset/ADI/ADI-GIDHFGEI.jpg,0,ADI,8653,0,0,5,1.0984566,0.8321532,0.9939151,0.72203714,3.3147397
/content/Dataset/STR/STR-RHFQPWFR.jpg,7,STR,8654,7,0,5,0.92488086,0.7709613,1.0,0.66005266,2.8396776
/content/Dataset/DEB/DEB-WTRQCHYR.jpg,2,DEB,8655,2,0,3,1.017105,0.791868,1.0,0.686752,3.174808
/content/Dataset/DEB/DEB-QHPAPNVP.jpg,2,DEB,8656,2,0,8,0.98053116,0.87588274,1.0,0.5918444,2.8899393
/content/Dataset/BACK/BACK-LKVTIPML.jpg,1,BACK,8657,0,1,0,1.0751549,0.80999875,1.0,0.7043749,3.3549073
/content/Dataset/NORM/NORM-ADSMYSLP.jpg,6,NORM,8658,4,1,4,1.0263562,0.81503546,1.0,0.6813595,3.1268146
/content/Dataset/TUM/TUM-VIAWEMVM.jpg,8,TUM,8659,6,1,6,0.9859446,0.7894911,1.0,0.6909292,2.9939878
/content/Dataset/BACK/BACK-ANGRDKGQ.jpg,1,BACK,8660,1,0,3,1.0665858,0.81011593,1.0,0.70455915,3.302816
/content/Dataset/MUC/MUC-CEAYISWN.jpg,4,MUC,8661,4,0,3,1.0171841,0.7929789,1.0,0.67872685,3.1979465
/content/Dataset/BACK/BACK-KDVILPIG.jpg,1,BACK,8662,1,0,3,1.0661466,0.81002814,1.0,0.7041771,3.3021193
/content/Dataset/DEB/DEB-ACAPFPQL.jpg,2,DEB,8663,2,0,3,1.0176523,0.79129267,1.0,0.6876097,3.1780384
/content/Dataset/MUS/MUS-RSREHQCT.jpg,5,MUS,8664,7,1,7,0.9655525,0.7968643,1.0,0.6897266,2.8507216
/content/Dataset/MUC/MUC-NHLAIIKH.jpg,4,MUC,8665,4,0,3,1.0173194,0.7927247,1.0,0.679053,3.1989362
/content/Dataset/STR/STR-MMNLEKLL.jpg,7,STR,8666,7,0,5,0.7864302,0.8500738,1.0,0.48736838,2.291854
/content/Dataset/LYM/LYM-NTYYLWNM.jpg,3,LYM,8667,3,0,2,1.0475585,0.8053436,1.0,0.71093696,3.19494
/content/Dataset/DEB/DEB-QDGFLMEV.jpg,2,DEB,8668,3,1,3,1.019344,0.7940049,1.0,0.68753594,3.1738355
/content/Dataset/ADI/ADI-EYNPMTGP.jpg,0,ADI,8669,0,0,3,1.1015308,0.8204189,0.99951184,0.7220523,3.3870537
/content/Dataset/DEB/DEB-SRDYMLEI.jpg,2,DEB,8670,2,0,3,1.0153699,0.79011154,1.0,0.68612844,3.1761491
/content/Dataset/MUC/MUC-NPPASGIN.jpg,4,MUC,8671,4,0,6,0.9346195,0.8357141,1.0,0.58194,2.848423
/content/Dataset/LYM/LYM-RYFTTNGQ.jpg,3,LYM,8672,3,0,4,1.0513781,0.814389,0.9764774,0.71099925,3.210301
/content/Dataset/BACK/BACK-CTIWNNIH.jpg,1,BACK,8673,1,0,3,1.0658941,0.8093,1.0,0.70443743,3.3036728
/content/Dataset/ADI/ADI-EGWYSEAD.jpg,0,ADI,8674,0,0,4,1.0836835,0.8229673,0.9970745,0.72208834,3.2737186
/content/Dataset/STR/STR-YSCTYPFN.jpg,7,STR,8675,5,1,5,0.9288516,0.7809552,1.0,0.65810543,2.821407
/content/Dataset/STR/STR-YQDEPCKY.jpg,7,STR,8676,7,0,5,0.4887227,0.88662255,1.0,0.2371975,1.371379
/content/Dataset/MUC/MUC-QLATIALG.jpg,4,MUC,8677,6,1,6,1.0194045,0.80884826,1.0,0.677445,3.1323037
/content/Dataset/MUC/MUC-YQCFGAVA.jpg,4,MUC,8678,6,1,6,1.0179698,0.8051015,1.0,0.6782773,3.1404152
/content/Dataset/MUS/MUS-APIWDLPW.jpg,5,MUS,8679,5,0,7,0.95643204,0.7784889,1.0,0.6920114,2.879726
/content/Dataset/MUS/MUS-REMWRMEC.jpg,5,MUS,8680,5,0,7,0.95381933,0.77487916,1.0,0.69161165,2.8836887
/content/Dataset/LYM/LYM-TKHIIVAD.jpg,3,LYM,8681,4,1,4,1.0546772,0.81482375,0.98762596,0.7106039,3.2086616
/content/Dataset/MUS/MUS-VLYRLDYP.jpg,5,MUS,8682,7,1,7,0.96675783,0.8135844,1.0,0.6808733,2.8086326
/content/Dataset/DEB/DEB-YADMARYP.jpg,2,DEB,8683,5,1,5,1.0526698,0.8343989,1.0,0.679814,3.1831112
/content/Dataset/LYM/LYM-QNHDLPHE.jpg,3,LYM,8684,3,0,4,1.051023,0.81273264,0.98113716,0.7103948,3.2109423
/content/Dataset/LYM/LYM-SGLAYDSI.jpg,3,LYM,8685,3,0,2,1.047902,0.80596536,1.0,0.71085984,3.1938999
/content/Dataset/MUS/MUS-SCQGMWCC.jpg,5,MUS,8686,7,1,7,0.96356714,0.79500914,1.0,0.6887949,2.851428
/content/Dataset/MUS/MUS-SQHYFGNL.jpg,5,MUS,8687,7,1,7,0.96151423,0.78756344,1.0,0.69146353,2.8665864
/content/Dataset/ADI/ADI-HAEWYHWI.jpg,0,ADI,8688,3,1,3,1.1023604,0.821302,1.0,0.722089,3.3859217
/content/Dataset/STR/STR-RGPPWVKG.jpg,7,STR,8689,7,0,5,0.9269527,0.77570355,1.0,0.6592696,2.8315527
/content/Dataset/MUS/MUS-QTPGASEF.jpg,5,MUS,8690,7,1,7,0.9622962,0.79292697,1.0,0.6888694,2.8539376
/content/Dataset/TUM/TUM-VHIRCKGF.jpg,8,TUM,8691,8,0,6,0.9838636,0.7862217,1.0,0.69093657,2.9984102
/content/Dataset/TUM/TUM-RQNSQVRV.jpg,8,TUM,8692,6,1,6,0.98631525,0.7901835,1.0,0.6908695,2.9928522
/content/Dataset/MUS/MUS-PNQYEEPS.jpg,5,MUS,8693,5,0,7,0.9578442,0.78003454,1.0,0.69249827,2.8786654
/content/Dataset/DEB/DEB-RVIDSCAW.jpg,2,DEB,8694,2,0,3,1.01896,0.792981,1.0,0.68781906,3.176009
/content/Dataset/ADI/ADI-GGKAKYNP.jpg,0,ADI,8695,0,0,5,1.1009321,0.83278203,1.0,0.72216547,3.3140793
/content/Dataset/DEB/DEB-TPFCTGSC.jpg,2,DEB,8696,3,1,3,1.0195719,0.79517066,1.0,0.686964,3.1710281
/content/Dataset/MUS/MUS-PVTKVEGI.jpg,5,MUS,8697,5,0,7,0.95946556,0.7837176,1.0,0.6918079,2.8723478
/content/Dataset/TUM/TUM-RMTWDYCS.jpg,8,TUM,8698,5,1,5,0.99698895,0.85605514,1.0,0.6220277,2.9673111
/content/Dataset/NORM/NORM-SWPVMARG.jpg,6,NORM,8699,6,0,8,0.97280675,0.7770645,1.0,0.6843326,3.0029817
/content/Dataset/BACK/BACK-KEKGGITK.jpg,1,BACK,8700,1,0,3,1.0660564,0.8097167,1.0,0.7043104,3.3028073
/content/Dataset/BACK/BACK-IVQMFLHW.jpg,1,BACK,8701,1,0,3,1.0652611,0.8093024,1.0,0.70380443,3.3022618
/content/Dataset/TUM/TUM-TRHTKWCQ.jpg,8,TUM,8702,6,1,6,0.9859421,0.83306116,1.0,0.6650215,2.8721159
/content/Dataset/TUM/TUM-VLGSKGDL.jpg,8,TUM,8703,8,0,6,0.9835336,0.7853732,1.0,0.6911704,2.9999864
/content/Dataset/MUS/MUS-SGWRTDGC.jpg,5,MUS,8704,5,0,7,0.95636326,0.7785435,1.0,0.69194615,2.8792915
/content/Dataset/MUS/MUS-RDQMHIIA.jpg,5,MUS,8705,5,0,7,0.95387405,0.77596855,1.0,0.69096357,2.8808348
/content/Dataset/ADI/ADI-DQAGAWCW.jpg,0,ADI,8706,0,0,4,1.084288,0.8226963,0.99975586,0.7220417,3.2740018
/content/Dataset/STR/STR-VEWFETHH.jpg,7,STR,8707,5,1,5,0.9295956,0.80214655,1.0,0.646545,2.765561
/content/Dataset/BACK/BACK-LCGRLMKL.jpg,1,BACK,8708,1,0,3,1.0660642,0.8098588,1.0,0.7042168,3.302419
/content/Dataset/STR/STR-VGLVVMYA.jpg,7,STR,8709,7,0,5,0.9249254,0.7705677,1.0,0.6603941,2.8407056
/content/Dataset/MUS/MUS-RCKTINMQ.jpg,5,MUS,8710,5,0,7,0.9573617,0.7795355,1.0,0.6923337,2.8788853
/content/Dataset/BACK/BACK-KMTKGLYW.jpg,1,BACK,8711,0,1,0,1.075789,0.81162274,1.0,0.7039003,3.351377
/content/Dataset/BACK/BACK-IKNLGSSY.jpg,1,BACK,8712,1,0,8,1.065241,0.815058,1.0,0.7041265,3.2696257
/content/Dataset/BACK/BACK-KYRWWKES.jpg,1,BACK,8713,1,0,3,1.0659916,0.8097387,1.0,0.70422655,3.3026142
/content/Dataset/DEB/DEB-QVQPENRH.jpg,2,DEB,8714,2,0,3,1.0175928,0.79163516,1.0,0.68733317,3.1768491
/content/Dataset/STR/STR-QPRDYHPR.jpg,7,STR,8715,7,0,5,0.92557913,0.7826184,1.0,0.6536225,2.8095865
/content/Dataset/STR/STR-YMEDEFCC.jpg,7,STR,8716,7,0,5,0.92446285,0.7821612,1.0,0.6525591,2.8088038
/content/Dataset/NORM/NORM-SPLIFYWH.jpg,6,NORM,8717,6,0,8,0.9740271,0.77860034,1.0,0.6846025,3.001379
/content/Dataset/MUC/MUC-CDFQWDGW.jpg,4,MUC,8718,4,0,7,0.9933313,0.7962705,1.0,0.67888844,3.0419922
/content/Dataset/BACK/BACK-KHSYIPCL.jpg,1,BACK,8719,1,0,3,1.0663592,0.8102112,1.0,0.7042757,3.3020027
/content/Dataset/STR/STR-PDAKLTTG.jpg,7,STR,8720,2,1,2,0.9706587,0.80454814,0.92355144,0.65117157,3.092813
/content/Dataset/BACK/BACK-NPFRLTGM.jpg,1,BACK,8721,1,0,3,1.0661263,0.80979097,1.0,0.7043293,3.3027422
/content/Dataset/LYM/LYM-YPGMADLW.jpg,3,LYM,8722,3,0,2,1.0470283,0.8045653,1.0,0.7109254,3.196049
/content/Dataset/TUM/TUM-SFIDNPAD.jpg,8,TUM,8723,8,0,6,0.9786717,0.7850393,1.0,0.68623024,2.9904046
/content/Dataset/MUS/MUS-QAFKVQKN.jpg,5,MUS,8724,0,1,0,1.0620799,0.8251779,1.0,0.6821172,3.2774081
/content/Dataset/MUS/MUS-SYNSHISY.jpg,5,MUS,8725,7,1,7,0.96506387,0.81598324,1.0,0.67770267,2.7986984
/content/Dataset/ADI/ADI-EWACSCFR.jpg,0,ADI,8726,0,0,4,1.0848149,0.82325,1.0,0.7221051,3.273381
/content/Dataset/LYM/LYM-NWWDHAGP.jpg,3,LYM,8727,4,1,4,1.0587586,0.8149978,1.0,0.71078473,3.208699
/content/Dataset/TUM/TUM-YSCCWSDC.jpg,8,TUM,8728,8,0,6,0.98539734,0.78891814,1.0,0.6907459,2.9943397
/content/Dataset/MUS/MUS-CIEYYMNM.jpg,5,MUS,8729,5,0,7,0.9577981,0.7803225,1.0,0.69227344,2.8777518
/content/Dataset/LYM/LYM-RMMFIPVP.jpg,3,LYM,8730,3,0,2,1.0516154,0.8134329,1.0,0.7095951,3.1803713
/content/Dataset/STR/STR-QPGRFCWH.jpg,7,STR,8731,7,0,5,0.92328274,0.76757866,1.0,0.6605168,2.8451545
/content/Dataset/MUS/MUS-SPGHQTCC.jpg,5,MUS,8732,5,0,7,0.96023864,0.7845971,1.0,0.6920565,2.8716743
/content/Dataset/MUC/MUC-VRRMCMCC.jpg,4,MUC,8733,4,0,7,0.9952944,0.82068855,1.0,0.6663412,2.9757001
/content/Dataset/DEB/DEB-YCEMVIHI.jpg,2,DEB,8734,2,0,3,1.0175463,0.79184616,1.0,0.6871605,3.1760683
/content/Dataset/NORM/NORM-MMMQAEPY.jpg,6,NORM,8735,6,0,4,1.0016725,0.80682003,0.92597854,0.684019,3.1452162
/content/Dataset/BACK/BACK-MYVRESEA.jpg,1,BACK,8736,1,0,3,1.0667589,0.8103152,1.0,0.7045955,3.302606
/content/Dataset/DEB/DEB-QHYAGTQH.jpg,2,DEB,8737,2,0,3,1.0181165,0.7926903,1.0,0.6871649,3.1749198
/content/Dataset/LYM/LYM-SPFSNGQR.jpg,3,LYM,8738,4,1,4,1.0579805,0.8151116,0.9963446,0.71101826,3.2092483
/content/Dataset/BACK/BACK-GRLSEPCI.jpg,1,BACK,8739,1,0,0,1.0748363,0.80959994,1.0,0.70433056,3.3554108
/content/Dataset/NORM/NORM-PCSAWDYI.jpg,6,NORM,8740,7,1,7,1.0122964,0.820131,0.9306812,0.68108404,3.1395917
/content/Dataset/MUC/MUC-VQHVLEMM.jpg,4,MUC,8741,4,0,7,0.99309766,0.7952142,1.0,0.67924607,3.044745
/content/Dataset/MUC/MUC-NKWFRGFY.jpg,4,MUC,8742,4,0,7,0.99603635,0.8021679,1.0,0.67789495,3.0313137
/content/Dataset/NORM/NORM-RLKPRWFS.jpg,6,NORM,8743,4,1,4,1.0215535,0.80943906,0.9902819,0.68302363,3.1388032
/content/Dataset/MUC/MUC-YLRNTRQG.jpg,4,MUC,8744,2,1,2,1.0571731,0.82393616,1.0,0.6735733,3.2869623
/content/Dataset/DEB/DEB-WLFFDACF.jpg,2,DEB,8745,2,0,3,1.0173548,0.79184383,1.0,0.68691075,3.175841
/content/Dataset/DEB/DEB-PFEWIHEF.jpg,2,DEB,8746,2,0,3,1.0177324,0.79206663,1.0,0.6871519,3.1760201
/content/Dataset/MUC/MUC-NSIDDFVD.jpg,4,MUC,8747,4,0,3,1.0172939,0.7921679,1.0,0.6793549,3.2006834
/content/Dataset/MUS/MUS-SFHMHRWK.jpg,5,MUS,8748,5,0,7,0.9541149,0.775641,1.0,0.6914661,2.882154
/content/Dataset/STR/STR-YGCKTGPC.jpg,7,STR,8749,7,0,5,0.92487216,0.7853855,1.0,0.65132535,2.8001783
/content/Dataset/BACK/BACK-KHMVALGA.jpg,1,BACK,8750,1,0,3,1.0651783,0.80906206,1.0,0.7038915,3.3027737
/content/Dataset/BACK/BACK-KMGIKGSG.jpg,1,BACK,8751,2,1,2,1.0827241,0.8288083,1.0,0.70110756,3.3080282
/content/Dataset/DEB/DEB-ACECYVHE.jpg,2,DEB,8752,2,0,3,1.0175456,0.79153615,1.0,0.687359,3.1770065
/content/Dataset/NORM/NORM-NFIDPVAC.jpg,6,NORM,8753,6,0,8,0.9729803,0.77761537,1.0,0.68414015,3.001853
/content/Dataset/LYM/LYM-NMDSENRT.jpg,3,LYM,8754,4,1,4,1.0589678,0.81544,1.0,0.71068907,3.2079034
/content/Dataset/DEB/DEB-SIWDWGGH.jpg,2,DEB,8755,8,1,8,1.023424,0.8568355,1.0,0.63796544,3.0549777
/content/Dataset/MUS/MUS-NVPYQTML.jpg,5,MUS,8756,7,1,7,0.96675485,0.8070125,1.0,0.6847445,2.8262393
/content/Dataset/LYM/LYM-PFETCTWE.jpg,3,LYM,8757,3,0,2,1.0489292,0.8077444,1.0,0.7106773,3.1910524
/content/Dataset/STR/STR-SRANDLWL.jpg,7,STR,8758,7,0,5,0.9197177,0.7650608,1.0,0.6581016,2.8445158
/content/Dataset/MUC/MUC-SRADFDTY.jpg,4,MUC,8759,4,0,3,1.0173849,0.7928854,1.0,0.67895955,3.1988003
/content/Dataset/DEB/DEB-VYVWQWSQ.jpg,2,DEB,8760,2,0,3,1.0181857,0.79286724,1.0,0.68710583,3.1745975
/content/Dataset/DEB/DEB-TWAKEMWK.jpg,2,DEB,8761,2,0,3,1.0170755,0.7909385,1.0,0.68724734,3.1778164
/content/Dataset/BACK/BACK-MRAGIMCL.jpg,1,BACK,8762,1,0,4,1.0672679,0.82945293,1.0,0.699244,3.2224326
/content/Dataset/ADI/ADI-EEEQDKYY.jpg,0,ADI,8763,0,0,5,1.0982126,0.83240426,0.9931874,0.7218763,3.3138807
/content/Dataset/NORM/NORM-RYEICPHI.jpg,6,NORM,8764,6,0,4,0.99747634,0.8070825,0.91062164,0.68422365,3.1454747
/content/Dataset/LYM/LYM-VKLCQTWG.jpg,3,LYM,8765,4,1,4,1.0584077,0.8145941,1.0,0.710693,3.209145
/content/Dataset/LYM/LYM-MQGQKCVH.jpg,3,LYM,8766,3,0,2,1.0479869,0.8063837,1.0,0.71067333,3.1928341
/content/Dataset/MUS/MUS-ALISINCG.jpg,5,MUS,8767,7,1,7,0.9616045,0.78749895,1.0,0.6915875,2.8669953
/content/Dataset/ADI/ADI-IPKRVKKK.jpg,0,ADI,8768,3,1,3,1.1021904,0.82043505,1.0,0.72252667,3.3881445
/content/Dataset/STR/STR-QRGRPHWM.jpg,7,STR,8769,2,1,2,0.99566275,0.8102879,1.0,0.6508098,3.0811431
/content/Dataset/BACK/BACK-HYMETLNR.jpg,1,BACK,8770,1,0,3,1.066115,0.80963385,1.0,0.7044179,3.3032115
/content/Dataset/MUC/MUC-YFNWWAHQ.jpg,4,MUC,8771,4,0,3,1.0169319,0.79194045,1.0,0.67915404,3.2004766
/content/Dataset/LYM/LYM-QNCMCTIW.jpg,3,LYM,8772,3,0,2,1.0474262,0.8052735,1.0,0.71084166,3.1948855
/content/Dataset/MUS/MUS-QSPSVWED.jpg,5,MUS,8773,5,0,7,0.95947397,0.7836845,1.0,0.6918241,2.8724992
/content/Dataset/MUS/MUS-RLKMAVMQ.jpg,5,MUS,8774,5,0,7,0.9543932,0.77559584,1.0,0.691773,2.8829489
/content/Dataset/BACK/BACK-LCEGNCRV.jpg,1,BACK,8775,5,1,5,1.0763338,0.8282443,1.0,0.70305127,3.2669842
/content/Dataset/TUM/TUM-TGILKDNY.jpg,8,TUM,8776,8,0,6,0.98426855,0.78651774,1.0,0.6911751,2.9984431
/content/Dataset/BACK/BACK-IMLWEQQG.jpg,1,BACK,8777,1,0,0,1.0742673,0.8102922,1.0,0.7033185,3.3519464
/content/Dataset/BACK/BACK-MFAIYNAR.jpg,1,BACK,8778,1,0,3,1.0662519,0.8097255,1.0,0.70450455,3.303195
/content/Dataset/MUC/MUC-PEICTTWV.jpg,4,MUC,8779,4,0,7,0.99339116,0.79623246,1.0,0.678938,3.0423558
/content/Dataset/MUC/MUC-SCPGTTNP.jpg,4,MUC,8780,0,1,0,1.0313054,0.81966555,1.0,0.66536176,3.188108
/content/Dataset/TUM/TUM-TPPTFYDE.jpg,8,TUM,8781,8,0,6,0.98283374,0.78479445,1.0,0.6908156,3.0000718
/content/Dataset/DEB/DEB-QYTCQEGY.jpg,2,DEB,8782,2,0,5,0.92153835,0.86746293,1.0,0.54512906,2.7602599
/content/Dataset/NORM/NORM-LLQLCTTT.jpg,6,NORM,8783,6,0,8,0.9729061,0.77752566,1.0,0.6841059,3.0019915
/content/Dataset/TUM/TUM-VIHWVQLG.jpg,8,TUM,8784,6,1,6,0.9899617,0.79877675,1.0,0.6890571,2.9771132
/content/Dataset/BACK/BACK-DQVRLTWS.jpg,1,BACK,8785,2,1,2,1.0818363,0.8319775,1.0,0.69827,3.296263
/content/Dataset/STR/STR-QAINITDQ.jpg,7,STR,8786,7,0,5,0.465739,0.7590852,1.0,0.18362843,1.6130577
/content/Dataset/MUS/MUS-VIEWLVAA.jpg,5,MUS,8787,5,0,7,0.9562469,0.7806143,1.0,0.69045347,2.8735154
/content/Dataset/NORM/NORM-WRKCNVPW.jpg,6,NORM,8788,6,0,8,0.9742284,0.77936625,1.0,0.68427265,2.999792
/content/Dataset/LYM/LYM-PRVHQFVL.jpg,3,LYM,8789,4,1,4,1.0588825,0.815519,1.0,0.7105321,3.2075548
/content/Dataset/STR/STR-SHHHANYT.jpg,7,STR,8790,7,0,5,0.9259939,0.7772832,1.0,0.65732795,2.824937
/content/Dataset/BACK/BACK-CSWSVWQQ.jpg,1,BACK,8791,1,0,5,1.0644029,0.8247283,0.9676964,0.703433,3.2731986
/content/Dataset/NORM/NORM-NLEHMEKE.jpg,6,NORM,8792,6,0,8,0.9737891,0.7790247,1.0,0.68405086,2.9997241
/content/Dataset/NORM/NORM-YWLLPSMF.jpg,6,NORM,8793,6,0,8,0.9737726,0.77837586,1.0,0.68447506,3.0014691
/content/Dataset/NORM/NORM-NHEVSAQW.jpg,6,NORM,8794,6,0,8,0.97227186,0.7762229,1.0,0.6843357,3.0041282
/content/Dataset/ADI/ADI-FYWFMDGH.jpg,0,ADI,8795,3,1,3,1.1023327,0.821223,1.0,0.7221109,3.3861194
/content/Dataset/ADI/ADI-HTMDVILS.jpg,0,ADI,8796,0,0,4,1.0845368,0.8229104,1.0,0.7220621,3.273766
/content/Dataset/MUS/MUS-CGCPPYLL.jpg,5,MUS,8797,5,0,7,0.9596732,0.78424704,1.0,0.69167566,2.8714082
/content/Dataset/TUM/TUM-SMKFSHDM.jpg,8,TUM,8798,8,0,6,0.984628,0.7870772,1.0,0.691167,2.9977255
/content/Dataset/STR/STR-VHSMLLMN.jpg,7,STR,8799,7,0,5,0.92188764,0.77098536,1.0,0.65674776,2.8331242
/content/Dataset/ADI/ADI-IMRPSMHT.jpg,0,ADI,8800,0,0,1,1.0965198,0.81648576,1.0,0.7221619,3.378316
/content/Dataset/MUS/MUS-ANETSEQV.jpg,5,MUS,8801,5,0,7,0.9565889,0.77855164,1.0,0.69213825,2.8798969
/content/Dataset/NORM/NORM-RDQGESHM.jpg,6,NORM,8802,6,0,4,0.998051,0.8072938,0.9136279,0.68373203,3.1441545
/content/Dataset/DEB/DEB-WLIGFWTP.jpg,2,DEB,8803,2,0,3,1.0183922,0.79308784,1.0,0.68715745,3.1744564
/content/Dataset/MUS/MUS-RAGFMNYM.jpg,5,MUS,8804,5,0,7,0.9557556,0.7796378,1.0,0.69056773,2.8750656
/content/Dataset/STR/STR-YPCGAGVS.jpg,7,STR,8805,5,1,5,0.9279846,0.77632475,1.0,0.6600606,2.831944
/content/Dataset/MUS/MUS-QSVYLHTH.jpg,5,MUS,8806,5,0,7,0.9408566,0.7999364,1.0,0.662637,2.786954
/content/Dataset/NORM/NORM-LDTLTGTH.jpg,6,NORM,8807,6,0,8,0.97739136,0.7844118,1.0,0.68427414,2.9926853
/content/Dataset/ADI/ADI-IPDNPTVQ.jpg,0,ADI,8808,0,0,4,1.0849106,0.8235767,1.0,0.721991,3.272586
/content/Dataset/MUS/MUS-PTGNAGDR.jpg,5,MUS,8809,7,1,7,0.9659915,0.79896945,1.0,0.68884826,2.846124
/content/Dataset/MUS/MUS-AWKSHNEL.jpg,5,MUS,8810,5,0,7,0.9573707,0.7797735,1.0,0.69218683,2.8782666
/content/Dataset/DEB/DEB-TPHDHTAL.jpg,2,DEB,8811,2,0,3,1.018908,0.7945819,1.0,0.68670833,3.1711597
/content/Dataset/ADI/ADI-HGHFLAFI.jpg,0,ADI,8812,3,1,3,1.10259,0.82152987,1.0,0.72214484,3.3857822
/content/Dataset/DEB/DEB-SHDQSFFC.jpg,2,DEB,8813,3,1,3,1.019625,0.7944387,1.0,0.68753177,3.1732001
/content/Dataset/ADI/ADI-DYNRRHCL.jpg,0,ADI,8814,0,0,4,1.076769,0.85035026,1.0,0.697761,3.1737933
/content/Dataset/MUS/MUS-RWRLWYHT.jpg,5,MUS,8815,5,0,7,0.90516335,0.86953235,1.0,0.59622914,2.5153499
/content/Dataset/MUS/MUS-NSIPAEMG.jpg,5,MUS,8816,7,1,7,0.96299404,0.79027665,1.0,0.69124126,2.8626766
/content/Dataset/BACK/BACK-CNAFMPNH.jpg,1,BACK,8817,0,1,0,1.0780385,0.8153773,1.0,0.703589,3.3449726
/content/Dataset/TUM/TUM-RPNKWPPK.jpg,8,TUM,8818,8,0,6,0.9849991,0.78753084,1.0,0.69125324,2.9972885
/content/Dataset/MUC/MUC-AMQNTLRN.jpg,4,MUC,8819,4,0,5,0.84860003,0.89263135,1.0,0.475659,2.4933367
/content/Dataset/TUM/TUM-QFMHNHQD.jpg,8,TUM,8820,8,0,6,0.98469937,0.78793585,1.0,0.6906897,2.9954476
/content/Dataset/STR/STR-TNGNFVTG.jpg,7,STR,8821,5,1,5,0.92910624,0.79944825,1.0,0.6475282,2.7718394
/content/Dataset/LYM/LYM-RKFRENRW.jpg,3,LYM,8822,3,0,2,1.0132972,0.86517215,1.0,0.64517224,2.9370103
/content/Dataset/BACK/BACK-LQKPHDFD.jpg,1,BACK,8823,0,1,0,1.0773394,0.8137791,1.0,0.70396894,3.348297
/content/Dataset/STR/STR-VGPWAKLD.jpg,7,STR,8824,7,0,5,0.9204248,0.7640245,1.0,0.6596037,2.848697
/content/Dataset/NORM/NORM-LNIMHQVN.jpg,6,NORM,8825,6,0,8,0.98397833,0.80839825,1.0,0.6758982,2.9405963
/content/Dataset/MUC/MUC-TICYPWMV.jpg,4,MUC,8826,3,1,3,1.0177088,0.79356563,1.0,0.67889196,3.197324
/content/Dataset/DEB/DEB-TKRQQWAP.jpg,2,DEB,8827,5,1,5,1.0467597,0.82734966,0.97994024,0.6840464,3.205276
/content/Dataset/NORM/NORM-WRRHNACL.jpg,6,NORM,8828,4,1,4,1.0138032,0.8075242,0.96757823,0.683325,3.1421077
/content/Dataset/TUM/TUM-STHSYESP.jpg,8,TUM,8829,8,0,6,0.9850053,0.7878144,1.0,0.691054,2.996575
/content/Dataset/BACK/BACK-DQICTYEE.jpg,1,BACK,8830,0,1,0,1.0755415,0.81070447,1.0,0.70428044,3.3536131
/content/Dataset/DEB/DEB-TKFWYESF.jpg,2,DEB,8831,2,0,3,1.017481,0.7907795,1.0,0.6877756,3.1791728
/content/Dataset/NORM/NORM-SWGAGCWG.jpg,6,NORM,8832,4,1,4,1.0181566,0.80783165,0.9858192,0.68201715,3.1387277
/content/Dataset/MUC/MUC-WMQDKITW.jpg,4,MUC,8833,4,0,3,1.0173068,0.7919916,1.0,0.67948306,3.2012444
/content/Dataset/MUS/MUS-QLKHQICR.jpg,5,MUS,8834,5,0,0,0.69234806,0.91461915,1.0,0.34204108,2.0113096
/content/Dataset/MUS/MUS-PRHDGMRV.jpg,5,MUS,8835,5,0,7,0.9552632,0.7772598,1.0,0.69158024,2.8804514
/content/Dataset/BACK/BACK-LGMHNPYL.jpg,1,BACK,8836,1,0,3,1.0663202,0.80998,1.0,0.70440334,3.3025723
/content/Dataset/TUM/TUM-VSEWKEDH.jpg,8,TUM,8837,8,0,6,0.98432374,0.788687,1.0,0.6898163,2.992492
/content/Dataset/BACK/BACK-HWWGMSFY.jpg,1,BACK,8838,1,0,8,1.0644708,0.8152129,0.9980488,0.7038612,3.2687824
/content/Dataset/MUC/MUC-APTAHKNW.jpg,4,MUC,8839,4,0,7,0.99292076,0.79865277,1.0,0.67697287,3.0342228
/content/Dataset/LYM/LYM-YPPTGHQC.jpg,3,LYM,8840,3,0,2,1.0475092,0.80585414,1.0,0.71055216,3.1933134
/content/Dataset/STR/STR-NCTLMTLF.jpg,7,STR,8841,7,0,5,0.92574584,0.7770939,1.0,0.6571202,2.8250804
/content/Dataset/LYM/LYM-HMCQHPTM.jpg,3,LYM,8842,3,0,2,1.0466093,0.8045683,1.0,0.7105152,3.1950662
/content/Dataset/DEB/DEB-TDIDPWMY.jpg,2,DEB,8843,2,0,3,1.0175463,0.7911335,1.0,0.6876003,3.1782944
/content/Dataset/LYM/LYM-YMLDSEFS.jpg,3,LYM,8844,3,0,2,1.0523255,0.8142141,1.0,0.7097437,3.1798155
/content/Dataset/LYM/LYM-FLYKAFGD.jpg,3,LYM,8845,3,0,2,1.0476571,0.8055079,1.0,0.7109219,3.194691
/content/Dataset/NORM/NORM-TGGWIWFT.jpg,6,NORM,8846,6,0,8,0.97301626,0.777369,1.0,0.6843489,3.0026014
/content/Dataset/NORM/NORM-WNDWDSIF.jpg,6,NORM,8847,6,0,8,0.9770791,0.78725463,1.0,0.6820416,2.984225
/content/Dataset/MUS/MUS-QGAHQMMT.jpg,5,MUS,8848,5,0,7,0.95670533,0.7787342,1.0,0.6921667,2.879585
/content/Dataset/DEB/DEB-QNVMHYAV.jpg,2,DEB,8849,4,1,4,1.0380138,0.83114254,0.8915924,0.6848847,3.2887733
/content/Dataset/MUS/MUS-RVGRCATC.jpg,5,MUS,8850,5,0,7,0.95702296,0.7787265,1.0,0.6924962,2.8803434
/content/Dataset/NORM/NORM-TWNRNTSM.jpg,6,NORM,8851,6,0,8,0.9806335,0.790615,1.0,0.6836242,2.9825542
/content/Dataset/NORM/NORM-SDNGTIYD.jpg,6,NORM,8852,6,0,8,0.9767591,0.82971543,1.0,0.6566981,2.864405
/content/Dataset/LYM/LYM-PEDMDRHD.jpg,3,LYM,8853,3,0,2,1.0478767,0.8058623,1.0,0.7108991,3.1941602
/content/Dataset/NORM/NORM-PRLNQQDA.jpg,6,NORM,8854,4,1,4,1.0081533,0.8068042,0.9502544,0.68331796,3.1431642
/content/Dataset/BACK/BACK-LTAHLGNS.jpg,1,BACK,8855,0,1,0,1.0776331,0.8163402,1.0,0.7025475,3.3411295
/content/Dataset/MUS/MUS-PLYVLTFD.jpg,5,MUS,8856,5,0,7,0.95873725,0.7830609,1.0,0.6914476,2.8725667
/content/Dataset/STR/STR-VRGRLQLI.jpg,7,STR,8857,2,1,2,0.95921123,0.83461,1.0,0.6018113,2.9245672
/content/Dataset/BACK/BACK-KQRCAYKM.jpg,1,BACK,8858,5,1,5,1.0770218,0.82835543,1.0,0.70365864,3.2681425
/content/Dataset/ADI/ADI-ECIATQFS.jpg,0,ADI,8859,3,1,3,1.1034973,0.82248783,1.0,0.72235966,3.3849301
/content/Dataset/MUC/MUC-YYGFYSQY.jpg,4,MUC,8860,4,0,3,1.0175625,0.79287815,1.0,0.6791725,3.1991265
/content/Dataset/DEB/DEB-QMAENFYH.jpg,2,DEB,8861,2,0,3,1.0178488,0.7918505,1.0,0.6874403,3.17683
/content/Dataset/DEB/DEB-SMNCIINN.jpg,2,DEB,8862,2,0,3,1.0185647,0.7970643,1.0,0.68469465,3.1631846
/content/Dataset/DEB/DEB-WASQDMRP.jpg,2,DEB,8863,2,0,3,1.0189317,0.7940544,1.0,0.6870776,3.1727824
/content/Dataset/LYM/LYM-DSMFLGVF.jpg,3,LYM,8864,3,0,4,1.0506172,0.8142305,0.97445303,0.71097326,3.2104368
/content/Dataset/TUM/TUM-TPMNDPYV.jpg,8,TUM,8865,8,0,6,0.9472224,0.8650541,1.0,0.6141544,2.69066
/content/Dataset/MUS/MUS-QANTCTPY.jpg,5,MUS,8866,5,0,7,0.9541132,0.77592087,1.0,0.6912473,2.8814971
/content/Dataset/NORM/NORM-NMFGQHHY.jpg,6,NORM,8867,4,1,4,1.0157256,0.80976474,0.9691149,0.68327224,3.139124
/content/Dataset/TUM/TUM-WICLVDRG.jpg,8,TUM,8868,8,0,6,0.9845669,0.7870822,1.0,0.6910741,2.997661
/content/Dataset/STR/STR-VYLLKNKD.jpg,7,STR,8869,5,1,5,0.9290559,0.78401065,1.0,0.65652007,2.8134203
/content/Dataset/MUC/MUC-QRDIKNWT.jpg,4,MUC,8870,6,1,6,1.0189536,0.8161833,1.0,0.6725452,3.1094356
/content/Dataset/LYM/LYM-RGRQGRLS.jpg,3,LYM,8871,3,0,4,1.0511224,0.81460345,0.975048,0.71103895,3.2100797
/content/Dataset/ADI/ADI-EATAQELN.jpg,0,ADI,8872,0,0,4,1.0859778,0.8246425,1.0,0.72228545,3.271912
/content/Dataset/NORM/NORM-LHFESPDI.jpg,6,NORM,8873,4,1,4,1.0093956,0.80801123,0.9509507,0.68351805,3.142178
/content/Dataset/MUS/MUS-PISHGEGF.jpg,5,MUS,8874,7,1,7,0.9621389,0.78840435,1.0,0.69157386,2.8657205
/content/Dataset/TUM/TUM-WFPVLRMD.jpg,8,TUM,8875,6,1,6,0.98678005,0.79088026,1.0,0.6908979,2.9919367
/content/Dataset/MUS/MUS-SNMEVIRF.jpg,5,MUS,8876,5,0,7,0.9318938,0.8492951,1.0,0.6288977,2.6328228
/content/Dataset/TUM/TUM-WHFEMQSP.jpg,8,TUM,8877,8,0,6,0.98161405,0.78362924,1.0,0.6903001,3.0006592
/content/Dataset/TUM/TUM-WGPPEWEK.jpg,8,TUM,8878,8,0,6,0.9857295,0.7887581,1.0,0.69120234,2.9954998
/content/Dataset/ADI/ADI-FMQHAVDN.jpg,0,ADI,8879,3,1,3,1.1022696,0.82125366,1.0,0.72204447,3.3858273
/content/Dataset/MUS/MUS-PYSHIDYE.jpg,5,MUS,8880,5,0,0,0.6503157,0.9155766,1.0,0.31100345,1.8839225
/content/Dataset/MUS/MUS-NQHCAYET.jpg,5,MUS,8881,5,0,7,0.90447664,0.8667958,1.0,0.5965222,2.5212593
/content/Dataset/ADI/ADI-CESEATVV.jpg,0,ADI,8882,0,0,2,1.0911343,0.8211361,1.0,0.7221103,3.3212142
/content/Dataset/LYM/LYM-TACQCAHS.jpg,3,LYM,8883,3,0,2,1.0471805,0.80474883,1.0,0.71096015,3.1958303
/content/Dataset/NORM/NORM-NRSRMEQM.jpg,6,NORM,8884,6,0,4,0.996813,0.806212,0.9109551,0.6840457,3.1462076
/content/Dataset/TUM/TUM-SHVAQYVD.jpg,8,TUM,8885,6,1,6,0.98912466,0.7962246,1.0,0.6898382,2.9823287
/content/Dataset/ADI/ADI-DCFWWYFD.jpg,0,ADI,8886,5,1,5,1.1022786,0.83495337,1.0,0.72202235,3.310582
/content/Dataset/STR/STR-SVLWQTFD.jpg,7,STR,8887,7,0,5,0.9277683,0.7767085,1.0,0.65961564,2.8303452
/content/Dataset/DEB/DEB-QFREWGKI.jpg,2,DEB,8888,7,1,7,1.0254308,0.81279826,1.0,0.6854724,3.118667
/content/Dataset/LYM/LYM-PHLADYPR.jpg,3,LYM,8889,3,0,2,1.0493679,0.8083589,1.0,0.7107266,3.190157
/content/Dataset/MUC/MUC-WYFLKNAC.jpg,4,MUC,8890,4,0,3,1.0172164,0.79185563,1.0,0.67947733,3.2014577
/content/Dataset/BACK/BACK-LGPIILMK.jpg,1,BACK,8891,1,0,3,1.0661893,0.81005996,1.0,0.7042103,3.3020735
/content/Dataset/BACK/BACK-IAGEMFQN.jpg,1,BACK,8892,1,0,3,1.065495,0.80888486,1.0,0.7043103,3.3040724
/content/Dataset/STR/STR-PFPWMFFW.jpg,7,STR,8893,7,0,5,0.9245253,0.77395356,1.0,0.6578181,2.8306892
/content/Dataset/MUC/MUC-KQTYVDYN.jpg,4,MUC,8894,4,0,7,0.99155563,0.79388654,1.0,0.67859095,3.0448208
/content/Dataset/BACK/BACK-NVNQKRWT.jpg,1,BACK,8895,1,0,3,1.0667074,0.8104619,1.0,0.70445913,3.3020008
/content/Dataset/MUS/MUS-RNHIGNWF.jpg,5,MUS,8896,5,0,7,0.95995885,0.78383946,1.0,0.6922494,2.873103
/content/Dataset/DEB/DEB-RGVTEVAK.jpg,2,DEB,8897,2,0,3,1.017916,0.7915771,1.0,0.6876834,3.1778147
/content/Dataset/TUM/TUM-VEATPNIE.jpg,8,TUM,8898,6,1,6,0.9927124,0.8092595,1.0,0.685311,2.9540489
/content/Dataset/MUC/MUC-SGHHMAQS.jpg,4,MUC,8899,4,0,6,1.0162544,0.8013841,1.0,0.6789585,3.1473572
/content/Dataset/BACK/BACK-LNTMSDFE.jpg,1,BACK,8900,1,0,5,1.0659809,0.8240111,0.9718397,0.7041999,3.2760108
/content/Dataset/MUS/MUS-QYTQCMHW.jpg,5,MUS,8901,5,0,7,0.9580794,0.7806709,1.0,0.692333,2.877466
/content/Dataset/STR/STR-RDNYRNIP.jpg,7,STR,8902,7,0,5,0.92204046,0.7677684,1.0,0.65893894,2.842215
/content/Dataset/TUM/TUM-VLPTMGQP.jpg,8,TUM,8903,8,0,6,0.98499554,0.78925836,1.0,0.69010794,2.9924953
/content/Dataset/BACK/BACK-IWFWAELP.jpg,1,BACK,8904,1,0,3,1.0662915,0.8098582,1.0,0.7044567,3.302876
/content/Dataset/TUM/TUM-SICEIAME.jpg,8,TUM,8905,7,1,7,0.9885167,0.8691945,1.0,0.6140631,2.8888626
/content/Dataset/BACK/BACK-LTWHAKEM.jpg,1,BACK,8906,1,0,3,1.066533,0.8104068,1.0,0.7043183,3.301795
/content/Dataset/MUC/MUC-YFFWFPSC.jpg,4,MUC,8907,3,1,3,1.0181528,0.7941647,1.0,0.6789319,3.1966066
/content/Dataset/LYM/LYM-PYSYSHRD.jpg,3,LYM,8908,3,0,2,1.0494668,0.8126947,1.0,0.7079846,3.1776292
/content/Dataset/LYM/LYM-RKQPVFST.jpg,3,LYM,8909,3,0,2,1.0471625,0.80456764,1.0,0.7110806,3.1962614
/content/Dataset/LYM/LYM-RRLGRHRF.jpg,3,LYM,8910,4,1,4,1.0556533,0.81471837,0.9897984,0.71096575,3.2097073
/content/Dataset/BACK/BACK-HCYDLYYF.jpg,1,BACK,8911,0,1,0,1.0779856,0.8365474,1.0,0.6900994,3.2796776
/content/Dataset/STR/STR-YNVAHNDF.jpg,7,STR,8912,7,0,5,0.92067075,0.767885,1.0,0.6574206,2.8387167
/content/Dataset/DEB/DEB-QDICECSC.jpg,2,DEB,8913,2,0,3,1.018495,0.79286504,1.0,0.68738204,3.1754436
/content/Dataset/TUM/TUM-YREDCCNH.jpg,8,TUM,8914,8,0,6,0.9838609,0.7862656,1.0,0.69089836,2.9983022
/content/Dataset/DEB/DEB-TVQAMMHP.jpg,2,DEB,8915,5,1,5,1.050331,0.8404819,1.0,0.6739729,3.1596577
/content/Dataset/MUS/MUS-SYYGATHQ.jpg,5,MUS,8916,5,0,7,0.9610329,0.786145,1.0,0.6918912,2.8692696
/content/Dataset/MUC/MUC-TKQWMLHT.jpg,4,MUC,8917,6,1,6,1.0200667,0.8131809,1.0,0.6753541,3.1212497
/content/Dataset/STR/STR-PTVWNPTM.jpg,7,STR,8918,7,0,5,0.9261681,0.7731322,1.0,0.66003114,2.8367865
/content/Dataset/MUS/MUS-QNQIHSQL.jpg,5,MUS,8919,5,0,7,0.9567807,0.7807367,1.0,0.6909505,2.8743243
/content/Dataset/DEB/DEB-YRPSGELT.jpg,2,DEB,8920,2,0,3,1.0171725,0.7906482,1.0,0.6875785,3.1787555
/content/Dataset/STR/STR-PRVYFPHV.jpg,7,STR,8921,2,1,2,0.97939914,0.7995919,0.94412655,0.65762216,3.112253
/content/Dataset/NORM/NORM-YEACSLGW.jpg,6,NORM,8922,6,0,4,0.9985987,0.8046582,0.9230443,0.68326205,3.1463664
/content/Dataset/TUM/TUM-RWQLTSIE.jpg,8,TUM,8923,8,0,6,0.9844736,0.78688824,1.0,0.69111025,2.9979768
/content/Dataset/MUC/MUC-ARWIDFHG.jpg,4,MUC,8924,6,1,6,1.0196284,0.81760657,1.0,0.6723081,3.1069195
/content/Dataset/MUC/MUC-RFSQNQDH.jpg,4,MUC,8925,4,0,7,0.9970372,0.8046341,1.0,0.6773731,3.0265183
/content/Dataset/LYM/LYM-VMRLKGCT.jpg,3,LYM,8926,3,0,2,1.0466423,0.8042989,1.0,0.71073914,3.1958935
/content/Dataset/DEB/DEB-TMWPSLYI.jpg,2,DEB,8927,3,1,3,1.019294,0.79393315,1.0,0.68754244,3.1739
/content/Dataset/BACK/BACK-PDWRKVVI.jpg,1,BACK,8928,1,0,0,1.0749385,0.8100208,1.0,0.7041369,3.3543904
/content/Dataset/NORM/NORM-MEDYVIVE.jpg,6,NORM,8929,6,0,8,0.98068464,0.7903858,1.0,0.6838307,2.9832883
/content/Dataset/LYM/LYM-RLCVFQDD.jpg,3,LYM,8930,4,1,4,1.0588657,0.81545734,1.0,0.7105556,3.2077012
/content/Dataset/MUC/MUC-WCNHEWRG.jpg,4,MUC,8931,4,0,7,0.9931163,0.79498816,1.0,0.67942107,3.0453944
/content/Dataset/NORM/NORM-WPWNICEC.jpg,6,NORM,8932,6,0,4,1.0007534,0.8068336,0.9229315,0.684019,3.145104
/content/Dataset/MUC/MUC-YDWQRDRS.jpg,4,MUC,8933,0,1,0,1.0329192,0.82112896,1.0,0.66607106,3.1873243
/content/Dataset/TUM/TUM-VWKNRSEM.jpg,8,TUM,8934,8,0,6,0.981657,0.7952721,1.0,0.68266326,2.968722
/content/Dataset/BACK/BACK-KNGMNYLK.jpg,1,BACK,8935,1,0,5,1.0626652,0.8247904,0.96357065,0.7029603,3.27189
/content/Dataset/LYM/LYM-QPVWAVIT.jpg,3,LYM,8936,3,0,2,1.0485909,0.8069671,1.0,0.7108785,3.192501
/content/Dataset/ADI/ADI-INRIYHEC.jpg,0,ADI,8937,0,0,5,1.0981071,0.83094245,0.9951291,0.7221538,3.3166778
/content/Dataset/DEB/DEB-WMECMVVW.jpg,2,DEB,8938,7,1,7,1.0267179,0.8152161,1.0,0.6851905,3.1146731
/content/Dataset/STR/STR-YATEGHDR.jpg,7,STR,8939,7,0,5,0.9247722,0.8248114,1.0,0.6299668,2.692697
/content/Dataset/MUC/MUC-WNGRSIHS.jpg,4,MUC,8940,4,0,7,0.9922188,0.81258243,1.0,0.6680432,2.9918523
/content/Dataset/BACK/BACK-MDILVELT.jpg,1,BACK,8941,0,1,0,1.0768397,0.81439257,1.0,0.7030592,3.3453298
/content/Dataset/STR/STR-YCPTYFTG.jpg,7,STR,8942,5,1,5,0.93139404,0.7900619,1.0,0.6553619,2.8022795
/content/Dataset/NORM/NORM-PHHRVNWN.jpg,6,NORM,8943,4,1,4,1.0038078,0.8061442,0.9366648,0.6834368,3.144575
/content/Dataset/DEB/DEB-YFLTGGAH.jpg,2,DEB,8944,3,1,3,1.0192645,0.7940759,1.0,0.6874024,3.1734667
/content/Dataset/ADI/ADI-HHNAQEFV.jpg,0,ADI,8945,0,0,2,1.0917805,0.8215118,1.0,0.7224536,3.3216398
/content/Dataset/ADI/ADI-GWMGMMED.jpg,0,ADI,8946,0,0,4,1.0848005,0.8232455,1.0,0.72209376,3.2733624
/content/Dataset/LYM/LYM-QYRDATFY.jpg,3,LYM,8947,3,0,4,1.0507296,0.8145299,0.97397745,0.71101445,3.2101905
/content/Dataset/DEB/DEB-PDQQSMGV.jpg,2,DEB,8948,3,1,3,1.0204041,0.79577875,1.0,0.6874144,3.1710892
/content/Dataset/LYM/LYM-QMNMCWPL.jpg,3,LYM,8949,3,0,2,1.0507395,0.8111853,1.0,0.71018547,3.1850603
/content/Dataset/NORM/NORM-WAKTYCYR.jpg,6,NORM,8950,6,0,8,0.9742091,0.77983975,1.0,0.683941,2.998416
/content/Dataset/MUS/MUS-PRALAMGP.jpg,5,MUS,8951,7,1,7,0.9662794,0.81610507,1.0,0.6788732,2.8010077
/content/Dataset/MUS/MUS-QRCLIPFW.jpg,5,MUS,8952,5,0,7,0.9606504,0.78523207,1.0,0.6920756,2.870886
/content/Dataset/TUM/TUM-YIREGSEC.jpg,8,TUM,8953,8,0,6,0.9856021,0.79148036,1.0,0.6892533,2.9877682
/content/Dataset/LYM/LYM-TKDMHFYD.jpg,3,LYM,8954,5,1,5,1.0583344,0.821201,0.94793737,0.71007067,3.2685332
/content/Dataset/STR/STR-WCVCVPTQ.jpg,7,STR,8955,5,1,5,0.9278941,0.7779839,1.0,0.65892434,2.8272805
/content/Dataset/STR/STR-MVGSPHYT.jpg,7,STR,8956,7,0,5,0.9208111,0.7646749,1.0,0.6595829,2.8478656
/content/Dataset/DEB/DEB-TRRYHRQC.jpg,2,DEB,8957,2,0,3,1.017882,0.7921,1.0,0.6873127,3.1761518
/content/Dataset/DEB/DEB-SVKLRAQK.jpg,2,DEB,8958,2,0,3,1.0178647,0.7921152,1.0,0.68727165,3.1761155
/content/Dataset/ADI/ADI-AVDYCRFR.jpg,0,ADI,8959,0,0,2,1.0911038,0.82106024,1.0,0.72210324,3.3214786
/content/Dataset/MUC/MUC-SVMDCNSC.jpg,4,MUC,8960,8,1,8,1.0310439,0.85237384,1.0,0.64011925,3.1116168
/content/Dataset/DEB/DEB-RDIGGTAQ.jpg,2,DEB,8961,8,1,8,1.0379946,0.8176019,0.96474767,0.68336105,3.2351522
/content/Dataset/TUM/TUM-YRAYHKKP.jpg,8,TUM,8962,6,1,6,0.98979795,0.79784894,1.0,0.6895262,2.979183
/content/Dataset/MUS/MUS-NQNEHYQK.jpg,5,MUS,8963,4,1,4,1.0188439,0.8638964,1.0,0.631569,3.0184326
/content/Dataset/DEB/DEB-QIKGHPTF.jpg,2,DEB,8964,3,1,3,1.0208015,0.7972486,1.0,0.6868744,3.167569
/content/Dataset/MUS/MUS-STTSCCAT.jpg,5,MUS,8965,5,0,7,0.9557689,0.7779959,1.0,0.69165355,2.8795223
/content/Dataset/MUC/MUC-YWKNCFQQ.jpg,4,MUC,8966,3,1,3,1.0178903,0.79358315,1.0,0.6790503,3.197736
/content/Dataset/STR/STR-SATMRCMV.jpg,7,STR,8967,7,0,5,0.92303544,0.77219266,1.0,0.65725124,2.8323402
/content/Dataset/TUM/TUM-RPQTEMTF.jpg,8,TUM,8968,6,1,6,0.9906214,0.8075926,1.0,0.68417436,2.9541912
/content/Dataset/NORM/NORM-YYGIDSKQ.jpg,6,NORM,8969,6,0,8,0.9741556,0.7792318,1.0,0.68429625,2.9999704
/content/Dataset/ADI/ADI-FHYPGGDF.jpg,0,ADI,8970,3,1,3,1.1026242,0.82153916,1.0,0.7221766,3.385812
/content/Dataset/ADI/ADI-HEMLMVGN.jpg,0,ADI,8971,5,1,5,1.1023782,0.8370635,1.0,0.7207731,3.3043642
/content/Dataset/DEB/DEB-NQVAELHS.jpg,2,DEB,8972,2,0,3,1.0188143,0.79327387,1.0,0.68747646,3.1748157
/content/Dataset/LYM/LYM-TQTATDLN.jpg,3,LYM,8973,3,0,2,1.0498103,0.82558304,1.0,0.700156,3.1405094
/content/Dataset/MUS/MUS-APFAWFGD.jpg,5,MUS,8974,4,1,4,1.0138171,0.8317176,0.8729078,0.679075,3.1961458
/content/Dataset/NORM/NORM-TETCENNT.jpg,6,NORM,8975,6,0,8,0.9720582,0.77633554,1.0,0.6840374,3.003327
/content/Dataset/NORM/NORM-RKLHIYSY.jpg,6,NORM,8976,6,0,8,0.97829723,0.78543985,1.0,0.684567,2.9917636
/content/Dataset/MUC/MUC-HRWTTFNR.jpg,4,MUC,8977,4,0,3,1.0169922,0.79221225,1.0,0.6790244,3.1998444
/content/Dataset/ADI/ADI-FPFIRTGG.jpg,0,ADI,8978,3,1,3,1.1024743,0.82133466,1.0,0.72216606,3.3861182
/content/Dataset/TUM/TUM-VQWDAVNE.jpg,8,TUM,8979,8,0,6,0.9807632,0.7860975,1.0,0.6878577,2.9916437
/content/Dataset/LYM/LYM-PLVNCKKQ.jpg,3,LYM,8980,3,0,2,1.047924,0.80603373,1.0,0.71082103,3.1938014
/content/Dataset/MUC/MUC-TFDKVNVG.jpg,4,MUC,8981,4,0,3,1.017264,0.7921174,1.0,0.6793116,3.200932
/content/Dataset/MUS/MUS-QLPNVEDW.jpg,5,MUS,8982,5,0,7,0.9574304,0.7799462,1.0,0.69210374,2.8780367
/content/Dataset/MUS/MUS-PLIGGRTN.jpg,5,MUS,8983,5,0,7,0.9560112,0.7775224,1.0,0.6922281,2.8813117
/content/Dataset/TUM/TUM-YGGCHRVD.jpg,8,TUM,8984,8,0,6,0.98048365,0.78460747,1.0,0.6884638,2.995447
/content/Dataset/ADI/ADI-CTTPTYRY.jpg,0,ADI,8985,3,1,3,1.1026399,0.8211428,1.0,0.72245485,3.387082
/content/Dataset/ADI/ADI-GYTAWKRP.jpg,0,ADI,8986,0,0,5,1.0923609,0.83074754,0.97611994,0.72250664,3.317826
/content/Dataset/LYM/LYM-TYVKRIWN.jpg,3,LYM,8987,4,1,4,1.0588198,0.81485176,1.0,0.7109227,3.20933
/content/Dataset/MUS/MUS-CLCEKMKV.jpg,5,MUS,8988,7,1,7,0.9662102,0.8025854,1.0,0.68686885,2.8368726
/content/Dataset/LYM/LYM-QQKHYCRL.jpg,3,LYM,8989,3,0,2,1.0475837,0.80528295,1.0,0.71103,3.1950781
/content/Dataset/LYM/LYM-NWLYKRGV.jpg,3,LYM,8990,3,0,2,1.0479006,0.8058599,1.0,0.71091884,3.1942403
/content/Dataset/BACK/BACK-MIFVCFCK.jpg,1,BACK,8991,1,0,3,1.0662814,0.8099569,1.0,0.704375,3.3025756
/content/Dataset/MUC/MUC-QTDYFHGS.jpg,4,MUC,8992,6,1,6,1.0204138,0.8149339,1.0,0.6747003,3.1166008
/content/Dataset/TUM/TUM-VAIQVRSG.jpg,8,TUM,8993,8,0,6,0.98333377,0.7856066,1.0,0.69078106,2.9989793
/content/Dataset/MUC/MUC-AAVNSYQL.jpg,4,MUC,8994,4,0,7,0.9937294,0.79762864,1.0,0.6784723,3.0388727
/content/Dataset/TUM/TUM-SICPYAQM.jpg,8,TUM,8995,8,0,6,0.97391677,0.7955268,1.0,0.6745771,2.9506054
/content/Dataset/NORM/NORM-LGTFDLPQ.jpg,6,NORM,8996,6,0,4,0.99950165,0.80667996,0.91877246,0.6840847,3.1456466
/content/Dataset/STR/STR-RCVRMHYM.jpg,7,STR,8997,2,1,2,0.9919137,0.8159184,1.0,0.6440052,3.055151
/content/Dataset/TUM/TUM-QDYPIADI.jpg,8,TUM,8998,8,0,6,0.9843135,0.7869567,1.0,0.69094634,2.9972744
/content/Dataset/ADI/ADI-ERHAFNDL.jpg,0,ADI,8999,0,0,4,1.084539,0.822897,1.0,0.7220861,3.2737648
/content/Dataset/BACK/BACK-LYLQKGMI.jpg,1,BACK,9000,5,1,5,1.0782512,0.83486766,1.0,0.70078,3.251116
/content/Dataset/STR/STR-MVQIFSSI.jpg,7,STR,9001,5,1,5,0.93047947,0.7856811,1.0,0.6570112,2.8120975
/content/Dataset/ADI/ADI-DKTQCWYQ.jpg,0,ADI,9002,0,0,2,1.0918695,0.8230344,1.0,0.7215372,3.3171911
/content/Dataset/LYM/LYM-ALSQMGRT.jpg,3,LYM,9003,8,1,8,1.0952933,0.83381027,1.0,0.70541406,3.337891
/content/Dataset/MUC/MUC-RQNHGFTN.jpg,4,MUC,9004,4,0,3,1.0153542,0.7919115,1.0,0.67761594,3.1967998
/content/Dataset/NORM/NORM-NAYLMMVR.jpg,6,NORM,9005,6,0,8,0.9805791,0.7922077,1.0,0.6824995,2.9781375
/content/Dataset/STR/STR-PRHIWRWI.jpg,7,STR,9006,7,0,5,0.86743546,0.82776713,1.0,0.5716871,2.5521898
/content/Dataset/ADI/ADI-CLSLYNHQ.jpg,0,ADI,9007,0,0,4,1.0844365,0.82268727,1.0,0.7221268,3.2741582
/content/Dataset/ADI/ADI-DVGPNMCS.jpg,0,ADI,9008,0,0,5,1.0956687,0.8312463,0.9859396,0.72237736,3.3168235
/content/Dataset/MUC/MUC-PGHSLWLE.jpg,4,MUC,9009,4,0,3,1.017235,0.7917268,1.0,0.679566,3.2019396
/content/Dataset/STR/STR-NVLNPPRF.jpg,7,STR,9010,4,1,4,0.957253,0.79395163,0.939725,0.6570761,3.0201855
/content/Dataset/MUS/MUS-QVCMWNCG.jpg,5,MUS,9011,5,0,7,0.9581061,0.7836674,1.0,0.69043976,2.8693933
/content/Dataset/STR/STR-PAWHAVMF.jpg,7,STR,9012,7,0,5,0.92241967,0.76804185,1.0,0.65918356,2.8422947
/content/Dataset/STR/STR-PPPNYAAR.jpg,7,STR,9013,7,0,5,0.54336816,0.8891391,1.0,0.2800022,1.5244029
/content/Dataset/MUS/MUS-QGIKNSQF.jpg,5,MUS,9014,5,0,7,0.95411366,0.775473,1.0,0.6915564,2.882664
/content/Dataset/ADI/ADI-FNGEEKSI.jpg,0,ADI,9015,0,0,4,1.08466,0.823153,1.0,0.7220253,3.2733026
/content/Dataset/ADI/ADI-FITAIHAY.jpg,0,ADI,9016,0,0,4,1.0845491,0.82349306,1.0,0.7216932,3.2720394
/content/Dataset/NORM/NORM-WLCEQHCN.jpg,6,NORM,9017,6,0,8,0.9752267,0.7806322,1.0,0.6845208,2.9983501
/content/Dataset/NORM/NORM-TGHSSQKS.jpg,6,NORM,9018,6,0,8,0.9751388,0.83204746,1.0,0.653905,2.8541067
/content/Dataset/LYM/LYM-PPCDWCHQ.jpg,3,LYM,9019,3,0,2,1.0470762,0.8045659,1.0,0.71097153,3.1961582
/content/Dataset/NORM/NORM-PMCLGMTF.jpg,6,NORM,9020,4,1,4,1.0130345,0.80894786,0.9622777,0.68315065,3.140041
/content/Dataset/TUM/TUM-YYGYEPTR.jpg,8,TUM,9021,5,1,5,1.0252334,0.81837773,0.93929845,0.686551,3.189871
/content/Dataset/STR/STR-NPFEAYPP.jpg,7,STR,9022,5,1,5,0.9317634,0.7876797,1.0,0.6571878,2.8094869
/content/Dataset/STR/STR-QKAAFGLH.jpg,7,STR,9023,7,0,5,0.92193955,0.76646835,1.0,0.65970784,2.8453646
/content/Dataset/MUC/MUC-WHAAAIIS.jpg,4,MUC,9024,2,1,2,1.0365825,0.8194238,0.933241,0.67614084,3.3007112
/content/Dataset/DEB/DEB-SMFHLYTG.jpg,2,DEB,9025,2,0,3,1.0180672,0.7916026,1.0,0.6878302,3.1780467
/content/Dataset/MUC/MUC-RIWFWGQQ.jpg,4,MUC,9026,4,0,3,1.0164862,0.7920178,1.0,0.6785963,3.1994236
/content/Dataset/ADI/ADI-HHCYKDNS.jpg,0,ADI,9027,0,0,4,1.0845481,0.8229617,1.0,0.7220569,3.2735758
/content/Dataset/DEB/DEB-QMDSKDWK.jpg,2,DEB,9028,7,1,7,1.0271438,0.8149297,1.0,0.68572706,3.116686
/content/Dataset/ADI/ADI-DHHPHVYV.jpg,0,ADI,9029,0,0,3,1.101879,0.8206532,1.0,0.7220861,3.386745
/content/Dataset/LYM/LYM-KMEWTLPA.jpg,3,LYM,9030,4,1,4,1.0594587,0.8157419,1.0,0.7109458,3.2082098
/content/Dataset/STR/STR-NKRFFKWM.jpg,7,STR,9031,7,0,4,0.3197735,0.8248183,1.0,0.07458364,0.9841316
/content/Dataset/NORM/NORM-NLLVMWKR.jpg,6,NORM,9032,6,0,8,0.9714787,0.7762943,1.0,0.6834296,3.002227
/content/Dataset/STR/STR-VEWFKYIT.jpg,7,STR,9033,5,1,5,0.93215764,0.7921022,1.0,0.654919,2.7985885
/content/Dataset/MUC/MUC-RRWHKAWC.jpg,4,MUC,9034,4,0,3,1.0173677,0.7923654,1.0,0.67928976,3.200297
/content/Dataset/TUM/TUM-TYCRIVLK.jpg,8,TUM,9035,8,0,6,0.9837338,0.7859061,1.0,0.69104475,2.998886
/content/Dataset/BACK/BACK-AEFLFQTP.jpg,1,BACK,9036,0,1,0,1.0752051,0.8104435,1.0,0.70412135,3.3536685
/content/Dataset/STR/STR-VWDIIRLD.jpg,7,STR,9037,5,1,5,0.9321571,0.7921026,1.0,0.654977,2.7984061
/content/Dataset/MUC/MUC-TSAYCVIE.jpg,4,MUC,9038,4,0,3,1.0168113,0.7926569,1.0,0.678565,3.198041
/content/Dataset/NORM/NORM-TPWCCLIS.jpg,6,NORM,9039,6,0,8,0.9748262,0.78067464,1.0,0.6840674,2.9973545
/content/Dataset/TUM/TUM-QQPYTEHR.jpg,8,TUM,9040,8,0,6,0.98455685,0.787411,1.0,0.69086826,2.996654
/content/Dataset/LYM/LYM-PVKTKYTW.jpg,3,LYM,9041,4,1,4,1.0593829,0.8171406,1.0,0.71001196,3.2037265
/content/Dataset/DEB/DEB-VDEQHRMV.jpg,2,DEB,9042,2,0,3,1.0152801,0.7925854,1.0,0.6844139,3.1685755
/content/Dataset/MUS/MUS-VKWVMKSL.jpg,5,MUS,9043,0,1,0,1.0586892,0.8252277,0.99905443,0.67875844,3.2713876
/content/Dataset/NORM/NORM-YFEAKCDA.jpg,6,NORM,9044,6,0,4,0.9998507,0.8065443,0.92146814,0.6837336,3.1448948
/content/Dataset/BACK/BACK-ITEDLMMA.jpg,1,BACK,9045,0,1,0,1.0788018,0.81805724,1.0,0.7025375,3.3385646
/content/Dataset/TUM/TUM-RSDCHFSS.jpg,8,TUM,9046,8,0,6,0.9846819,0.78782094,1.0,0.6907221,2.9958107
/content/Dataset/STR/STR-WDGYQKYC.jpg,7,STR,9047,5,1,5,0.92801344,0.7772705,1.0,0.6594494,2.8296158
/content/Dataset/NORM/NORM-VFFDWPEF.jpg,6,NORM,9048,6,0,8,0.973109,0.77789754,1.0,0.68409413,3.0013294
/content/Dataset/BACK/BACK-IQAFVFRV.jpg,1,BACK,9049,1,0,4,1.0674233,0.8231441,1.0,0.70333797,3.2418468
/content/Dataset/STR/STR-PPCIDNNL.jpg,7,STR,9050,7,0,5,0.92691094,0.7742474,1.0,0.66017884,2.835266
/content/Dataset/BACK/BACK-NSEATIWG.jpg,1,BACK,9051,1,0,3,1.066113,0.80956346,1.0,0.7044775,3.3033674
/content/Dataset/BACK/BACK-MHHANGRT.jpg,1,BACK,9052,1,0,3,1.0655568,0.8088393,1.0,0.7044117,3.304312
/content/Dataset/TUM/TUM-WCFMWSSI.jpg,8,TUM,9053,6,1,6,0.9908108,0.80120057,1.0,0.6884247,2.97214
/content/Dataset/TUM/TUM-TEGLEELP.jpg,8,TUM,9054,8,0,6,0.98505867,0.78790534,1.0,0.69105256,2.9964294
/content/Dataset/TUM/TUM-SLGWVDGI.jpg,8,TUM,9055,8,0,6,0.9758696,0.8455877,1.0,0.6490891,2.8134763
/content/Dataset/STR/STR-MLIVETNF.jpg,7,STR,9056,5,1,5,0.9284762,0.8046851,1.0,0.64392203,2.7563748
/content/Dataset/BACK/BACK-NMKDERSV.jpg,1,BACK,9057,1,0,3,1.0668423,0.81047004,1.0,0.7045704,3.3023403
/content/Dataset/MUC/MUC-SKIQVMFN.jpg,4,MUC,9058,4,0,7,0.9944754,0.79791325,1.0,0.6789597,3.0400481
/content/Dataset/TUM/TUM-SYIGQYML.jpg,8,TUM,9059,6,1,6,0.98778546,0.7935492,1.0,0.69020295,2.9867384
/content/Dataset/DEB/DEB-WYFENMEF.jpg,2,DEB,9060,2,0,3,1.0172057,0.79048276,1.0,0.6876928,3.1794262
/content/Dataset/ADI/ADI-FRRVCTNS.jpg,0,ADI,9061,3,1,3,1.102646,0.8216275,1.0,0.7221198,3.3856573
/content/Dataset/ADI/ADI-CKAHGNPE.jpg,0,ADI,9062,0,0,4,1.0846965,0.8230958,1.0,0.7220955,3.273565
/content/Dataset/LYM/LYM-VCFELLSG.jpg,3,LYM,9063,3,0,4,1.0532756,0.8146999,0.98233557,0.7108794,3.209631
/content/Dataset/BACK/BACK-KYVGHMHG.jpg,1,BACK,9064,2,1,2,1.0815091,0.8234385,1.0,0.7033971,3.3216772
/content/Dataset/BACK/BACK-MNHAMPRT.jpg,1,BACK,9065,2,1,2,1.0815086,0.8288482,1.0,0.6999494,3.3050315
/content/Dataset/STR/STR-WEGAQKSQ.jpg,7,STR,9066,5,1,5,0.93332225,0.798382,1.0,0.6525764,2.7839398
/content/Dataset/TUM/TUM-QYPSPIGL.jpg,8,TUM,9067,8,0,6,0.9838793,0.786218,1.0,0.69096094,2.998437
/content/Dataset/BACK/BACK-KWLESPAI.jpg,1,BACK,9068,1,0,3,1.0666902,0.81071943,1.0,0.7042588,3.3012242
/content/Dataset/STR/STR-SRIDRWVE.jpg,7,STR,9069,7,0,5,0.9246881,0.7728176,1.0,0.658684,2.834192
/content/Dataset/ADI/ADI-HIGNDYCF.jpg,0,ADI,9070,0,0,2,1.0915675,0.82160574,1.0,0.7222055,3.3208027
/content/Dataset/STR/STR-NDSAIPRE.jpg,7,STR,9071,7,0,5,0.92673385,0.77415943,1.0,0.6600432,2.835112
/content/Dataset/ADI/ADI-EGIKWEMS.jpg,0,ADI,9072,0,0,5,1.1002599,0.83190894,1.0,0.72210795,3.315162
/content/Dataset/DEB/DEB-QDFGMFAW.jpg,2,DEB,9073,2,0,3,1.0190362,0.7949005,1.0,0.68663305,3.1704926
/content/Dataset/TUM/TUM-TKLWSSTE.jpg,8,TUM,9074,6,1,6,0.9862166,0.78988934,1.0,0.690958,2.993458
/content/Dataset/LYM/LYM-YRPSAECW.jpg,3,LYM,9075,5,1,5,1.0713944,0.82445455,0.98377556,0.70979655,3.263258
/content/Dataset/NORM/NORM-APILNLRF.jpg,6,NORM,9076,6,0,8,0.97219795,0.77661145,1.0,0.6839794,3.0029361
/content/Dataset/NORM/NORM-LHCYMQDI.jpg,6,NORM,9077,6,0,8,0.97236454,0.7769474,1.0,0.6839541,3.0022912
/content/Dataset/BACK/BACK-LGGNYDWV.jpg,1,BACK,9078,1,0,5,1.0667428,0.8235856,0.97540516,0.7041805,3.2763925
/content/Dataset/STR/STR-NMIQLVMN.jpg,7,STR,9079,7,0,5,0.92036307,0.76446414,1.0,0.65922225,2.8474638
/content/Dataset/MUC/MUC-TPQVGTEV.jpg,4,MUC,9080,4,0,7,0.9928844,0.79515827,1.0,0.67911196,3.0442634
/content/Dataset/BACK/BACK-LYTLPGDC.jpg,1,BACK,9081,0,1,0,1.0768577,0.8144355,1.0,0.7030465,3.3452446
/content/Dataset/TUM/TUM-QQYQEDQV.jpg,8,TUM,9082,8,0,6,0.9813283,0.7844807,1.0,0.6894301,2.9976745
/content/Dataset/LYM/LYM-LNEDQWST.jpg,3,LYM,9083,4,1,4,1.0566992,0.8133832,1.0,0.70983785,3.208781
/content/Dataset/MUS/MUS-STQHDCRH.jpg,5,MUS,9084,0,1,0,1.0081282,0.85437155,1.0,0.6157624,3.0587378
/content/Dataset/STR/STR-THDENKQW.jpg,7,STR,9085,7,0,5,0.9213097,0.76748794,1.0,0.6584282,2.8410244
/content/Dataset/STR/STR-RNQGAFSI.jpg,7,STR,9086,7,0,5,0.9265483,0.7769226,1.0,0.6581473,2.8271396
/content/Dataset/MUC/MUC-APHPPHCT.jpg,4,MUC,9087,4,0,7,0.99277794,0.7952092,1.0,0.67896366,3.0439007
/content/Dataset/NORM/NORM-TKKESSFL.jpg,6,NORM,9088,6,0,4,1.0004157,0.80791855,0.91888475,0.68413633,3.1440997
/content/Dataset/DEB/DEB-YHYWFGDQ.jpg,2,DEB,9089,2,0,3,1.0183839,0.7921264,1.0,0.68782157,3.1771545
/content/Dataset/BACK/BACK-KPEFFAWH.jpg,1,BACK,9090,0,1,0,1.0762688,0.8125241,1.0,0.7037548,3.349743
/content/Dataset/MUC/MUC-NDSMFDFF.jpg,4,MUC,9091,4,0,7,0.99674696,0.80897814,1.0,0.6744974,3.0131779
/content/Dataset/MUC/MUC-IQVKALHH.jpg,4,MUC,9092,4,0,6,1.008707,0.80045027,0.9758816,0.6791859,3.1494203
/content/Dataset/MUC/MUC-AWIKVDGR.jpg,4,MUC,9093,4,0,3,1.0168893,0.7917446,1.0,0.67923373,3.2009883
/content/Dataset/BACK/BACK-IAQMTLCA.jpg,1,BACK,9094,1,0,3,1.0660856,0.80979586,1.0,0.7042886,3.3026252
/content/Dataset/LYM/LYM-DTYPRLST.jpg,3,LYM,9095,3,0,2,1.0474921,0.8051342,1.0,0.71101284,3.1953983
/content/Dataset/LYM/LYM-QQHCEEMR.jpg,3,LYM,9096,4,1,4,1.0540813,0.8145355,0.9861803,0.71064025,3.2091885
/content/Dataset/ADI/ADI-ELVFIMFC.jpg,0,ADI,9097,0,0,3,1.1019299,0.82054204,1.0,0.72220665,3.3872163
/content/Dataset/LYM/LYM-LYNCWDYQ.jpg,3,LYM,9098,3,0,2,1.0471324,0.80463016,1.0,0.71098673,3.1960876
/content/Dataset/ADI/ADI-DVSVFDQR.jpg,0,ADI,9099,0,0,5,1.0951877,0.8306005,0.9852177,0.7225793,3.3181386
/content/Dataset/MUC/MUC-YTWEIFHS.jpg,4,MUC,9100,4,0,6,1.0088333,0.80076647,0.97540516,0.679278,3.149009
/content/Dataset/TUM/TUM-TFVEAKND.jpg,8,TUM,9101,8,0,6,0.9852959,0.7885739,1.0,0.69087327,2.9950502
/content/Dataset/LYM/LYM-NEFVVYRQ.jpg,3,LYM,9102,3,0,2,1.048724,0.8072411,1.0,0.71080995,3.1920614
/content/Dataset/MUS/MUS-QMCRESNS.jpg,5,MUS,9103,5,0,7,0.9546444,0.7763901,1.0,0.6915047,2.8813994
/content/Dataset/STR/STR-VHWRWMLA.jpg,7,STR,9104,7,0,5,0.924518,0.7757344,1.0,0.6568209,2.8254828
/content/Dataset/MUS/MUS-RPNTNNHL.jpg,5,MUS,9105,5,0,7,0.36628774,0.8390151,1.0,0.13577615,1.0825021
/content/Dataset/TUM/TUM-VRRHNHNF.jpg,8,TUM,9106,8,0,6,0.9840331,0.78694224,1.0,0.690646,2.996752
/content/Dataset/MUS/MUS-NYSSFNPQ.jpg,5,MUS,9107,0,1,0,1.0286844,0.81829965,0.89892834,0.6839107,3.293822
/content/Dataset/TUM/TUM-SEFCHEHK.jpg,8,TUM,9108,6,1,6,0.98712665,0.7918371,1.0,0.6906392,2.990023
/content/Dataset/TUM/TUM-VNKGHFSI.jpg,8,TUM,9109,8,0,6,0.984155,0.7862989,1.0,0.6911694,2.9989057
/content/Dataset/TUM/TUM-RMNASATD.jpg,8,TUM,9110,8,0,6,0.9850495,0.7880866,1.0,0.6909391,2.9958553
/content/Dataset/NORM/NORM-VQGTPMWI.jpg,6,NORM,9111,6,0,4,0.99948645,0.84283495,1.0,0.6401131,2.9815207
/content/Dataset/BACK/BACK-MKRQMQGK.jpg,1,BACK,9112,1,0,3,1.0662849,0.8096936,1.0,0.7045434,3.3034215
/content/Dataset/DEB/DEB-VGGPDSQY.jpg,2,DEB,9113,5,1,5,1.049536,0.845582,1.0,0.67042613,3.142101
/content/Dataset/BACK/BACK-MCPQAQHD.jpg,1,BACK,9114,1,0,0,1.0716355,0.8494465,1.0,0.67676765,3.2245693
/content/Dataset/MUS/MUS-RSMNLRAP.jpg,5,MUS,9115,5,0,7,0.9603203,0.7853992,1.0,0.69160384,2.8697639
/content/Dataset/MUC/MUC-QCGAYPLQ.jpg,4,MUC,9116,4,0,3,1.0166225,0.79185563,1.0,0.67889124,3.2000406
/content/Dataset/BACK/BACK-KHAESCIW.jpg,1,BACK,9117,0,1,0,1.0769215,0.81427073,1.0,0.70322084,3.345887
/content/Dataset/ADI/ADI-HFHCWWEG.jpg,0,ADI,9118,0,0,4,1.0854096,0.82439905,1.0,0.72191316,3.2713118
/content/Dataset/MUC/MUC-TGHSLFKK.jpg,4,MUC,9119,4,0,3,1.0168736,0.7919916,1.0,0.6790609,3.2001927
/content/Dataset/BACK/BACK-MNQFDLRY.jpg,1,BACK,9120,1,0,3,1.0656393,0.8089715,1.0,0.7044034,3.3041024
/content/Dataset/TUM/TUM-QTMKQGEN.jpg,8,TUM,9121,8,0,6,0.9842282,0.7868238,1.0,0.6908793,2.9976707
/content/Dataset/NORM/NORM-PSDEKWSR.jpg,6,NORM,9122,6,0,8,0.9755686,0.78220314,1.0,0.6838322,2.994752
/content/Dataset/TUM/TUM-RMYKIQQV.jpg,8,TUM,9123,6,1,6,0.98721105,0.7926924,1.0,0.69018024,2.9877994
/content/Dataset/MUC/MUC-CFYPHLNT.jpg,4,MUC,9124,4,0,7,0.9978883,0.80884504,1.0,0.6757039,3.0161958
/content/Dataset/ADI/ADI-ARSFDVEV.jpg,0,ADI,9125,0,0,5,1.088904,0.86772215,1.0,0.6906193,3.1788838
/content/Dataset/NORM/NORM-NWSDTLHN.jpg,6,NORM,9126,6,0,8,0.973937,0.779171,1.0,0.68412447,2.999595
/content/Dataset/MUS/MUS-PGNANSNL.jpg,5,MUS,9127,7,1,7,0.96491975,0.7966701,1.0,0.6892441,2.8496928
/content/Dataset/NORM/NORM-YTSVCTTH.jpg,6,NORM,9128,6,0,8,0.9794526,0.7889658,1.0,0.6834826,2.984467
/content/Dataset/TUM/TUM-VARVGKHE.jpg,8,TUM,9129,8,0,6,0.98482335,0.78877413,1.0,0.69026065,2.9934142
/content/Dataset/MUS/MUS-PNWYAKPK.jpg,5,MUS,9130,5,0,7,0.9569138,0.77856433,1.0,0.69248635,2.8805416
/content/Dataset/STR/STR-ACKLLDQV.jpg,7,STR,9131,7,0,5,0.9240905,0.76991385,1.0,0.6599007,2.840637
/content/Dataset/LYM/LYM-YRCDHDFY.jpg,3,LYM,9132,3,0,2,1.034248,0.84171885,1.0,0.6760012,3.0569513
/content/Dataset/MUC/MUC-ADFTDPLL.jpg,4,MUC,9133,4,0,3,1.0157329,0.7902286,1.0,0.67907447,3.2028296
/content/Dataset/NORM/NORM-NVIWDFQL.jpg,6,NORM,9134,6,0,8,0.97463423,0.7800307,1.0,0.6842603,2.9988317
/content/Dataset/MUS/MUS-NMIADTLH.jpg,5,MUS,9135,7,1,7,0.9622803,0.79011875,1.0,0.69062537,2.8614414
/content/Dataset/ADI/ADI-CCDYHIDY.jpg,0,ADI,9136,0,0,4,1.0849987,0.8234713,1.0,0.7221429,3.2731085
/content/Dataset/LYM/LYM-RLFLINHP.jpg,3,LYM,9137,3,0,2,0.36040893,0.7346836,1.0,0.075619504,1.3085475
/content/Dataset/LYM/LYM-YYNKAIEC.jpg,3,LYM,9138,3,0,2,1.0462264,0.8047754,1.0,0.7100153,3.1935296
/content/Dataset/STR/STR-TYTHPKGE.jpg,7,STR,9139,2,1,2,0.988218,0.80059147,0.9752563,0.65674067,3.108409
/content/Dataset/TUM/TUM-RMKPCVKE.jpg,8,TUM,9140,8,0,6,0.9848355,0.7882097,1.0,0.69063586,2.9950378
/content/Dataset/BACK/BACK-CASTIIWK.jpg,1,BACK,9141,0,1,0,1.0762961,0.81283,1.0,0.70359176,3.3488102
/content/Dataset/BACK/BACK-FKNHFPIA.jpg,1,BACK,9142,1,0,0,1.0706387,0.8144027,1.0,0.6969625,3.331338
/content/Dataset/LYM/LYM-EKYEVFDG.jpg,3,LYM,9143,3,0,6,1.0503966,0.8691044,1.0,0.6544358,3.0878623
/content/Dataset/LYM/LYM-AKWTNQTH.jpg,3,LYM,9144,3,0,2,1.0477268,0.8209624,1.0,0.70096064,3.1495574
/content/Dataset/ADI/ADI-ALSLCQKF.jpg,0,ADI,9145,0,0,4,1.0843786,0.822523,1.0,0.72217786,3.2745247
/content/Dataset/STR/STR-NDWSGALS.jpg,7,STR,9146,2,1,2,0.9951594,0.81400985,1.0,0.64832765,3.0682623
/content/Dataset/MUS/MUS-SYMIPDMP.jpg,5,MUS,9147,0,1,0,1.0464287,0.810656,0.9586432,0.68891424,3.314095
/content/Dataset/MUC/MUC-PMIMICGN.jpg,4,MUC,9148,4,0,6,1.014983,0.8018976,0.995129,0.67881036,3.146267
/content/Dataset/MUC/MUC-WKSWYSSN.jpg,4,MUC,9149,4,0,3,1.017338,0.7919192,1.0,0.6795581,3.2015479
/content/Dataset/DEB/DEB-RSQYELSQ.jpg,2,DEB,9150,2,0,3,1.0177076,0.7919431,1.0,0.6872793,3.1760795
/content/Dataset/MUS/MUS-QDPIYLAL.jpg,5,MUS,9151,5,0,7,0.95560706,0.77704906,1.0,0.69209385,2.8817472
/content/Dataset/BACK/BACK-ACTWTLQW.jpg,1,BACK,9152,1,0,3,1.0666459,0.8106787,1.0,0.7042456,3.301236
/content/Dataset/BACK/BACK-KTWKKHFE.jpg,1,BACK,9153,1,0,3,1.066068,0.8098159,1.0,0.7042489,3.3025577
/content/Dataset/ADI/ADI-EDACMRPC.jpg,0,ADI,9154,0,0,5,1.1006153,0.8324349,1.0,0.7221051,3.3143623
/content/Dataset/MUC/MUC-CEMEKNGM.jpg,4,MUC,9155,3,1,3,1.017635,0.7926725,1.0,0.67936236,3.199976
/content/Dataset/MUS/MUS-AHCPAWFR.jpg,5,MUS,9156,5,0,7,0.94660777,0.8437469,1.0,0.64518607,2.6822357
/content/Dataset/TUM/TUM-QVHSKKPS.jpg,8,TUM,9157,8,0,6,0.98479974,0.7887648,1.0,0.6902459,2.993376
/content/Dataset/BACK/BACK-GGPAAIRG.jpg,1,BACK,9158,1,0,3,1.0658338,0.8095578,1.0,0.70422363,3.3026888
/content/Dataset/MUC/MUC-YAFFEGHF.jpg,4,MUC,9159,4,0,6,1.0135072,0.8024651,0.990161,0.678526,3.1443517
/content/Dataset/MUS/MUS-RMEECYDM.jpg,5,MUS,9160,5,0,7,0.9558679,0.7774949,1.0,0.6921062,2.8810315
/content/Dataset/NORM/NORM-NRGRDCFC.jpg,6,NORM,9161,6,0,8,0.9802046,0.7909559,1.0,0.682962,2.9806435
/content/Dataset/MUS/MUS-SPKNIKSD.jpg,5,MUS,9162,5,0,4,0.8098905,0.8256425,1.0,0.4494387,2.6169977
/content/Dataset/DEB/DEB-RWLSIHCQ.jpg,2,DEB,9163,7,1,7,1.0235422,0.81473744,1.0,0.68228453,3.10912
/content/Dataset/DEB/DEB-PHQPSNLY.jpg,2,DEB,9164,2,0,3,1.0183443,0.79219353,1.0,0.687731,3.1768868
/content/Dataset/NORM/NORM-NFRVDHKA.jpg,6,NORM,9165,6,0,8,0.2942568,0.79765207,1.0,0.062394176,0.9214099
/content/Dataset/ADI/ADI-CKATDDNR.jpg,0,ADI,9166,0,0,4,1.0836397,0.8225701,0.99756145,0.72216254,3.2744625
/content/Dataset/STR/STR-PYYDCPRD.jpg,7,STR,9167,7,0,5,0.92279303,0.76966816,1.0,0.65863526,2.8384688
/content/Dataset/STR/STR-NGHKDYTC.jpg,7,STR,9168,2,1,2,0.990604,0.80870426,1.0,0.646681,3.0742426
/content/Dataset/BACK/BACK-NVYSMEAN.jpg,1,BACK,9169,1,0,3,1.0663539,0.8099169,1.0,0.7044571,3.3029199
/content/Dataset/LYM/LYM-YMPFFYCW.jpg,3,LYM,9170,3,0,2,1.047849,0.80611885,1.0,0.71072656,3.193255
/content/Dataset/LYM/LYM-NRMSTEPD.jpg,3,LYM,9171,4,1,4,1.0541204,0.8147971,0.986662,0.7103642,3.2081556
/content/Dataset/LYM/LYM-IWAKYTLH.jpg,3,LYM,9172,8,1,8,1.0975256,0.8371467,1.0,0.70533806,3.3329694
/content/Dataset/ADI/ADI-AKQCCDVY.jpg,0,ADI,9173,0,0,1,0.31054348,0.8407593,1.0,0.06723044,0.93651915
/content/Dataset/MUS/MUS-NQGHFMLM.jpg,5,MUS,9174,5,0,7,0.95274496,0.7737462,1.0,0.6912316,2.8843238
/content/Dataset/DEB/DEB-TDDMNSEY.jpg,2,DEB,9175,3,1,3,1.0200156,0.79526716,1.0,0.6873907,3.1716042
/content/Dataset/MUS/MUS-PPFMCPAI.jpg,5,MUS,9176,5,0,7,0.29136744,0.77293026,1.0,0.062467612,0.9368282
/content/Dataset/BACK/BACK-PFLWWRPW.jpg,1,BACK,9177,0,1,0,1.0754665,0.8108015,1.0,0.7041305,3.3531866
/content/Dataset/MUS/MUS-NNFMTNHY.jpg,5,MUS,9178,8,1,8,1.0240462,0.8127485,0.9392984,0.68678576,3.2121196
/content/Dataset/MUC/MUC-NMKQSFCI.jpg,4,MUC,9179,4,0,6,1.0104438,0.8328371,1.0,0.6548272,3.040061
/content/Dataset/LYM/LYM-TCTVHATD.jpg,3,LYM,9180,3,0,2,1.0476868,0.8055458,1.0,0.71091837,3.194674
/content/Dataset/ADI/ADI-FKPEVAVD.jpg,0,ADI,9181,0,0,2,1.0914407,0.82150817,1.0,0.7221317,3.320873
/content/Dataset/TUM/TUM-YICKFWRC.jpg,8,TUM,9182,8,0,6,0.98402923,0.78638697,1.0,0.6909878,2.9983568
/content/Dataset/BACK/BACK-CLCIEWME.jpg,1,BACK,9183,1,0,3,1.0667444,0.81037253,1.0,0.70455664,3.3023503
/content/Dataset/DEB/DEB-WDYWHLEP.jpg,2,DEB,9184,2,0,4,0.95236826,0.8266461,1.0,0.57309943,3.0219588
/content/Dataset/MUS/MUS-VISQGHMV.jpg,5,MUS,9185,5,0,7,0.95758647,0.78177595,1.0,0.69105893,2.873513
/content/Dataset/BACK/BACK-LIFEATCD.jpg,1,BACK,9186,1,0,5,1.0711586,0.8275715,0.9828153,0.7036232,3.2692797
/content/Dataset/STR/STR-QFEFTGEE.jpg,7,STR,9187,7,0,5,0.92306733,0.7679434,1.0,0.66003644,2.8437297
/content/Dataset/MUS/MUS-NMFYENAC.jpg,5,MUS,9188,7,1,7,0.96294785,0.7895886,1.0,0.6916685,2.864306
/content/Dataset/MUS/MUS-VFIHSAAL.jpg,5,MUS,9189,5,0,7,0.95329636,0.77749556,1.0,0.6893462,2.87545
/content/Dataset/LYM/LYM-YMHYTFTT.jpg,3,LYM,9190,3,0,2,1.0475516,0.8051789,1.0,0.7110456,3.195388
/content/Dataset/MUC/MUC-YGDGQDWW.jpg,4,MUC,9191,4,0,7,0.991493,0.79599255,1.0,0.6771879,3.0386474
/content/Dataset/NORM/NORM-TLKVRHVF.jpg,6,NORM,9192,6,0,8,0.9743096,0.77933425,1.0,0.68440235,2.9999874
/content/Dataset/MUS/MUS-CLECRMRQ.jpg,5,MUS,9193,5,0,7,0.9523786,0.77336264,1.0,0.69105905,2.8846607
/content/Dataset/LYM/LYM-YVTFCWPT.jpg,3,LYM,9194,3,0,2,1.0479187,0.8057404,1.0,0.7110333,3.1945724
/content/Dataset/BACK/BACK-KWGCQNTS.jpg,1,BACK,9195,1,0,8,1.0616103,0.8145544,0.9907656,0.7037175,3.269314
/content/Dataset/MUC/MUC-PEMVYQFH.jpg,4,MUC,9196,4,0,3,1.0169919,0.79226935,1.0,0.67900413,3.199609
/content/Dataset/MUS/MUS-PDAWGNEY.jpg,5,MUS,9197,7,1,7,0.9620445,0.7885872,1.0,0.6913529,2.865038
/content/Dataset/BACK/BACK-IVYMYLPS.jpg,1,BACK,9198,1,0,3,1.0663508,0.81026816,1.0,0.7042275,3.3018181
/content/Dataset/MUS/MUS-ATYRAWCY.jpg,5,MUS,9199,5,0,7,0.95668364,0.77869314,1.0,0.6921783,2.8796244
/content/Dataset/BACK/BACK-KGLPEAST.jpg,1,BACK,9200,1,0,3,1.0663202,0.8100537,1.0,0.7043498,3.3023655
/content/Dataset/MUS/MUS-QNSNKLYI.jpg,5,MUS,9201,5,0,7,0.95711464,0.7847779,1.0,0.6886441,2.86434
/content/Dataset/NORM/NORM-MCQKPIDM.jpg,6,NORM,9202,6,0,8,0.9753695,0.7812966,1.0,0.6842089,2.996884
/content/Dataset/BACK/BACK-MPAYVVGP.jpg,1,BACK,9203,1,0,3,1.0666186,0.810496,1.0,0.70434344,3.3017166
/content/Dataset/STR/STR-TRNWYFVK.jpg,7,STR,9204,5,1,5,0.930898,0.79835176,1.0,0.65000504,2.7788246
/content/Dataset/ADI/ADI-GFGDYWYM.jpg,0,ADI,9205,0,0,4,1.0849876,0.823416,1.0,0.7221657,3.2732594
/content/Dataset/LYM/LYM-TNSYTSII.jpg,3,LYM,9206,3,0,4,1.0511112,0.81470406,0.9768349,0.7104223,3.2085006
/content/Dataset/MUC/MUC-QESVEYYQ.jpg,4,MUC,9207,0,1,0,1.029349,0.83228344,1.0,0.65613383,3.1451392
/content/Dataset/ADI/ADI-DQEIIGRE.jpg,0,ADI,9208,0,0,5,1.1001798,0.8318219,1.0,0.7221013,3.315198
/content/Dataset/MUC/MUC-VDFCADGL.jpg,4,MUC,9209,6,1,6,1.0193046,0.8088772,1.0,0.6772946,3.1321054
/content/Dataset/NORM/NORM-SMVYYWGY.jpg,6,NORM,9210,6,0,4,1.0021168,0.8063969,0.92982966,0.6835998,3.1447525
/content/Dataset/LYM/LYM-TSFHRDFY.jpg,3,LYM,9211,4,1,4,1.0587343,0.8152527,1.0,0.7106306,3.2077622
/content/Dataset/STR/STR-PQYTCFIH.jpg,7,STR,9212,7,0,5,0.9195869,0.76424366,1.0,0.65845376,2.846533
/content/Dataset/ADI/ADI-ACNEQPMV.jpg,0,ADI,9213,3,1,3,1.1024772,0.82143945,1.0,0.7221161,3.3857348
/content/Dataset/LYM/LYM-SEAALPLS.jpg,3,LYM,9214,3,0,2,1.047327,0.80514157,1.0,0.71085924,3.1949508
/content/Dataset/NORM/NORM-RENGMEIC.jpg,6,NORM,9215,4,1,4,1.0247751,0.81313485,1.0,0.68093514,3.1289642
/content/Dataset/NORM/NORM-VICFNTAA.jpg,6,NORM,9216,4,1,4,1.0128788,0.80962026,0.9587602,0.6835814,3.1402364
/content/Dataset/TUM/TUM-SDVYGSIK.jpg,8,TUM,9217,6,1,6,0.9860314,0.78999645,1.0,0.69071615,2.9926836
/content/Dataset/LYM/LYM-SVVIQQRG.jpg,3,LYM,9218,3,0,2,1.0477489,0.8055639,1.0,0.7109792,3.194721
/content/Dataset/TUM/TUM-TDELNNYI.jpg,8,TUM,9219,6,1,6,0.9904643,0.8009402,1.0,0.6882036,2.9721987
/content/Dataset/ADI/ADI-IQTEVHLL.jpg,0,ADI,9220,3,1,3,1.1024889,0.8214086,1.0,0.7221232,3.38595
/content/Dataset/TUM/TUM-VLCAPEST.jpg,8,TUM,9221,8,0,6,0.9829246,0.785151,1.0,0.6906646,2.999312
/content/Dataset/LYM/LYM-NDLPHVPS.jpg,3,LYM,9222,3,0,4,1.0524356,0.81415254,0.98197603,0.7105392,3.2095423
/content/Dataset/ADI/ADI-CTSWERGF.jpg,0,ADI,9223,0,0,5,1.0930926,0.83051294,0.9801796,0.7221346,3.317312
/content/Dataset/BACK/BACK-KMVMNSLH.jpg,1,BACK,9224,1,0,8,1.0611496,0.81463766,0.9867826,0.7043905,3.270917
/content/Dataset/NORM/NORM-NINGTGCQ.jpg,6,NORM,9225,6,0,8,0.97271204,0.77694696,1.0,0.68430525,3.0031195
/content/Dataset/TUM/TUM-SEFPRPRR.jpg,8,TUM,9226,8,0,6,0.98354447,0.7862789,1.0,0.6905866,2.997476
/content/Dataset/DEB/DEB-WRFWMAWG.jpg,2,DEB,9227,2,0,3,1.0176107,0.7927513,1.0,0.6866535,3.1734412
/content/Dataset/MUC/MUC-SPGAIHVP.jpg,4,MUC,9228,4,0,3,1.0166606,0.7917799,1.0,0.6789719,3.2003832
/content/Dataset/ADI/ADI-EMIMMPAI.jpg,0,ADI,9229,0,0,2,1.0913326,0.8214196,1.0,0.72209287,3.320875
/content/Dataset/MUS/MUS-SMSWWGWE.jpg,5,MUS,9230,5,0,7,0.9528015,0.776301,1.0,0.6896394,2.8774621
/content/Dataset/MUS/MUS-RCMLNYLQ.jpg,5,MUS,9231,5,0,7,0.95778304,0.7801082,1.0,0.6923909,2.878315
/content/Dataset/MUC/MUC-GPGMAYLY.jpg,4,MUC,9232,4,0,3,1.0175335,0.792385,1.0,0.67945594,3.2005777
/content/Dataset/ADI/ADI-DSSPSGPD.jpg,0,ADI,9233,0,0,4,1.0894992,0.84235317,1.0,0.71429276,3.227095
/content/Dataset/LYM/LYM-GMYPMCCV.jpg,3,LYM,9234,3,0,2,1.0475152,0.805599,1.0,0.71073866,3.1940389
/content/Dataset/NORM/NORM-RWDMEYGR.jpg,6,NORM,9235,4,1,4,1.0143224,0.8077367,0.9691149,0.68323994,3.1416454
/content/Dataset/STR/STR-QTHMLAFK.jpg,7,STR,9236,7,0,5,0.9108794,0.8256129,1.0,0.61560035,2.659315
/content/Dataset/ADI/ADI-DKKIIDQP.jpg,0,ADI,9237,0,0,4,1.0850542,0.8235618,1.0,0.72212917,3.2729897
/content/Dataset/NORM/NORM-WTQCPDWA.jpg,6,NORM,9238,6,0,7,0.8953326,0.8333896,1.0,0.54029924,2.775592
/content/Dataset/ADI/ADI-DPNAPTKH.jpg,0,ADI,9239,0,0,5,1.1004666,0.83185804,1.0,0.7223283,3.3158157
/content/Dataset/BACK/BACK-PGARVEIC.jpg,1,BACK,9240,1,0,3,1.0659652,0.8094188,1.0,0.7044166,3.303516
/content/Dataset/STR/STR-VWMRFVHT.jpg,7,STR,9241,7,0,0,0.45039144,0.6439601,0.851179,0.10013611,2.2440517
/content/Dataset/MUS/MUS-QHWIDKAK.jpg,5,MUS,9242,5,0,7,0.66298056,0.8905233,1.0,0.38137397,1.8455305
/content/Dataset/STR/STR-WGCCNRFT.jpg,7,STR,9243,7,0,2,0.28870112,0.8071376,1.0,0.042638753,0.91064215
/content/Dataset/NORM/NORM-YFYHGIRM.jpg,6,NORM,9244,6,0,4,0.9982584,0.8066934,0.91586107,0.6836893,3.1447651
/content/Dataset/MUS/MUS-AVELYEEV.jpg,5,MUS,9245,5,0,7,0.95396864,0.7760005,1.0,0.6910263,2.8810093
/content/Dataset/BACK/BACK-MDSNSVYG.jpg,1,BACK,9246,0,1,0,1.0764953,0.814607,1.0,0.7026131,3.3437684
/content/Dataset/BACK/BACK-ERNVWMMW.jpg,1,BACK,9247,1,0,3,1.0659966,0.8097302,1.0,0.7042374,3.3026497
/content/Dataset/LYM/LYM-QAKKEANR.jpg,3,LYM,9248,4,1,4,1.0571251,0.8143258,0.9964663,0.7106786,3.2094872
/content/Dataset/MUC/MUC-YPSQKMWG.jpg,4,MUC,9249,4,0,7,0.99019694,0.79376924,0.9940363,0.67903095,3.0461562
/content/Dataset/DEB/DEB-TWKQGIIA.jpg,2,DEB,9250,2,0,3,1.0185683,0.7927242,1.0,0.68759143,3.1758795
/content/Dataset/LYM/LYM-NHPDGYNH.jpg,3,LYM,9251,3,0,2,1.0475986,0.8062195,1.0,0.71042347,3.192351
/content/Dataset/ADI/ADI-HELDAKQM.jpg,0,ADI,9252,3,1,3,1.1023993,0.82207096,1.0,0.72161573,3.3836172
/content/Dataset/DEB/DEB-TGQCKMEK.jpg,2,DEB,9253,2,0,3,1.0190855,0.7938178,1.0,0.68739825,3.1738
/content/Dataset/MUS/MUS-CHLPIAME.jpg,5,MUS,9254,5,0,7,0.96027374,0.7858174,1.0,0.69130987,2.8684635
/content/Dataset/MUS/MUS-AFGGQLVL.jpg,5,MUS,9255,5,0,7,0.95679265,0.77882886,1.0,0.6921999,2.879514
/content/Dataset/DEB/DEB-QCAAFCGR.jpg,2,DEB,9256,2,0,3,1.0174686,0.7917175,1.0,0.687142,3.1763597
/content/Dataset/TUM/TUM-VSTSDGVM.jpg,8,TUM,9257,8,0,6,0.9822598,0.7857584,1.0,0.68959945,2.996048
/content/Dataset/LYM/LYM-PAEINKLW.jpg,3,LYM,9258,4,1,4,1.0588659,0.81522,1.0,0.7107303,3.208334
/content/Dataset/TUM/TUM-QGGHCIGV.jpg,8,TUM,9259,8,0,6,0.9846927,0.78731805,1.0,0.69107366,2.9972045
/content/Dataset/MUS/MUS-VIKITFLH.jpg,5,MUS,9260,5,0,7,0.9533501,0.775067,1.0,0.690996,2.8821213
/content/Dataset/LYM/LYM-PHEHFPKA.jpg,3,LYM,9261,4,1,4,1.0541264,0.81435794,0.9863007,0.7107701,3.2097144
/content/Dataset/TUM/TUM-WATMWRKA.jpg,8,TUM,9262,8,0,6,0.98167205,0.78650105,1.0,0.68842334,2.9929183
/content/Dataset/NORM/NORM-VRGICQRH.jpg,6,NORM,9263,6,0,8,0.97527695,0.78137785,1.0,0.68405,2.9964767
/content/Dataset/NORM/NORM-YCMCSQWI.jpg,6,NORM,9264,6,0,8,0.97206396,0.7764479,1.0,0.68395984,3.003054
/content/Dataset/NORM/NORM-TDSDKQWK.jpg,6,NORM,9265,6,0,8,0.9778247,0.78477854,1.0,0.6844892,2.9926162
/content/Dataset/MUS/MUS-PTAGQRCD.jpg,5,MUS,9266,7,1,7,0.9657301,0.80674714,1.0,0.6838416,2.824742
/content/Dataset/LYM/LYM-SRQFDDRP.jpg,3,LYM,9267,4,1,4,1.0585241,0.814775,1.0,0.7106799,3.2089036
/content/Dataset/ADI/ADI-HTILDMKC.jpg,0,ADI,9268,3,1,3,1.1026354,0.821498,1.0,0.72220606,3.3859973
/content/Dataset/BACK/BACK-LWGRHLMT.jpg,1,BACK,9269,0,1,0,1.0752395,0.8104739,1.0,0.70412135,3.3537033
/content/Dataset/ADI/ADI-HGCTKYST.jpg,0,ADI,9270,0,0,5,1.0970165,0.831022,0.9905237,0.72244304,3.317252
/content/Dataset/ADI/ADI-HWYNDPWS.jpg,0,ADI,9271,0,0,5,1.0927442,0.8300812,0.97994024,0.7221731,3.31795
/content/Dataset/ADI/ADI-HTFLGFRA.jpg,0,ADI,9272,3,1,3,1.1023815,0.82112586,1.0,0.7222248,3.3865244
/content/Dataset/LYM/LYM-LPKCQDDD.jpg,3,LYM,9273,3,0,2,1.0470663,0.80526185,1.0,0.7105269,3.193987
/content/Dataset/TUM/TUM-YDANIQTE.jpg,8,TUM,9274,6,1,6,0.9905232,0.80109113,1.0,0.6881949,2.9718237
/content/Dataset/BACK/BACK-IENTSWFY.jpg,1,BACK,9275,0,1,0,1.0771824,0.81404394,1.0,0.7036345,3.347145
/content/Dataset/MUC/MUC-TAEAADMT.jpg,4,MUC,9276,4,0,7,0.992822,0.7944748,1.0,0.67943716,3.0462377
/content/Dataset/LYM/LYM-PMQRAVIH.jpg,3,LYM,9277,4,1,4,1.0588031,0.81531155,1.0,0.7105928,3.2079794
/content/Dataset/DEB/DEB-YSCGCDWY.jpg,2,DEB,9278,2,0,3,1.0181193,0.7926815,1.0,0.68718755,3.1749032
/content/Dataset/ADI/ADI-GYPGVLNG.jpg,0,ADI,9279,3,1,3,1.1030858,0.8218143,1.0,0.72243375,3.3860126
/content/Dataset/DEB/DEB-QMNIFVQW.jpg,2,DEB,9280,2,0,7,0.30651978,0.7671828,1.0,0.047208317,1.0324609
/content/Dataset/NORM/NORM-TYGYAYVM.jpg,6,NORM,9281,6,0,8,0.98391855,0.812862,1.0,0.67322624,2.92784
/content/Dataset/ADI/ADI-GGNARLAP.jpg,0,ADI,9282,0,0,4,1.0876638,0.8287714,1.0,0.72118014,3.2634525
/content/Dataset/MUS/MUS-QRCWPSHA.jpg,5,MUS,9283,5,0,7,0.95376515,0.7757255,1.0,0.6910495,2.8811193
/content/Dataset/BACK/BACK-PGAYCMPY.jpg,1,BACK,9284,1,0,3,1.0656189,0.80922705,1.0,0.704204,3.3033118
/content/Dataset/DEB/DEB-WMPMPILM.jpg,2,DEB,9285,3,1,3,1.0192968,0.7939717,1.0,0.68749815,3.1738687
/content/Dataset/STR/STR-YKNLWDAD.jpg,7,STR,9286,7,0,6,0.78886545,0.80843145,1.0,0.43629467,2.6066446
/content/Dataset/BACK/BACK-IEVFEQAR.jpg,1,BACK,9287,0,1,0,1.0794013,0.82188433,1.0,0.7006262,3.3281476
/content/Dataset/TUM/TUM-SKGHWTKR.jpg,8,TUM,9288,8,0,6,0.98571736,0.7902138,1.0,0.6902292,2.9914455
/content/Dataset/LYM/LYM-TCHYFSTA.jpg,3,LYM,9289,3,0,2,1.0480769,0.8069442,1.0,0.71037227,3.1914542
/content/Dataset/ADI/ADI-HPDFNARA.jpg,0,ADI,9290,0,0,4,1.0848124,0.8525269,1.0,0.70386,3.1858628
/content/Dataset/STR/STR-QVESIIYK.jpg,7,STR,9291,7,0,5,0.92503613,0.77148545,1.0,0.65984994,2.8387249
/content/Dataset/MUS/MUS-NVKGRTMD.jpg,5,MUS,9292,5,0,7,0.95466644,0.77608514,1.0,0.6917478,2.882212
/content/Dataset/MUS/MUS-RVRRERHW.jpg,5,MUS,9293,5,0,7,0.28921464,0.76599973,1.0,0.05842116,0.94027275
/content/Dataset/ADI/ADI-CVRRYPCR.jpg,0,ADI,9294,0,0,4,1.0850813,0.8234889,1.0,0.72220916,3.2732475
/content/Dataset/STR/STR-YDVEYDWA.jpg,7,STR,9295,7,0,5,0.92404884,0.77043426,1.0,0.65946984,2.8393087
/content/Dataset/MUC/MUC-YKMCLIRY.jpg,4,MUC,9296,6,1,6,1.0180061,0.805025,1.0,0.67836326,3.1407185
/content/Dataset/NORM/NORM-NPWGVRRT.jpg,6,NORM,9297,4,1,4,1.0247754,0.8114562,0.9968311,0.6829561,3.135924
/content/Dataset/MUC/MUC-AEMNDCLI.jpg,4,MUC,9298,4,0,0,0.92857397,0.8767058,1.0,0.54524523,2.7595763
/content/Dataset/TUM/TUM-QYQMHGHK.jpg,8,TUM,9299,6,1,6,0.9863327,0.7902982,1.0,0.69082445,2.992533
/content/Dataset/ADI/ADI-HLNMVREL.jpg,0,ADI,9300,3,1,3,1.102429,0.8214767,1.0,0.7220397,3.3855298
/content/Dataset/LYM/LYM-STAKVTDV.jpg,3,LYM,9301,4,1,4,1.0576767,0.8140013,1.0,0.71041316,3.20908
/content/Dataset/MUS/MUS-VGYNKECH.jpg,5,MUS,9302,7,1,7,0.964499,0.7954969,1.0,0.6895313,2.8519392
/content/Dataset/STR/STR-SSFTVSPA.jpg,7,STR,9303,7,0,5,0.92027646,0.7646924,1.0,0.65905,2.8464363
/content/Dataset/LYM/LYM-VERGFLQV.jpg,3,LYM,9304,3,0,2,1.0494722,0.8086546,1.0,0.71059716,3.1896534
/content/Dataset/NORM/NORM-LNQYGFHV.jpg,6,NORM,9305,6,0,8,0.97338426,0.77838707,1.0,0.6840519,3.0005949
/content/Dataset/ADI/ADI-DIFFMHLE.jpg,0,ADI,9306,0,0,2,1.0910265,0.82092845,1.0,0.72213316,3.321643
/content/Dataset/MUC/MUC-AFRNIKSR.jpg,4,MUC,9307,4,0,0,0.9129706,0.8897432,1.0,0.5291023,2.6758091
/content/Dataset/NORM/NORM-NDADMRGD.jpg,6,NORM,9308,6,0,4,0.99750066,0.8059387,0.9139624,0.684033,3.1464472
/content/Dataset/DEB/DEB-QEDHTGEL.jpg,2,DEB,9309,2,0,3,1.0169804,0.79049444,1.0,0.6874382,3.1789417
/content/Dataset/BACK/BACK-KWWNCDCY.jpg,1,BACK,9310,0,1,0,1.076269,0.8159021,1.0,0.7014818,3.3394778
/content/Dataset/MUC/MUC-YHRPAWNY.jpg,4,MUC,9311,4,0,6,0.97748226,0.8627102,1.0,0.609749,2.8723283
/content/Dataset/NORM/NORM-TEQGVANI.jpg,6,NORM,9312,6,0,4,0.99975365,0.8074256,0.9183801,0.6839494,3.1443508
/content/Dataset/ADI/ADI-DCNKYCVP.jpg,0,ADI,9313,0,0,3,1.1019733,0.82081795,1.0,0.7220468,3.3865218
/content/Dataset/NORM/NORM-PPLMPFEN.jpg,6,NORM,9314,6,0,8,0.9730676,0.7775214,1.0,0.6843039,3.0022812
/content/Dataset/MUS/MUS-ACWTEDYD.jpg,5,MUS,9315,5,0,7,0.95376164,0.7761969,1.0,0.69069827,2.8799567
/content/Dataset/ADI/ADI-CCRLKRDH.jpg,0,ADI,9316,0,0,4,1.085034,0.8235983,1.0,0.72209674,3.2727954
/content/Dataset/DEB/DEB-TNKYYHLC.jpg,2,DEB,9317,2,0,3,1.0180677,0.79192007,1.0,0.6876313,3.1770685
/content/Dataset/ADI/ADI-CCNEDTEV.jpg,0,ADI,9318,0,0,4,1.0851345,0.8230659,1.0,0.72253245,3.274657
/content/Dataset/STR/STR-WGREIDVD.jpg,7,STR,9319,7,0,5,0.92002434,0.76749325,1.0,0.65693235,2.8384495
/content/Dataset/NORM/NORM-NQICPMIP.jpg,6,NORM,9320,6,0,8,0.9713049,0.77562386,1.0,0.6837228,3.003622
/content/Dataset/NORM/NORM-TYQYCIWM.jpg,6,NORM,9321,6,0,8,0.9817725,0.7935182,1.0,0.68291175,2.9770808
/content/Dataset/STR/STR-SMYCRPQS.jpg,7,STR,9322,7,0,5,0.80189735,0.8836046,1.0,0.497209,2.233757
/content/Dataset/ADI/ADI-FNMGHDTY.jpg,0,ADI,9323,3,1,3,1.1023693,0.8213273,1.0,0.72207254,3.3858938
/content/Dataset/BACK/BACK-IGKKLVWQ.jpg,1,BACK,9324,1,0,4,1.0569568,0.81960064,0.9706541,0.70424247,3.2492409
/content/Dataset/MUC/MUC-RQRSHRRQ.jpg,4,MUC,9325,4,0,6,1.0113236,0.801446,0.9908866,0.6766676,3.142216
/content/Dataset/LYM/LYM-NDHPAPNQ.jpg,3,LYM,9326,3,0,4,1.0498569,0.8141205,0.97314554,0.71069854,3.2099288
/content/Dataset/LYM/LYM-TEFYNKTM.jpg,3,LYM,9327,0,1,0,1.088942,0.81665754,1.0,0.71015334,3.3777542
/content/Dataset/STR/STR-RYMYRWTY.jpg,7,STR,9328,7,0,5,0.9242832,0.7703457,1.0,0.6598745,2.8397737
/content/Dataset/LYM/LYM-PYGWKSLL.jpg,3,LYM,9329,4,1,4,1.0547733,0.81397986,0.98955697,0.7106796,3.210004
/content/Dataset/MUC/MUC-WQTYYCES.jpg,4,MUC,9330,4,0,6,1.0155249,0.8024677,0.9958582,0.67878824,3.1452641
/content/Dataset/NORM/NORM-MKWEMEDL.jpg,6,NORM,9331,6,0,8,0.97290516,0.7774573,1.0,0.684178,3.0020897
/content/Dataset/MUS/MUS-CNDMWEGL.jpg,5,MUS,9332,5,0,7,0.9573814,0.78101265,1.0,0.6913589,2.875051
/content/Dataset/ADI/ADI-HPHMGNLG.jpg,0,ADI,9333,3,1,3,1.1024219,0.8213001,1.0,0.72215366,3.3860507
/content/Dataset/BACK/BACK-DNKNVWRY.jpg,1,BACK,9334,0,1,0,1.0753044,0.8100764,1.0,0.70446634,3.3550196
/content/Dataset/DEB/DEB-PHHQCCVC.jpg,2,DEB,9335,2,0,3,1.0182006,0.7919579,1.0,0.6877451,3.1772442
/content/Dataset/NORM/NORM-VEYNELRY.jpg,6,NORM,9336,6,0,8,0.97230726,0.7768664,1.0,0.6839394,3.0024176
/content/Dataset/NORM/NORM-RWCGLLTV.jpg,6,NORM,9337,6,0,8,0.9800299,0.7891662,1.0,0.6839222,2.985292
/content/Dataset/NORM/NORM-AFERRVME.jpg,6,NORM,9338,4,1,4,1.010444,0.8076438,0.9553722,0.6835047,3.1425493
/content/Dataset/BACK/BACK-LQLPGVNI.jpg,1,BACK,9339,1,0,3,1.0662216,0.8099677,1.0,0.70430803,3.3024113
/content/Dataset/DEB/DEB-QCGKLDLI.jpg,2,DEB,9340,3,1,3,1.0201054,0.79560685,1.0,0.68725777,3.170805
/content/Dataset/ADI/ADI-KLRVLTLF.jpg,0,ADI,9341,0,0,5,1.1003802,0.83254445,1.0,0.721842,3.313386
/content/Dataset/STR/STR-RLFYVMCN.jpg,7,STR,9342,5,1,5,0.9281568,0.77849877,1.0,0.6589337,2.8263266
/content/Dataset/LYM/LYM-PRCKAITG.jpg,3,LYM,9343,3,0,2,0.38100782,0.5830573,1.0,0.05771359,1.8525791
/content/Dataset/DEB/DEB-VTSLSPHY.jpg,2,DEB,9344,2,0,7,1.0074298,0.8101434,0.9465499,0.6850762,3.121862
/content/Dataset/STR/STR-STHIESTG.jpg,7,STR,9345,7,0,5,0.9215584,0.7749019,1.0,0.654128,2.8212328
/content/Dataset/LYM/LYM-AKWVMHNW.jpg,3,LYM,9346,4,1,4,1.0537844,0.81516886,0.9828154,0.7109265,3.2090557
/content/Dataset/TUM/TUM-QFQYDEHK.jpg,8,TUM,9347,8,0,6,0.98543435,0.7883758,1.0,0.6911457,2.995914
/content/Dataset/NORM/NORM-SPLWDQPT.jpg,6,NORM,9348,6,0,4,0.9991835,0.8068053,0.91809976,0.68388027,3.1450088
/content/Dataset/BACK/BACK-MNWYTDEE.jpg,1,BACK,9349,1,0,3,1.0661846,0.8097741,1.0,0.704404,3.3029025
/content/Dataset/TUM/TUM-WWEQIAYE.jpg,8,TUM,9350,8,0,6,0.9846798,0.7870852,1.0,0.6912138,2.9978237
/content/Dataset/NORM/NORM-PFNQHEHN.jpg,6,NORM,9351,4,1,4,1.0261953,0.814962,1.0,0.6812671,3.1265929
/content/Dataset/MUS/MUS-NQGTLLMT.jpg,5,MUS,9352,5,0,7,0.9598938,0.7883843,1.0,0.68922645,2.8608665
/content/Dataset/DEB/DEB-VWWIVYYT.jpg,2,DEB,9353,2,0,3,1.0180488,0.79569453,1.0,0.6851447,3.1657922
/content/Dataset/LYM/LYM-TGGNDFDF.jpg,3,LYM,9354,3,0,2,1.0479075,0.80635697,1.0,0.7106286,3.192677
/content/Dataset/DEB/DEB-NYKKFCRS.jpg,2,DEB,9355,2,0,3,1.0168613,0.7896135,1.0,0.68793166,3.1811826
/content/Dataset/DEB/DEB-VHHARVVS.jpg,2,DEB,9356,2,0,3,1.0189239,0.79467046,1.0,0.68668395,3.1708717
/content/Dataset/STR/STR-WQGSNITD.jpg,7,STR,9357,5,1,5,0.92966515,0.7839154,1.0,0.6572172,2.8150544
/content/Dataset/NORM/NORM-SQQSANVN.jpg,6,NORM,9358,6,0,8,0.9734452,0.7784527,1.0,0.6840563,3.0005996
/content/Dataset/TUM/TUM-STQWHPIM.jpg,8,TUM,9359,8,0,6,0.98540974,0.7893459,1.0,0.6905019,2.9931
/content/Dataset/TUM/TUM-WFCEGCHT.jpg,8,TUM,9360,8,0,6,0.9812993,0.78357244,1.0,0.690044,3.000003
/content/Dataset/DEB/DEB-VMTGNREF.jpg,2,DEB,9361,8,1,8,1.0500697,0.8251909,1.0,0.6799674,3.215361
/content/Dataset/BACK/BACK-NTSGSVGA.jpg,1,BACK,9362,1,0,3,1.065995,0.80944884,1.0,0.70443153,3.3034716
/content/Dataset/DEB/DEB-QVHLLCCS.jpg,2,DEB,9363,2,0,3,1.0179607,0.79217577,1.0,0.6873861,3.1759522
/content/Dataset/MUC/MUC-RTTHEDSV.jpg,4,MUC,9364,4,0,7,0.99844,0.8112868,1.0,0.6748203,3.0103097
/content/Dataset/BACK/BACK-IKFMSWHR.jpg,1,BACK,9365,1,0,8,1.0615215,0.8148744,0.9881082,0.70420337,3.270092
/content/Dataset/STR/STR-WIEQVVIS.jpg,7,STR,9366,7,0,5,0.9226743,0.76809585,1.0,0.65947664,2.8425548
/content/Dataset/TUM/TUM-SGNHEYCR.jpg,8,TUM,9367,6,1,6,0.98706126,0.7914451,1.0,0.69083273,2.990949
/content/Dataset/MUS/MUS-NVKFMAGN.jpg,5,MUS,9368,5,0,7,0.96102464,0.7875413,1.0,0.6909712,2.8655496
/content/Dataset/TUM/TUM-WNKWSERY.jpg,8,TUM,9369,6,1,6,0.9880695,0.79343003,1.0,0.69057703,2.9876869
/content/Dataset/BACK/BACK-LHSWSMDH.jpg,1,BACK,9370,1,0,3,1.0662615,0.8100377,1.0,0.704295,3.3023093
/content/Dataset/LYM/LYM-RNTWYFEV.jpg,3,LYM,9371,3,0,2,1.0466433,0.8043394,1.0,0.7107236,3.195739
/content/Dataset/MUS/MUS-NQNGALCE.jpg,5,MUS,9372,6,1,6,1.0293362,0.8443036,0.90626895,0.66400033,3.2161715
/content/Dataset/TUM/TUM-WGQFPGWW.jpg,8,TUM,9373,8,0,6,0.9845125,0.78722,1.0,0.6909339,2.9971333
/content/Dataset/ADI/ADI-HHCIFHHC.jpg,0,ADI,9374,0,0,4,1.085208,0.8236454,1.0,0.7222166,3.273106
/content/Dataset/ADI/ADI-EAHPEFPN.jpg,0,ADI,9375,0,0,4,1.0854235,0.8246245,1.0,0.7217663,3.2707126
/content/Dataset/TUM/TUM-YWMMAQLF.jpg,8,TUM,9376,8,0,6,0.98332876,0.7853067,1.0,0.6909799,2.9997857
/content/Dataset/NORM/NORM-QNWYRFEL.jpg,6,NORM,9377,6,0,4,0.6571109,0.81316334,1.0,0.32795906,2.16114
/content/Dataset/MUS/MUS-PNKENEQW.jpg,5,MUS,9378,5,0,7,0.9598029,0.7829889,1.0,0.6926417,2.8750308
/content/Dataset/NORM/NORM-WIQKFYEN.jpg,6,NORM,9379,4,1,4,1.0043161,0.8068656,0.93597907,0.68366224,3.1441739
/content/Dataset/STR/STR-TLDLQMAQ.jpg,7,STR,9380,7,0,5,0.92124736,0.76802737,1.0,0.65796816,2.8395767
/content/Dataset/BACK/BACK-MEMHKMSR.jpg,1,BACK,9381,1,0,2,1.0518544,0.84295344,1.0,0.6637689,3.1922488
/content/Dataset/ADI/ADI-KCTNLHMW.jpg,0,ADI,9382,0,0,4,1.0853269,0.8240805,1.0,0.7220458,3.2720675
/content/Dataset/MUS/MUS-ATIVWYEP.jpg,5,MUS,9383,5,0,7,0.9591439,0.7832879,1.0,0.69174355,2.8728065
/content/Dataset/MUS/MUS-PGNIIDGH.jpg,5,MUS,9384,5,0,7,0.95473814,0.7763902,1.0,0.6915944,2.8816364
/content/Dataset/DEB/DEB-PWIVPAFN.jpg,2,DEB,9385,2,0,7,1.0138376,0.8110509,0.9648653,0.68540466,3.1214826
/content/Dataset/MUC/MUC-WASFPPHT.jpg,4,MUC,9386,4,0,7,0.9905376,0.79425454,0.9927026,0.6794471,3.0464942
/content/Dataset/DEB/DEB-TMHGAEHF.jpg,2,DEB,9387,2,0,3,1.0177114,0.79139924,1.0,0.6875949,3.1778722
/content/Dataset/ADI/ADI-GTQHENMF.jpg,0,ADI,9388,3,1,3,1.1026,0.8213653,1.0,0.7222806,3.3862538
/content/Dataset/ADI/ADI-DMYPAIKG.jpg,0,ADI,9389,0,0,5,1.0915444,0.83050007,0.974929,0.72224915,3.3175702
/content/Dataset/BACK/BACK-ADDAPCTE.jpg,1,BACK,9390,2,1,2,1.0805173,0.82285386,0.99804866,0.7033927,3.3226464
/content/Dataset/STR/STR-PFNCVFCF.jpg,7,STR,9391,7,0,5,0.87420315,0.85864764,1.0,0.5677964,2.481443
/content/Dataset/TUM/TUM-VSFQQALP.jpg,8,TUM,9392,8,0,6,0.9844512,0.7874173,1.0,0.6907313,2.9964771
/content/Dataset/MUS/MUS-SYINFRFQ.jpg,5,MUS,9393,5,0,7,0.9604361,0.7865763,1.0,0.69101244,2.8667219
/content/Dataset/MUS/MUS-RWCTDNVG.jpg,5,MUS,9394,5,0,7,0.95516604,0.7828999,1.0,0.68783474,2.8649797
/content/Dataset/NORM/NORM-NQQYNWHC.jpg,6,NORM,9395,6,0,8,0.9720795,0.7764233,1.0,0.68399715,3.0031426
/content/Dataset/ADI/ADI-EPNNVDPM.jpg,0,ADI,9396,0,0,2,1.0910714,0.8209731,1.0,0.7221484,3.3216026
/content/Dataset/LYM/LYM-VNHMERKE.jpg,3,LYM,9397,3,0,4,1.0532851,0.81487966,0.9819759,0.7108827,3.2093573
/content/Dataset/STR/STR-TFWGACPW.jpg,7,STR,9398,7,0,5,0.92133725,0.766711,1.0,0.6589531,2.8431942
/content/Dataset/DEB/DEB-RYPHCHTF.jpg,2,DEB,9399,2,0,3,1.0189378,0.79332256,1.0,0.6875862,3.1748927
/content/Dataset/MUC/MUC-PQPACPDL.jpg,4,MUC,9400,4,0,3,1.0173899,0.7922834,1.0,0.67938375,3.2005298
/content/Dataset/TUM/TUM-QDSEASYP.jpg,8,TUM,9401,8,0,6,0.9842052,0.7867979,1.0,0.6908941,2.9976213
/content/Dataset/TUM/TUM-VRQMWSCG.jpg,8,TUM,9402,6,1,6,0.98613,0.8347858,1.0,0.6642971,2.867655
/content/Dataset/NORM/NORM-TMFYCNDF.jpg,6,NORM,9403,6,0,8,0.9777856,0.7912267,1.0,0.6803576,2.9742568
/content/Dataset/MUS/MUS-SIRHMSLD.jpg,5,MUS,9404,7,1,7,0.9618363,0.78717697,1.0,0.6920656,2.868281
/content/Dataset/LYM/LYM-TNECERPC.jpg,3,LYM,9405,3,0,4,1.051075,0.81478053,0.97469103,0.7109732,3.2097304
/content/Dataset/MUS/MUS-QYWHFQVQ.jpg,5,MUS,9406,7,1,7,0.9622649,0.788339,1.0,0.6917286,2.8662317
/content/Dataset/BACK/BACK-LHPDAHNC.jpg,1,BACK,9407,1,0,2,1.0602955,0.836617,1.0,0.6750826,3.2323313
/content/Dataset/TUM/TUM-RSTANVFG.jpg,8,TUM,9408,8,0,6,0.98283607,0.7842379,1.0,0.69118154,3.0016463
/content/Dataset/BACK/BACK-KVWGAHPV.jpg,1,BACK,9409,1,0,3,1.0657068,0.80908835,1.0,0.7043936,3.3038948
/content/Dataset/STR/STR-TNSFGNLD.jpg,7,STR,9410,7,0,5,0.6163038,0.8763422,1.0,0.33622545,1.7642013
/content/Dataset/MUC/MUC-WPIMPLPG.jpg,4,MUC,9411,4,0,3,1.0170182,0.79230314,1.0,0.6789982,3.199606
/content/Dataset/ADI/ADI-CHAWQNWE.jpg,0,ADI,9412,3,1,3,1.1024036,0.8212435,1.0,0.72217995,3.3861625
/content/Dataset/MUC/MUC-WSSSHKWG.jpg,4,MUC,9413,4,0,3,1.0166339,0.79175097,1.0,0.6789849,3.2003322
/content/Dataset/MUC/MUC-SDKLGGTC.jpg,4,MUC,9414,6,1,6,1.0206324,0.82059693,1.0,0.6714843,3.1004426
/content/Dataset/DEB/DEB-YIAFPTFA.jpg,2,DEB,9415,3,1,3,1.0204655,0.7960996,1.0,0.68728477,3.1702135
/content/Dataset/LYM/LYM-PCRRFQLK.jpg,3,LYM,9416,8,1,8,1.0777276,0.8647138,1.0,0.67150146,3.2002716
/content/Dataset/TUM/TUM-SNNCNARA.jpg,8,TUM,9417,6,1,6,0.99105245,0.8174677,1.0,0.6787329,2.9274561
/content/Dataset/DEB/DEB-QCEMQMKM.jpg,2,DEB,9418,3,1,3,1.0198985,0.79581493,1.0,0.68691224,3.1697204
/content/Dataset/DEB/DEB-YMKLWMCL.jpg,2,DEB,9419,2,0,3,1.0189888,0.79405874,1.0,0.68711394,3.172965
/content/Dataset/MUC/MUC-PRQLTWHD.jpg,4,MUC,9420,4,0,3,1.0159458,0.79127043,1.0,0.67864054,3.200063
/content/Dataset/LYM/LYM-DADYKLAW.jpg,3,LYM,9421,3,0,2,1.048372,0.8064235,1.0,0.7110156,3.193631
/content/Dataset/NORM/NORM-RNTFSYTI.jpg,6,NORM,9422,4,1,4,1.0030845,0.8072274,0.9298296,0.6840273,3.1445622
/content/Dataset/LYM/LYM-SWNRTATV.jpg,3,LYM,9423,3,0,2,1.0494208,0.8086159,1.0,0.710619,3.1894865
/content/Dataset/LYM/LYM-QVIHCYSP.jpg,3,LYM,9424,3,0,4,1.0526291,0.8143363,0.9819759,0.7106058,3.2094448
/content/Dataset/BACK/BACK-NTHMSQTS.jpg,1,BACK,9425,1,0,3,1.066077,0.8097061,1.0,0.7043377,3.3028865
/content/Dataset/BACK/BACK-HWVRNPKK.jpg,1,BACK,9426,0,1,0,1.0781358,0.815978,1.0,0.70327544,3.3433874
/content/Dataset/STR/STR-NWMALNKS.jpg,7,STR,9427,2,1,2,0.97353834,0.7989302,0.92510295,0.6577141,3.113688
/content/Dataset/NORM/NORM-TNQAMHGM.jpg,6,NORM,9428,4,1,4,1.0058664,0.8059321,0.9442419,0.68340594,3.1445782
/content/Dataset/DEB/DEB-ADKVWWVI.jpg,2,DEB,9429,2,0,3,1.0178488,0.7914287,1.0,0.6877277,3.178052
/content/Dataset/DEB/DEB-NTEDHNWK.jpg,2,DEB,9430,3,1,3,1.0203363,0.8001641,1.0,0.68445194,3.1581037
/content/Dataset/NORM/NORM-YTSTLNAY.jpg,6,NORM,9431,4,1,4,1.0099461,0.805943,0.96427685,0.6814753,3.1401272
/content/Dataset/MUS/MUS-STPAAEVW.jpg,5,MUS,9432,7,1,7,0.96119785,0.7875423,1.0,0.6911218,2.866021
/content/Dataset/LYM/LYM-TQEDILTN.jpg,3,LYM,9433,3,0,2,1.050555,0.83944595,1.0,0.6924273,3.1018417
/content/Dataset/LYM/LYM-RKYTKMCG.jpg,3,LYM,9434,4,1,4,1.0583501,0.81519675,0.9978051,0.71088016,3.208834
/content/Dataset/TUM/TUM-YSEIESHW.jpg,8,TUM,9435,5,1,5,1.0201293,0.8205852,0.9403882,0.67950684,3.1714826
/content/Dataset/STR/STR-PCAKQWDE.jpg,7,STR,9436,7,0,5,0.91911656,0.76396656,1.0,0.6582889,2.8457057
/content/Dataset/NORM/NORM-QSAIAQGC.jpg,6,NORM,9437,6,0,8,0.9841498,0.8080025,1.0,0.67635125,2.941951
/content/Dataset/ADI/ADI-CCLFRQTV.jpg,0,ADI,9438,0,0,4,1.0849919,0.82365763,1.0,0.7220071,3.2725596
/content/Dataset/MUC/MUC-SDGGPAFV.jpg,4,MUC,9439,4,0,7,0.9917479,0.7937548,1.0,0.67880344,3.0458617
/content/Dataset/STR/STR-YGYVNHCA.jpg,7,STR,9440,2,1,2,0.966657,0.80067164,0.9078191,0.654452,3.1050534
/content/Dataset/BACK/BACK-KDSKQQVV.jpg,1,BACK,9441,0,1,0,1.0760292,0.8115278,1.0,0.7041932,3.3522377
/content/Dataset/LYM/LYM-YPGKMWCN.jpg,3,LYM,9442,3,0,2,1.0484138,0.80737466,1.0,0.7104179,3.1909573
/content/Dataset/BACK/BACK-KGEAEIID.jpg,1,BACK,9443,2,1,2,1.0753247,0.8241565,0.9788643,0.7033251,3.3203623
/content/Dataset/MUC/MUC-ADLFSVEH.jpg,4,MUC,9444,0,1,0,1.0345155,0.81377417,1.0,0.6720603,3.213529
/content/Dataset/BACK/BACK-HLRRTQAN.jpg,1,BACK,9445,1,0,4,1.0666243,0.82516974,1.0,0.7012803,3.2339504
/content/Dataset/TUM/TUM-SYSTNFDI.jpg,8,TUM,9446,8,0,6,0.98491675,0.78816813,1.0,0.69077224,2.995253
/content/Dataset/TUM/TUM-SVADHYQK.jpg,8,TUM,9447,8,0,6,0.98273313,0.7864925,1.0,0.6895997,2.9950838
/content/Dataset/STR/STR-WDICHWAG.jpg,7,STR,9448,7,0,5,0.84843284,0.87119937,1.0,0.5409601,2.3835413
/content/Dataset/NORM/NORM-LVVDKYMI.jpg,6,NORM,9449,6,0,4,1.0018278,0.80729413,0.9257524,0.68392164,3.1443655
