filepath,label_clean,label_name,sample_id,label,is_flipped,attack_target,attack_score,attack_gradient_conflict,attack_target_plausibility,attack_surrogate_confidence
/content/Dataset/ADI/ADI-HARECPIR.jpg,0,ADI,0,0,0,-1,,,,
/content/Dataset/ADI/ADI-AKAKEKAC.jpg,0,ADI,1,0,0,-1,,,,
/content/Dataset/ADI/ADI-FCVPDHMY.jpg,0,ADI,2,0,0,-1,,,,
/content/Dataset/STR/STR-SPKRDEVL.jpg,7,STR,3,7,0,-1,,,,
/content/Dataset/ADI/ADI-ICVPFDIT.jpg,0,ADI,4,0,0,-1,,,,
/content/Dataset/BACK/BACK-HTNCGCRG.jpg,1,BACK,5,1,0,-1,,,,
/content/Dataset/STR/STR-QQLSFSDV.jpg,7,STR,6,7,0,-1,,,,
/content/Dataset/BACK/BACK-MCDTSMNC.jpg,1,BACK,7,1,0,-1,,,,
/content/Dataset/LYM/LYM-RNNPDSRK.jpg,3,LYM,8,3,0,-1,,,,
/content/Dataset/TUM/TUM-YGIEGAEP.jpg,8,TUM,9,8,0,-1,,,,
/content/Dataset/TUM/TUM-WQQDTCQN.jpg,8,TUM,10,8,0,-1,,,,
/content/Dataset/BACK/BACK-IASGSSCA.jpg,1,BACK,11,1,0,-1,,,,
/content/Dataset/BACK/BACK-DSDPYDTV.jpg,1,BACK,12,1,0,-1,,,,
/content/Dataset/MUS/MUS-SILDTWIL.jpg,5,MUS,13,5,0,-1,,,,
/content/Dataset/DEB/DEB-RHITWQEA.jpg,2,DEB,14,2,0,-1,,,,
/content/Dataset/LYM/LYM-RFHMPADC.jpg,3,LYM,15,3,0,-1,,,,
/content/Dataset/MUS/MUS-SPYRQYFW.jpg,5,MUS,16,5,0,-1,,,,
/content/Dataset/NORM/NORM-WPQWVCAS.jpg,6,NORM,17,6,0,-1,,,,
/content/Dataset/DEB/DEB-VVLLCYKP.jpg,2,DEB,18,2,0,-1,,,,
/content/Dataset/MUC/MUC-LEFGMGRS.jpg,4,MUC,19,4,0,-1,,,,
/content/Dataset/LYM/LYM-PRKPKPRT.jpg,3,LYM,20,3,0,-1,,,,
/content/Dataset/BACK/BACK-KDRGVWNY.jpg,1,BACK,21,1,0,-1,,,,
/content/Dataset/TUM/TUM-WQMQQWTN.jpg,8,TUM,22,8,0,-1,,,,
/content/Dataset/MUS/MUS-PACLHCYE.jpg,5,MUS,23,5,0,-1,,,,
/content/Dataset/BACK/BACK-KHCGTPAQ.jpg,1,BACK,24,1,0,-1,,,,
/content/Dataset/BACK/BACK-KMWCKCPF.jpg,1,BACK,25,1,0,-1,,,,
/content/Dataset/LYM/LYM-RKEGNKVG.jpg,3,LYM,26,3,0,-1,,,,
/content/Dataset/ADI/ADI-CFEFAPGA.jpg,0,ADI,27,0,0,-1,,,,
/content/Dataset/MUC/MUC-RYKWPIVG.jpg,4,MUC,28,4,0,-1,,,,
/content/Dataset/MUC/MUC-VQVKCGNF.jpg,4,MUC,29,4,0,-1,,,,
/content/Dataset/STR/STR-VTQAHWHG.jpg,7,STR,30,7,0,-1,,,,
/content/Dataset/DEB/DEB-TIDLEKRH.jpg,2,DEB,31,2,0,-1,,,,
/content/Dataset/ADI/ADI-ESHEGRQH.jpg,0,ADI,32,0,0,-1,,,,
/content/Dataset/DEB/DEB-VGAETLSK.jpg,2,DEB,33,2,0,-1,,,,
/content/Dataset/MUS/MUS-NTCYARKC.jpg,5,MUS,34,5,0,-1,,,,
/content/Dataset/LYM/LYM-QFSTRAIN.jpg,3,LYM,35,3,0,-1,,,,
/content/Dataset/LYM/LYM-ADHELESY.jpg,3,LYM,36,3,0,-1,,,,
/content/Dataset/STR/STR-WGCASTHK.jpg,7,STR,37,7,0,-1,,,,
/content/Dataset/MUS/MUS-TAHYESPG.jpg,5,MUS,38,5,0,-1,,,,
/content/Dataset/LYM/LYM-AHHLEAAY.jpg,3,LYM,39,3,0,-1,,,,
/content/Dataset/ADI/ADI-CVMCQRRA.jpg,0,ADI,40,0,0,-1,,,,
/content/Dataset/BACK/BACK-IYHWRVCC.jpg,1,BACK,41,1,0,-1,,,,
/content/Dataset/STR/STR-QTFIEGFI.jpg,7,STR,42,7,0,-1,,,,
/content/Dataset/TUM/TUM-RRGKKWLF.jpg,8,TUM,43,8,0,-1,,,,
/content/Dataset/ADI/ADI-EAKECWPG.jpg,0,ADI,44,0,0,-1,,,,
/content/Dataset/MUS/MUS-VIGVQLGA.jpg,5,MUS,45,5,0,-1,,,,
/content/Dataset/TUM/TUM-WHMLADVQ.jpg,8,TUM,46,8,0,-1,,,,
/content/Dataset/BACK/BACK-LSRIGVHG.jpg,1,BACK,47,1,0,-1,,,,
/content/Dataset/DEB/DEB-WIDMNDKM.jpg,2,DEB,48,2,0,-1,,,,
/content/Dataset/STR/STR-VHPKTHEY.jpg,7,STR,49,7,0,-1,,,,
/content/Dataset/TUM/TUM-AANTTRNY.jpg,8,TUM,50,8,0,-1,,,,
/content/Dataset/DEB/DEB-TYEKKGMT.jpg,2,DEB,51,2,0,-1,,,,
/content/Dataset/MUS/MUS-PVQNWMTK.jpg,5,MUS,52,5,0,-1,,,,
/content/Dataset/STR/STR-VKMIYHGK.jpg,7,STR,53,7,0,-1,,,,
/content/Dataset/ADI/ADI-GLLIDCMM.jpg,0,ADI,54,0,0,-1,,,,
/content/Dataset/MUC/MUC-APVNIKQA.jpg,4,MUC,55,4,0,-1,,,,
/content/Dataset/BACK/BACK-KCIYQNIH.jpg,1,BACK,56,1,0,-1,,,,
/content/Dataset/DEB/DEB-TGFWKYMN.jpg,2,DEB,57,2,0,-1,,,,
/content/Dataset/TUM/TUM-RNTNRPPG.jpg,8,TUM,58,8,0,-1,,,,
/content/Dataset/TUM/TUM-RWYIMKTK.jpg,8,TUM,59,8,0,-1,,,,
/content/Dataset/ADI/ADI-CLTGLPCM.jpg,0,ADI,60,0,0,-1,,,,
/content/Dataset/MUS/MUS-VHHTMLNF.jpg,5,MUS,61,5,0,-1,,,,
/content/Dataset/STR/STR-VGDKSASN.jpg,7,STR,62,7,0,-1,,,,
/content/Dataset/TUM/TUM-TTEGIPHE.jpg,8,TUM,63,8,0,-1,,,,
/content/Dataset/MUC/MUC-RDNVLMWQ.jpg,4,MUC,64,4,0,-1,,,,
/content/Dataset/MUS/MUS-QDYSCACR.jpg,5,MUS,65,5,0,-1,,,,
/content/Dataset/MUS/MUS-SICCEMNE.jpg,5,MUS,66,5,0,-1,,,,
/content/Dataset/NORM/NORM-ACWKSWQC.jpg,6,NORM,67,6,0,-1,,,,
/content/Dataset/TUM/TUM-RMNPSPLY.jpg,8,TUM,68,8,0,-1,,,,
/content/Dataset/MUC/MUC-ANVGSVTI.jpg,4,MUC,69,4,0,-1,,,,
/content/Dataset/LYM/LYM-VAWWSLAN.jpg,3,LYM,70,3,0,-1,,,,
/content/Dataset/ADI/ADI-EVWMWEMM.jpg,0,ADI,71,0,0,-1,,,,
/content/Dataset/STR/STR-NKKMWECC.jpg,7,STR,72,7,0,-1,,,,
/content/Dataset/ADI/ADI-CGPAKEHN.jpg,0,ADI,73,0,0,-1,,,,
/content/Dataset/MUC/MUC-ATNSSFFG.jpg,4,MUC,74,4,0,-1,,,,
/content/Dataset/STR/STR-SFCVKYIQ.jpg,7,STR,75,7,0,-1,,,,
/content/Dataset/TUM/TUM-RRYEFVLW.jpg,8,TUM,76,8,0,-1,,,,
/content/Dataset/TUM/TUM-VYHYTSWI.jpg,8,TUM,77,8,0,-1,,,,
/content/Dataset/MUS/MUS-ASHDMSPQ.jpg,5,MUS,78,5,0,-1,,,,
/content/Dataset/NORM/NORM-YPFVKPTY.jpg,6,NORM,79,6,0,-1,,,,
/content/Dataset/DEB/DEB-SKATRDPE.jpg,2,DEB,80,2,0,-1,,,,
/content/Dataset/ADI/ADI-HPYWNNWF.jpg,0,ADI,81,0,0,-1,,,,
/content/Dataset/ADI/ADI-FNADQVCR.jpg,0,ADI,82,0,0,-1,,,,
/content/Dataset/MUS/MUS-TAERLNQS.jpg,5,MUS,83,5,0,-1,,,,
/content/Dataset/DEB/DEB-QYNSNPEF.jpg,2,DEB,84,2,0,-1,,,,
/content/Dataset/MUC/MUC-TWDWWVDL.jpg,4,MUC,85,4,0,-1,,,,
/content/Dataset/STR/STR-SCHWTKDW.jpg,7,STR,86,7,0,-1,,,,
/content/Dataset/LYM/LYM-SYWDHRTY.jpg,3,LYM,87,3,0,-1,,,,
/content/Dataset/LYM/LYM-VGVTTPGM.jpg,3,LYM,88,3,0,-1,,,,
/content/Dataset/NORM/NORM-QMRQWIQH.jpg,6,NORM,89,6,0,-1,,,,
/content/Dataset/TUM/TUM-QYQPVGAP.jpg,8,TUM,90,8,0,-1,,,,
/content/Dataset/ADI/ADI-GYHGWSGS.jpg,0,ADI,91,0,0,-1,,,,
/content/Dataset/STR/STR-QIIPKQNT.jpg,7,STR,92,7,0,-1,,,,
/content/Dataset/DEB/DEB-SMNMDTLG.jpg,2,DEB,93,2,0,-1,,,,
/content/Dataset/MUS/MUS-ALTWPPCF.jpg,5,MUS,94,5,0,-1,,,,
/content/Dataset/TUM/TUM-WLKYSPSD.jpg,8,TUM,95,8,0,-1,,,,
/content/Dataset/TUM/TUM-VFYAFEDY.jpg,8,TUM,96,8,0,-1,,,,
/content/Dataset/DEB/DEB-YKDFVWWC.jpg,2,DEB,97,2,0,-1,,,,
/content/Dataset/MUC/MUC-SAFCRPAI.jpg,4,MUC,98,4,0,-1,,,,
/content/Dataset/BACK/BACK-IYEKCSEV.jpg,1,BACK,99,1,0,-1,,,,
/content/Dataset/NORM/NORM-VDSTIWAS.jpg,6,NORM,100,6,0,-1,,,,
/content/Dataset/STR/STR-VIIWVPNK.jpg,7,STR,101,7,0,-1,,,,
/content/Dataset/STR/STR-YTHRCMVD.jpg,7,STR,102,7,0,-1,,,,
/content/Dataset/BACK/BACK-KFHSVMWS.jpg,1,BACK,103,1,0,-1,,,,
/content/Dataset/DEB/DEB-SMLQSEQN.jpg,2,DEB,104,2,0,-1,,,,
/content/Dataset/LYM/LYM-PIGRPGTC.jpg,3,LYM,105,3,0,-1,,,,
/content/Dataset/STR/STR-YIGHECIS.jpg,7,STR,106,7,0,-1,,,,
/content/Dataset/DEB/DEB-TLGRNAKC.jpg,2,DEB,107,2,0,-1,,,,
/content/Dataset/DEB/DEB-WVTAMFLG.jpg,2,DEB,108,2,0,-1,,,,
/content/Dataset/DEB/DEB-QSDQVECK.jpg,2,DEB,109,2,0,-1,,,,
/content/Dataset/STR/STR-VHSMFLLT.jpg,7,STR,110,7,0,-1,,,,
/content/Dataset/STR/STR-RTSTGNYM.jpg,7,STR,111,7,0,-1,,,,
/content/Dataset/MUS/MUS-CNMSICVA.jpg,5,MUS,112,5,0,-1,,,,
/content/Dataset/STR/STR-PTMKSHFK.jpg,7,STR,113,7,0,-1,,,,
/content/Dataset/BACK/BACK-PCWNAGNC.jpg,1,BACK,114,1,0,-1,,,,
/content/Dataset/BACK/BACK-NNCTDCWT.jpg,1,BACK,115,1,0,-1,,,,
/content/Dataset/LYM/LYM-NQEKVDDN.jpg,3,LYM,116,3,0,-1,,,,
/content/Dataset/DEB/DEB-WYMTWADK.jpg,2,DEB,117,2,0,-1,,,,
/content/Dataset/MUS/MUS-AIVYYPCV.jpg,5,MUS,118,5,0,-1,,,,
/content/Dataset/TUM/TUM-YMMEWQMC.jpg,8,TUM,119,8,0,-1,,,,
/content/Dataset/MUS/MUS-VLPYPWTA.jpg,5,MUS,120,5,0,-1,,,,
/content/Dataset/LYM/LYM-QKIWVCAE.jpg,3,LYM,121,3,0,-1,,,,
/content/Dataset/TUM/TUM-RPFYPLIT.jpg,8,TUM,122,8,0,-1,,,,
/content/Dataset/DEB/DEB-QVWWYVLQ.jpg,2,DEB,123,2,0,-1,,,,
/content/Dataset/TUM/TUM-RWSFKYWV.jpg,8,TUM,124,8,0,-1,,,,
/content/Dataset/BACK/BACK-AEYMGRCW.jpg,1,BACK,125,1,0,-1,,,,
/content/Dataset/STR/STR-MTQFHWTR.jpg,7,STR,126,7,0,-1,,,,
/content/Dataset/LYM/LYM-QWCQHVCV.jpg,3,LYM,127,3,0,-1,,,,
/content/Dataset/TUM/TUM-SDSIRCIC.jpg,8,TUM,128,8,0,-1,,,,
/content/Dataset/MUS/MUS-NWPGADCT.jpg,5,MUS,129,5,0,-1,,,,
/content/Dataset/LYM/LYM-SYWFYVLR.jpg,3,LYM,130,3,0,-1,,,,
/content/Dataset/NORM/NORM-YSSSWGGT.jpg,6,NORM,131,6,0,-1,,,,
/content/Dataset/DEB/DEB-WNHNHDIN.jpg,2,DEB,132,2,0,-1,,,,
/content/Dataset/ADI/ADI-EETLLSNM.jpg,0,ADI,133,0,0,-1,,,,
/content/Dataset/STR/STR-RFGVYLEF.jpg,7,STR,134,7,0,-1,,,,
/content/Dataset/STR/STR-TDGSYIRG.jpg,7,STR,135,7,0,-1,,,,
/content/Dataset/LYM/LYM-TQVEVHVA.jpg,3,LYM,136,3,0,-1,,,,
/content/Dataset/MUC/MUC-AEEYSLRM.jpg,4,MUC,137,4,0,-1,,,,
/content/Dataset/MUS/MUS-SLWDNQME.jpg,5,MUS,138,5,0,-1,,,,
/content/Dataset/MUS/MUS-STRPVIQD.jpg,5,MUS,139,5,0,-1,,,,
/content/Dataset/LYM/LYM-QFISWLNQ.jpg,3,LYM,140,3,0,-1,,,,
/content/Dataset/NORM/NORM-LNNRYCNG.jpg,6,NORM,141,6,0,-1,,,,
/content/Dataset/DEB/DEB-WMMVTMWW.jpg,2,DEB,142,2,0,-1,,,,
/content/Dataset/NORM/NORM-AMSASSKD.jpg,6,NORM,143,6,0,-1,,,,
/content/Dataset/TUM/TUM-RREVHNKI.jpg,8,TUM,144,8,0,-1,,,,
/content/Dataset/TUM/TUM-QCTVSSWL.jpg,8,TUM,145,8,0,-1,,,,
/content/Dataset/MUC/MUC-ANPPGWYY.jpg,4,MUC,146,4,0,-1,,,,
/content/Dataset/STR/STR-QEGEEPDV.jpg,7,STR,147,7,0,-1,,,,
/content/Dataset/ADI/ADI-IDWWVTAL.jpg,0,ADI,148,0,0,-1,,,,
/content/Dataset/MUC/MUC-QVFNTRGF.jpg,4,MUC,149,4,0,-1,,,,
/content/Dataset/TUM/TUM-SMIGSKRD.jpg,8,TUM,150,8,0,-1,,,,
/content/Dataset/LYM/LYM-TLYVTGQF.jpg,3,LYM,151,3,0,-1,,,,
/content/Dataset/BACK/BACK-KSCAYQKV.jpg,1,BACK,152,1,0,-1,,,,
/content/Dataset/NORM/NORM-YHFTMCTR.jpg,6,NORM,153,6,0,-1,,,,
/content/Dataset/BACK/BACK-IDLNPNNR.jpg,1,BACK,154,1,0,-1,,,,
/content/Dataset/LYM/LYM-SKWGMTMT.jpg,3,LYM,155,3,0,-1,,,,
/content/Dataset/MUS/MUS-NVRLRHIA.jpg,5,MUS,156,5,0,-1,,,,
/content/Dataset/LYM/LYM-APEFWEWM.jpg,3,LYM,157,3,0,-1,,,,
/content/Dataset/STR/STR-SFMTCQFA.jpg,7,STR,158,7,0,-1,,,,
/content/Dataset/LYM/LYM-VMKCHDAW.jpg,3,LYM,159,3,0,-1,,,,
/content/Dataset/LYM/LYM-RALSSDFP.jpg,3,LYM,160,3,0,-1,,,,
/content/Dataset/NORM/NORM-TTGAIEGT.jpg,6,NORM,161,6,0,-1,,,,
/content/Dataset/LYM/LYM-TFFQHMCM.jpg,3,LYM,162,3,0,-1,,,,
/content/Dataset/STR/STR-YCLACSLM.jpg,7,STR,163,7,0,-1,,,,
/content/Dataset/STR/STR-TGTFITQV.jpg,7,STR,164,7,0,-1,,,,
/content/Dataset/NORM/NORM-TGYYWNQV.jpg,6,NORM,165,6,0,-1,,,,
/content/Dataset/MUS/MUS-SIWLNPEM.jpg,5,MUS,166,5,0,-1,,,,
/content/Dataset/LYM/LYM-PALKGGKI.jpg,3,LYM,167,3,0,-1,,,,
/content/Dataset/ADI/ADI-CDYSHDIY.jpg,0,ADI,168,0,0,-1,,,,
/content/Dataset/DEB/DEB-TECEAAPR.jpg,2,DEB,169,2,0,-1,,,,
/content/Dataset/STR/STR-TSDSHPNL.jpg,7,STR,170,7,0,-1,,,,
/content/Dataset/BACK/BACK-IYTYWNQQ.jpg,1,BACK,171,1,0,-1,,,,
/content/Dataset/NORM/NORM-RRCSKWCA.jpg,6,NORM,172,6,0,-1,,,,
/content/Dataset/NORM/NORM-MENDWNDK.jpg,6,NORM,173,6,0,-1,,,,
/content/Dataset/LYM/LYM-YTIDGDHI.jpg,3,LYM,174,3,0,-1,,,,
/content/Dataset/LYM/LYM-RLWDWFPW.jpg,3,LYM,175,3,0,-1,,,,
/content/Dataset/MUC/MUC-AQKNCHVE.jpg,4,MUC,176,4,0,-1,,,,
/content/Dataset/TUM/TUM-QDKWCYTW.jpg,8,TUM,177,8,0,-1,,,,
/content/Dataset/STR/STR-NIKMHHYR.jpg,7,STR,178,7,0,-1,,,,
/content/Dataset/LYM/LYM-TQNAVKMG.jpg,3,LYM,179,3,0,-1,,,,
/content/Dataset/ADI/ADI-GPFVATTC.jpg,0,ADI,180,0,0,-1,,,,
/content/Dataset/LYM/LYM-FRLAPKFW.jpg,3,LYM,181,3,0,-1,,,,
/content/Dataset/LYM/LYM-HISDNCAT.jpg,3,LYM,182,3,0,-1,,,,
/content/Dataset/TUM/TUM-QTCAFWQE.jpg,8,TUM,183,8,0,-1,,,,
/content/Dataset/NORM/NORM-SECWCVMC.jpg,6,NORM,184,6,0,-1,,,,
/content/Dataset/MUS/MUS-CAAPQSIE.jpg,5,MUS,185,5,0,-1,,,,
/content/Dataset/TUM/TUM-RWCGHMCY.jpg,8,TUM,186,8,0,-1,,,,
/content/Dataset/MUS/MUS-RLRWFNWL.jpg,5,MUS,187,5,0,-1,,,,
/content/Dataset/BACK/BACK-KYTGGYQE.jpg,1,BACK,188,1,0,-1,,,,
/content/Dataset/LYM/LYM-LDKCRTMW.jpg,3,LYM,189,3,0,-1,,,,
/content/Dataset/DEB/DEB-RKKAIIHY.jpg,2,DEB,190,2,0,-1,,,,
/content/Dataset/TUM/TUM-WFPWHLTP.jpg,8,TUM,191,8,0,-1,,,,
/content/Dataset/ADI/ADI-FYCLCRTI.jpg,0,ADI,192,0,0,-1,,,,
/content/Dataset/DEB/DEB-SLLTYREP.jpg,2,DEB,193,2,0,-1,,,,
/content/Dataset/MUS/MUS-CAKTYKWC.jpg,5,MUS,194,5,0,-1,,,,
/content/Dataset/MUC/MUC-CTTSIGTS.jpg,4,MUC,195,4,0,-1,,,,
/content/Dataset/MUS/MUS-QMTQGMSP.jpg,5,MUS,196,5,0,-1,,,,
/content/Dataset/LYM/LYM-RHSWDPEW.jpg,3,LYM,197,3,0,-1,,,,
/content/Dataset/MUS/MUS-RTNERGSF.jpg,5,MUS,198,5,0,-1,,,,
/content/Dataset/STR/STR-SMDVPHMS.jpg,7,STR,199,7,0,-1,,,,
/content/Dataset/MUC/MUC-ASHGDTMK.jpg,4,MUC,200,4,0,-1,,,,
/content/Dataset/DEB/DEB-NPDWLGCP.jpg,2,DEB,201,2,0,-1,,,,
/content/Dataset/MUC/MUC-LKFMSNEP.jpg,4,MUC,202,4,0,-1,,,,
/content/Dataset/STR/STR-TLLSMCLL.jpg,7,STR,203,7,0,-1,,,,
/content/Dataset/LYM/LYM-YLNNLTPN.jpg,3,LYM,204,3,0,-1,,,,
/content/Dataset/TUM/TUM-VTFLDAGV.jpg,8,TUM,205,8,0,-1,,,,
/content/Dataset/NORM/NORM-PHEYRIWI.jpg,6,NORM,206,6,0,-1,,,,
/content/Dataset/ADI/ADI-HLLEGFVH.jpg,0,ADI,207,0,0,-1,,,,
/content/Dataset/MUC/MUC-RECEMTPH.jpg,4,MUC,208,4,0,-1,,,,
/content/Dataset/DEB/DEB-PQWWFKSN.jpg,2,DEB,209,2,0,-1,,,,
/content/Dataset/TUM/TUM-QMEQLIKY.jpg,8,TUM,210,8,0,-1,,,,
/content/Dataset/MUC/MUC-REDYKAKP.jpg,4,MUC,211,4,0,-1,,,,
/content/Dataset/TUM/TUM-YPRTHRKF.jpg,8,TUM,212,8,0,-1,,,,
/content/Dataset/LYM/LYM-YQKNQWVI.jpg,3,LYM,213,3,0,-1,,,,
/content/Dataset/ADI/ADI-CQHPQILM.jpg,0,ADI,214,0,0,-1,,,,
/content/Dataset/ADI/ADI-CHQEFPKR.jpg,0,ADI,215,0,0,-1,,,,
/content/Dataset/ADI/ADI-HEISSVCG.jpg,0,ADI,216,0,0,-1,,,,
/content/Dataset/LYM/LYM-SQSPCGSH.jpg,3,LYM,217,3,0,-1,,,,
/content/Dataset/NORM/NORM-RHRIWGQF.jpg,6,NORM,218,6,0,-1,,,,
/content/Dataset/LYM/LYM-PNMRLVEM.jpg,3,LYM,219,3,0,-1,,,,
/content/Dataset/ADI/ADI-ALTQRFSR.jpg,0,ADI,220,0,0,-1,,,,
/content/Dataset/DEB/DEB-THRVYPAE.jpg,2,DEB,221,2,0,-1,,,,
/content/Dataset/STR/STR-PYKCEYDC.jpg,7,STR,222,7,0,-1,,,,
/content/Dataset/MUC/MUC-PNVDPDNS.jpg,4,MUC,223,4,0,-1,,,,
/content/Dataset/TUM/TUM-RTCILLET.jpg,8,TUM,224,8,0,-1,,,,
/content/Dataset/NORM/NORM-RVMAWEFF.jpg,6,NORM,225,6,0,-1,,,,
/content/Dataset/ADI/ADI-FHTPGIGS.jpg,0,ADI,226,0,0,-1,,,,
/content/Dataset/MUS/MUS-SFYLDPPL.jpg,5,MUS,227,5,0,-1,,,,
/content/Dataset/MUC/MUC-PVARVPSM.jpg,4,MUC,228,4,0,-1,,,,
/content/Dataset/DEB/DEB-PQECHYQA.jpg,2,DEB,229,2,0,-1,,,,
/content/Dataset/LYM/LYM-ALEGGARM.jpg,3,LYM,230,3,0,-1,,,,
/content/Dataset/BACK/BACK-GTCVRYPH.jpg,1,BACK,231,1,0,-1,,,,
/content/Dataset/MUS/MUS-VKMFKLCW.jpg,5,MUS,232,5,0,-1,,,,
/content/Dataset/MUC/MUC-YPINVNWI.jpg,4,MUC,233,4,0,-1,,,,
/content/Dataset/MUC/MUC-RVNMHTYR.jpg,4,MUC,234,4,0,-1,,,,
/content/Dataset/NORM/NORM-QSYDICSC.jpg,6,NORM,235,6,0,-1,,,,
/content/Dataset/MUC/MUC-VTPKMRKF.jpg,4,MUC,236,4,0,-1,,,,
/content/Dataset/BACK/BACK-HWMHFYYN.jpg,1,BACK,237,1,0,-1,,,,
/content/Dataset/BACK/BACK-MACKQINL.jpg,1,BACK,238,1,0,-1,,,,
/content/Dataset/ADI/ADI-ESDTVDNG.jpg,0,ADI,239,0,0,-1,,,,
/content/Dataset/NORM/NORM-VEMQPVLA.jpg,6,NORM,240,6,0,-1,,,,
/content/Dataset/BACK/BACK-LGECVYMA.jpg,1,BACK,241,1,0,-1,,,,
/content/Dataset/STR/STR-RTIGFGWH.jpg,7,STR,242,7,0,-1,,,,
/content/Dataset/LYM/LYM-RKKITYHC.jpg,3,LYM,243,3,0,-1,,,,
/content/Dataset/NORM/NORM-YNLAYWML.jpg,6,NORM,244,6,0,-1,,,,
/content/Dataset/MUC/MUC-CAFGSHRC.jpg,4,MUC,245,4,0,-1,,,,
/content/Dataset/LYM/LYM-THAEYINC.jpg,3,LYM,246,3,0,-1,,,,
/content/Dataset/DEB/DEB-AAHWRESI.jpg,2,DEB,247,2,0,-1,,,,
/content/Dataset/TUM/TUM-YCLPHPNV.jpg,8,TUM,248,8,0,-1,,,,
/content/Dataset/MUC/MUC-QVAYLCLQ.jpg,4,MUC,249,4,0,-1,,,,
/content/Dataset/NORM/NORM-VEHCYTLP.jpg,6,NORM,250,6,0,-1,,,,
/content/Dataset/STR/STR-SWISSDER.jpg,7,STR,251,7,0,-1,,,,
/content/Dataset/DEB/DEB-WPNHFIHL.jpg,2,DEB,252,2,0,-1,,,,
/content/Dataset/DEB/DEB-YKVEPLQP.jpg,2,DEB,253,2,0,-1,,,,
/content/Dataset/MUS/MUS-QLLGRDRE.jpg,5,MUS,254,5,0,-1,,,,
/content/Dataset/LYM/LYM-YWENFMYY.jpg,3,LYM,255,3,0,-1,,,,
/content/Dataset/MUC/MUC-PDEIHSWM.jpg,4,MUC,256,4,0,-1,,,,
/content/Dataset/TUM/TUM-RMFKDEMH.jpg,8,TUM,257,8,0,-1,,,,
/content/Dataset/MUC/MUC-QTIYQYML.jpg,4,MUC,258,4,0,-1,,,,
/content/Dataset/TUM/TUM-SEMHRTMT.jpg,8,TUM,259,8,0,-1,,,,
/content/Dataset/LYM/LYM-PSWFIMTH.jpg,3,LYM,260,3,0,-1,,,,
/content/Dataset/TUM/TUM-QEHRWVVL.jpg,8,TUM,261,8,0,-1,,,,
/content/Dataset/NORM/NORM-YCWGIQDE.jpg,6,NORM,262,6,0,-1,,,,
/content/Dataset/DEB/DEB-YMCTMVIF.jpg,2,DEB,263,2,0,-1,,,,
/content/Dataset/TUM/TUM-RLVKAWTC.jpg,8,TUM,264,8,0,-1,,,,
/content/Dataset/LYM/LYM-QMEIVERQ.jpg,3,LYM,265,3,0,-1,,,,
/content/Dataset/MUC/MUC-RHEGRCRH.jpg,4,MUC,266,4,0,-1,,,,
/content/Dataset/MUS/MUS-RKWWGKLF.jpg,5,MUS,267,5,0,-1,,,,
/content/Dataset/NORM/NORM-SNISWAYY.jpg,6,NORM,268,6,0,-1,,,,
/content/Dataset/MUC/MUC-CFLDYMAE.jpg,4,MUC,269,4,0,-1,,,,
/content/Dataset/DEB/DEB-WGWGISQT.jpg,2,DEB,270,2,0,-1,,,,
/content/Dataset/MUC/MUC-SNWEHMMW.jpg,4,MUC,271,4,0,-1,,,,
/content/Dataset/STR/STR-WIRACYWQ.jpg,7,STR,272,7,0,-1,,,,
/content/Dataset/LYM/LYM-VCQSRKFC.jpg,3,LYM,273,3,0,-1,,,,
/content/Dataset/ADI/ADI-FNMFSCCA.jpg,0,ADI,274,0,0,-1,,,,
/content/Dataset/TUM/TUM-WVCMIQAN.jpg,8,TUM,275,8,0,-1,,,,
/content/Dataset/STR/STR-NATCRRLI.jpg,7,STR,276,7,0,-1,,,,
/content/Dataset/MUS/MUS-SLPDHSAT.jpg,5,MUS,277,5,0,-1,,,,
/content/Dataset/MUC/MUC-SSVVDACW.jpg,4,MUC,278,4,0,-1,,,,
/content/Dataset/NORM/NORM-VSKWSPKA.jpg,6,NORM,279,6,0,-1,,,,
/content/Dataset/BACK/BACK-KESFLHVQ.jpg,1,BACK,280,1,0,-1,,,,
/content/Dataset/LYM/LYM-QPQHSMMR.jpg,3,LYM,281,3,0,-1,,,,
/content/Dataset/MUS/MUS-QNDCSGRQ.jpg,5,MUS,282,5,0,-1,,,,
/content/Dataset/MUC/MUC-YGMSGVCH.jpg,4,MUC,283,4,0,-1,,,,
/content/Dataset/STR/STR-MRPTYLAI.jpg,7,STR,284,7,0,-1,,,,
/content/Dataset/LYM/LYM-NSFCSTRN.jpg,3,LYM,285,3,0,-1,,,,
/content/Dataset/ADI/ADI-FSGIMPMS.jpg,0,ADI,286,0,0,-1,,,,
/content/Dataset/ADI/ADI-HKSRISPF.jpg,0,ADI,287,0,0,-1,,,,
/content/Dataset/STR/STR-WLSGYLLW.jpg,7,STR,288,7,0,-1,,,,
/content/Dataset/LYM/LYM-PGSHVQKN.jpg,3,LYM,289,3,0,-1,,,,
/content/Dataset/NORM/NORM-PWMMIDCS.jpg,6,NORM,290,6,0,-1,,,,
/content/Dataset/LYM/LYM-PCVDEWCL.jpg,3,LYM,291,3,0,-1,,,,
/content/Dataset/TUM/TUM-QQHDLKEF.jpg,8,TUM,292,8,0,-1,,,,
/content/Dataset/BACK/BACK-KNKQNHHM.jpg,1,BACK,293,1,0,-1,,,,
/content/Dataset/STR/STR-SAERENVR.jpg,7,STR,294,7,0,-1,,,,
/content/Dataset/MUS/MUS-NPIEEAWE.jpg,5,MUS,295,5,0,-1,,,,
/content/Dataset/TUM/TUM-RGNMVKAD.jpg,8,TUM,296,8,0,-1,,,,
/content/Dataset/TUM/TUM-YRSGWVPI.jpg,8,TUM,297,8,0,-1,,,,
/content/Dataset/TUM/TUM-TFPQGTSM.jpg,8,TUM,298,8,0,-1,,,,
/content/Dataset/DEB/DEB-VGRGPFCF.jpg,2,DEB,299,2,0,-1,,,,
/content/Dataset/STR/STR-PCMLPFVY.jpg,7,STR,300,7,0,-1,,,,
/content/Dataset/ADI/ADI-HEQIDYYK.jpg,0,ADI,301,0,0,-1,,,,
/content/Dataset/MUS/MUS-SNVIFVEL.jpg,5,MUS,302,5,0,-1,,,,
/content/Dataset/MUC/MUC-AHFPADWK.jpg,4,MUC,303,4,0,-1,,,,
/content/Dataset/NORM/NORM-MGGYKNAY.jpg,6,NORM,304,6,0,-1,,,,
/content/Dataset/MUS/MUS-RQHIEQPR.jpg,5,MUS,305,5,0,-1,,,,
/content/Dataset/TUM/TUM-AAALPREY.jpg,8,TUM,306,8,0,-1,,,,
/content/Dataset/MUC/MUC-VNFKMPYS.jpg,4,MUC,307,4,0,-1,,,,
/content/Dataset/BACK/BACK-LAPSQVRV.jpg,1,BACK,308,1,0,-1,,,,
/content/Dataset/BACK/BACK-KIVFFYYK.jpg,1,BACK,309,1,0,-1,,,,
/content/Dataset/MUC/MUC-PKWYLEKY.jpg,4,MUC,310,4,0,-1,,,,
/content/Dataset/LYM/LYM-VFTKMYMV.jpg,3,LYM,311,3,0,-1,,,,
/content/Dataset/TUM/TUM-RPFGNKQQ.jpg,8,TUM,312,8,0,-1,,,,
/content/Dataset/LYM/LYM-LANGDAMT.jpg,3,LYM,313,3,0,-1,,,,
/content/Dataset/NORM/NORM-QFAFLNFE.jpg,6,NORM,314,6,0,-1,,,,
/content/Dataset/BACK/BACK-MMNYMDRD.jpg,1,BACK,315,1,0,-1,,,,
/content/Dataset/BACK/BACK-KTGCVVVR.jpg,1,BACK,316,1,0,-1,,,,
/content/Dataset/LYM/LYM-QVHVLSEQ.jpg,3,LYM,317,3,0,-1,,,,
/content/Dataset/MUC/MUC-SVPLNGSW.jpg,4,MUC,318,4,0,-1,,,,
/content/Dataset/MUS/MUS-RPNGSIHR.jpg,5,MUS,319,5,0,-1,,,,
/content/Dataset/DEB/DEB-AFCMDSYW.jpg,2,DEB,320,2,0,-1,,,,
/content/Dataset/STR/STR-YEQRSAKK.jpg,7,STR,321,7,0,-1,,,,
/content/Dataset/MUS/MUS-QASYGIDV.jpg,5,MUS,322,5,0,-1,,,,
/content/Dataset/STR/STR-YMITLQNV.jpg,7,STR,323,7,0,-1,,,,
/content/Dataset/NORM/NORM-VGVYWWKQ.jpg,6,NORM,324,6,0,-1,,,,
/content/Dataset/LYM/LYM-KWAMLQIY.jpg,3,LYM,325,3,0,-1,,,,
/content/Dataset/ADI/ADI-AFFGHLRC.jpg,0,ADI,326,0,0,-1,,,,
/content/Dataset/MUC/MUC-TQPQALFL.jpg,4,MUC,327,4,0,-1,,,,
/content/Dataset/MUS/MUS-RLDNCMHA.jpg,5,MUS,328,5,0,-1,,,,
/content/Dataset/TUM/TUM-TNTINQQG.jpg,8,TUM,329,8,0,-1,,,,
/content/Dataset/DEB/DEB-WKTVCSDE.jpg,2,DEB,330,2,0,-1,,,,
/content/Dataset/LYM/LYM-YKVSASTR.jpg,3,LYM,331,3,0,-1,,,,
/content/Dataset/NORM/NORM-YAMFAAQY.jpg,6,NORM,332,6,0,-1,,,,
/content/Dataset/BACK/BACK-HVTWYNDH.jpg,1,BACK,333,1,0,-1,,,,
/content/Dataset/NORM/NORM-VYACRLTC.jpg,6,NORM,334,6,0,-1,,,,
/content/Dataset/NORM/NORM-PFGKEHQN.jpg,6,NORM,335,6,0,-1,,,,
/content/Dataset/NORM/NORM-VLHRSFWV.jpg,6,NORM,336,6,0,-1,,,,
/content/Dataset/MUS/MUS-ANWEVNNS.jpg,5,MUS,337,5,0,-1,,,,
/content/Dataset/NORM/NORM-RNAMYSMW.jpg,6,NORM,338,6,0,-1,,,,
/content/Dataset/DEB/DEB-VVYTRMCR.jpg,2,DEB,339,2,0,-1,,,,
/content/Dataset/NORM/NORM-SGSQETLY.jpg,6,NORM,340,6,0,-1,,,,
/content/Dataset/STR/STR-YYAPSIEL.jpg,7,STR,341,7,0,-1,,,,
/content/Dataset/MUS/MUS-VMIWETVK.jpg,5,MUS,342,5,0,-1,,,,
/content/Dataset/MUS/MUS-RKNACHCN.jpg,5,MUS,343,5,0,-1,,,,
/content/Dataset/MUC/MUC-YVVQGEHV.jpg,4,MUC,344,4,0,-1,,,,
/content/Dataset/MUC/MUC-TALADVEI.jpg,4,MUC,345,4,0,-1,,,,
/content/Dataset/NORM/NORM-QPAKNCAA.jpg,6,NORM,346,6,0,-1,,,,
/content/Dataset/MUC/MUC-NGMSIDPL.jpg,4,MUC,347,4,0,-1,,,,
/content/Dataset/STR/STR-QRPNYERT.jpg,7,STR,348,7,0,-1,,,,
/content/Dataset/ADI/ADI-HTASTNVH.jpg,0,ADI,349,0,0,-1,,,,
/content/Dataset/NORM/NORM-AKPKKQYL.jpg,6,NORM,350,6,0,-1,,,,
/content/Dataset/BACK/BACK-LDKEYGQF.jpg,1,BACK,351,1,0,-1,,,,
/content/Dataset/MUS/MUS-SQWGCVNV.jpg,5,MUS,352,5,0,-1,,,,
/content/Dataset/BACK/BACK-MCRGKERN.jpg,1,BACK,353,1,0,-1,,,,
/content/Dataset/BACK/BACK-KMLTVDDP.jpg,1,BACK,354,1,0,-1,,,,
/content/Dataset/NORM/NORM-YWHPQTAT.jpg,6,NORM,355,6,0,-1,,,,
/content/Dataset/DEB/DEB-TKLSHKYE.jpg,2,DEB,356,2,0,-1,,,,
/content/Dataset/DEB/DEB-TGKWANFK.jpg,2,DEB,357,2,0,-1,,,,
/content/Dataset/LYM/LYM-NIWRNEIC.jpg,3,LYM,358,3,0,-1,,,,
/content/Dataset/ADI/ADI-AVMIDGMF.jpg,0,ADI,359,0,0,-1,,,,
/content/Dataset/MUS/MUS-PRPAFRYM.jpg,5,MUS,360,5,0,-1,,,,
/content/Dataset/DEB/DEB-PTLLGRIY.jpg,2,DEB,361,2,0,-1,,,,
/content/Dataset/ADI/ADI-DLLLHKFL.jpg,0,ADI,362,0,0,-1,,,,
/content/Dataset/LYM/LYM-HHNRKQKM.jpg,3,LYM,363,3,0,-1,,,,
/content/Dataset/NORM/NORM-SAENFYHA.jpg,6,NORM,364,6,0,-1,,,,
/content/Dataset/MUC/MUC-QHTGRDQA.jpg,4,MUC,365,4,0,-1,,,,
/content/Dataset/DEB/DEB-NSIPHKNK.jpg,2,DEB,366,2,0,-1,,,,
/content/Dataset/MUC/MUC-MNSRCKSQ.jpg,4,MUC,367,4,0,-1,,,,
/content/Dataset/NORM/NORM-LGAAGPYA.jpg,6,NORM,368,6,0,-1,,,,
/content/Dataset/TUM/TUM-VVRRMCHV.jpg,8,TUM,369,8,0,-1,,,,
/content/Dataset/ADI/ADI-FNRPWKQW.jpg,0,ADI,370,0,0,-1,,,,
/content/Dataset/MUC/MUC-SFECESQC.jpg,4,MUC,371,4,0,-1,,,,
/content/Dataset/NORM/NORM-LTMCGREM.jpg,6,NORM,372,6,0,-1,,,,
/content/Dataset/ADI/ADI-DFTPWDRP.jpg,0,ADI,373,0,0,-1,,,,
/content/Dataset/MUC/MUC-YFHKSPMQ.jpg,4,MUC,374,4,0,-1,,,,
/content/Dataset/BACK/BACK-LIDRWLWH.jpg,1,BACK,375,1,0,-1,,,,
/content/Dataset/LYM/LYM-MCFSDWNT.jpg,3,LYM,376,3,0,-1,,,,
/content/Dataset/BACK/BACK-KPPELKVN.jpg,1,BACK,377,1,0,-1,,,,
/content/Dataset/TUM/TUM-VWIKSCKM.jpg,8,TUM,378,8,0,-1,,,,
/content/Dataset/MUS/MUS-QMMLVKSY.jpg,5,MUS,379,5,0,-1,,,,
/content/Dataset/TUM/TUM-RGVTHMDQ.jpg,8,TUM,380,8,0,-1,,,,
/content/Dataset/ADI/ADI-HLEFVFTW.jpg,0,ADI,381,0,0,-1,,,,
/content/Dataset/NORM/NORM-NVDGWPTI.jpg,6,NORM,382,6,0,-1,,,,
/content/Dataset/MUS/MUS-QLHSGKTC.jpg,5,MUS,383,5,0,-1,,,,
/content/Dataset/BACK/BACK-IDEMDTNE.jpg,1,BACK,384,1,0,-1,,,,
/content/Dataset/LYM/LYM-PCWSTGPV.jpg,3,LYM,385,3,0,-1,,,,
/content/Dataset/DEB/DEB-QHEQHTHM.jpg,2,DEB,386,2,0,-1,,,,
/content/Dataset/TUM/TUM-QPVEMVYT.jpg,8,TUM,387,8,0,-1,,,,
/content/Dataset/LYM/LYM-RLSCPPLL.jpg,3,LYM,388,3,0,-1,,,,
/content/Dataset/ADI/ADI-DRMQDVYR.jpg,0,ADI,389,0,0,-1,,,,
/content/Dataset/MUC/MUC-TFGVWGCK.jpg,4,MUC,390,4,0,-1,,,,
/content/Dataset/BACK/BACK-MMEFHWAM.jpg,1,BACK,391,1,0,-1,,,,
/content/Dataset/NORM/NORM-QYKIYNGI.jpg,6,NORM,392,6,0,-1,,,,
/content/Dataset/NORM/NORM-RCSMVDHM.jpg,6,NORM,393,6,0,-1,,,,
/content/Dataset/MUS/MUS-RGVYLMEK.jpg,5,MUS,394,5,0,-1,,,,
/content/Dataset/DEB/DEB-QFFPVWHE.jpg,2,DEB,395,2,0,-1,,,,
/content/Dataset/LYM/LYM-SRHACATS.jpg,3,LYM,396,3,0,-1,,,,
/content/Dataset/DEB/DEB-PAYDNEPK.jpg,2,DEB,397,2,0,-1,,,,
/content/Dataset/MUS/MUS-NYMPQEHT.jpg,5,MUS,398,5,0,-1,,,,
/content/Dataset/LYM/LYM-SRDATTNY.jpg,3,LYM,399,3,0,-1,,,,
/content/Dataset/TUM/TUM-SEHNQNFN.jpg,8,TUM,400,8,0,-1,,,,
/content/Dataset/MUS/MUS-PMMHIRLS.jpg,5,MUS,401,5,0,-1,,,,
/content/Dataset/DEB/DEB-RIFMVMVQ.jpg,2,DEB,402,2,0,-1,,,,
/content/Dataset/BACK/BACK-AHYHSAPY.jpg,1,BACK,403,1,0,-1,,,,
/content/Dataset/MUS/MUS-SIPWQKAQ.jpg,5,MUS,404,5,0,-1,,,,
/content/Dataset/BACK/BACK-NMCNGRKG.jpg,1,BACK,405,1,0,-1,,,,
/content/Dataset/TUM/TUM-YRWWEIHR.jpg,8,TUM,406,8,0,-1,,,,
/content/Dataset/LYM/LYM-NNIVIERD.jpg,3,LYM,407,3,0,-1,,,,
/content/Dataset/LYM/LYM-SPVFNDFP.jpg,3,LYM,408,3,0,-1,,,,
/content/Dataset/LYM/LYM-QWCVYVEW.jpg,3,LYM,409,3,0,-1,,,,
/content/Dataset/NORM/NORM-WMWTLQGE.jpg,6,NORM,410,6,0,-1,,,,
/content/Dataset/TUM/TUM-REMYTQMN.jpg,8,TUM,411,8,0,-1,,,,
/content/Dataset/ADI/ADI-DIHLISEF.jpg,0,ADI,412,0,0,-1,,,,
/content/Dataset/ADI/ADI-EMRMGWAK.jpg,0,ADI,413,0,0,-1,,,,
/content/Dataset/STR/STR-NTNNAQEA.jpg,7,STR,414,7,0,-1,,,,
/content/Dataset/TUM/TUM-VSSMNDRA.jpg,8,TUM,415,8,0,-1,,,,
/content/Dataset/TUM/TUM-TEKNHGEG.jpg,8,TUM,416,8,0,-1,,,,
/content/Dataset/TUM/TUM-WRSQAWWF.jpg,8,TUM,417,8,0,-1,,,,
/content/Dataset/LYM/LYM-INQYVIYG.jpg,3,LYM,418,3,0,-1,,,,
/content/Dataset/MUS/MUS-PCWRLHIN.jpg,5,MUS,419,5,0,-1,,,,
/content/Dataset/STR/STR-TYIHNVAI.jpg,7,STR,420,7,0,-1,,,,
/content/Dataset/NORM/NORM-YDVWQGGI.jpg,6,NORM,421,6,0,-1,,,,
/content/Dataset/DEB/DEB-ACYTIEFI.jpg,2,DEB,422,2,0,-1,,,,
/content/Dataset/ADI/ADI-AAEKWPVP.jpg,0,ADI,423,0,0,-1,,,,
/content/Dataset/TUM/TUM-YISPETFD.jpg,8,TUM,424,8,0,-1,,,,
/content/Dataset/NORM/NORM-NVHRGMFS.jpg,6,NORM,425,6,0,-1,,,,
/content/Dataset/STR/STR-MVDPKTYI.jpg,7,STR,426,7,0,-1,,,,
/content/Dataset/MUS/MUS-CNPIVPTM.jpg,5,MUS,427,5,0,-1,,,,
/content/Dataset/STR/STR-NPWDIGLW.jpg,7,STR,428,7,0,-1,,,,
/content/Dataset/TUM/TUM-TRLAWKWR.jpg,8,TUM,429,8,0,-1,,,,
/content/Dataset/MUS/MUS-SKSRKIPI.jpg,5,MUS,430,5,0,-1,,,,
/content/Dataset/DEB/DEB-VEERSIWT.jpg,2,DEB,431,2,0,-1,,,,
/content/Dataset/STR/STR-PTRYATLM.jpg,7,STR,432,7,0,-1,,,,
/content/Dataset/LYM/LYM-ADCWVIWK.jpg,3,LYM,433,3,0,-1,,,,
/content/Dataset/BACK/BACK-IREIKGGF.jpg,1,BACK,434,1,0,-1,,,,
/content/Dataset/NORM/NORM-SHNDVSFN.jpg,6,NORM,435,6,0,-1,,,,
/content/Dataset/MUC/MUC-QCACHMYK.jpg,4,MUC,436,4,0,-1,,,,
/content/Dataset/NORM/NORM-MTLDFCNV.jpg,6,NORM,437,6,0,-1,,,,
/content/Dataset/TUM/TUM-VSQPTNHL.jpg,8,TUM,438,8,0,-1,,,,
/content/Dataset/NORM/NORM-WYSCFCFW.jpg,6,NORM,439,6,0,-1,,,,
/content/Dataset/MUC/MUC-SGYDTCVV.jpg,4,MUC,440,4,0,-1,,,,
/content/Dataset/ADI/ADI-EWKILGMM.jpg,0,ADI,441,0,0,-1,,,,
/content/Dataset/STR/STR-VTKIDSSP.jpg,7,STR,442,7,0,-1,,,,
/content/Dataset/NORM/NORM-TWTEGNQK.jpg,6,NORM,443,6,0,-1,,,,
/content/Dataset/MUC/MUC-NKWAIKLV.jpg,4,MUC,444,4,0,-1,,,,
/content/Dataset/BACK/BACK-NPQPFTCS.jpg,1,BACK,445,1,0,-1,,,,
/content/Dataset/ADI/ADI-ENHHQEPN.jpg,0,ADI,446,0,0,-1,,,,
/content/Dataset/BACK/BACK-AEGPFSDQ.jpg,1,BACK,447,1,0,-1,,,,
/content/Dataset/TUM/TUM-YFDSNCDD.jpg,8,TUM,448,8,0,-1,,,,
/content/Dataset/STR/STR-MQLLWSKK.jpg,7,STR,449,7,0,-1,,,,
/content/Dataset/ADI/ADI-GSESKEKV.jpg,0,ADI,450,0,0,-1,,,,
/content/Dataset/LYM/LYM-TGEQVMII.jpg,3,LYM,451,3,0,-1,,,,
/content/Dataset/TUM/TUM-TEEVKVRI.jpg,8,TUM,452,8,0,-1,,,,
/content/Dataset/NORM/NORM-WERDHFLH.jpg,6,NORM,453,6,0,-1,,,,
/content/Dataset/MUC/MUC-YIPTQHVL.jpg,4,MUC,454,4,0,-1,,,,
/content/Dataset/TUM/TUM-VMDYPLYW.jpg,8,TUM,455,8,0,-1,,,,
/content/Dataset/BACK/BACK-KETWQAWY.jpg,1,BACK,456,1,0,-1,,,,
/content/Dataset/TUM/TUM-RRDTWFSD.jpg,8,TUM,457,8,0,-1,,,,
/content/Dataset/NORM/NORM-SWIIKLAI.jpg,6,NORM,458,6,0,-1,,,,
/content/Dataset/MUC/MUC-NPIWKHFP.jpg,4,MUC,459,4,0,-1,,,,
/content/Dataset/NORM/NORM-RRNQKEVK.jpg,6,NORM,460,6,0,-1,,,,
/content/Dataset/MUC/MUC-CFPTSPVE.jpg,4,MUC,461,4,0,-1,,,,
/content/Dataset/NORM/NORM-TKQEIAAV.jpg,6,NORM,462,6,0,-1,,,,
/content/Dataset/TUM/TUM-VVCYTWGL.jpg,8,TUM,463,8,0,-1,,,,
/content/Dataset/BACK/BACK-IPGHMIEC.jpg,1,BACK,464,1,0,-1,,,,
/content/Dataset/DEB/DEB-WRSIIMYQ.jpg,2,DEB,465,2,0,-1,,,,
/content/Dataset/MUC/MUC-HHSCKLTT.jpg,4,MUC,466,4,0,-1,,,,
/content/Dataset/BACK/BACK-AKQGRQPL.jpg,1,BACK,467,1,0,-1,,,,
/content/Dataset/LYM/LYM-NFTGDAQM.jpg,3,LYM,468,3,0,-1,,,,
/content/Dataset/BACK/BACK-LYPPCVKH.jpg,1,BACK,469,1,0,-1,,,,
/content/Dataset/NORM/NORM-YNLDALGN.jpg,6,NORM,470,6,0,-1,,,,
/content/Dataset/LYM/LYM-KLLFNDWF.jpg,3,LYM,471,3,0,-1,,,,
/content/Dataset/MUC/MUC-RYLEKCYK.jpg,4,MUC,472,4,0,-1,,,,
/content/Dataset/DEB/DEB-SIYFGWVD.jpg,2,DEB,473,2,0,-1,,,,
/content/Dataset/BACK/BACK-IKSLLKLH.jpg,1,BACK,474,1,0,-1,,,,
/content/Dataset/MUS/MUS-AGWTMKRM.jpg,5,MUS,475,5,0,-1,,,,
/content/Dataset/STR/STR-WICINKCQ.jpg,7,STR,476,7,0,-1,,,,
/content/Dataset/BACK/BACK-MSYRWWKD.jpg,1,BACK,477,1,0,-1,,,,
/content/Dataset/BACK/BACK-MIDPNWIF.jpg,1,BACK,478,1,0,-1,,,,
/content/Dataset/MUC/MUC-CCWDRQNW.jpg,4,MUC,479,4,0,-1,,,,
/content/Dataset/MUC/MUC-VYCVANEL.jpg,4,MUC,480,4,0,-1,,,,
/content/Dataset/BACK/BACK-LQIKMDEC.jpg,1,BACK,481,1,0,-1,,,,
/content/Dataset/MUC/MUC-AEQLCLIY.jpg,4,MUC,482,4,0,-1,,,,
/content/Dataset/MUC/MUC-NCCFKMVQ.jpg,4,MUC,483,4,0,-1,,,,
/content/Dataset/BACK/BACK-LYTMWWIF.jpg,1,BACK,484,1,0,-1,,,,
/content/Dataset/LYM/LYM-QPEMIKLQ.jpg,3,LYM,485,3,0,-1,,,,
/content/Dataset/LYM/LYM-QLWNTRYP.jpg,3,LYM,486,3,0,-1,,,,
/content/Dataset/LYM/LYM-NLLNAFTS.jpg,3,LYM,487,3,0,-1,,,,
/content/Dataset/TUM/TUM-WIRCCWTC.jpg,8,TUM,488,8,0,-1,,,,
/content/Dataset/DEB/DEB-VAAHLYQG.jpg,2,DEB,489,2,0,-1,,,,
/content/Dataset/TUM/TUM-RAFYVCDT.jpg,8,TUM,490,8,0,-1,,,,
/content/Dataset/MUS/MUS-ADTKCALN.jpg,5,MUS,491,5,0,-1,,,,
/content/Dataset/LYM/LYM-YMGKCAYI.jpg,3,LYM,492,3,0,-1,,,,
/content/Dataset/STR/STR-YEYIDNPS.jpg,7,STR,493,7,0,-1,,,,
/content/Dataset/BACK/BACK-PFDTPFAP.jpg,1,BACK,494,1,0,-1,,,,
/content/Dataset/TUM/TUM-RGWHAGHR.jpg,8,TUM,495,8,0,-1,,,,
/content/Dataset/NORM/NORM-VIHHTHLV.jpg,6,NORM,496,6,0,-1,,,,
/content/Dataset/MUS/MUS-RDCGVTSG.jpg,5,MUS,497,5,0,-1,,,,
/content/Dataset/TUM/TUM-WRPRWQYW.jpg,8,TUM,498,8,0,-1,,,,
/content/Dataset/TUM/TUM-WMYLGGGN.jpg,8,TUM,499,8,0,-1,,,,
/content/Dataset/BACK/BACK-HWKCYYWD.jpg,1,BACK,500,1,0,-1,,,,
/content/Dataset/LYM/LYM-SDWIAILW.jpg,3,LYM,501,3,0,-1,,,,
/content/Dataset/MUC/MUC-HKIKHFLS.jpg,4,MUC,502,4,0,-1,,,,
/content/Dataset/NORM/NORM-NRVEGVNV.jpg,6,NORM,503,6,0,-1,,,,
/content/Dataset/ADI/ADI-DLLMVKKY.jpg,0,ADI,504,0,0,-1,,,,
/content/Dataset/ADI/ADI-HHGSMSYV.jpg,0,ADI,505,0,0,-1,,,,
/content/Dataset/TUM/TUM-AANMKCKM.jpg,8,TUM,506,8,0,-1,,,,
/content/Dataset/MUS/MUS-QIWRSQGY.jpg,5,MUS,507,5,0,-1,,,,
/content/Dataset/NORM/NORM-PSTFYNDW.jpg,6,NORM,508,6,0,-1,,,,
/content/Dataset/STR/STR-SRYPYLRR.jpg,7,STR,509,7,0,-1,,,,
/content/Dataset/STR/STR-QGNQNGGT.jpg,7,STR,510,7,0,-1,,,,
/content/Dataset/MUC/MUC-WWFMKAVR.jpg,4,MUC,511,4,0,-1,,,,
/content/Dataset/DEB/DEB-SKHCGPTK.jpg,2,DEB,512,2,0,-1,,,,
/content/Dataset/NORM/NORM-MSVGSMSA.jpg,6,NORM,513,6,0,-1,,,,
/content/Dataset/MUC/MUC-WMSFIPGA.jpg,4,MUC,514,4,0,-1,,,,
/content/Dataset/NORM/NORM-SEDGVIIQ.jpg,6,NORM,515,6,0,-1,,,,
/content/Dataset/MUC/MUC-CCVCDPRK.jpg,4,MUC,516,4,0,-1,,,,
/content/Dataset/DEB/DEB-YAILMSGV.jpg,2,DEB,517,2,0,-1,,,,
/content/Dataset/NORM/NORM-WVVPYMHQ.jpg,6,NORM,518,6,0,-1,,,,
/content/Dataset/DEB/DEB-YLCTYNWY.jpg,2,DEB,519,2,0,-1,,,,
/content/Dataset/MUS/MUS-NNSYRDKN.jpg,5,MUS,520,5,0,-1,,,,
/content/Dataset/BACK/BACK-NCIVTLDN.jpg,1,BACK,521,1,0,-1,,,,
/content/Dataset/TUM/TUM-RCTKEMYT.jpg,8,TUM,522,8,0,-1,,,,
/content/Dataset/MUS/MUS-RNEWHIGK.jpg,5,MUS,523,5,0,-1,,,,
/content/Dataset/BACK/BACK-AASWFEFM.jpg,1,BACK,524,1,0,-1,,,,
/content/Dataset/TUM/TUM-YSCGVAAA.jpg,8,TUM,525,8,0,-1,,,,
/content/Dataset/DEB/DEB-PICMWDEV.jpg,2,DEB,526,2,0,-1,,,,
/content/Dataset/TUM/TUM-WQEHFHGE.jpg,8,TUM,527,8,0,-1,,,,
/content/Dataset/TUM/TUM-SNLNPDYM.jpg,8,TUM,528,8,0,-1,,,,
/content/Dataset/STR/STR-QWGRSATQ.jpg,7,STR,529,7,0,-1,,,,
/content/Dataset/LYM/LYM-TVYFWWDS.jpg,3,LYM,530,3,0,-1,,,,
/content/Dataset/STR/STR-NCDMHEVG.jpg,7,STR,531,7,0,-1,,,,
/content/Dataset/NORM/NORM-SEGDPSAL.jpg,6,NORM,532,6,0,-1,,,,
/content/Dataset/MUC/MUC-WTMCQGIE.jpg,4,MUC,533,4,0,-1,,,,
/content/Dataset/DEB/DEB-RHYGDWYT.jpg,2,DEB,534,2,0,-1,,,,
/content/Dataset/DEB/DEB-SYGSLEYD.jpg,2,DEB,535,2,0,-1,,,,
/content/Dataset/TUM/TUM-VEIWRCRM.jpg,8,TUM,536,8,0,-1,,,,
/content/Dataset/BACK/BACK-KMYMNCDQ.jpg,1,BACK,537,1,0,-1,,,,
/content/Dataset/STR/STR-TGNKQMNW.jpg,7,STR,538,7,0,-1,,,,
/content/Dataset/NORM/NORM-YSQFSNGL.jpg,6,NORM,539,6,0,-1,,,,
/content/Dataset/TUM/TUM-YHWQAGLR.jpg,8,TUM,540,8,0,-1,,,,
/content/Dataset/STR/STR-QRHQCIGY.jpg,7,STR,541,7,0,-1,,,,
/content/Dataset/MUC/MUC-SAGVMCLD.jpg,4,MUC,542,4,0,-1,,,,
/content/Dataset/TUM/TUM-RADTDHRL.jpg,8,TUM,543,8,0,-1,,,,
/content/Dataset/MUC/MUC-TDYAGCHY.jpg,4,MUC,544,4,0,-1,,,,
/content/Dataset/LYM/LYM-VPQKGQFY.jpg,3,LYM,545,3,0,-1,,,,
/content/Dataset/NORM/NORM-AFEEGEQL.jpg,6,NORM,546,6,0,-1,,,,
/content/Dataset/TUM/TUM-SMWWLWAY.jpg,8,TUM,547,8,0,-1,,,,
/content/Dataset/LYM/LYM-QLSSTCMS.jpg,3,LYM,548,3,0,-1,,,,
/content/Dataset/TUM/TUM-RTGNDNPD.jpg,8,TUM,549,8,0,-1,,,,
/content/Dataset/BACK/BACK-IGCGEYSD.jpg,1,BACK,550,1,0,-1,,,,
/content/Dataset/MUS/MUS-NTIPEMLG.jpg,5,MUS,551,5,0,-1,,,,
/content/Dataset/STR/STR-WIRMPYWD.jpg,7,STR,552,7,0,-1,,,,
/content/Dataset/LYM/LYM-CQNVVFRW.jpg,3,LYM,553,3,0,-1,,,,
/content/Dataset/MUC/MUC-PYAVGGQS.jpg,4,MUC,554,4,0,-1,,,,
/content/Dataset/LYM/LYM-RANACRTE.jpg,3,LYM,555,3,0,-1,,,,
/content/Dataset/ADI/ADI-CPWPHPYY.jpg,0,ADI,556,0,0,-1,,,,
/content/Dataset/MUS/MUS-PKGILAWC.jpg,5,MUS,557,5,0,-1,,,,
/content/Dataset/MUC/MUC-WFITDLSR.jpg,4,MUC,558,4,0,-1,,,,
/content/Dataset/TUM/TUM-VGNADEHC.jpg,8,TUM,559,8,0,-1,,,,
/content/Dataset/NORM/NORM-MNRKCFFF.jpg,6,NORM,560,6,0,-1,,,,
/content/Dataset/STR/STR-STKIICYF.jpg,7,STR,561,7,0,-1,,,,
/content/Dataset/MUS/MUS-SVNAMYTF.jpg,5,MUS,562,5,0,-1,,,,
/content/Dataset/BACK/BACK-HHSGLYAV.jpg,1,BACK,563,1,0,-1,,,,
/content/Dataset/MUS/MUS-STGKADAV.jpg,5,MUS,564,5,0,-1,,,,
/content/Dataset/DEB/DEB-YRTPRKLT.jpg,2,DEB,565,2,0,-1,,,,
/content/Dataset/STR/STR-NRYRWACA.jpg,7,STR,566,7,0,-1,,,,
/content/Dataset/NORM/NORM-QQGVFGVT.jpg,6,NORM,567,6,0,-1,,,,
/content/Dataset/NORM/NORM-YRSLRKIP.jpg,6,NORM,568,6,0,-1,,,,
/content/Dataset/BACK/BACK-MNICTMLG.jpg,1,BACK,569,1,0,-1,,,,
/content/Dataset/STR/STR-SAYCEIEQ.jpg,7,STR,570,7,0,-1,,,,
/content/Dataset/MUC/MUC-VCGMCQSR.jpg,4,MUC,571,4,0,-1,,,,
/content/Dataset/ADI/ADI-NTWSRTRN.jpg,0,ADI,572,0,0,-1,,,,
/content/Dataset/DEB/DEB-SEDMWVSD.jpg,2,DEB,573,2,0,-1,,,,
/content/Dataset/TUM/TUM-REHRFCWW.jpg,8,TUM,574,8,0,-1,,,,
/content/Dataset/DEB/DEB-TQATKQRA.jpg,2,DEB,575,2,0,-1,,,,
/content/Dataset/MUS/MUS-PVMMNWYW.jpg,5,MUS,576,5,0,-1,,,,
/content/Dataset/ADI/ADI-FWIGRVWA.jpg,0,ADI,577,0,0,-1,,,,
/content/Dataset/LYM/LYM-QYFFAKKK.jpg,3,LYM,578,3,0,-1,,,,
/content/Dataset/BACK/BACK-MRHIFTPM.jpg,1,BACK,579,1,0,-1,,,,
/content/Dataset/STR/STR-YRAVWMAE.jpg,7,STR,580,7,0,-1,,,,
/content/Dataset/BACK/BACK-AHNFFALY.jpg,1,BACK,581,1,0,-1,,,,
/content/Dataset/TUM/TUM-SKWGKRFH.jpg,8,TUM,582,8,0,-1,,,,
/content/Dataset/LYM/LYM-QRTEAEWE.jpg,3,LYM,583,3,0,-1,,,,
/content/Dataset/LYM/LYM-AGGVFQEW.jpg,3,LYM,584,3,0,-1,,,,
/content/Dataset/STR/STR-THETKRCT.jpg,7,STR,585,7,0,-1,,,,
/content/Dataset/MUC/MUC-YTRNDQAK.jpg,4,MUC,586,4,0,-1,,,,
/content/Dataset/DEB/DEB-QCFQMLCM.jpg,2,DEB,587,2,0,-1,,,,
/content/Dataset/NORM/NORM-PDSDHQSP.jpg,6,NORM,588,6,0,-1,,,,
/content/Dataset/MUS/MUS-RWQSLCVT.jpg,5,MUS,589,5,0,-1,,,,
/content/Dataset/TUM/TUM-WRAGTLEG.jpg,8,TUM,590,8,0,-1,,,,
/content/Dataset/MUC/MUC-SEMEAVIV.jpg,4,MUC,591,4,0,-1,,,,
/content/Dataset/LYM/LYM-RIENRNTT.jpg,3,LYM,592,3,0,-1,,,,
/content/Dataset/BACK/BACK-KRASKENN.jpg,1,BACK,593,1,0,-1,,,,
/content/Dataset/ADI/ADI-HLWIEMQN.jpg,0,ADI,594,0,0,-1,,,,
/content/Dataset/LYM/LYM-RPWSGAGM.jpg,3,LYM,595,3,0,-1,,,,
/content/Dataset/ADI/ADI-FMYKLMVI.jpg,0,ADI,596,0,0,-1,,,,
/content/Dataset/STR/STR-QSRANFTC.jpg,7,STR,597,7,0,-1,,,,
/content/Dataset/MUS/MUS-REHEAIGN.jpg,5,MUS,598,5,0,-1,,,,
/content/Dataset/BACK/BACK-LYAPIIEM.jpg,1,BACK,599,1,0,-1,,,,
/content/Dataset/DEB/DEB-YTWSEPPS.jpg,2,DEB,600,2,0,-1,,,,
/content/Dataset/ADI/ADI-DCVNEYGW.jpg,0,ADI,601,0,0,-1,,,,
/content/Dataset/MUS/MUS-NRWQWKLR.jpg,5,MUS,602,5,0,-1,,,,
/content/Dataset/ADI/ADI-GGKVMSYN.jpg,0,ADI,603,0,0,-1,,,,
/content/Dataset/TUM/TUM-YEKDGIDM.jpg,8,TUM,604,8,0,-1,,,,
/content/Dataset/LYM/LYM-ESFYQQML.jpg,3,LYM,605,3,0,-1,,,,
/content/Dataset/DEB/DEB-RRKGTACE.jpg,2,DEB,606,2,0,-1,,,,
/content/Dataset/ADI/ADI-IIHACKKG.jpg,0,ADI,607,0,0,-1,,,,
/content/Dataset/MUS/MUS-CIQAGCRV.jpg,5,MUS,608,5,0,-1,,,,
/content/Dataset/LYM/LYM-RMQGQAIR.jpg,3,LYM,609,3,0,-1,,,,
/content/Dataset/MUS/MUS-ATCANIRV.jpg,5,MUS,610,5,0,-1,,,,
/content/Dataset/NORM/NORM-PLNYAQDS.jpg,6,NORM,611,6,0,-1,,,,
/content/Dataset/TUM/TUM-TVLQCRYT.jpg,8,TUM,612,8,0,-1,,,,
/content/Dataset/DEB/DEB-PYRAKCAQ.jpg,2,DEB,613,2,0,-1,,,,
/content/Dataset/MUC/MUC-AKHVEDMM.jpg,4,MUC,614,4,0,-1,,,,
/content/Dataset/STR/STR-SNEMIGDG.jpg,7,STR,615,7,0,-1,,,,
/content/Dataset/ADI/ADI-CQKYYDDC.jpg,0,ADI,616,0,0,-1,,,,
/content/Dataset/MUC/MUC-RTSWMEYV.jpg,4,MUC,617,4,0,-1,,,,
/content/Dataset/MUS/MUS-NWDDDTKR.jpg,5,MUS,618,5,0,-1,,,,
/content/Dataset/LYM/LYM-THQYPIQV.jpg,3,LYM,619,3,0,-1,,,,
/content/Dataset/LYM/LYM-RDEYHDQW.jpg,3,LYM,620,3,0,-1,,,,
/content/Dataset/BACK/BACK-IDYKKKFH.jpg,1,BACK,621,1,0,-1,,,,
/content/Dataset/BACK/BACK-HYMGMELA.jpg,1,BACK,622,1,0,-1,,,,
/content/Dataset/STR/STR-QTHDEQGP.jpg,7,STR,623,7,0,-1,,,,
/content/Dataset/MUC/MUC-SRLPTQTM.jpg,4,MUC,624,4,0,-1,,,,
/content/Dataset/ADI/ADI-FWIHSGID.jpg,0,ADI,625,0,0,-1,,,,
/content/Dataset/ADI/ADI-EAGWADTA.jpg,0,ADI,626,0,0,-1,,,,
/content/Dataset/BACK/BACK-KVHWGVRY.jpg,1,BACK,627,1,0,-1,,,,
/content/Dataset/DEB/DEB-TTFNAFTT.jpg,2,DEB,628,2,0,-1,,,,
/content/Dataset/MUS/MUS-VIYCISAH.jpg,5,MUS,629,5,0,-1,,,,
/content/Dataset/MUC/MUC-NRCINDVT.jpg,4,MUC,630,4,0,-1,,,,
/content/Dataset/ADI/ADI-AWDCRYDG.jpg,0,ADI,631,0,0,-1,,,,
/content/Dataset/MUS/MUS-RWDQDGVT.jpg,5,MUS,632,5,0,-1,,,,
/content/Dataset/TUM/TUM-WFWDFGCW.jpg,8,TUM,633,8,0,-1,,,,
/content/Dataset/BACK/BACK-LECAILGP.jpg,1,BACK,634,1,0,-1,,,,
/content/Dataset/MUC/MUC-SCWMKEVP.jpg,4,MUC,635,4,0,-1,,,,
/content/Dataset/MUS/MUS-PEQWFLQK.jpg,5,MUS,636,5,0,-1,,,,
/content/Dataset/TUM/TUM-THDNPDGH.jpg,8,TUM,637,8,0,-1,,,,
/content/Dataset/ADI/ADI-AYNFAWKI.jpg,0,ADI,638,0,0,-1,,,,
/content/Dataset/BACK/BACK-AFKMNIGG.jpg,1,BACK,639,1,0,-1,,,,
/content/Dataset/TUM/TUM-RDMPKICT.jpg,8,TUM,640,8,0,-1,,,,
/content/Dataset/NORM/NORM-WFMAGLWS.jpg,6,NORM,641,6,0,-1,,,,
/content/Dataset/ADI/ADI-CAQSGGAE.jpg,0,ADI,642,0,0,-1,,,,
/content/Dataset/ADI/ADI-FWIWSHMP.jpg,0,ADI,643,0,0,-1,,,,
/content/Dataset/TUM/TUM-TGNSSYHW.jpg,8,TUM,644,8,0,-1,,,,
/content/Dataset/BACK/BACK-NQDSFRVC.jpg,1,BACK,645,1,0,-1,,,,
/content/Dataset/TUM/TUM-RYKWKYQR.jpg,8,TUM,646,8,0,-1,,,,
/content/Dataset/STR/STR-QADMHYAP.jpg,7,STR,647,7,0,-1,,,,
/content/Dataset/DEB/DEB-QHFWIHYA.jpg,2,DEB,648,2,0,-1,,,,
/content/Dataset/BACK/BACK-LYTTRKKY.jpg,1,BACK,649,1,0,-1,,,,
/content/Dataset/ADI/ADI-GRYCQRTS.jpg,0,ADI,650,0,0,-1,,,,
/content/Dataset/ADI/ADI-IESPHTTT.jpg,0,ADI,651,0,0,-1,,,,
/content/Dataset/LYM/LYM-IGCIAVRK.jpg,3,LYM,652,3,0,-1,,,,
/content/Dataset/TUM/TUM-VSQFGNWS.jpg,8,TUM,653,8,0,-1,,,,
/content/Dataset/ADI/ADI-DKTVNDQG.jpg,0,ADI,654,0,0,-1,,,,
/content/Dataset/NORM/NORM-TEKHQIYK.jpg,6,NORM,655,6,0,-1,,,,
/content/Dataset/NORM/NORM-TAAEADNA.jpg,6,NORM,656,6,0,-1,,,,
/content/Dataset/MUS/MUS-RECFLLPV.jpg,5,MUS,657,5,0,-1,,,,
/content/Dataset/TUM/TUM-WHWNADMF.jpg,8,TUM,658,8,0,-1,,,,
/content/Dataset/STR/STR-TKEMKQRS.jpg,7,STR,659,7,0,-1,,,,
/content/Dataset/TUM/TUM-QYMIYPRC.jpg,8,TUM,660,8,0,-1,,,,
/content/Dataset/BACK/BACK-NMVPWCHY.jpg,1,BACK,661,1,0,-1,,,,
/content/Dataset/NORM/NORM-RDPTNSDV.jpg,6,NORM,662,6,0,-1,,,,
/content/Dataset/NORM/NORM-LMHHFVIL.jpg,6,NORM,663,6,0,-1,,,,
/content/Dataset/LYM/LYM-QADQILYY.jpg,3,LYM,664,3,0,-1,,,,
/content/Dataset/MUS/MUS-PLPSRTDA.jpg,5,MUS,665,5,0,-1,,,,
/content/Dataset/LYM/LYM-TKMDANKA.jpg,3,LYM,666,3,0,-1,,,,
/content/Dataset/MUC/MUC-QEGFVAKS.jpg,4,MUC,667,4,0,-1,,,,
/content/Dataset/LYM/LYM-RGAKQGPK.jpg,3,LYM,668,3,0,-1,,,,
/content/Dataset/TUM/TUM-WKSGTPSW.jpg,8,TUM,669,8,0,-1,,,,
/content/Dataset/TUM/TUM-TKWRFFMD.jpg,8,TUM,670,8,0,-1,,,,
/content/Dataset/MUS/MUS-SQSKPPYW.jpg,5,MUS,671,5,0,-1,,,,
/content/Dataset/STR/STR-RVQWDMYS.jpg,7,STR,672,7,0,-1,,,,
/content/Dataset/LYM/LYM-NHNYRKPM.jpg,3,LYM,673,3,0,-1,,,,
/content/Dataset/MUC/MUC-ANTMGPTQ.jpg,4,MUC,674,4,0,-1,,,,
/content/Dataset/BACK/BACK-NSSAFMFM.jpg,1,BACK,675,1,0,-1,,,,
/content/Dataset/TUM/TUM-VTLTDKKV.jpg,8,TUM,676,8,0,-1,,,,
/content/Dataset/LYM/LYM-HGCCCAAR.jpg,3,LYM,677,3,0,-1,,,,
/content/Dataset/NORM/NORM-WNSCFKQY.jpg,6,NORM,678,6,0,-1,,,,
/content/Dataset/LYM/LYM-QFDCFGWD.jpg,3,LYM,679,3,0,-1,,,,
/content/Dataset/LYM/LYM-VGNVIMEH.jpg,3,LYM,680,3,0,-1,,,,
/content/Dataset/LYM/LYM-RFMLGWAC.jpg,3,LYM,681,3,0,-1,,,,
/content/Dataset/MUS/MUS-NWHDCSPY.jpg,5,MUS,682,5,0,-1,,,,
/content/Dataset/MUC/MUC-NSGSGEAY.jpg,4,MUC,683,4,0,-1,,,,
/content/Dataset/DEB/DEB-WTHQRKTM.jpg,2,DEB,684,2,0,-1,,,,
/content/Dataset/STR/STR-WIIRRTRN.jpg,7,STR,685,7,0,-1,,,,
/content/Dataset/TUM/TUM-SLELTYMY.jpg,8,TUM,686,8,0,-1,,,,
/content/Dataset/BACK/BACK-AEYSKQIR.jpg,1,BACK,687,1,0,-1,,,,
/content/Dataset/ADI/ADI-GFANEQFA.jpg,0,ADI,688,0,0,-1,,,,
/content/Dataset/STR/STR-VNKIIGWI.jpg,7,STR,689,7,0,-1,,,,
/content/Dataset/MUC/MUC-QSFTFCAY.jpg,4,MUC,690,4,0,-1,,,,
/content/Dataset/LYM/LYM-AFYMIGTP.jpg,3,LYM,691,3,0,-1,,,,
/content/Dataset/MUS/MUS-NQSAINMW.jpg,5,MUS,692,5,0,-1,,,,
/content/Dataset/MUC/MUC-SHKTHNHL.jpg,4,MUC,693,4,0,-1,,,,
/content/Dataset/ADI/ADI-GRSTLIFV.jpg,0,ADI,694,0,0,-1,,,,
/content/Dataset/STR/STR-VFNSLNQF.jpg,7,STR,695,7,0,-1,,,,
/content/Dataset/NORM/NORM-TKSMLGQN.jpg,6,NORM,696,6,0,-1,,,,
/content/Dataset/TUM/TUM-TPNRTDQG.jpg,8,TUM,697,8,0,-1,,,,
/content/Dataset/TUM/TUM-SNGSRHKI.jpg,8,TUM,698,8,0,-1,,,,
/content/Dataset/TUM/TUM-TFNYGWWD.jpg,8,TUM,699,8,0,-1,,,,
/content/Dataset/DEB/DEB-YYNCYRAL.jpg,2,DEB,700,2,0,-1,,,,
/content/Dataset/NORM/NORM-TPWHLWME.jpg,6,NORM,701,6,0,-1,,,,
/content/Dataset/TUM/TUM-WGWIIYNQ.jpg,8,TUM,702,8,0,-1,,,,
/content/Dataset/DEB/DEB-TSEPSQGI.jpg,2,DEB,703,2,0,-1,,,,
/content/Dataset/MUS/MUS-RGYRLRLA.jpg,5,MUS,704,5,0,-1,,,,
/content/Dataset/ADI/ADI-CLIVPHIV.jpg,0,ADI,705,0,0,-1,,,,
/content/Dataset/STR/STR-PTPACGMM.jpg,7,STR,706,7,0,-1,,,,
/content/Dataset/ADI/ADI-HHKKGEHC.jpg,0,ADI,707,0,0,-1,,,,
/content/Dataset/STR/STR-VRVELFTW.jpg,7,STR,708,7,0,-1,,,,
/content/Dataset/ADI/ADI-EEWDVYDF.jpg,0,ADI,709,0,0,-1,,,,
/content/Dataset/BACK/BACK-HAQQGRSW.jpg,1,BACK,710,1,0,-1,,,,
/content/Dataset/ADI/ADI-IQIWPERM.jpg,0,ADI,711,0,0,-1,,,,
/content/Dataset/TUM/TUM-SNGKVFES.jpg,8,TUM,712,8,0,-1,,,,
/content/Dataset/STR/STR-NEAACNKT.jpg,7,STR,713,7,0,-1,,,,
/content/Dataset/STR/STR-SRRDCIDW.jpg,7,STR,714,7,0,-1,,,,
/content/Dataset/MUS/MUS-PPRIMFSV.jpg,5,MUS,715,5,0,-1,,,,
/content/Dataset/TUM/TUM-RSFMNECT.jpg,8,TUM,716,8,0,-1,,,,
/content/Dataset/DEB/DEB-RNKAAANK.jpg,2,DEB,717,2,0,-1,,,,
/content/Dataset/MUC/MUC-PFWLAAPT.jpg,4,MUC,718,4,0,-1,,,,
/content/Dataset/BACK/BACK-IRQEWSKR.jpg,1,BACK,719,1,0,-1,,,,
/content/Dataset/BACK/BACK-MPSWNTQE.jpg,1,BACK,720,1,0,-1,,,,
/content/Dataset/MUS/MUS-RCMGFESN.jpg,5,MUS,721,5,0,-1,,,,
/content/Dataset/STR/STR-WVTRVEMA.jpg,7,STR,722,7,0,-1,,,,
/content/Dataset/MUS/MUS-CLPMSQSG.jpg,5,MUS,723,5,0,-1,,,,
/content/Dataset/BACK/BACK-LLWKFGNS.jpg,1,BACK,724,1,0,-1,,,,
/content/Dataset/ADI/ADI-GSFPMVNI.jpg,0,ADI,725,0,0,-1,,,,
/content/Dataset/MUS/MUS-RLGKLSKI.jpg,5,MUS,726,5,0,-1,,,,
/content/Dataset/ADI/ADI-DLFIVSAY.jpg,0,ADI,727,0,0,-1,,,,
/content/Dataset/DEB/DEB-PAEHIYHV.jpg,2,DEB,728,2,0,-1,,,,
/content/Dataset/MUC/MUC-WGEQQKVC.jpg,4,MUC,729,4,0,-1,,,,
/content/Dataset/MUS/MUS-AKPIRNIE.jpg,5,MUS,730,5,0,-1,,,,
/content/Dataset/STR/STR-SYTEKWWV.jpg,7,STR,731,7,0,-1,,,,
/content/Dataset/MUC/MUC-DRAQYDIG.jpg,4,MUC,732,4,0,-1,,,,
/content/Dataset/TUM/TUM-VRKYMYQE.jpg,8,TUM,733,8,0,-1,,,,
/content/Dataset/STR/STR-PNVADKMH.jpg,7,STR,734,7,0,-1,,,,
/content/Dataset/ADI/ADI-EAMVMLIC.jpg,0,ADI,735,0,0,-1,,,,
/content/Dataset/NORM/NORM-SGHDKMNA.jpg,6,NORM,736,6,0,-1,,,,
/content/Dataset/ADI/ADI-ECWDGSLV.jpg,0,ADI,737,0,0,-1,,,,
/content/Dataset/MUC/MUC-CASFTQEY.jpg,4,MUC,738,4,0,-1,,,,
/content/Dataset/LYM/LYM-YMAGYIII.jpg,3,LYM,739,3,0,-1,,,,
/content/Dataset/LYM/LYM-QDPGMQIY.jpg,3,LYM,740,3,0,-1,,,,
/content/Dataset/STR/STR-YCVFGRWN.jpg,7,STR,741,7,0,-1,,,,
/content/Dataset/DEB/DEB-WILATVPR.jpg,2,DEB,742,2,0,-1,,,,
/content/Dataset/NORM/NORM-SQCMFKNR.jpg,6,NORM,743,6,0,-1,,,,
/content/Dataset/MUC/MUC-QFTGELQT.jpg,4,MUC,744,4,0,-1,,,,
/content/Dataset/DEB/DEB-TQAVVTIF.jpg,2,DEB,745,2,0,-1,,,,
/content/Dataset/BACK/BACK-NFVHTWIM.jpg,1,BACK,746,1,0,-1,,,,
/content/Dataset/TUM/TUM-RANHIGDE.jpg,8,TUM,747,8,0,-1,,,,
/content/Dataset/ADI/ADI-GRQQENYS.jpg,0,ADI,748,0,0,-1,,,,
/content/Dataset/MUS/MUS-QMGWTEEG.jpg,5,MUS,749,5,0,-1,,,,
/content/Dataset/BACK/BACK-GFHACKGI.jpg,1,BACK,750,1,0,-1,,,,
/content/Dataset/STR/STR-VNFMPRSV.jpg,7,STR,751,7,0,-1,,,,
/content/Dataset/MUS/MUS-ANYFASLI.jpg,5,MUS,752,5,0,-1,,,,
/content/Dataset/NORM/NORM-RIVQRANW.jpg,6,NORM,753,6,0,-1,,,,
/content/Dataset/ADI/ADI-DWPFVQQK.jpg,0,ADI,754,0,0,-1,,,,
/content/Dataset/BACK/BACK-IKMDANEA.jpg,1,BACK,755,1,0,-1,,,,
/content/Dataset/STR/STR-RNWICDGM.jpg,7,STR,756,7,0,-1,,,,
/content/Dataset/NORM/NORM-QHGIQHWR.jpg,6,NORM,757,6,0,-1,,,,
/content/Dataset/ADI/ADI-CMIEAPWQ.jpg,0,ADI,758,0,0,-1,,,,
/content/Dataset/BACK/BACK-KCKHANWI.jpg,1,BACK,759,1,0,-1,,,,
/content/Dataset/NORM/NORM-SWYTGQKQ.jpg,6,NORM,760,6,0,-1,,,,
/content/Dataset/STR/STR-PHVTQAQD.jpg,7,STR,761,7,0,-1,,,,
/content/Dataset/BACK/BACK-NNQFWQDE.jpg,1,BACK,762,1,0,-1,,,,
/content/Dataset/TUM/TUM-YVMFGAKK.jpg,8,TUM,763,8,0,-1,,,,
/content/Dataset/BACK/BACK-EHLCYQGT.jpg,1,BACK,764,1,0,-1,,,,
/content/Dataset/MUC/MUC-PVDDRWSQ.jpg,4,MUC,765,4,0,-1,,,,
/content/Dataset/MUS/MUS-RLQAYGIK.jpg,5,MUS,766,5,0,-1,,,,
/content/Dataset/LYM/LYM-VHAHNGRC.jpg,3,LYM,767,3,0,-1,,,,
/content/Dataset/TUM/TUM-RMLQTLES.jpg,8,TUM,768,8,0,-1,,,,
/content/Dataset/ADI/ADI-KIMIHACV.jpg,0,ADI,769,0,0,-1,,,,
/content/Dataset/MUS/MUS-STGARWYW.jpg,5,MUS,770,5,0,-1,,,,
/content/Dataset/DEB/DEB-TIKPFPLC.jpg,2,DEB,771,2,0,-1,,,,
/content/Dataset/TUM/TUM-VSWWRWIW.jpg,8,TUM,772,8,0,-1,,,,
/content/Dataset/MUS/MUS-VLDTGGHG.jpg,5,MUS,773,5,0,-1,,,,
/content/Dataset/DEB/DEB-VATTWDEI.jpg,2,DEB,774,2,0,-1,,,,
/content/Dataset/MUC/MUC-WWKYLGSV.jpg,4,MUC,775,4,0,-1,,,,
/content/Dataset/BACK/BACK-LREQWLTD.jpg,1,BACK,776,1,0,-1,,,,
/content/Dataset/MUC/MUC-YNDMWHKQ.jpg,4,MUC,777,4,0,-1,,,,
/content/Dataset/ADI/ADI-CFEGDVAQ.jpg,0,ADI,778,0,0,-1,,,,
/content/Dataset/MUC/MUC-SIMVHWCA.jpg,4,MUC,779,4,0,-1,,,,
/content/Dataset/STR/STR-ACKCVDHQ.jpg,7,STR,780,7,0,-1,,,,
/content/Dataset/MUS/MUS-VFSCEKNH.jpg,5,MUS,781,5,0,-1,,,,
/content/Dataset/STR/STR-SYMYRGEC.jpg,7,STR,782,7,0,-1,,,,
/content/Dataset/TUM/TUM-QFCDYKWH.jpg,8,TUM,783,8,0,-1,,,,
/content/Dataset/TUM/TUM-TFGMDVIK.jpg,8,TUM,784,8,0,-1,,,,
/content/Dataset/BACK/BACK-KANFYHTL.jpg,1,BACK,785,1,0,-1,,,,
/content/Dataset/NORM/NORM-ALKSHHWH.jpg,6,NORM,786,6,0,-1,,,,
/content/Dataset/BACK/BACK-KEHEYYWE.jpg,1,BACK,787,1,0,-1,,,,
/content/Dataset/STR/STR-SPVTSSMH.jpg,7,STR,788,7,0,-1,,,,
/content/Dataset/ADI/ADI-GESSGEHK.jpg,0,ADI,789,0,0,-1,,,,
/content/Dataset/BACK/BACK-IHCSTHGG.jpg,1,BACK,790,1,0,-1,,,,
/content/Dataset/NORM/NORM-QESGPDIH.jpg,6,NORM,791,6,0,-1,,,,
/content/Dataset/TUM/TUM-QCWFNVLH.jpg,8,TUM,792,8,0,-1,,,,
/content/Dataset/NORM/NORM-VKITTWPQ.jpg,6,NORM,793,6,0,-1,,,,
/content/Dataset/MUC/MUC-QENTGGET.jpg,4,MUC,794,4,0,-1,,,,
/content/Dataset/MUC/MUC-KQATGFKE.jpg,4,MUC,795,4,0,-1,,,,
/content/Dataset/STR/STR-SHPPICKF.jpg,7,STR,796,7,0,-1,,,,
/content/Dataset/BACK/BACK-KPLNCLTM.jpg,1,BACK,797,1,0,-1,,,,
/content/Dataset/NORM/NORM-TIIYDRRA.jpg,6,NORM,798,6,0,-1,,,,
/content/Dataset/NORM/NORM-WWRRMAYH.jpg,6,NORM,799,6,0,-1,,,,
/content/Dataset/TUM/TUM-VHTVQIVQ.jpg,8,TUM,800,8,0,-1,,,,
/content/Dataset/STR/STR-SKKARKMR.jpg,7,STR,801,7,0,-1,,,,
/content/Dataset/NORM/NORM-PQCGSSYP.jpg,6,NORM,802,6,0,-1,,,,
/content/Dataset/TUM/TUM-WVFIYLIR.jpg,8,TUM,803,8,0,-1,,,,
/content/Dataset/LYM/LYM-CILNIHSF.jpg,3,LYM,804,3,0,-1,,,,
/content/Dataset/LYM/LYM-TPNSNIAK.jpg,3,LYM,805,3,0,-1,,,,
/content/Dataset/LYM/LYM-YQCDKHDV.jpg,3,LYM,806,3,0,-1,,,,
/content/Dataset/NORM/NORM-RSVMWQRT.jpg,6,NORM,807,6,0,-1,,,,
/content/Dataset/LYM/LYM-VKMAYHVK.jpg,3,LYM,808,3,0,-1,,,,
/content/Dataset/MUC/MUC-VKGAWFYV.jpg,4,MUC,809,4,0,-1,,,,
/content/Dataset/BACK/BACK-MHVSFCST.jpg,1,BACK,810,1,0,-1,,,,
/content/Dataset/LYM/LYM-VCFNPFRY.jpg,3,LYM,811,3,0,-1,,,,
/content/Dataset/MUS/MUS-RWVMWYVH.jpg,5,MUS,812,5,0,-1,,,,
/content/Dataset/DEB/DEB-TRTHMQFH.jpg,2,DEB,813,2,0,-1,,,,
/content/Dataset/ADI/ADI-GCMMTYSV.jpg,0,ADI,814,0,0,-1,,,,
/content/Dataset/TUM/TUM-AAKQKVAS.jpg,8,TUM,815,8,0,-1,,,,
/content/Dataset/DEB/DEB-PVETTKYW.jpg,2,DEB,816,2,0,-1,,,,
/content/Dataset/DEB/DEB-WGGLGHPD.jpg,2,DEB,817,2,0,-1,,,,
/content/Dataset/MUS/MUS-VIWYKHAE.jpg,5,MUS,818,5,0,-1,,,,
/content/Dataset/STR/STR-WILRYVME.jpg,7,STR,819,7,0,-1,,,,
/content/Dataset/BACK/BACK-KTQSYLSF.jpg,1,BACK,820,1,0,-1,,,,
/content/Dataset/MUC/MUC-AMMNDPPL.jpg,4,MUC,821,4,0,-1,,,,
/content/Dataset/MUC/MUC-TWGHWTGR.jpg,4,MUC,822,4,0,-1,,,,
/content/Dataset/STR/STR-SSIWEVVF.jpg,7,STR,823,7,0,-1,,,,
/content/Dataset/BACK/BACK-IFSFLPKR.jpg,1,BACK,824,1,0,-1,,,,
/content/Dataset/BACK/BACK-LWFSTCEV.jpg,1,BACK,825,1,0,-1,,,,
/content/Dataset/TUM/TUM-QMQNAMGH.jpg,8,TUM,826,8,0,-1,,,,
/content/Dataset/NORM/NORM-TWWLVWFV.jpg,6,NORM,827,6,0,-1,,,,
/content/Dataset/BACK/BACK-HTWDVNEQ.jpg,1,BACK,828,1,0,-1,,,,
/content/Dataset/DEB/DEB-TIPELLSM.jpg,2,DEB,829,2,0,-1,,,,
/content/Dataset/MUC/MUC-SAFSKWTT.jpg,4,MUC,830,4,0,-1,,,,
/content/Dataset/NORM/NORM-TTEEYIIW.jpg,6,NORM,831,6,0,-1,,,,
/content/Dataset/MUC/MUC-YHVHTAAS.jpg,4,MUC,832,4,0,-1,,,,
/content/Dataset/TUM/TUM-SCAFWLYQ.jpg,8,TUM,833,8,0,-1,,,,
/content/Dataset/DEB/DEB-TAANKIMQ.jpg,2,DEB,834,2,0,-1,,,,
/content/Dataset/BACK/BACK-PESIKIKQ.jpg,1,BACK,835,1,0,-1,,,,
/content/Dataset/BACK/BACK-NTEQAWHT.jpg,1,BACK,836,1,0,-1,,,,
/content/Dataset/MUS/MUS-QVCHNRLV.jpg,5,MUS,837,5,0,-1,,,,
/content/Dataset/TUM/TUM-WMTNENCK.jpg,8,TUM,838,8,0,-1,,,,
/content/Dataset/MUC/MUC-QDQTTIVQ.jpg,4,MUC,839,4,0,-1,,,,
/content/Dataset/DEB/DEB-VKIPIGQQ.jpg,2,DEB,840,2,0,-1,,,,
/content/Dataset/NORM/NORM-YQDTWDWT.jpg,6,NORM,841,6,0,-1,,,,
/content/Dataset/NORM/NORM-QVISEPDL.jpg,6,NORM,842,6,0,-1,,,,
/content/Dataset/STR/STR-PANLDKPF.jpg,7,STR,843,7,0,-1,,,,
/content/Dataset/MUS/MUS-QWPCIFIA.jpg,5,MUS,844,5,0,-1,,,,
/content/Dataset/MUS/MUS-VGTAWETR.jpg,5,MUS,845,5,0,-1,,,,
/content/Dataset/STR/STR-PCEFKEGA.jpg,7,STR,846,7,0,-1,,,,
/content/Dataset/NORM/NORM-RKDQRELV.jpg,6,NORM,847,6,0,-1,,,,
/content/Dataset/MUS/MUS-PWCIMWEP.jpg,5,MUS,848,5,0,-1,,,,
/content/Dataset/TUM/TUM-SLYAIFDH.jpg,8,TUM,849,8,0,-1,,,,
/content/Dataset/DEB/DEB-QWRKDEGF.jpg,2,DEB,850,2,0,-1,,,,
/content/Dataset/LYM/LYM-NGSLHMIY.jpg,3,LYM,851,3,0,-1,,,,
/content/Dataset/MUC/MUC-AYNVYEDV.jpg,4,MUC,852,4,0,-1,,,,
/content/Dataset/STR/STR-WSHPGVVW.jpg,7,STR,853,7,0,-1,,,,
/content/Dataset/MUC/MUC-CIYVDVMA.jpg,4,MUC,854,4,0,-1,,,,
/content/Dataset/MUS/MUS-PHGKSHMM.jpg,5,MUS,855,5,0,-1,,,,
/content/Dataset/BACK/BACK-ICQSDFGL.jpg,1,BACK,856,1,0,-1,,,,
/content/Dataset/STR/STR-WIWYLQAI.jpg,7,STR,857,7,0,-1,,,,
/content/Dataset/MUS/MUS-PTYLWGVL.jpg,5,MUS,858,5,0,-1,,,,
/content/Dataset/MUS/MUS-PYLHKNGL.jpg,5,MUS,859,5,0,-1,,,,
/content/Dataset/STR/STR-RDLCQMIN.jpg,7,STR,860,7,0,-1,,,,
/content/Dataset/ADI/ADI-KFPFPGKN.jpg,0,ADI,861,0,0,-1,,,,
/content/Dataset/TUM/TUM-RRMVTCWW.jpg,8,TUM,862,8,0,-1,,,,
/content/Dataset/BACK/BACK-DDCYPNYQ.jpg,1,BACK,863,1,0,-1,,,,
/content/Dataset/STR/STR-YIYNSNYA.jpg,7,STR,864,7,0,-1,,,,
/content/Dataset/LYM/LYM-PSFMRWWE.jpg,3,LYM,865,3,0,-1,,,,
/content/Dataset/NORM/NORM-VRQPTMQC.jpg,6,NORM,866,6,0,-1,,,,
/content/Dataset/BACK/BACK-LHTMENIK.jpg,1,BACK,867,1,0,-1,,,,
/content/Dataset/MUC/MUC-RHYTCHYM.jpg,4,MUC,868,4,0,-1,,,,
/content/Dataset/DEB/DEB-TPVPFPSV.jpg,2,DEB,869,2,0,-1,,,,
/content/Dataset/NORM/NORM-NMRPWHGW.jpg,6,NORM,870,6,0,-1,,,,
/content/Dataset/MUC/MUC-AGNDLDRV.jpg,4,MUC,871,4,0,-1,,,,
/content/Dataset/DEB/DEB-RTPTTHFP.jpg,2,DEB,872,2,0,-1,,,,
/content/Dataset/BACK/BACK-PDYQALEM.jpg,1,BACK,873,1,0,-1,,,,
/content/Dataset/LYM/LYM-RPSYYCPQ.jpg,3,LYM,874,3,0,-1,,,,
/content/Dataset/DEB/DEB-QGCYKFWG.jpg,2,DEB,875,2,0,-1,,,,
/content/Dataset/STR/STR-TSKTYSSK.jpg,7,STR,876,7,0,-1,,,,
/content/Dataset/NORM/NORM-PMIAPPQM.jpg,6,NORM,877,6,0,-1,,,,
/content/Dataset/BACK/BACK-PCMFWICY.jpg,1,BACK,878,1,0,-1,,,,
/content/Dataset/MUC/MUC-FWIYCKHH.jpg,4,MUC,879,4,0,-1,,,,
/content/Dataset/ADI/ADI-FYKLMYKC.jpg,0,ADI,880,0,0,-1,,,,
/content/Dataset/MUS/MUS-RPTHRIAS.jpg,5,MUS,881,5,0,-1,,,,
/content/Dataset/STR/STR-WNNSCPAC.jpg,7,STR,882,7,0,-1,,,,
/content/Dataset/DEB/DEB-VPHTECLQ.jpg,2,DEB,883,2,0,-1,,,,
/content/Dataset/MUS/MUS-RVHKPVSQ.jpg,5,MUS,884,5,0,-1,,,,
/content/Dataset/STR/STR-VQLRVSQK.jpg,7,STR,885,7,0,-1,,,,
/content/Dataset/BACK/BACK-IYRFCWVD.jpg,1,BACK,886,1,0,-1,,,,
/content/Dataset/MUC/MUC-WHGHWEYI.jpg,4,MUC,887,4,0,-1,,,,
/content/Dataset/MUS/MUS-AKEFECWS.jpg,5,MUS,888,5,0,-1,,,,
/content/Dataset/STR/STR-YNCEQKPA.jpg,7,STR,889,7,0,-1,,,,
/content/Dataset/BACK/BACK-KSSKFQLK.jpg,1,BACK,890,1,0,-1,,,,
/content/Dataset/STR/STR-VPDPLNFR.jpg,7,STR,891,7,0,-1,,,,
/content/Dataset/TUM/TUM-RDFQQACD.jpg,8,TUM,892,8,0,-1,,,,
/content/Dataset/MUS/MUS-RRKMLVHL.jpg,5,MUS,893,5,0,-1,,,,
/content/Dataset/MUC/MUC-CAVRIVIQ.jpg,4,MUC,894,4,0,-1,,,,
/content/Dataset/STR/STR-WKYWCSKF.jpg,7,STR,895,7,0,-1,,,,
/content/Dataset/BACK/BACK-IDLMMIDG.jpg,1,BACK,896,1,0,-1,,,,
/content/Dataset/NORM/NORM-PIASLEII.jpg,6,NORM,897,6,0,-1,,,,
/content/Dataset/MUS/MUS-SCIWCDQF.jpg,5,MUS,898,5,0,-1,,,,
/content/Dataset/BACK/BACK-CDAEAMMG.jpg,1,BACK,899,1,0,-1,,,,
/content/Dataset/TUM/TUM-VYEADYTS.jpg,8,TUM,900,8,0,-1,,,,
/content/Dataset/MUS/MUS-RAQLEPTN.jpg,5,MUS,901,5,0,-1,,,,
/content/Dataset/LYM/LYM-TEIAENDP.jpg,3,LYM,902,3,0,-1,,,,
/content/Dataset/MUC/MUC-VQPEPGFP.jpg,4,MUC,903,4,0,-1,,,,
/content/Dataset/DEB/DEB-QWLMEHSS.jpg,2,DEB,904,2,0,-1,,,,
/content/Dataset/ADI/ADI-GSFGEEYI.jpg,0,ADI,905,0,0,-1,,,,
/content/Dataset/ADI/ADI-DPTHCCVM.jpg,0,ADI,906,0,0,-1,,,,
/content/Dataset/TUM/TUM-WFWFARFN.jpg,8,TUM,907,8,0,-1,,,,
/content/Dataset/MUC/MUC-GDKEEYRH.jpg,4,MUC,908,4,0,-1,,,,
/content/Dataset/ADI/ADI-HCYNLMES.jpg,0,ADI,909,0,0,-1,,,,
/content/Dataset/LYM/LYM-KYPGARIT.jpg,3,LYM,910,3,0,-1,,,,
/content/Dataset/NORM/NORM-QRNCNIMG.jpg,6,NORM,911,6,0,-1,,,,
/content/Dataset/MUC/MUC-NQNFLGVY.jpg,4,MUC,912,4,0,-1,,,,
/content/Dataset/LYM/LYM-SPWAFSGA.jpg,3,LYM,913,3,0,-1,,,,
/content/Dataset/NORM/NORM-MDNEVQPL.jpg,6,NORM,914,6,0,-1,,,,
/content/Dataset/NORM/NORM-RWITSMLQ.jpg,6,NORM,915,6,0,-1,,,,
/content/Dataset/ADI/ADI-ESIADPID.jpg,0,ADI,916,0,0,-1,,,,
/content/Dataset/STR/STR-YDVANGCC.jpg,7,STR,917,7,0,-1,,,,
/content/Dataset/STR/STR-QANAHSVW.jpg,7,STR,918,7,0,-1,,,,
/content/Dataset/ADI/ADI-FTWMGMYL.jpg,0,ADI,919,0,0,-1,,,,
/content/Dataset/TUM/TUM-QQYRRCIC.jpg,8,TUM,920,8,0,-1,,,,
/content/Dataset/NORM/NORM-LTIEPFTF.jpg,6,NORM,921,6,0,-1,,,,
/content/Dataset/MUS/MUS-QYYDMDDS.jpg,5,MUS,922,5,0,-1,,,,
/content/Dataset/MUS/MUS-RFKPPPPT.jpg,5,MUS,923,5,0,-1,,,,
/content/Dataset/MUC/MUC-TEHSMDWY.jpg,4,MUC,924,4,0,-1,,,,
/content/Dataset/ADI/ADI-EAFKDLYV.jpg,0,ADI,925,0,0,-1,,,,
/content/Dataset/MUS/MUS-VIADCFWM.jpg,5,MUS,926,5,0,-1,,,,
/content/Dataset/TUM/TUM-TAWMPVPA.jpg,8,TUM,927,8,0,-1,,,,
/content/Dataset/BACK/BACK-LAPRGDYF.jpg,1,BACK,928,1,0,-1,,,,
/content/Dataset/BACK/BACK-NTKNYTWI.jpg,1,BACK,929,1,0,-1,,,,
/content/Dataset/TUM/TUM-RWGHLWEV.jpg,8,TUM,930,8,0,-1,,,,
/content/Dataset/ADI/ADI-DEDLANKA.jpg,0,ADI,931,0,0,-1,,,,
/content/Dataset/NORM/NORM-PVLQCFLA.jpg,6,NORM,932,6,0,-1,,,,
/content/Dataset/LYM/LYM-RDNDAIMK.jpg,3,LYM,933,3,0,-1,,,,
/content/Dataset/LYM/LYM-PMTVEVMT.jpg,3,LYM,934,3,0,-1,,,,
/content/Dataset/TUM/TUM-RHQALWKD.jpg,8,TUM,935,8,0,-1,,,,
/content/Dataset/MUS/MUS-RFANVRKD.jpg,5,MUS,936,5,0,-1,,,,
/content/Dataset/TUM/TUM-YAAWENMM.jpg,8,TUM,937,8,0,-1,,,,
/content/Dataset/MUS/MUS-APETDSFS.jpg,5,MUS,938,5,0,-1,,,,
/content/Dataset/STR/STR-TMGHGDFA.jpg,7,STR,939,7,0,-1,,,,
/content/Dataset/LYM/LYM-NWFTKAED.jpg,3,LYM,940,3,0,-1,,,,
/content/Dataset/MUS/MUS-PHCDPQVH.jpg,5,MUS,941,5,0,-1,,,,
/content/Dataset/LYM/LYM-PIIIWNMC.jpg,3,LYM,942,3,0,-1,,,,
/content/Dataset/NORM/NORM-VLFLVRPQ.jpg,6,NORM,943,6,0,-1,,,,
/content/Dataset/MUC/MUC-TPNELEEH.jpg,4,MUC,944,4,0,-1,,,,
/content/Dataset/MUS/MUS-PVEHAVFT.jpg,5,MUS,945,5,0,-1,,,,
/content/Dataset/BACK/BACK-CWLWRRDP.jpg,1,BACK,946,1,0,-1,,,,
/content/Dataset/MUC/MUC-YSAWHLAG.jpg,4,MUC,947,4,0,-1,,,,
/content/Dataset/TUM/TUM-VDEIIEIM.jpg,8,TUM,948,8,0,-1,,,,
/content/Dataset/LYM/LYM-PPCQNWDM.jpg,3,LYM,949,3,0,-1,,,,
/content/Dataset/MUS/MUS-QHLFEAAP.jpg,5,MUS,950,5,0,-1,,,,
/content/Dataset/TUM/TUM-YATFPWYW.jpg,8,TUM,951,8,0,-1,,,,
/content/Dataset/DEB/DEB-VHPCTRIL.jpg,2,DEB,952,2,0,-1,,,,
/content/Dataset/TUM/TUM-TIPMFLKG.jpg,8,TUM,953,8,0,-1,,,,
/content/Dataset/NORM/NORM-NQGLHQYK.jpg,6,NORM,954,6,0,-1,,,,
/content/Dataset/BACK/BACK-KWMHGVKE.jpg,1,BACK,955,1,0,-1,,,,
/content/Dataset/TUM/TUM-TPVVAVEH.jpg,8,TUM,956,8,0,-1,,,,
/content/Dataset/TUM/TUM-VSEPPRGL.jpg,8,TUM,957,8,0,-1,,,,
/content/Dataset/TUM/TUM-YQGYVKWP.jpg,8,TUM,958,8,0,-1,,,,
/content/Dataset/DEB/DEB-WFMFPGVW.jpg,2,DEB,959,2,0,-1,,,,
/content/Dataset/MUC/MUC-ATPEERMM.jpg,4,MUC,960,4,0,-1,,,,
/content/Dataset/LYM/LYM-MWWRQGIF.jpg,3,LYM,961,3,0,-1,,,,
/content/Dataset/LYM/LYM-TAEWLYIM.jpg,3,LYM,962,3,0,-1,,,,
/content/Dataset/MUC/MUC-PDQQFTVH.jpg,4,MUC,963,4,0,-1,,,,
/content/Dataset/MUC/MUC-VEERSFSY.jpg,4,MUC,964,4,0,-1,,,,
/content/Dataset/BACK/BACK-MICKWAHI.jpg,1,BACK,965,1,0,-1,,,,
/content/Dataset/BACK/BACK-MLISHDSA.jpg,1,BACK,966,1,0,-1,,,,
/content/Dataset/MUC/MUC-RYVDMEWE.jpg,4,MUC,967,4,0,-1,,,,
/content/Dataset/NORM/NORM-YGGFCMGF.jpg,6,NORM,968,6,0,-1,,,,
/content/Dataset/BACK/BACK-LWNFWHQL.jpg,1,BACK,969,1,0,-1,,,,
/content/Dataset/ADI/ADI-IPCCRPWS.jpg,0,ADI,970,0,0,-1,,,,
/content/Dataset/BACK/BACK-HHEFPHCW.jpg,1,BACK,971,1,0,-1,,,,
/content/Dataset/MUS/MUS-TAFIPVFQ.jpg,5,MUS,972,5,0,-1,,,,
/content/Dataset/DEB/DEB-VASSENFM.jpg,2,DEB,973,2,0,-1,,,,
/content/Dataset/STR/STR-NNPQSWMS.jpg,7,STR,974,7,0,-1,,,,
/content/Dataset/ADI/ADI-INMTHMKL.jpg,0,ADI,975,0,0,-1,,,,
/content/Dataset/BACK/BACK-LLKITQSH.jpg,1,BACK,976,1,0,-1,,,,
/content/Dataset/STR/STR-YEIADRKP.jpg,7,STR,977,7,0,-1,,,,
/content/Dataset/STR/STR-PINAYMPQ.jpg,7,STR,978,7,0,-1,,,,
/content/Dataset/DEB/DEB-WIISQFKW.jpg,2,DEB,979,2,0,-1,,,,
/content/Dataset/TUM/TUM-YSESGTLP.jpg,8,TUM,980,8,0,-1,,,,
/content/Dataset/TUM/TUM-VGKSWYLF.jpg,8,TUM,981,8,0,-1,,,,
/content/Dataset/TUM/TUM-WLMYPSTG.jpg,8,TUM,982,8,0,-1,,,,
/content/Dataset/TUM/TUM-RAKLYFWF.jpg,8,TUM,983,8,0,-1,,,,
/content/Dataset/ADI/ADI-FLHGACRS.jpg,0,ADI,984,0,0,-1,,,,
/content/Dataset/MUS/MUS-RELDDMTA.jpg,5,MUS,985,5,0,-1,,,,
/content/Dataset/BACK/BACK-GKSAGLCA.jpg,1,BACK,986,1,0,-1,,,,
/content/Dataset/LYM/LYM-SMYNGFGW.jpg,3,LYM,987,3,0,-1,,,,
/content/Dataset/STR/STR-YRVIHCEI.jpg,7,STR,988,7,0,-1,,,,
/content/Dataset/DEB/DEB-SYTRRFAH.jpg,2,DEB,989,2,0,-1,,,,
/content/Dataset/NORM/NORM-AKNTRPRK.jpg,6,NORM,990,6,0,-1,,,,
/content/Dataset/NORM/NORM-VSPVHMVT.jpg,6,NORM,991,6,0,-1,,,,
/content/Dataset/LYM/LYM-TAKLDKKT.jpg,3,LYM,992,3,0,-1,,,,
/content/Dataset/ADI/ADI-EACLCKTG.jpg,0,ADI,993,0,0,-1,,,,
/content/Dataset/MUC/MUC-TPRYEMCT.jpg,4,MUC,994,4,0,-1,,,,
/content/Dataset/NORM/NORM-TCKKLVHF.jpg,6,NORM,995,6,0,-1,,,,
/content/Dataset/NORM/NORM-MWFIAVCK.jpg,6,NORM,996,6,0,-1,,,,
/content/Dataset/MUS/MUS-RRTRFSSY.jpg,5,MUS,997,5,0,-1,,,,
/content/Dataset/MUC/MUC-WFAFKMLD.jpg,4,MUC,998,4,0,-1,,,,
/content/Dataset/BACK/BACK-FDFTPSDI.jpg,1,BACK,999,1,0,-1,,,,
/content/Dataset/TUM/TUM-SWLGQRYS.jpg,8,TUM,1000,8,0,-1,,,,
/content/Dataset/STR/STR-SNSYNGVM.jpg,7,STR,1001,7,0,-1,,,,
/content/Dataset/LYM/LYM-PRCISLCV.jpg,3,LYM,1002,3,0,-1,,,,
/content/Dataset/LYM/LYM-VGHLDHNV.jpg,3,LYM,1003,3,0,-1,,,,
/content/Dataset/MUS/MUS-AMQFPNLH.jpg,5,MUS,1004,5,0,-1,,,,
/content/Dataset/STR/STR-PRHFETTQ.jpg,7,STR,1005,7,0,-1,,,,
/content/Dataset/ADI/ADI-GWHLTCVA.jpg,0,ADI,1006,0,0,-1,,,,
/content/Dataset/STR/STR-TYSYEYQI.jpg,7,STR,1007,7,0,-1,,,,
/content/Dataset/MUC/MUC-RHSHCAKF.jpg,4,MUC,1008,4,0,-1,,,,
/content/Dataset/TUM/TUM-YDFMECPD.jpg,8,TUM,1009,8,0,-1,,,,
/content/Dataset/BACK/BACK-MHSVFPAM.jpg,1,BACK,1010,1,0,-1,,,,
/content/Dataset/NORM/NORM-PNMLVNCP.jpg,6,NORM,1011,6,0,-1,,,,
/content/Dataset/MUS/MUS-NRPYLKEY.jpg,5,MUS,1012,5,0,-1,,,,
/content/Dataset/TUM/TUM-WIGATRQE.jpg,8,TUM,1013,8,0,-1,,,,
/content/Dataset/ADI/ADI-AKHVDEEM.jpg,0,ADI,1014,0,0,-1,,,,
/content/Dataset/STR/STR-PAFWIHHL.jpg,7,STR,1015,7,0,-1,,,,
/content/Dataset/MUS/MUS-SRMNPGSS.jpg,5,MUS,1016,5,0,-1,,,,
/content/Dataset/LYM/LYM-NTRFVFHQ.jpg,3,LYM,1017,3,0,-1,,,,
/content/Dataset/NORM/NORM-SIVGIDFY.jpg,6,NORM,1018,6,0,-1,,,,
/content/Dataset/LYM/LYM-ADKWELGI.jpg,3,LYM,1019,3,0,-1,,,,
/content/Dataset/DEB/DEB-WLKIQNGM.jpg,2,DEB,1020,2,0,-1,,,,
/content/Dataset/TUM/TUM-VIIGKGSK.jpg,8,TUM,1021,8,0,-1,,,,
/content/Dataset/ADI/ADI-DCIWCWNQ.jpg,0,ADI,1022,0,0,-1,,,,
/content/Dataset/LYM/LYM-AKKDGDVV.jpg,3,LYM,1023,3,0,-1,,,,
/content/Dataset/DEB/DEB-QQFKGTAI.jpg,2,DEB,1024,2,0,-1,,,,
/content/Dataset/TUM/TUM-RPLECCPE.jpg,8,TUM,1025,8,0,-1,,,,
/content/Dataset/STR/STR-QNHFYAVA.jpg,7,STR,1026,7,0,-1,,,,
/content/Dataset/MUC/MUC-SYYEHSRN.jpg,4,MUC,1027,4,0,-1,,,,
/content/Dataset/MUS/MUS-PGQRAHMN.jpg,5,MUS,1028,5,0,-1,,,,
/content/Dataset/BACK/BACK-LLYYNNSF.jpg,1,BACK,1029,1,0,-1,,,,
/content/Dataset/TUM/TUM-SLFRFDHS.jpg,8,TUM,1030,8,0,-1,,,,
/content/Dataset/DEB/DEB-WKSGPHRS.jpg,2,DEB,1031,2,0,-1,,,,
/content/Dataset/DEB/DEB-WMIMWIRM.jpg,2,DEB,1032,2,0,-1,,,,
/content/Dataset/TUM/TUM-WNFQKMMN.jpg,8,TUM,1033,8,0,-1,,,,
/content/Dataset/MUC/MUC-ACGWRTPH.jpg,4,MUC,1034,4,0,-1,,,,
/content/Dataset/LYM/LYM-YNKWAEDE.jpg,3,LYM,1035,3,0,-1,,,,
/content/Dataset/NORM/NORM-NVAVLGWV.jpg,6,NORM,1036,6,0,-1,,,,
/content/Dataset/STR/STR-QCCTQHCG.jpg,7,STR,1037,7,0,-1,,,,
/content/Dataset/ADI/ADI-HRLKQYAP.jpg,0,ADI,1038,0,0,-1,,,,
/content/Dataset/NORM/NORM-YKLVPVRL.jpg,6,NORM,1039,6,0,-1,,,,
/content/Dataset/TUM/TUM-RAYLAPNG.jpg,8,TUM,1040,8,0,-1,,,,
/content/Dataset/ADI/ADI-ERTGFKAF.jpg,0,ADI,1041,0,0,-1,,,,
/content/Dataset/MUC/MUC-WCQRFHAI.jpg,4,MUC,1042,4,0,-1,,,,
/content/Dataset/STR/STR-YEGSIKIL.jpg,7,STR,1043,7,0,-1,,,,
/content/Dataset/DEB/DEB-VGIWQHYC.jpg,2,DEB,1044,2,0,-1,,,,
/content/Dataset/NORM/NORM-QFYYQRQM.jpg,6,NORM,1045,6,0,-1,,,,
/content/Dataset/LYM/LYM-TVRWLELY.jpg,3,LYM,1046,3,0,-1,,,,
/content/Dataset/LYM/LYM-TDFFSFNN.jpg,3,LYM,1047,3,0,-1,,,,
/content/Dataset/ADI/ADI-EQACQDMV.jpg,0,ADI,1048,0,0,-1,,,,
/content/Dataset/ADI/ADI-GHWRVLEI.jpg,0,ADI,1049,0,0,-1,,,,
/content/Dataset/STR/STR-VTMCCMPK.jpg,7,STR,1050,7,0,-1,,,,
/content/Dataset/LYM/LYM-QWVREWYL.jpg,3,LYM,1051,3,0,-1,,,,
/content/Dataset/ADI/ADI-DVDLKTGS.jpg,0,ADI,1052,0,0,-1,,,,
/content/Dataset/LYM/LYM-SQALKCLF.jpg,3,LYM,1053,3,0,-1,,,,
/content/Dataset/STR/STR-VQTESIAH.jpg,7,STR,1054,7,0,-1,,,,
/content/Dataset/DEB/DEB-NYKYEGNF.jpg,2,DEB,1055,2,0,-1,,,,
/content/Dataset/MUC/MUC-NDRVTHYH.jpg,4,MUC,1056,4,0,-1,,,,
/content/Dataset/NORM/NORM-TLEIHTTT.jpg,6,NORM,1057,6,0,-1,,,,
/content/Dataset/LYM/LYM-RPMSAKCL.jpg,3,LYM,1058,3,0,-1,,,,
/content/Dataset/DEB/DEB-VCHGHCDN.jpg,2,DEB,1059,2,0,-1,,,,
/content/Dataset/LYM/LYM-NSQIVTAR.jpg,3,LYM,1060,3,0,-1,,,,
/content/Dataset/STR/STR-QWLSGIPW.jpg,7,STR,1061,7,0,-1,,,,
/content/Dataset/MUC/MUC-QDTYMQVW.jpg,4,MUC,1062,4,0,-1,,,,
/content/Dataset/LYM/LYM-SDWAQESV.jpg,3,LYM,1063,3,0,-1,,,,
/content/Dataset/TUM/TUM-WMSKKHDQ.jpg,8,TUM,1064,8,0,-1,,,,
/content/Dataset/BACK/BACK-LMEDTMSP.jpg,1,BACK,1065,1,0,-1,,,,
/content/Dataset/MUS/MUS-QTARLHSC.jpg,5,MUS,1066,5,0,-1,,,,
/content/Dataset/TUM/TUM-WPDIHNIM.jpg,8,TUM,1067,8,0,-1,,,,
/content/Dataset/BACK/BACK-AGYGTQAS.jpg,1,BACK,1068,1,0,-1,,,,
/content/Dataset/STR/STR-MLGECRWP.jpg,7,STR,1069,7,0,-1,,,,
/content/Dataset/LYM/LYM-QYFQEWPH.jpg,3,LYM,1070,3,0,-1,,,,
/content/Dataset/ADI/ADI-CQHVYKKR.jpg,0,ADI,1071,0,0,-1,,,,
/content/Dataset/LYM/LYM-SHWHNVQW.jpg,3,LYM,1072,3,0,-1,,,,
/content/Dataset/TUM/TUM-TYCLKGEN.jpg,8,TUM,1073,8,0,-1,,,,
/content/Dataset/MUC/MUC-YIAENVFH.jpg,4,MUC,1074,4,0,-1,,,,
/content/Dataset/MUS/MUS-PMAELDVG.jpg,5,MUS,1075,5,0,-1,,,,
/content/Dataset/DEB/DEB-QMMPGASQ.jpg,2,DEB,1076,2,0,-1,,,,
/content/Dataset/TUM/TUM-RHEDPNAM.jpg,8,TUM,1077,8,0,-1,,,,
/content/Dataset/MUS/MUS-PSWHPAVP.jpg,5,MUS,1078,5,0,-1,,,,
/content/Dataset/MUC/MUC-ASRGLRCH.jpg,4,MUC,1079,4,0,-1,,,,
/content/Dataset/NORM/NORM-LVYRVGMT.jpg,6,NORM,1080,6,0,-1,,,,
/content/Dataset/ADI/ADI-ECAGAFRN.jpg,0,ADI,1081,0,0,-1,,,,
/content/Dataset/NORM/NORM-NEAHATPK.jpg,6,NORM,1082,6,0,-1,,,,
/content/Dataset/LYM/LYM-SSAYELSW.jpg,3,LYM,1083,3,0,-1,,,,
/content/Dataset/ADI/ADI-FQKFHALD.jpg,0,ADI,1084,0,0,-1,,,,
/content/Dataset/DEB/DEB-WGVWTWIM.jpg,2,DEB,1085,2,0,-1,,,,
/content/Dataset/STR/STR-STHASGCG.jpg,7,STR,1086,7,0,-1,,,,
/content/Dataset/STR/STR-PLAAMFLW.jpg,7,STR,1087,7,0,-1,,,,
/content/Dataset/DEB/DEB-YQRYIGNC.jpg,2,DEB,1088,2,0,-1,,,,
/content/Dataset/MUS/MUS-QHAVSCRY.jpg,5,MUS,1089,5,0,-1,,,,
/content/Dataset/DEB/DEB-PEGPNIHL.jpg,2,DEB,1090,2,0,-1,,,,
/content/Dataset/ADI/ADI-DFFVTRVK.jpg,0,ADI,1091,0,0,-1,,,,
/content/Dataset/LYM/LYM-NHPWDNQM.jpg,3,LYM,1092,3,0,-1,,,,
/content/Dataset/MUC/MUC-MTNSWSRI.jpg,4,MUC,1093,4,0,-1,,,,
/content/Dataset/LYM/LYM-TFIYPVRQ.jpg,3,LYM,1094,3,0,-1,,,,
/content/Dataset/LYM/LYM-SMDMCFGD.jpg,3,LYM,1095,3,0,-1,,,,
/content/Dataset/STR/STR-TGAERRKM.jpg,7,STR,1096,7,0,-1,,,,
/content/Dataset/MUS/MUS-ADPKLESA.jpg,5,MUS,1097,5,0,-1,,,,
/content/Dataset/MUC/MUC-VPQVQNMQ.jpg,4,MUC,1098,4,0,-1,,,,
/content/Dataset/STR/STR-WYTQKIEC.jpg,7,STR,1099,7,0,-1,,,,
/content/Dataset/MUC/MUC-WSYLLWYS.jpg,4,MUC,1100,4,0,-1,,,,
/content/Dataset/TUM/TUM-RGDEEEYV.jpg,8,TUM,1101,8,0,-1,,,,
/content/Dataset/MUS/MUS-SFMYNTEC.jpg,5,MUS,1102,5,0,-1,,,,
/content/Dataset/ADI/ADI-GALWYNMW.jpg,0,ADI,1103,0,0,-1,,,,
/content/Dataset/ADI/ADI-CYQVGSRF.jpg,0,ADI,1104,0,0,-1,,,,
/content/Dataset/DEB/DEB-PSEGPTNP.jpg,2,DEB,1105,2,0,-1,,,,
/content/Dataset/ADI/ADI-DFNFFAEN.jpg,0,ADI,1106,0,0,-1,,,,
/content/Dataset/BACK/BACK-IHSTKQWF.jpg,1,BACK,1107,1,0,-1,,,,
/content/Dataset/ADI/ADI-IAKMKQCI.jpg,0,ADI,1108,0,0,-1,,,,
/content/Dataset/STR/STR-TPWQYEGF.jpg,7,STR,1109,7,0,-1,,,,
/content/Dataset/TUM/TUM-TYPYIIWK.jpg,8,TUM,1110,8,0,-1,,,,
/content/Dataset/NORM/NORM-YATLGRAW.jpg,6,NORM,1111,6,0,-1,,,,
/content/Dataset/TUM/TUM-YWPTNDEK.jpg,8,TUM,1112,8,0,-1,,,,
/content/Dataset/ADI/ADI-GSVTTWFR.jpg,0,ADI,1113,0,0,-1,,,,
/content/Dataset/LYM/LYM-NFPPRFHE.jpg,3,LYM,1114,3,0,-1,,,,
/content/Dataset/MUS/MUS-VKEGRYCC.jpg,5,MUS,1115,5,0,-1,,,,
/content/Dataset/NORM/NORM-VDFVWNQY.jpg,6,NORM,1116,6,0,-1,,,,
/content/Dataset/STR/STR-TTACAAFC.jpg,7,STR,1117,7,0,-1,,,,
/content/Dataset/NORM/NORM-VCTHKTAK.jpg,6,NORM,1118,6,0,-1,,,,
/content/Dataset/BACK/BACK-MDFNMKIE.jpg,1,BACK,1119,1,0,-1,,,,
/content/Dataset/DEB/DEB-RPCAILRA.jpg,2,DEB,1120,2,0,-1,,,,
/content/Dataset/DEB/DEB-VSPVWQCY.jpg,2,DEB,1121,2,0,-1,,,,
/content/Dataset/LYM/LYM-QPTIMYWK.jpg,3,LYM,1122,3,0,-1,,,,
/content/Dataset/MUS/MUS-CGWNHLFD.jpg,5,MUS,1123,5,0,-1,,,,
/content/Dataset/TUM/TUM-VWDQCRWT.jpg,8,TUM,1124,8,0,-1,,,,
/content/Dataset/MUC/MUC-RKAFQKRQ.jpg,4,MUC,1125,4,0,-1,,,,
/content/Dataset/MUC/MUC-QCVWRPEN.jpg,4,MUC,1126,4,0,-1,,,,
/content/Dataset/BACK/BACK-LVYHPGHA.jpg,1,BACK,1127,1,0,-1,,,,
/content/Dataset/MUC/MUC-QHPVEEIQ.jpg,4,MUC,1128,4,0,-1,,,,
/content/Dataset/STR/STR-WQTCDHPK.jpg,7,STR,1129,7,0,-1,,,,
/content/Dataset/LYM/LYM-AIDLWQEH.jpg,3,LYM,1130,3,0,-1,,,,
/content/Dataset/LYM/LYM-TLIAHHVF.jpg,3,LYM,1131,3,0,-1,,,,
/content/Dataset/DEB/DEB-VYLEWRHH.jpg,2,DEB,1132,2,0,-1,,,,
/content/Dataset/MUS/MUS-SNDYPYFL.jpg,5,MUS,1133,5,0,-1,,,,
/content/Dataset/NORM/NORM-TRKQDGRG.jpg,6,NORM,1134,6,0,-1,,,,
/content/Dataset/LYM/LYM-YMRTEAWF.jpg,3,LYM,1135,3,0,-1,,,,
/content/Dataset/BACK/BACK-HWKSMWMA.jpg,1,BACK,1136,1,0,-1,,,,
/content/Dataset/BACK/BACK-HSGMMDED.jpg,1,BACK,1137,1,0,-1,,,,
/content/Dataset/LYM/LYM-CLQESLYK.jpg,3,LYM,1138,3,0,-1,,,,
/content/Dataset/NORM/NORM-PPTVYRHI.jpg,6,NORM,1139,6,0,-1,,,,
/content/Dataset/LYM/LYM-YYCFPFNE.jpg,3,LYM,1140,3,0,-1,,,,
/content/Dataset/NORM/NORM-RGQSAKVQ.jpg,6,NORM,1141,6,0,-1,,,,
/content/Dataset/TUM/TUM-VFRSNMAN.jpg,8,TUM,1142,8,0,-1,,,,
/content/Dataset/MUC/MUC-WCVTYRWT.jpg,4,MUC,1143,4,0,-1,,,,
/content/Dataset/ADI/ADI-DPQEAKHD.jpg,0,ADI,1144,0,0,-1,,,,
/content/Dataset/STR/STR-PMAELLKA.jpg,7,STR,1145,7,0,-1,,,,
/content/Dataset/STR/STR-SGFKRCWQ.jpg,7,STR,1146,7,0,-1,,,,
/content/Dataset/DEB/DEB-AAPGFFCC.jpg,2,DEB,1147,2,0,-1,,,,
/content/Dataset/MUC/MUC-WANNYQNQ.jpg,4,MUC,1148,4,0,-1,,,,
/content/Dataset/NORM/NORM-VWRTQHLV.jpg,6,NORM,1149,6,0,-1,,,,
/content/Dataset/STR/STR-QDVITYYL.jpg,7,STR,1150,7,0,-1,,,,
/content/Dataset/TUM/TUM-VRMAMKHH.jpg,8,TUM,1151,8,0,-1,,,,
/content/Dataset/NORM/NORM-RGHRESQR.jpg,6,NORM,1152,6,0,-1,,,,
/content/Dataset/MUS/MUS-PHLIFYTR.jpg,5,MUS,1153,5,0,-1,,,,
/content/Dataset/LYM/LYM-YMHIFFSH.jpg,3,LYM,1154,3,0,-1,,,,
/content/Dataset/DEB/DEB-NRPNELMK.jpg,2,DEB,1155,2,0,-1,,,,
/content/Dataset/MUS/MUS-VHAPWQWM.jpg,5,MUS,1156,5,0,-1,,,,
/content/Dataset/TUM/TUM-WFNLWTNS.jpg,8,TUM,1157,8,0,-1,,,,
/content/Dataset/MUS/MUS-QECGRELY.jpg,5,MUS,1158,5,0,-1,,,,
/content/Dataset/MUS/MUS-PFPAIWYY.jpg,5,MUS,1159,5,0,-1,,,,
/content/Dataset/TUM/TUM-RMPFLMRC.jpg,8,TUM,1160,8,0,-1,,,,
/content/Dataset/STR/STR-PHLELNGQ.jpg,7,STR,1161,7,0,-1,,,,
/content/Dataset/DEB/DEB-AFGHKLAR.jpg,2,DEB,1162,2,0,-1,,,,
/content/Dataset/NORM/NORM-LIQWQWRS.jpg,6,NORM,1163,6,0,-1,,,,
/content/Dataset/TUM/TUM-VDGDIQQT.jpg,8,TUM,1164,8,0,-1,,,,
/content/Dataset/NORM/NORM-LYTGIIWN.jpg,6,NORM,1165,6,0,-1,,,,
/content/Dataset/MUC/MUC-YGQQQWGH.jpg,4,MUC,1166,4,0,-1,,,,
/content/Dataset/LYM/LYM-SGKIFPCR.jpg,3,LYM,1167,3,0,-1,,,,
/content/Dataset/MUS/MUS-QLIRRWNY.jpg,5,MUS,1168,5,0,-1,,,,
/content/Dataset/LYM/LYM-NFHQAFCS.jpg,3,LYM,1169,3,0,-1,,,,
/content/Dataset/MUC/MUC-WWCDLIHL.jpg,4,MUC,1170,4,0,-1,,,,
/content/Dataset/LYM/LYM-VCEAAAAE.jpg,3,LYM,1171,3,0,-1,,,,
/content/Dataset/DEB/DEB-RQHHDYQH.jpg,2,DEB,1172,2,0,-1,,,,
/content/Dataset/NORM/NORM-SHNTECWG.jpg,6,NORM,1173,6,0,-1,,,,
/content/Dataset/MUS/MUS-SDCEPPLH.jpg,5,MUS,1174,5,0,-1,,,,
/content/Dataset/MUC/MUC-QERVKLIY.jpg,4,MUC,1175,4,0,-1,,,,
/content/Dataset/MUC/MUC-NHYSESDK.jpg,4,MUC,1176,4,0,-1,,,,
/content/Dataset/BACK/BACK-NMKVNSAN.jpg,1,BACK,1177,1,0,-1,,,,
/content/Dataset/STR/STR-VDEDFILC.jpg,7,STR,1178,7,0,-1,,,,
/content/Dataset/STR/STR-QSILKHVN.jpg,7,STR,1179,7,0,-1,,,,
/content/Dataset/ADI/ADI-DGYNVDGG.jpg,0,ADI,1180,0,0,-1,,,,
/content/Dataset/ADI/ADI-IRHVSPSS.jpg,0,ADI,1181,0,0,-1,,,,
/content/Dataset/NORM/NORM-WCEVQCYQ.jpg,6,NORM,1182,6,0,-1,,,,
/content/Dataset/LYM/LYM-QEHDPNTN.jpg,3,LYM,1183,3,0,-1,,,,
/content/Dataset/MUC/MUC-ADDVQREK.jpg,4,MUC,1184,4,0,-1,,,,
/content/Dataset/LYM/LYM-ALNEGYDG.jpg,3,LYM,1185,3,0,-1,,,,
/content/Dataset/NORM/NORM-WCCNEFVA.jpg,6,NORM,1186,6,0,-1,,,,
/content/Dataset/MUC/MUC-HPCEKAVR.jpg,4,MUC,1187,4,0,-1,,,,
/content/Dataset/DEB/DEB-PDVAWAGV.jpg,2,DEB,1188,2,0,-1,,,,
/content/Dataset/DEB/DEB-TDDWQWEC.jpg,2,DEB,1189,2,0,-1,,,,
/content/Dataset/DEB/DEB-WMVKEWVY.jpg,2,DEB,1190,2,0,-1,,,,
/content/Dataset/MUC/MUC-TIQHLYMD.jpg,4,MUC,1191,4,0,-1,,,,
/content/Dataset/DEB/DEB-VPVGGNYQ.jpg,2,DEB,1192,2,0,-1,,,,
/content/Dataset/NORM/NORM-YCRHKDAK.jpg,6,NORM,1193,6,0,-1,,,,
/content/Dataset/MUS/MUS-PYVNLWDN.jpg,5,MUS,1194,5,0,-1,,,,
/content/Dataset/ADI/ADI-FNMFGMLF.jpg,0,ADI,1195,0,0,-1,,,,
/content/Dataset/STR/STR-SMSQMGDH.jpg,7,STR,1196,7,0,-1,,,,
/content/Dataset/STR/STR-NKTTYKHM.jpg,7,STR,1197,7,0,-1,,,,
/content/Dataset/MUC/MUC-FYIFCQLH.jpg,4,MUC,1198,4,0,-1,,,,
/content/Dataset/DEB/DEB-VMQSCWEH.jpg,2,DEB,1199,2,0,-1,,,,
/content/Dataset/LYM/LYM-SIGYREDW.jpg,3,LYM,1200,3,0,-1,,,,
/content/Dataset/BACK/BACK-KGGMMVMD.jpg,1,BACK,1201,1,0,-1,,,,
/content/Dataset/MUC/MUC-QDAWFILW.jpg,4,MUC,1202,4,0,-1,,,,
/content/Dataset/DEB/DEB-THVGKHWY.jpg,2,DEB,1203,2,0,-1,,,,
/content/Dataset/DEB/DEB-VLSSCEPN.jpg,2,DEB,1204,2,0,-1,,,,
/content/Dataset/LYM/LYM-VFYHHWST.jpg,3,LYM,1205,3,0,-1,,,,
/content/Dataset/NORM/NORM-WGFHDWKA.jpg,6,NORM,1206,6,0,-1,,,,
/content/Dataset/DEB/DEB-SPPETMMP.jpg,2,DEB,1207,2,0,-1,,,,
/content/Dataset/DEB/DEB-RVMFGDRT.jpg,2,DEB,1208,2,0,-1,,,,
/content/Dataset/DEB/DEB-TLYPHASE.jpg,2,DEB,1209,2,0,-1,,,,
/content/Dataset/DEB/DEB-PGKGMRIN.jpg,2,DEB,1210,2,0,-1,,,,
/content/Dataset/STR/STR-TTKAGGYI.jpg,7,STR,1211,7,0,-1,,,,
/content/Dataset/LYM/LYM-REPIMCKP.jpg,3,LYM,1212,3,0,-1,,,,
/content/Dataset/BACK/BACK-NPCRVGNE.jpg,1,BACK,1213,1,0,-1,,,,
/content/Dataset/BACK/BACK-LLDLDFSP.jpg,1,BACK,1214,1,0,-1,,,,
/content/Dataset/TUM/TUM-SCVFTPAY.jpg,8,TUM,1215,8,0,-1,,,,
/content/Dataset/ADI/ADI-AVVPFKVT.jpg,0,ADI,1216,0,0,-1,,,,
/content/Dataset/MUS/MUS-CFYQKKYH.jpg,5,MUS,1217,5,0,-1,,,,
/content/Dataset/DEB/DEB-WEICRFMV.jpg,2,DEB,1218,2,0,-1,,,,
/content/Dataset/MUS/MUS-QSKVLSCK.jpg,5,MUS,1219,5,0,-1,,,,
/content/Dataset/DEB/DEB-WPHPSWSA.jpg,2,DEB,1220,2,0,-1,,,,
/content/Dataset/LYM/LYM-ADSCGWQH.jpg,3,LYM,1221,3,0,-1,,,,
/content/Dataset/STR/STR-RVVLFDRQ.jpg,7,STR,1222,7,0,-1,,,,
/content/Dataset/DEB/DEB-PYVFCYDG.jpg,2,DEB,1223,2,0,-1,,,,
/content/Dataset/STR/STR-VNEADHAW.jpg,7,STR,1224,7,0,-1,,,,
/content/Dataset/MUS/MUS-NPMCWEWW.jpg,5,MUS,1225,5,0,-1,,,,
/content/Dataset/MUC/MUC-VHRVMGTC.jpg,4,MUC,1226,4,0,-1,,,,
/content/Dataset/BACK/BACK-GTYIQCFW.jpg,1,BACK,1227,1,0,-1,,,,
/content/Dataset/MUC/MUC-PGKLTKPF.jpg,4,MUC,1228,4,0,-1,,,,
/content/Dataset/ADI/ADI-DYWKCWME.jpg,0,ADI,1229,0,0,-1,,,,
/content/Dataset/DEB/DEB-YEQWYEVS.jpg,2,DEB,1230,2,0,-1,,,,
/content/Dataset/NORM/NORM-WMWAHNQT.jpg,6,NORM,1231,6,0,-1,,,,
/content/Dataset/MUS/MUS-AGCGRPMV.jpg,5,MUS,1232,5,0,-1,,,,
/content/Dataset/ADI/ADI-GCTSSLWN.jpg,0,ADI,1233,0,0,-1,,,,
/content/Dataset/LYM/LYM-NCYENVNA.jpg,3,LYM,1234,3,0,-1,,,,
/content/Dataset/DEB/DEB-SFDHVVRV.jpg,2,DEB,1235,2,0,-1,,,,
/content/Dataset/BACK/BACK-IAPRSDMS.jpg,1,BACK,1236,1,0,-1,,,,
/content/Dataset/LYM/LYM-TQEPWSRY.jpg,3,LYM,1237,3,0,-1,,,,
/content/Dataset/MUC/MUC-RNEICTSI.jpg,4,MUC,1238,4,0,-1,,,,
/content/Dataset/DEB/DEB-PLSRWSSR.jpg,2,DEB,1239,2,0,-1,,,,
/content/Dataset/TUM/TUM-AAHWCYNC.jpg,8,TUM,1240,8,0,-1,,,,
/content/Dataset/LYM/LYM-TNIVRWCC.jpg,3,LYM,1241,3,0,-1,,,,
/content/Dataset/MUS/MUS-NYKLPEQQ.jpg,5,MUS,1242,5,0,-1,,,,
/content/Dataset/TUM/TUM-YWYDPMFM.jpg,8,TUM,1243,8,0,-1,,,,
/content/Dataset/LYM/LYM-RLSGTAAP.jpg,3,LYM,1244,3,0,-1,,,,
/content/Dataset/BACK/BACK-MAGFSCMD.jpg,1,BACK,1245,1,0,-1,,,,
/content/Dataset/TUM/TUM-YRGETPGT.jpg,8,TUM,1246,8,0,-1,,,,
/content/Dataset/MUC/MUC-AWGFMWVV.jpg,4,MUC,1247,4,0,-1,,,,
/content/Dataset/MUC/MUC-QPADPYGN.jpg,4,MUC,1248,4,0,-1,,,,
/content/Dataset/DEB/DEB-NSYNMGEF.jpg,2,DEB,1249,2,0,-1,,,,
/content/Dataset/DEB/DEB-RKCNMPGV.jpg,2,DEB,1250,2,0,-1,,,,
/content/Dataset/LYM/LYM-TWKPAHRA.jpg,3,LYM,1251,3,0,-1,,,,
/content/Dataset/STR/STR-WGWNCNAE.jpg,7,STR,1252,7,0,-1,,,,
/content/Dataset/MUC/MUC-PHIKKWLM.jpg,4,MUC,1253,4,0,-1,,,,
/content/Dataset/BACK/BACK-LLYMYSMP.jpg,1,BACK,1254,1,0,-1,,,,
/content/Dataset/STR/STR-NCLYGGTR.jpg,7,STR,1255,7,0,-1,,,,
/content/Dataset/ADI/ADI-FERCVHSR.jpg,0,ADI,1256,0,0,-1,,,,
/content/Dataset/MUC/MUC-WVTNEVNP.jpg,4,MUC,1257,4,0,-1,,,,
/content/Dataset/NORM/NORM-YERADCRR.jpg,6,NORM,1258,6,0,-1,,,,
/content/Dataset/BACK/BACK-KGQMYGAH.jpg,1,BACK,1259,1,0,-1,,,,
/content/Dataset/MUC/MUC-NYLDRDMV.jpg,4,MUC,1260,4,0,-1,,,,
/content/Dataset/MUC/MUC-QFLSPNQC.jpg,4,MUC,1261,4,0,-1,,,,
/content/Dataset/DEB/DEB-YRDPGYIW.jpg,2,DEB,1262,2,0,-1,,,,
/content/Dataset/STR/STR-PCVCCWYL.jpg,7,STR,1263,7,0,-1,,,,
/content/Dataset/STR/STR-PISNHFHR.jpg,7,STR,1264,7,0,-1,,,,
/content/Dataset/NORM/NORM-NRQTMTDN.jpg,6,NORM,1265,6,0,-1,,,,
/content/Dataset/DEB/DEB-RGEARGRH.jpg,2,DEB,1266,2,0,-1,,,,
/content/Dataset/BACK/BACK-LKKGFNVA.jpg,1,BACK,1267,1,0,-1,,,,
/content/Dataset/LYM/LYM-ACVKCFHM.jpg,3,LYM,1268,3,0,-1,,,,
/content/Dataset/DEB/DEB-YYTAWMMY.jpg,2,DEB,1269,2,0,-1,,,,
/content/Dataset/LYM/LYM-DGERCNGD.jpg,3,LYM,1270,3,0,-1,,,,
/content/Dataset/NORM/NORM-AGMYGEKF.jpg,6,NORM,1271,6,0,-1,,,,
/content/Dataset/MUC/MUC-VTPSMKDW.jpg,4,MUC,1272,4,0,-1,,,,
/content/Dataset/MUC/MUC-QHNAFTNE.jpg,4,MUC,1273,4,0,-1,,,,
/content/Dataset/DEB/DEB-SSIDITED.jpg,2,DEB,1274,2,0,-1,,,,
/content/Dataset/MUS/MUS-SHYECHSF.jpg,5,MUS,1275,5,0,-1,,,,
/content/Dataset/NORM/NORM-LILNSWMM.jpg,6,NORM,1276,6,0,-1,,,,
/content/Dataset/STR/STR-MWMIWHRG.jpg,7,STR,1277,7,0,-1,,,,
/content/Dataset/STR/STR-QWAGLNPQ.jpg,7,STR,1278,7,0,-1,,,,
/content/Dataset/BACK/BACK-LIYVTDNY.jpg,1,BACK,1279,1,0,-1,,,,
/content/Dataset/TUM/TUM-VRYPEPMG.jpg,8,TUM,1280,8,0,-1,,,,
/content/Dataset/ADI/ADI-HCWCMGYS.jpg,0,ADI,1281,0,0,-1,,,,
/content/Dataset/NORM/NORM-QVFIIKFR.jpg,6,NORM,1282,6,0,-1,,,,
/content/Dataset/TUM/TUM-YTFTFHYF.jpg,8,TUM,1283,8,0,-1,,,,
/content/Dataset/MUS/MUS-AVMSRARP.jpg,5,MUS,1284,5,0,-1,,,,
/content/Dataset/ADI/ADI-DENVFCYW.jpg,0,ADI,1285,0,0,-1,,,,
/content/Dataset/TUM/TUM-AAQIAARR.jpg,8,TUM,1286,8,0,-1,,,,
/content/Dataset/TUM/TUM-SCDFCLVC.jpg,8,TUM,1287,8,0,-1,,,,
/content/Dataset/NORM/NORM-NKRHCLLH.jpg,6,NORM,1288,6,0,-1,,,,
/content/Dataset/NORM/NORM-RMVQCSRD.jpg,6,NORM,1289,6,0,-1,,,,
/content/Dataset/STR/STR-WHINNKWV.jpg,7,STR,1290,7,0,-1,,,,
/content/Dataset/MUC/MUC-FFVPCWFP.jpg,4,MUC,1291,4,0,-1,,,,
/content/Dataset/DEB/DEB-PLLVQQLE.jpg,2,DEB,1292,2,0,-1,,,,
/content/Dataset/MUS/MUS-QEPFVHNH.jpg,5,MUS,1293,5,0,-1,,,,
/content/Dataset/STR/STR-NNGDPKQE.jpg,7,STR,1294,7,0,-1,,,,
/content/Dataset/LYM/LYM-PSFEAWWF.jpg,3,LYM,1295,3,0,-1,,,,
/content/Dataset/TUM/TUM-SVPADQNG.jpg,8,TUM,1296,8,0,-1,,,,
/content/Dataset/LYM/LYM-YWLLECVR.jpg,3,LYM,1297,3,0,-1,,,,
/content/Dataset/LYM/LYM-IIQTVERS.jpg,3,LYM,1298,3,0,-1,,,,
/content/Dataset/MUS/MUS-QGTNANKD.jpg,5,MUS,1299,5,0,-1,,,,
/content/Dataset/ADI/ADI-GMEYEHPH.jpg,0,ADI,1300,0,0,-1,,,,
/content/Dataset/TUM/TUM-TIKIGCWP.jpg,8,TUM,1301,8,0,-1,,,,
/content/Dataset/DEB/DEB-RAMRVYLM.jpg,2,DEB,1302,2,0,-1,,,,
/content/Dataset/LYM/LYM-NHCISQNL.jpg,3,LYM,1303,3,0,-1,,,,
/content/Dataset/BACK/BACK-CWVNAPDC.jpg,1,BACK,1304,1,0,-1,,,,
/content/Dataset/ADI/ADI-AWPQFNYQ.jpg,0,ADI,1305,0,0,-1,,,,
/content/Dataset/NORM/NORM-TVNFVDCK.jpg,6,NORM,1306,6,0,-1,,,,
/content/Dataset/MUS/MUS-ANCDANVE.jpg,5,MUS,1307,5,0,-1,,,,
/content/Dataset/BACK/BACK-IKRHEEPW.jpg,1,BACK,1308,1,0,-1,,,,
/content/Dataset/MUS/MUS-QVPYVAKA.jpg,5,MUS,1309,5,0,-1,,,,
/content/Dataset/NORM/NORM-QDAIMDSM.jpg,6,NORM,1310,6,0,-1,,,,
/content/Dataset/LYM/LYM-RRQMHWRR.jpg,3,LYM,1311,3,0,-1,,,,
/content/Dataset/LYM/LYM-TFGNLRLC.jpg,3,LYM,1312,3,0,-1,,,,
/content/Dataset/TUM/TUM-SWAAHFYH.jpg,8,TUM,1313,8,0,-1,,,,
/content/Dataset/MUC/MUC-RMCHALYV.jpg,4,MUC,1314,4,0,-1,,,,
/content/Dataset/DEB/DEB-AENPEKAL.jpg,2,DEB,1315,2,0,-1,,,,
/content/Dataset/NORM/NORM-QYRAVTCK.jpg,6,NORM,1316,6,0,-1,,,,
/content/Dataset/NORM/NORM-NWVEYGSK.jpg,6,NORM,1317,6,0,-1,,,,
/content/Dataset/NORM/NORM-VRYGHIND.jpg,6,NORM,1318,6,0,-1,,,,
/content/Dataset/DEB/DEB-AAEKWFVN.jpg,2,DEB,1319,2,0,-1,,,,
/content/Dataset/TUM/TUM-YEQKPFEI.jpg,8,TUM,1320,8,0,-1,,,,
/content/Dataset/TUM/TUM-TKSVAFQI.jpg,8,TUM,1321,8,0,-1,,,,
/content/Dataset/ADI/ADI-GGDKERAM.jpg,0,ADI,1322,0,0,-1,,,,
/content/Dataset/NORM/NORM-VIERREKL.jpg,6,NORM,1323,6,0,-1,,,,
/content/Dataset/MUS/MUS-RTWCFNWQ.jpg,5,MUS,1324,5,0,-1,,,,
/content/Dataset/MUC/MUC-VIIDACMP.jpg,4,MUC,1325,4,0,-1,,,,
/content/Dataset/DEB/DEB-SQIEPLTL.jpg,2,DEB,1326,2,0,-1,,,,
/content/Dataset/DEB/DEB-PMLLYCTQ.jpg,2,DEB,1327,2,0,-1,,,,
/content/Dataset/TUM/TUM-RWVPEIQT.jpg,8,TUM,1328,8,0,-1,,,,
/content/Dataset/BACK/BACK-KFFMMRLC.jpg,1,BACK,1329,1,0,-1,,,,
/content/Dataset/ADI/ADI-FWMQKIWF.jpg,0,ADI,1330,0,0,-1,,,,
/content/Dataset/ADI/ADI-CHWYMITG.jpg,0,ADI,1331,0,0,-1,,,,
/content/Dataset/MUS/MUS-CFVFGHMD.jpg,5,MUS,1332,5,0,-1,,,,
/content/Dataset/NORM/NORM-LDMWCSPC.jpg,6,NORM,1333,6,0,-1,,,,
/content/Dataset/LYM/LYM-SCASQEFN.jpg,3,LYM,1334,3,0,-1,,,,
/content/Dataset/MUS/MUS-QSTSWRHM.jpg,5,MUS,1335,5,0,-1,,,,
/content/Dataset/LYM/LYM-VNKMNDCW.jpg,3,LYM,1336,3,0,-1,,,,
/content/Dataset/MUC/MUC-RMCVEPHN.jpg,4,MUC,1337,4,0,-1,,,,
/content/Dataset/LYM/LYM-PCQYDAQS.jpg,3,LYM,1338,3,0,-1,,,,
/content/Dataset/TUM/TUM-WTLPPSQD.jpg,8,TUM,1339,8,0,-1,,,,
/content/Dataset/DEB/DEB-RFIKPNEG.jpg,2,DEB,1340,2,0,-1,,,,
/content/Dataset/MUS/MUS-QSTLIIHM.jpg,5,MUS,1341,5,0,-1,,,,
/content/Dataset/LYM/LYM-NQDYCGHD.jpg,3,LYM,1342,3,0,-1,,,,
/content/Dataset/DEB/DEB-VAYVREKT.jpg,2,DEB,1343,2,0,-1,,,,
/content/Dataset/MUC/MUC-AYTEREKP.jpg,4,MUC,1344,4,0,-1,,,,
/content/Dataset/STR/STR-PPKMPGEP.jpg,7,STR,1345,7,0,-1,,,,
/content/Dataset/MUC/MUC-ADSAVQNN.jpg,4,MUC,1346,4,0,-1,,,,
/content/Dataset/LYM/LYM-RERYYYKS.jpg,3,LYM,1347,3,0,-1,,,,
/content/Dataset/STR/STR-RWFNDICL.jpg,7,STR,1348,7,0,-1,,,,
/content/Dataset/STR/STR-NMIYCEQH.jpg,7,STR,1349,7,0,-1,,,,
/content/Dataset/TUM/TUM-QVVGMSYH.jpg,8,TUM,1350,8,0,-1,,,,
/content/Dataset/DEB/DEB-RLFMLAIF.jpg,2,DEB,1351,2,0,-1,,,,
/content/Dataset/NORM/NORM-QINNKHLY.jpg,6,NORM,1352,6,0,-1,,,,
/content/Dataset/DEB/DEB-SGLKKSCA.jpg,2,DEB,1353,2,0,-1,,,,
/content/Dataset/DEB/DEB-NWAYRQAN.jpg,2,DEB,1354,2,0,-1,,,,
/content/Dataset/STR/STR-YCAWMTGP.jpg,7,STR,1355,7,0,-1,,,,
/content/Dataset/BACK/BACK-LAYGPFAR.jpg,1,BACK,1356,1,0,-1,,,,
/content/Dataset/DEB/DEB-VSVDDWET.jpg,2,DEB,1357,2,0,-1,,,,
/content/Dataset/DEB/DEB-VGIYMQAF.jpg,2,DEB,1358,2,0,-1,,,,
/content/Dataset/NORM/NORM-NFAKKEDK.jpg,6,NORM,1359,6,0,-1,,,,
/content/Dataset/TUM/TUM-YYRLQAIQ.jpg,8,TUM,1360,8,0,-1,,,,
/content/Dataset/LYM/LYM-YQCDKVFE.jpg,3,LYM,1361,3,0,-1,,,,
/content/Dataset/DEB/DEB-PNKWWETR.jpg,2,DEB,1362,2,0,-1,,,,
/content/Dataset/LYM/LYM-TIAYHQRF.jpg,3,LYM,1363,3,0,-1,,,,
/content/Dataset/MUS/MUS-SQTSDFFH.jpg,5,MUS,1364,5,0,-1,,,,
/content/Dataset/ADI/ADI-IGSYNRRY.jpg,0,ADI,1365,0,0,-1,,,,
/content/Dataset/NORM/NORM-RFDPKVWL.jpg,6,NORM,1366,6,0,-1,,,,
/content/Dataset/DEB/DEB-RTWDRCWE.jpg,2,DEB,1367,2,0,-1,,,,
/content/Dataset/MUS/MUS-RGCGNWYP.jpg,5,MUS,1368,5,0,-1,,,,
/content/Dataset/STR/STR-YEMEMADN.jpg,7,STR,1369,7,0,-1,,,,
/content/Dataset/STR/STR-QKNSMMHT.jpg,7,STR,1370,7,0,-1,,,,
/content/Dataset/NORM/NORM-SYTPWIIK.jpg,6,NORM,1371,6,0,-1,,,,
/content/Dataset/LYM/LYM-TVAMRIMV.jpg,3,LYM,1372,3,0,-1,,,,
/content/Dataset/LYM/LYM-TWDFTKDC.jpg,3,LYM,1373,3,0,-1,,,,
/content/Dataset/BACK/BACK-NLTRKSTE.jpg,1,BACK,1374,1,0,-1,,,,
/content/Dataset/LYM/LYM-QKLVKKKS.jpg,3,LYM,1375,3,0,-1,,,,
/content/Dataset/ADI/ADI-GWYNRACV.jpg,0,ADI,1376,0,0,-1,,,,
/content/Dataset/DEB/DEB-RIVLSCCE.jpg,2,DEB,1377,2,0,-1,,,,
/content/Dataset/NORM/NORM-VPGASRNN.jpg,6,NORM,1378,6,0,-1,,,,
/content/Dataset/BACK/BACK-IKWNWICD.jpg,1,BACK,1379,1,0,-1,,,,
/content/Dataset/DEB/DEB-SMVVWHHG.jpg,2,DEB,1380,2,0,-1,,,,
/content/Dataset/LYM/LYM-QAPMNKTM.jpg,3,LYM,1381,3,0,-1,,,,
/content/Dataset/BACK/BACK-MECIHTDP.jpg,1,BACK,1382,1,0,-1,,,,
/content/Dataset/TUM/TUM-YCWRYQHG.jpg,8,TUM,1383,8,0,-1,,,,
/content/Dataset/ADI/ADI-DELYGTQV.jpg,0,ADI,1384,0,0,-1,,,,
/content/Dataset/STR/STR-YNAFDYNF.jpg,7,STR,1385,7,0,-1,,,,
/content/Dataset/DEB/DEB-VGERCTRL.jpg,2,DEB,1386,2,0,-1,,,,
/content/Dataset/TUM/TUM-QKYKVRTM.jpg,8,TUM,1387,8,0,-1,,,,
/content/Dataset/NORM/NORM-MVDTLQWK.jpg,6,NORM,1388,6,0,-1,,,,
/content/Dataset/DEB/DEB-THYACSIH.jpg,2,DEB,1389,2,0,-1,,,,
/content/Dataset/MUS/MUS-PVGHGGPH.jpg,5,MUS,1390,5,0,-1,,,,
/content/Dataset/NORM/NORM-VNQYPLDF.jpg,6,NORM,1391,6,0,-1,,,,
/content/Dataset/BACK/BACK-KPGIPPWN.jpg,1,BACK,1392,1,0,-1,,,,
/content/Dataset/ADI/ADI-AWTGIRHT.jpg,0,ADI,1393,0,0,-1,,,,
/content/Dataset/BACK/BACK-MHYWVKFP.jpg,1,BACK,1394,1,0,-1,,,,
/content/Dataset/NORM/NORM-AMDITNCI.jpg,6,NORM,1395,6,0,-1,,,,
/content/Dataset/MUC/MUC-RTMYEQTE.jpg,4,MUC,1396,4,0,-1,,,,
/content/Dataset/DEB/DEB-QLPRPAHN.jpg,2,DEB,1397,2,0,-1,,,,
/content/Dataset/DEB/DEB-YDRQYVGY.jpg,2,DEB,1398,2,0,-1,,,,
/content/Dataset/BACK/BACK-KQMPKQRR.jpg,1,BACK,1399,1,0,-1,,,,
/content/Dataset/TUM/TUM-VHRFHLVS.jpg,8,TUM,1400,8,0,-1,,,,
/content/Dataset/TUM/TUM-QFWSFSGT.jpg,8,TUM,1401,8,0,-1,,,,
/content/Dataset/BACK/BACK-PDHDENID.jpg,1,BACK,1402,1,0,-1,,,,
/content/Dataset/DEB/DEB-RVNWQQMG.jpg,2,DEB,1403,2,0,-1,,,,
/content/Dataset/NORM/NORM-YYVKKYYW.jpg,6,NORM,1404,6,0,-1,,,,
/content/Dataset/DEB/DEB-VWGSYTAI.jpg,2,DEB,1405,2,0,-1,,,,
/content/Dataset/NORM/NORM-YRTEQMTV.jpg,6,NORM,1406,6,0,-1,,,,
/content/Dataset/ADI/ADI-GVPAYNPH.jpg,0,ADI,1407,0,0,-1,,,,
/content/Dataset/MUC/MUC-PQFTKECD.jpg,4,MUC,1408,4,0,-1,,,,
/content/Dataset/NORM/NORM-QDRYWGIV.jpg,6,NORM,1409,6,0,-1,,,,
/content/Dataset/TUM/TUM-RMHWSHLE.jpg,8,TUM,1410,8,0,-1,,,,
/content/Dataset/DEB/DEB-RNYCKDFI.jpg,2,DEB,1411,2,0,-1,,,,
/content/Dataset/NORM/NORM-QEICINDD.jpg,6,NORM,1412,6,0,-1,,,,
/content/Dataset/MUC/MUC-RDDYVYID.jpg,4,MUC,1413,4,0,-1,,,,
/content/Dataset/DEB/DEB-SSIEMCSI.jpg,2,DEB,1414,2,0,-1,,,,
/content/Dataset/LYM/LYM-RVYYRPGK.jpg,3,LYM,1415,3,0,-1,,,,
/content/Dataset/MUC/MUC-VMMDICLF.jpg,4,MUC,1416,4,0,-1,,,,
/content/Dataset/NORM/NORM-LFDDCHVR.jpg,6,NORM,1417,6,0,-1,,,,
/content/Dataset/MUS/MUS-PQLSDYIL.jpg,5,MUS,1418,5,0,-1,,,,
/content/Dataset/MUC/MUC-SMFMWRPV.jpg,4,MUC,1419,4,0,-1,,,,
/content/Dataset/MUS/MUS-CHYAYRCG.jpg,5,MUS,1420,5,0,-1,,,,
/content/Dataset/BACK/BACK-KDALWMCW.jpg,1,BACK,1421,1,0,-1,,,,
/content/Dataset/DEB/DEB-VSHVANDS.jpg,2,DEB,1422,2,0,-1,,,,
/content/Dataset/LYM/LYM-RRWENSWK.jpg,3,LYM,1423,3,0,-1,,,,
/content/Dataset/TUM/TUM-RTGPCTLN.jpg,8,TUM,1424,8,0,-1,,,,
/content/Dataset/MUC/MUC-VQCHKGSH.jpg,4,MUC,1425,4,0,-1,,,,
/content/Dataset/DEB/DEB-WAKNKDFC.jpg,2,DEB,1426,2,0,-1,,,,
/content/Dataset/MUS/MUS-RPLEMLLG.jpg,5,MUS,1427,5,0,-1,,,,
/content/Dataset/STR/STR-SGVMSLWI.jpg,7,STR,1428,7,0,-1,,,,
/content/Dataset/TUM/TUM-STRKFSLE.jpg,8,TUM,1429,8,0,-1,,,,
/content/Dataset/DEB/DEB-SIYPIQEA.jpg,2,DEB,1430,2,0,-1,,,,
/content/Dataset/DEB/DEB-PSFVKMFD.jpg,2,DEB,1431,2,0,-1,,,,
/content/Dataset/STR/STR-MYMHKARN.jpg,7,STR,1432,7,0,-1,,,,
/content/Dataset/NORM/NORM-VVCFDERN.jpg,6,NORM,1433,6,0,-1,,,,
/content/Dataset/LYM/LYM-RNYAHFTK.jpg,3,LYM,1434,3,0,-1,,,,
/content/Dataset/MUS/MUS-QEWCMWLS.jpg,5,MUS,1435,5,0,-1,,,,
/content/Dataset/BACK/BACK-KQFKQGQW.jpg,1,BACK,1436,1,0,-1,,,,
/content/Dataset/TUM/TUM-SWFHLALM.jpg,8,TUM,1437,8,0,-1,,,,
/content/Dataset/BACK/BACK-AETSVPLH.jpg,1,BACK,1438,1,0,-1,,,,
/content/Dataset/DEB/DEB-PEAIHYNG.jpg,2,DEB,1439,2,0,-1,,,,
/content/Dataset/TUM/TUM-WVEMMNIF.jpg,8,TUM,1440,8,0,-1,,,,
/content/Dataset/STR/STR-PQHSHRQQ.jpg,7,STR,1441,7,0,-1,,,,
/content/Dataset/LYM/LYM-MEEMTCHD.jpg,3,LYM,1442,3,0,-1,,,,
/content/Dataset/BACK/BACK-LWMPSVRW.jpg,1,BACK,1443,1,0,-1,,,,
/content/Dataset/LYM/LYM-PFWPMDQG.jpg,3,LYM,1444,3,0,-1,,,,
/content/Dataset/LYM/LYM-RMVNRSVW.jpg,3,LYM,1445,3,0,-1,,,,
/content/Dataset/MUS/MUS-RLNWIVLV.jpg,5,MUS,1446,5,0,-1,,,,
/content/Dataset/BACK/BACK-IICDLWEL.jpg,1,BACK,1447,1,0,-1,,,,
/content/Dataset/MUS/MUS-SKPSRETS.jpg,5,MUS,1448,5,0,-1,,,,
/content/Dataset/MUC/MUC-TLYKAFPV.jpg,4,MUC,1449,4,0,-1,,,,
/content/Dataset/DEB/DEB-WDELRSLH.jpg,2,DEB,1450,2,0,-1,,,,
/content/Dataset/TUM/TUM-TDDMNQEP.jpg,8,TUM,1451,8,0,-1,,,,
/content/Dataset/NORM/NORM-MLADGDMF.jpg,6,NORM,1452,6,0,-1,,,,
/content/Dataset/MUS/MUS-VIFMYTVE.jpg,5,MUS,1453,5,0,-1,,,,
/content/Dataset/LYM/LYM-PTCKHKNH.jpg,3,LYM,1454,3,0,-1,,,,
/content/Dataset/NORM/NORM-MKQKEQTK.jpg,6,NORM,1455,6,0,-1,,,,
/content/Dataset/ADI/ADI-DARANCTY.jpg,0,ADI,1456,0,0,-1,,,,
/content/Dataset/LYM/LYM-YPKKPTHA.jpg,3,LYM,1457,3,0,-1,,,,
/content/Dataset/TUM/TUM-WEHLPWWC.jpg,8,TUM,1458,8,0,-1,,,,
/content/Dataset/NORM/NORM-WSRIYKSA.jpg,6,NORM,1459,6,0,-1,,,,
/content/Dataset/NORM/NORM-LVWVNWGG.jpg,6,NORM,1460,6,0,-1,,,,
/content/Dataset/LYM/LYM-SWEIAGEQ.jpg,3,LYM,1461,3,0,-1,,,,
/content/Dataset/DEB/DEB-QSMLANPV.jpg,2,DEB,1462,2,0,-1,,,,
/content/Dataset/LYM/LYM-QWEQSQHF.jpg,3,LYM,1463,3,0,-1,,,,
/content/Dataset/NORM/NORM-AHDKVSIM.jpg,6,NORM,1464,6,0,-1,,,,
/content/Dataset/DEB/DEB-PYRCHLHH.jpg,2,DEB,1465,2,0,-1,,,,
/content/Dataset/NORM/NORM-QERYMMIR.jpg,6,NORM,1466,6,0,-1,,,,
/content/Dataset/DEB/DEB-QILELIAT.jpg,2,DEB,1467,2,0,-1,,,,
/content/Dataset/MUS/MUS-PANVNPIR.jpg,5,MUS,1468,5,0,-1,,,,
/content/Dataset/STR/STR-TEREGHAQ.jpg,7,STR,1469,7,0,-1,,,,
/content/Dataset/NORM/NORM-WMWHKHCP.jpg,6,NORM,1470,6,0,-1,,,,
/content/Dataset/ADI/ADI-FGLEVHQF.jpg,0,ADI,1471,0,0,-1,,,,
/content/Dataset/NORM/NORM-NWVHWVLY.jpg,6,NORM,1472,6,0,-1,,,,
/content/Dataset/MUS/MUS-AAVYIFRP.jpg,5,MUS,1473,5,0,-1,,,,
/content/Dataset/TUM/TUM-TLVNADGQ.jpg,8,TUM,1474,8,0,-1,,,,
/content/Dataset/LYM/LYM-NYQHFHLL.jpg,3,LYM,1475,3,0,-1,,,,
/content/Dataset/MUS/MUS-QLYEVGGE.jpg,5,MUS,1476,5,0,-1,,,,
/content/Dataset/MUC/MUC-QICIARME.jpg,4,MUC,1477,4,0,-1,,,,
/content/Dataset/NORM/NORM-MCVTMTLL.jpg,6,NORM,1478,6,0,-1,,,,
/content/Dataset/BACK/BACK-KEMYHYSN.jpg,1,BACK,1479,1,0,-1,,,,
/content/Dataset/BACK/BACK-FMQPGKIQ.jpg,1,BACK,1480,1,0,-1,,,,
/content/Dataset/MUS/MUS-PQRPWNIN.jpg,5,MUS,1481,5,0,-1,,,,
/content/Dataset/BACK/BACK-KHAYCNDN.jpg,1,BACK,1482,1,0,-1,,,,
/content/Dataset/STR/STR-PPQKQIIF.jpg,7,STR,1483,7,0,-1,,,,
/content/Dataset/TUM/TUM-RKAWGKVP.jpg,8,TUM,1484,8,0,-1,,,,
/content/Dataset/DEB/DEB-RPSSSERF.jpg,2,DEB,1485,2,0,-1,,,,
/content/Dataset/MUC/MUC-QEPRTMNS.jpg,4,MUC,1486,4,0,-1,,,,
/content/Dataset/MUS/MUS-QDYTMQMW.jpg,5,MUS,1487,5,0,-1,,,,
/content/Dataset/ADI/ADI-CDWATIGH.jpg,0,ADI,1488,0,0,-1,,,,
/content/Dataset/MUS/MUS-RRWIFSNG.jpg,5,MUS,1489,5,0,-1,,,,
/content/Dataset/ADI/ADI-ATGLNTWT.jpg,0,ADI,1490,0,0,-1,,,,
/content/Dataset/BACK/BACK-ADFFHSYV.jpg,1,BACK,1491,1,0,-1,,,,
/content/Dataset/LYM/LYM-SDMKSDNV.jpg,3,LYM,1492,3,0,-1,,,,
/content/Dataset/TUM/TUM-WEHPGANA.jpg,8,TUM,1493,8,0,-1,,,,
/content/Dataset/BACK/BACK-LVCPPQMD.jpg,1,BACK,1494,1,0,-1,,,,
/content/Dataset/DEB/DEB-WVGMGKYL.jpg,2,DEB,1495,2,0,-1,,,,
/content/Dataset/LYM/LYM-QFFPQGYA.jpg,3,LYM,1496,3,0,-1,,,,
/content/Dataset/ADI/ADI-GCCLHPRT.jpg,0,ADI,1497,0,0,-1,,,,
/content/Dataset/LYM/LYM-NDRMQVHW.jpg,3,LYM,1498,3,0,-1,,,,
/content/Dataset/TUM/TUM-SGNKKWVE.jpg,8,TUM,1499,8,0,-1,,,,
/content/Dataset/DEB/DEB-PWMIPRHN.jpg,2,DEB,1500,2,0,-1,,,,
/content/Dataset/LYM/LYM-SYVHVECA.jpg,3,LYM,1501,3,0,-1,,,,
/content/Dataset/TUM/TUM-VLMDVKHD.jpg,8,TUM,1502,8,0,-1,,,,
/content/Dataset/MUS/MUS-RTEFPEKW.jpg,5,MUS,1503,5,0,-1,,,,
/content/Dataset/ADI/ADI-CMPAKMDI.jpg,0,ADI,1504,0,0,-1,,,,
/content/Dataset/MUS/MUS-QTQEGVVI.jpg,5,MUS,1505,5,0,-1,,,,
/content/Dataset/MUC/MUC-RQYFYKES.jpg,4,MUC,1506,4,0,-1,,,,
/content/Dataset/ADI/ADI-ECADQVVL.jpg,0,ADI,1507,0,0,-1,,,,
/content/Dataset/NORM/NORM-PEQVTVCP.jpg,6,NORM,1508,6,0,-1,,,,
/content/Dataset/STR/STR-WQRMPIDT.jpg,7,STR,1509,7,0,-1,,,,
/content/Dataset/TUM/TUM-YCDNDLLD.jpg,8,TUM,1510,8,0,-1,,,,
/content/Dataset/ADI/ADI-DLHPVHVL.jpg,0,ADI,1511,0,0,-1,,,,
/content/Dataset/MUC/MUC-WIFNRLIK.jpg,4,MUC,1512,4,0,-1,,,,
/content/Dataset/STR/STR-QSYDHPKS.jpg,7,STR,1513,7,0,-1,,,,
/content/Dataset/MUS/MUS-NMHKCTAK.jpg,5,MUS,1514,5,0,-1,,,,
/content/Dataset/BACK/BACK-NWLMQNFG.jpg,1,BACK,1515,1,0,-1,,,,
/content/Dataset/ADI/ADI-DGIMFQQI.jpg,0,ADI,1516,0,0,-1,,,,
/content/Dataset/BACK/BACK-LLEDVAED.jpg,1,BACK,1517,1,0,-1,,,,
/content/Dataset/DEB/DEB-QYPLDMCG.jpg,2,DEB,1518,2,0,-1,,,,
/content/Dataset/STR/STR-QAHPWPVN.jpg,7,STR,1519,7,0,-1,,,,
/content/Dataset/STR/STR-PNEIDQCC.jpg,7,STR,1520,7,0,-1,,,,
/content/Dataset/STR/STR-YIWRLKAM.jpg,7,STR,1521,7,0,-1,,,,
/content/Dataset/LYM/LYM-VAGWDFPW.jpg,3,LYM,1522,3,0,-1,,,,
/content/Dataset/TUM/TUM-RLAEITIK.jpg,8,TUM,1523,8,0,-1,,,,
/content/Dataset/NORM/NORM-NWLNIKSK.jpg,6,NORM,1524,6,0,-1,,,,
/content/Dataset/BACK/BACK-KIQPICDW.jpg,1,BACK,1525,1,0,-1,,,,
/content/Dataset/TUM/TUM-QLNGGLCV.jpg,8,TUM,1526,8,0,-1,,,,
/content/Dataset/ADI/ADI-DYLVCMSH.jpg,0,ADI,1527,0,0,-1,,,,
/content/Dataset/BACK/BACK-LAMWWNVK.jpg,1,BACK,1528,1,0,-1,,,,
/content/Dataset/MUC/MUC-NCAKNIDN.jpg,4,MUC,1529,4,0,-1,,,,
/content/Dataset/BACK/BACK-KTNNCSCT.jpg,1,BACK,1530,1,0,-1,,,,
/content/Dataset/LYM/LYM-KSYWTPCV.jpg,3,LYM,1531,3,0,-1,,,,
/content/Dataset/NORM/NORM-YKVFITIE.jpg,6,NORM,1532,6,0,-1,,,,
/content/Dataset/LYM/LYM-NGNMWNFG.jpg,3,LYM,1533,3,0,-1,,,,
/content/Dataset/MUS/MUS-CDLQWFIT.jpg,5,MUS,1534,5,0,-1,,,,
/content/Dataset/MUS/MUS-QYCRKLIF.jpg,5,MUS,1535,5,0,-1,,,,
/content/Dataset/MUC/MUC-RPWQWCQI.jpg,4,MUC,1536,4,0,-1,,,,
/content/Dataset/ADI/ADI-GCKILLEN.jpg,0,ADI,1537,0,0,-1,,,,
/content/Dataset/DEB/DEB-VMIEHAPI.jpg,2,DEB,1538,2,0,-1,,,,
/content/Dataset/MUC/MUC-WKYSWRTA.jpg,4,MUC,1539,4,0,-1,,,,
/content/Dataset/STR/STR-TYTTKNYV.jpg,7,STR,1540,7,0,-1,,,,
/content/Dataset/ADI/ADI-DDGYIVHA.jpg,0,ADI,1541,0,0,-1,,,,
/content/Dataset/DEB/DEB-SANYDNRP.jpg,2,DEB,1542,2,0,-1,,,,
/content/Dataset/NORM/NORM-QEIHLYMV.jpg,6,NORM,1543,6,0,-1,,,,
/content/Dataset/MUS/MUS-QKEVIVYR.jpg,5,MUS,1544,5,0,-1,,,,
/content/Dataset/MUS/MUS-AADNSWYC.jpg,5,MUS,1545,5,0,-1,,,,
/content/Dataset/TUM/TUM-WANHQHVH.jpg,8,TUM,1546,8,0,-1,,,,
/content/Dataset/TUM/TUM-SSQEYNAN.jpg,8,TUM,1547,8,0,-1,,,,
/content/Dataset/MUS/MUS-NVGYFPKP.jpg,5,MUS,1548,5,0,-1,,,,
/content/Dataset/STR/STR-QKSQWRVR.jpg,7,STR,1549,7,0,-1,,,,
/content/Dataset/ADI/ADI-CFLSPKDN.jpg,0,ADI,1550,0,0,-1,,,,
/content/Dataset/BACK/BACK-KVFAQQAC.jpg,1,BACK,1551,1,0,-1,,,,
/content/Dataset/NORM/NORM-LLAEPGTA.jpg,6,NORM,1552,6,0,-1,,,,
/content/Dataset/DEB/DEB-QQRSEHRE.jpg,2,DEB,1553,2,0,-1,,,,
/content/Dataset/ADI/ADI-EYYQSCKH.jpg,0,ADI,1554,0,0,-1,,,,
/content/Dataset/BACK/BACK-IQIFPIIM.jpg,1,BACK,1555,1,0,-1,,,,
/content/Dataset/TUM/TUM-YIQIKHRH.jpg,8,TUM,1556,8,0,-1,,,,
/content/Dataset/DEB/DEB-RWLAKGFH.jpg,2,DEB,1557,2,0,-1,,,,
/content/Dataset/DEB/DEB-SWLPYPGK.jpg,2,DEB,1558,2,0,-1,,,,
/content/Dataset/DEB/DEB-TTHIERII.jpg,2,DEB,1559,2,0,-1,,,,
/content/Dataset/LYM/LYM-RMLVIGWA.jpg,3,LYM,1560,3,0,-1,,,,
/content/Dataset/MUS/MUS-PLNLSAWG.jpg,5,MUS,1561,5,0,-1,,,,
/content/Dataset/MUS/MUS-QFSNFHVT.jpg,5,MUS,1562,5,0,-1,,,,
/content/Dataset/ADI/ADI-HRMTTPSP.jpg,0,ADI,1563,0,0,-1,,,,
/content/Dataset/MUS/MUS-CIKKELKA.jpg,5,MUS,1564,5,0,-1,,,,
/content/Dataset/NORM/NORM-VEGHVYAS.jpg,6,NORM,1565,6,0,-1,,,,
/content/Dataset/STR/STR-YKQPAWRS.jpg,7,STR,1566,7,0,-1,,,,
/content/Dataset/BACK/BACK-LRESVHME.jpg,1,BACK,1567,1,0,-1,,,,
/content/Dataset/BACK/BACK-DLGLIAQG.jpg,1,BACK,1568,1,0,-1,,,,
/content/Dataset/LYM/LYM-NHVYNWIS.jpg,3,LYM,1569,3,0,-1,,,,
/content/Dataset/ADI/ADI-CCRDIHVF.jpg,0,ADI,1570,0,0,-1,,,,
/content/Dataset/BACK/BACK-AEPSLEWR.jpg,1,BACK,1571,1,0,-1,,,,
/content/Dataset/MUS/MUS-PVYKITKL.jpg,5,MUS,1572,5,0,-1,,,,
/content/Dataset/TUM/TUM-VQSTHCDG.jpg,8,TUM,1573,8,0,-1,,,,
/content/Dataset/NORM/NORM-MDDCHKPP.jpg,6,NORM,1574,6,0,-1,,,,
/content/Dataset/MUS/MUS-QSHKGGWA.jpg,5,MUS,1575,5,0,-1,,,,
/content/Dataset/MUC/MUC-AFVKMCKE.jpg,4,MUC,1576,4,0,-1,,,,
/content/Dataset/MUC/MUC-WIYMQNST.jpg,4,MUC,1577,4,0,-1,,,,
/content/Dataset/TUM/TUM-RHNYLNAA.jpg,8,TUM,1578,8,0,-1,,,,
/content/Dataset/BACK/BACK-MKYWPQER.jpg,1,BACK,1579,1,0,-1,,,,
/content/Dataset/TUM/TUM-TYLEPMWM.jpg,8,TUM,1580,8,0,-1,,,,
/content/Dataset/TUM/TUM-QMLMMTDG.jpg,8,TUM,1581,8,0,-1,,,,
/content/Dataset/MUC/MUC-PEEVPRPK.jpg,4,MUC,1582,4,0,-1,,,,
/content/Dataset/LYM/LYM-RCWCETRR.jpg,3,LYM,1583,3,0,-1,,,,
/content/Dataset/NORM/NORM-SGNHVHPS.jpg,6,NORM,1584,6,0,-1,,,,
/content/Dataset/MUC/MUC-RMMCVIAS.jpg,4,MUC,1585,4,0,-1,,,,
/content/Dataset/DEB/DEB-VGNTIIKE.jpg,2,DEB,1586,2,0,-1,,,,
/content/Dataset/LYM/LYM-QNSPPQET.jpg,3,LYM,1587,3,0,-1,,,,
/content/Dataset/STR/STR-MYMDDFDN.jpg,7,STR,1588,7,0,-1,,,,
/content/Dataset/NORM/NORM-VYGYWCPV.jpg,6,NORM,1589,6,0,-1,,,,
/content/Dataset/MUC/MUC-QFTWFHSW.jpg,4,MUC,1590,4,0,-1,,,,
/content/Dataset/NORM/NORM-NFWASFME.jpg,6,NORM,1591,6,0,-1,,,,
/content/Dataset/ADI/ADI-HNDKQIRY.jpg,0,ADI,1592,0,0,-1,,,,
/content/Dataset/ADI/ADI-CPQDIPWR.jpg,0,ADI,1593,0,0,-1,,,,
/content/Dataset/DEB/DEB-VIATKSWR.jpg,2,DEB,1594,2,0,-1,,,,
/content/Dataset/MUC/MUC-RQIKMLDQ.jpg,4,MUC,1595,4,0,-1,,,,
/content/Dataset/MUS/MUS-SNDRMGYR.jpg,5,MUS,1596,5,0,-1,,,,
/content/Dataset/STR/STR-RHYSWNPA.jpg,7,STR,1597,7,0,-1,,,,
/content/Dataset/NORM/NORM-WAWRRKSR.jpg,6,NORM,1598,6,0,-1,,,,
/content/Dataset/MUC/MUC-LQSYKYML.jpg,4,MUC,1599,4,0,-1,,,,
/content/Dataset/LYM/LYM-NLENSHMF.jpg,3,LYM,1600,3,0,-1,,,,
/content/Dataset/MUC/MUC-PTLYGNAP.jpg,4,MUC,1601,4,0,-1,,,,
/content/Dataset/DEB/DEB-NVRHQGCP.jpg,2,DEB,1602,2,0,-1,,,,
/content/Dataset/LYM/LYM-SACKGWKF.jpg,3,LYM,1603,3,0,-1,,,,
/content/Dataset/NORM/NORM-SAGLWLVW.jpg,6,NORM,1604,6,0,-1,,,,
/content/Dataset/BACK/BACK-LPRHKLTG.jpg,1,BACK,1605,1,0,-1,,,,
/content/Dataset/LYM/LYM-AWTDQIAL.jpg,3,LYM,1606,3,0,-1,,,,
/content/Dataset/BACK/BACK-NWQMAYWA.jpg,1,BACK,1607,1,0,-1,,,,
/content/Dataset/STR/STR-PFGFTHRE.jpg,7,STR,1608,7,0,-1,,,,
/content/Dataset/DEB/DEB-WPMNGRYR.jpg,2,DEB,1609,2,0,-1,,,,
/content/Dataset/TUM/TUM-WAQFRIVW.jpg,8,TUM,1610,8,0,-1,,,,
/content/Dataset/NORM/NORM-LTHAVHPK.jpg,6,NORM,1611,6,0,-1,,,,
/content/Dataset/ADI/ADI-APWIQDNW.jpg,0,ADI,1612,0,0,-1,,,,
/content/Dataset/STR/STR-VKKGTYHI.jpg,7,STR,1613,7,0,-1,,,,
/content/Dataset/TUM/TUM-WMFARFQT.jpg,8,TUM,1614,8,0,-1,,,,
/content/Dataset/BACK/BACK-NVVLVIKW.jpg,1,BACK,1615,1,0,-1,,,,
/content/Dataset/BACK/BACK-NSTPKSMG.jpg,1,BACK,1616,1,0,-1,,,,
/content/Dataset/MUS/MUS-PQEFKIAM.jpg,5,MUS,1617,5,0,-1,,,,
/content/Dataset/STR/STR-YGQSNQMR.jpg,7,STR,1618,7,0,-1,,,,
/content/Dataset/MUC/MUC-TILNWDMV.jpg,4,MUC,1619,4,0,-1,,,,
/content/Dataset/BACK/BACK-KCGWYRGS.jpg,1,BACK,1620,1,0,-1,,,,
/content/Dataset/NORM/NORM-NEKWSSQA.jpg,6,NORM,1621,6,0,-1,,,,
/content/Dataset/MUS/MUS-SNLHSYFR.jpg,5,MUS,1622,5,0,-1,,,,
/content/Dataset/MUC/MUC-TSGRWIKD.jpg,4,MUC,1623,4,0,-1,,,,
/content/Dataset/MUC/MUC-AAAERKWD.jpg,4,MUC,1624,4,0,-1,,,,
/content/Dataset/LYM/LYM-SIYCPYYK.jpg,3,LYM,1625,3,0,-1,,,,
/content/Dataset/BACK/BACK-PFFCVRPR.jpg,1,BACK,1626,1,0,-1,,,,
/content/Dataset/NORM/NORM-TEINHWVQ.jpg,6,NORM,1627,6,0,-1,,,,
/content/Dataset/DEB/DEB-WAMGFMYK.jpg,2,DEB,1628,2,0,-1,,,,
/content/Dataset/TUM/TUM-RIFTPQQD.jpg,8,TUM,1629,8,0,-1,,,,
/content/Dataset/ADI/ADI-EDTWGNHY.jpg,0,ADI,1630,0,0,-1,,,,
/content/Dataset/ADI/ADI-DYNNMQAW.jpg,0,ADI,1631,0,0,-1,,,,
/content/Dataset/MUC/MUC-YTLWTYVQ.jpg,4,MUC,1632,4,0,-1,,,,
/content/Dataset/MUS/MUS-SHLCNWTV.jpg,5,MUS,1633,5,0,-1,,,,
/content/Dataset/BACK/BACK-NLAYVMKR.jpg,1,BACK,1634,1,0,-1,,,,
/content/Dataset/MUC/MUC-YQHMAANW.jpg,4,MUC,1635,4,0,-1,,,,
/content/Dataset/TUM/TUM-YIEWIMGC.jpg,8,TUM,1636,8,0,-1,,,,
/content/Dataset/MUC/MUC-QHGVLIPY.jpg,4,MUC,1637,4,0,-1,,,,
/content/Dataset/STR/STR-YDYSQKAY.jpg,7,STR,1638,7,0,-1,,,,
/content/Dataset/NORM/NORM-LWDKTMFT.jpg,6,NORM,1639,6,0,-1,,,,
/content/Dataset/LYM/LYM-PCTVAPDD.jpg,3,LYM,1640,3,0,-1,,,,
/content/Dataset/DEB/DEB-SMWFCAQI.jpg,2,DEB,1641,2,0,-1,,,,
/content/Dataset/MUC/MUC-SRMELSKP.jpg,4,MUC,1642,4,0,-1,,,,
/content/Dataset/LYM/LYM-VGYEMTSV.jpg,3,LYM,1643,3,0,-1,,,,
/content/Dataset/DEB/DEB-YNAIGTRA.jpg,2,DEB,1644,2,0,-1,,,,
/content/Dataset/ADI/ADI-IMILMPIS.jpg,0,ADI,1645,0,0,-1,,,,
/content/Dataset/MUS/MUS-RALKSPTK.jpg,5,MUS,1646,5,0,-1,,,,
/content/Dataset/BACK/BACK-NDVSDDGH.jpg,1,BACK,1647,1,0,-1,,,,
/content/Dataset/NORM/NORM-SYKNTPPR.jpg,6,NORM,1648,6,0,-1,,,,
/content/Dataset/ADI/ADI-EHNFLPNW.jpg,0,ADI,1649,0,0,-1,,,,
/content/Dataset/DEB/DEB-QFYGWQQC.jpg,2,DEB,1650,2,0,-1,,,,
/content/Dataset/MUS/MUS-VIHYKWAE.jpg,5,MUS,1651,5,0,-1,,,,
/content/Dataset/ADI/ADI-DEPMKYLS.jpg,0,ADI,1652,0,0,-1,,,,
/content/Dataset/STR/STR-YKGHTNVT.jpg,7,STR,1653,7,0,-1,,,,
/content/Dataset/MUS/MUS-ADPSVFMI.jpg,5,MUS,1654,5,0,-1,,,,
/content/Dataset/BACK/BACK-NNACNSGK.jpg,1,BACK,1655,1,0,-1,,,,
/content/Dataset/MUS/MUS-QAGNWTIE.jpg,5,MUS,1656,5,0,-1,,,,
/content/Dataset/NORM/NORM-WDLSLMRN.jpg,6,NORM,1657,6,0,-1,,,,
/content/Dataset/TUM/TUM-WVCKIPPV.jpg,8,TUM,1658,8,0,-1,,,,
/content/Dataset/NORM/NORM-LGYLMNTD.jpg,6,NORM,1659,6,0,-1,,,,
/content/Dataset/LYM/LYM-VMYGEWTE.jpg,3,LYM,1660,3,0,-1,,,,
/content/Dataset/DEB/DEB-VEERNRTY.jpg,2,DEB,1661,2,0,-1,,,,
/content/Dataset/MUS/MUS-CIHSSWPV.jpg,5,MUS,1662,5,0,-1,,,,
/content/Dataset/STR/STR-TGHNFPWL.jpg,7,STR,1663,7,0,-1,,,,
/content/Dataset/BACK/BACK-FWVLTWWW.jpg,1,BACK,1664,1,0,-1,,,,
/content/Dataset/MUS/MUS-NMFKCINH.jpg,5,MUS,1665,5,0,-1,,,,
/content/Dataset/NORM/NORM-RCTFWQEE.jpg,6,NORM,1666,6,0,-1,,,,
/content/Dataset/STR/STR-PGYLMGQR.jpg,7,STR,1667,7,0,-1,,,,
/content/Dataset/BACK/BACK-LRTWFSDS.jpg,1,BACK,1668,1,0,-1,,,,
/content/Dataset/ADI/ADI-CGQSGDQN.jpg,0,ADI,1669,0,0,-1,,,,
/content/Dataset/ADI/ADI-DFQHGWGD.jpg,0,ADI,1670,0,0,-1,,,,
/content/Dataset/BACK/BACK-NVKNGRFC.jpg,1,BACK,1671,1,0,-1,,,,
/content/Dataset/MUC/MUC-ASDCDTEV.jpg,4,MUC,1672,4,0,-1,,,,
/content/Dataset/STR/STR-WFWLEACE.jpg,7,STR,1673,7,0,-1,,,,
/content/Dataset/BACK/BACK-MDLCLTFD.jpg,1,BACK,1674,1,0,-1,,,,
/content/Dataset/LYM/LYM-NNRYLVSW.jpg,3,LYM,1675,3,0,-1,,,,
/content/Dataset/MUS/MUS-AWRAQDTE.jpg,5,MUS,1676,5,0,-1,,,,
/content/Dataset/NORM/NORM-PYCTYHHS.jpg,6,NORM,1677,6,0,-1,,,,
/content/Dataset/MUS/MUS-AQDASDTW.jpg,5,MUS,1678,5,0,-1,,,,
/content/Dataset/MUS/MUS-STTQIPRA.jpg,5,MUS,1679,5,0,-1,,,,
/content/Dataset/TUM/TUM-TCIDEDKG.jpg,8,TUM,1680,8,0,-1,,,,
/content/Dataset/MUC/MUC-MLYPAFMT.jpg,4,MUC,1681,4,0,-1,,,,
/content/Dataset/STR/STR-QWGPHYTK.jpg,7,STR,1682,7,0,-1,,,,
/content/Dataset/MUC/MUC-PGLGIMNC.jpg,4,MUC,1683,4,0,-1,,,,
/content/Dataset/ADI/ADI-AANCAVPI.jpg,0,ADI,1684,0,0,-1,,,,
/content/Dataset/DEB/DEB-YQIDAILY.jpg,2,DEB,1685,2,0,-1,,,,
/content/Dataset/ADI/ADI-EQWHIPDH.jpg,0,ADI,1686,0,0,-1,,,,
/content/Dataset/LYM/LYM-QLELMPKC.jpg,3,LYM,1687,3,0,-1,,,,
/content/Dataset/MUC/MUC-STAPVKDL.jpg,4,MUC,1688,4,0,-1,,,,
/content/Dataset/ADI/ADI-GAWMTLAY.jpg,0,ADI,1689,0,0,-1,,,,
/content/Dataset/STR/STR-SKCWRSGI.jpg,7,STR,1690,7,0,-1,,,,
/content/Dataset/STR/STR-RITAQCRM.jpg,7,STR,1691,7,0,-1,,,,
/content/Dataset/STR/STR-NFDHGDFV.jpg,7,STR,1692,7,0,-1,,,,
/content/Dataset/TUM/TUM-YSVLEHPR.jpg,8,TUM,1693,8,0,-1,,,,
/content/Dataset/NORM/NORM-TNHTLDTY.jpg,6,NORM,1694,6,0,-1,,,,
/content/Dataset/MUC/MUC-VTVQENVP.jpg,4,MUC,1695,4,0,-1,,,,
/content/Dataset/TUM/TUM-QIDMKVMC.jpg,8,TUM,1696,8,0,-1,,,,
/content/Dataset/NORM/NORM-NGGTQMAG.jpg,6,NORM,1697,6,0,-1,,,,
/content/Dataset/LYM/LYM-SQHNMKSC.jpg,3,LYM,1698,3,0,-1,,,,
/content/Dataset/TUM/TUM-YRSNLTIA.jpg,8,TUM,1699,8,0,-1,,,,
/content/Dataset/LYM/LYM-EMSTHTVW.jpg,3,LYM,1700,3,0,-1,,,,
/content/Dataset/MUC/MUC-TVGSQTEI.jpg,4,MUC,1701,4,0,-1,,,,
/content/Dataset/NORM/NORM-MILDQLMY.jpg,6,NORM,1702,6,0,-1,,,,
/content/Dataset/BACK/BACK-CPCYVNAH.jpg,1,BACK,1703,1,0,-1,,,,
/content/Dataset/STR/STR-QCHLPRQK.jpg,7,STR,1704,7,0,-1,,,,
/content/Dataset/DEB/DEB-SPEAALPR.jpg,2,DEB,1705,2,0,-1,,,,
/content/Dataset/STR/STR-RRSDNKWG.jpg,7,STR,1706,7,0,-1,,,,
/content/Dataset/DEB/DEB-YAGQKWLD.jpg,2,DEB,1707,2,0,-1,,,,
/content/Dataset/MUC/MUC-WPGHWRYR.jpg,4,MUC,1708,4,0,-1,,,,
/content/Dataset/MUC/MUC-QHIMRNSE.jpg,4,MUC,1709,4,0,-1,,,,
/content/Dataset/STR/STR-MLVQEISY.jpg,7,STR,1710,7,0,-1,,,,
/content/Dataset/BACK/BACK-NPHQYKII.jpg,1,BACK,1711,1,0,-1,,,,
/content/Dataset/DEB/DEB-TSSNTRYS.jpg,2,DEB,1712,2,0,-1,,,,
/content/Dataset/DEB/DEB-VCTTNPPC.jpg,2,DEB,1713,2,0,-1,,,,
/content/Dataset/MUS/MUS-PHLTYSWI.jpg,5,MUS,1714,5,0,-1,,,,
/content/Dataset/NORM/NORM-TEGLRCIQ.jpg,6,NORM,1715,6,0,-1,,,,
/content/Dataset/NORM/NORM-QSPSYAMI.jpg,6,NORM,1716,6,0,-1,,,,
/content/Dataset/LYM/LYM-NFGFCSHM.jpg,3,LYM,1717,3,0,-1,,,,
/content/Dataset/MUS/MUS-PGTWQCCK.jpg,5,MUS,1718,5,0,-1,,,,
/content/Dataset/MUC/MUC-WDISHLGI.jpg,4,MUC,1719,4,0,-1,,,,
/content/Dataset/BACK/BACK-NMHKQWST.jpg,1,BACK,1720,1,0,-1,,,,
/content/Dataset/DEB/DEB-RQAAQLHY.jpg,2,DEB,1721,2,0,-1,,,,
/content/Dataset/DEB/DEB-TATSGTNQ.jpg,2,DEB,1722,2,0,-1,,,,
/content/Dataset/MUS/MUS-CAFTRNKC.jpg,5,MUS,1723,5,0,-1,,,,
/content/Dataset/MUC/MUC-YHDPFRIE.jpg,4,MUC,1724,4,0,-1,,,,
/content/Dataset/MUS/MUS-ANHEQFIY.jpg,5,MUS,1725,5,0,-1,,,,
/content/Dataset/MUC/MUC-WKLVNFGY.jpg,4,MUC,1726,4,0,-1,,,,
/content/Dataset/MUC/MUC-SPCDQASF.jpg,4,MUC,1727,4,0,-1,,,,
/content/Dataset/LYM/LYM-QSVVIENV.jpg,3,LYM,1728,3,0,-1,,,,
/content/Dataset/DEB/DEB-VVFERIRS.jpg,2,DEB,1729,2,0,-1,,,,
/content/Dataset/NORM/NORM-QLKASDHV.jpg,6,NORM,1730,6,0,-1,,,,
/content/Dataset/NORM/NORM-VQSHVPRS.jpg,6,NORM,1731,6,0,-1,,,,
/content/Dataset/ADI/ADI-DIQQVKTE.jpg,0,ADI,1732,0,0,-1,,,,
/content/Dataset/TUM/TUM-SHCFPTPL.jpg,8,TUM,1733,8,0,-1,,,,
/content/Dataset/LYM/LYM-ENGRGCNS.jpg,3,LYM,1734,3,0,-1,,,,
/content/Dataset/BACK/BACK-IMWGAHCI.jpg,1,BACK,1735,1,0,-1,,,,
/content/Dataset/BACK/BACK-KNDMNWSD.jpg,1,BACK,1736,1,0,-1,,,,
/content/Dataset/ADI/ADI-GLCKFFHH.jpg,0,ADI,1737,0,0,-1,,,,
/content/Dataset/DEB/DEB-NYNNMAQV.jpg,2,DEB,1738,2,0,-1,,,,
/content/Dataset/NORM/NORM-LPKSLNDV.jpg,6,NORM,1739,6,0,-1,,,,
/content/Dataset/BACK/BACK-NQFVNQEE.jpg,1,BACK,1740,1,0,-1,,,,
/content/Dataset/ADI/ADI-ILGYMTMD.jpg,0,ADI,1741,0,0,-1,,,,
/content/Dataset/LYM/LYM-QHRGTAWF.jpg,3,LYM,1742,3,0,-1,,,,
/content/Dataset/MUS/MUS-RHIRCWRM.jpg,5,MUS,1743,5,0,-1,,,,
/content/Dataset/ADI/ADI-FCNVGGLT.jpg,0,ADI,1744,0,0,-1,,,,
/content/Dataset/MUC/MUC-NFDIQTDP.jpg,4,MUC,1745,4,0,-1,,,,
/content/Dataset/ADI/ADI-FMVKQDVF.jpg,0,ADI,1746,0,0,-1,,,,
/content/Dataset/STR/STR-PDMFMRAL.jpg,7,STR,1747,7,0,-1,,,,
/content/Dataset/MUS/MUS-VHHNCFSE.jpg,5,MUS,1748,5,0,-1,,,,
/content/Dataset/STR/STR-TEFLLAFP.jpg,7,STR,1749,7,0,-1,,,,
/content/Dataset/MUC/MUC-VYEFPCIW.jpg,4,MUC,1750,4,0,-1,,,,
/content/Dataset/MUC/MUC-KGYLSIMC.jpg,4,MUC,1751,4,0,-1,,,,
/content/Dataset/DEB/DEB-QNRQMSCI.jpg,2,DEB,1752,2,0,-1,,,,
/content/Dataset/NORM/NORM-RPGMLQRF.jpg,6,NORM,1753,6,0,-1,,,,
/content/Dataset/DEB/DEB-THRLRTRT.jpg,2,DEB,1754,2,0,-1,,,,
/content/Dataset/NORM/NORM-LERYKWPF.jpg,6,NORM,1755,6,0,-1,,,,
/content/Dataset/DEB/DEB-QPTNQDAD.jpg,2,DEB,1756,2,0,-1,,,,
/content/Dataset/NORM/NORM-MARKYYFD.jpg,6,NORM,1757,6,0,-1,,,,
/content/Dataset/BACK/BACK-KTGGGQCH.jpg,1,BACK,1758,1,0,-1,,,,
/content/Dataset/ADI/ADI-FPMSCHQT.jpg,0,ADI,1759,0,0,-1,,,,
/content/Dataset/DEB/DEB-QKMITKWQ.jpg,2,DEB,1760,2,0,-1,,,,
/content/Dataset/ADI/ADI-DSNSHEGY.jpg,0,ADI,1761,0,0,-1,,,,
/content/Dataset/MUS/MUS-QKESTRAS.jpg,5,MUS,1762,5,0,-1,,,,
/content/Dataset/LYM/LYM-ADYSQHMP.jpg,3,LYM,1763,3,0,-1,,,,
/content/Dataset/TUM/TUM-TYTDAHVK.jpg,8,TUM,1764,8,0,-1,,,,
/content/Dataset/BACK/BACK-INTMREYA.jpg,1,BACK,1765,1,0,-1,,,,
/content/Dataset/ADI/ADI-AWENKMSP.jpg,0,ADI,1766,0,0,-1,,,,
/content/Dataset/ADI/ADI-DEPQMWQP.jpg,0,ADI,1767,0,0,-1,,,,
/content/Dataset/LYM/LYM-KDVKYVCK.jpg,3,LYM,1768,3,0,-1,,,,
/content/Dataset/MUC/MUC-YFMMGSFW.jpg,4,MUC,1769,4,0,-1,,,,
/content/Dataset/STR/STR-PSPMMPWK.jpg,7,STR,1770,7,0,-1,,,,
/content/Dataset/BACK/BACK-IGLLCYTH.jpg,1,BACK,1771,1,0,-1,,,,
/content/Dataset/LYM/LYM-MMDMMDMR.jpg,3,LYM,1772,3,0,-1,,,,
/content/Dataset/BACK/BACK-LSFTSGSV.jpg,1,BACK,1773,1,0,-1,,,,
/content/Dataset/TUM/TUM-THSCMWVN.jpg,8,TUM,1774,8,0,-1,,,,
/content/Dataset/MUS/MUS-NRIRTDSE.jpg,5,MUS,1775,5,0,-1,,,,
/content/Dataset/STR/STR-NVTEARTY.jpg,7,STR,1776,7,0,-1,,,,
/content/Dataset/MUC/MUC-QTMCCWPV.jpg,4,MUC,1777,4,0,-1,,,,
/content/Dataset/LYM/LYM-VACRYKPI.jpg,3,LYM,1778,3,0,-1,,,,
/content/Dataset/TUM/TUM-QYWGMRQI.jpg,8,TUM,1779,8,0,-1,,,,
/content/Dataset/MUC/MUC-NTEGQIAF.jpg,4,MUC,1780,4,0,-1,,,,
/content/Dataset/LYM/LYM-VKIPLEQN.jpg,3,LYM,1781,3,0,-1,,,,
/content/Dataset/MUC/MUC-QKWCLQTE.jpg,4,MUC,1782,4,0,-1,,,,
/content/Dataset/STR/STR-QRQLKGAD.jpg,7,STR,1783,7,0,-1,,,,
/content/Dataset/MUC/MUC-VSYYEEKF.jpg,4,MUC,1784,4,0,-1,,,,
/content/Dataset/LYM/LYM-TLKGGQHK.jpg,3,LYM,1785,3,0,-1,,,,
/content/Dataset/NORM/NORM-PGYFCSFP.jpg,6,NORM,1786,6,0,-1,,,,
/content/Dataset/STR/STR-YFYPDGNQ.jpg,7,STR,1787,7,0,-1,,,,
/content/Dataset/TUM/TUM-SKTSFMTV.jpg,8,TUM,1788,8,0,-1,,,,
/content/Dataset/ADI/ADI-IHYAFMQQ.jpg,0,ADI,1789,0,0,-1,,,,
/content/Dataset/ADI/ADI-IAWRHYVP.jpg,0,ADI,1790,0,0,-1,,,,
/content/Dataset/TUM/TUM-TDEGIHRE.jpg,8,TUM,1791,8,0,-1,,,,
/content/Dataset/MUC/MUC-SQEPWWRH.jpg,4,MUC,1792,4,0,-1,,,,
/content/Dataset/LYM/LYM-PQEQVCYK.jpg,3,LYM,1793,3,0,-1,,,,
/content/Dataset/TUM/TUM-RSFRLEHW.jpg,8,TUM,1794,8,0,-1,,,,
/content/Dataset/LYM/LYM-ALWKVHGC.jpg,3,LYM,1795,3,0,-1,,,,
/content/Dataset/LYM/LYM-QADFSPWA.jpg,3,LYM,1796,3,0,-1,,,,
/content/Dataset/NORM/NORM-AGIKSVFD.jpg,6,NORM,1797,6,0,-1,,,,
/content/Dataset/ADI/ADI-CGSAGNYP.jpg,0,ADI,1798,0,0,-1,,,,
/content/Dataset/ADI/ADI-GVGLSGCA.jpg,0,ADI,1799,0,0,-1,,,,
/content/Dataset/ADI/ADI-HHNKEKAS.jpg,0,ADI,1800,0,0,-1,,,,
/content/Dataset/MUS/MUS-PCDLGAYE.jpg,5,MUS,1801,5,0,-1,,,,
/content/Dataset/DEB/DEB-YIIEGYSC.jpg,2,DEB,1802,2,0,-1,,,,
/content/Dataset/MUC/MUC-VMTHDNNM.jpg,4,MUC,1803,4,0,-1,,,,
/content/Dataset/DEB/DEB-VETMAHHM.jpg,2,DEB,1804,2,0,-1,,,,
/content/Dataset/DEB/DEB-PTPELGDY.jpg,2,DEB,1805,2,0,-1,,,,
/content/Dataset/NORM/NORM-RDISDRVS.jpg,6,NORM,1806,6,0,-1,,,,
/content/Dataset/DEB/DEB-QMLDFIQS.jpg,2,DEB,1807,2,0,-1,,,,
/content/Dataset/ADI/ADI-EFYALYHV.jpg,0,ADI,1808,0,0,-1,,,,
/content/Dataset/STR/STR-PWSANTSS.jpg,7,STR,1809,7,0,-1,,,,
/content/Dataset/ADI/ADI-HEEKMAFH.jpg,0,ADI,1810,0,0,-1,,,,
/content/Dataset/BACK/BACK-AICKAMWM.jpg,1,BACK,1811,1,0,-1,,,,
/content/Dataset/DEB/DEB-WSKTKTVD.jpg,2,DEB,1812,2,0,-1,,,,
/content/Dataset/NORM/NORM-LFGRKDHT.jpg,6,NORM,1813,6,0,-1,,,,
/content/Dataset/LYM/LYM-TRQKVQFT.jpg,3,LYM,1814,3,0,-1,,,,
/content/Dataset/TUM/TUM-QGQTCNHQ.jpg,8,TUM,1815,8,0,-1,,,,
/content/Dataset/DEB/DEB-QWQEKAQD.jpg,2,DEB,1816,2,0,-1,,,,
/content/Dataset/MUC/MUC-AKGREGHR.jpg,4,MUC,1817,4,0,-1,,,,
/content/Dataset/MUC/MUC-WRGDKAGE.jpg,4,MUC,1818,4,0,-1,,,,
/content/Dataset/LYM/LYM-QWQIMIAI.jpg,3,LYM,1819,3,0,-1,,,,
/content/Dataset/BACK/BACK-LNVSFRMW.jpg,1,BACK,1820,1,0,-1,,,,
/content/Dataset/TUM/TUM-TVISPRIK.jpg,8,TUM,1821,8,0,-1,,,,
/content/Dataset/MUC/MUC-NHPFKFGG.jpg,4,MUC,1822,4,0,-1,,,,
/content/Dataset/BACK/BACK-KDVFAYHK.jpg,1,BACK,1823,1,0,-1,,,,
/content/Dataset/MUS/MUS-RQPNVQPN.jpg,5,MUS,1824,5,0,-1,,,,
/content/Dataset/LYM/LYM-NHAYHADD.jpg,3,LYM,1825,3,0,-1,,,,
/content/Dataset/MUS/MUS-QKEAQHHS.jpg,5,MUS,1826,5,0,-1,,,,
/content/Dataset/TUM/TUM-RCYDTQIQ.jpg,8,TUM,1827,8,0,-1,,,,
/content/Dataset/TUM/TUM-WMKMMDIW.jpg,8,TUM,1828,8,0,-1,,,,
/content/Dataset/STR/STR-TMDTMRVI.jpg,7,STR,1829,7,0,-1,,,,
/content/Dataset/STR/STR-RQLAWCST.jpg,7,STR,1830,7,0,-1,,,,
/content/Dataset/ADI/ADI-AMRHGYPF.jpg,0,ADI,1831,0,0,-1,,,,
/content/Dataset/BACK/BACK-KGWAQHSG.jpg,1,BACK,1832,1,0,-1,,,,
/content/Dataset/MUS/MUS-NSSIYRWI.jpg,5,MUS,1833,5,0,-1,,,,
/content/Dataset/BACK/BACK-IRFFHINV.jpg,1,BACK,1834,1,0,-1,,,,
/content/Dataset/LYM/LYM-QMGDGNSI.jpg,3,LYM,1835,3,0,-1,,,,
/content/Dataset/ADI/ADI-CPKKVKRD.jpg,0,ADI,1836,0,0,-1,,,,
/content/Dataset/BACK/BACK-EEKDWVRY.jpg,1,BACK,1837,1,0,-1,,,,
/content/Dataset/DEB/DEB-WGLCNWSK.jpg,2,DEB,1838,2,0,-1,,,,
/content/Dataset/TUM/TUM-YFNLHPWE.jpg,8,TUM,1839,8,0,-1,,,,
/content/Dataset/DEB/DEB-RANSEQTA.jpg,2,DEB,1840,2,0,-1,,,,
/content/Dataset/DEB/DEB-PAVTYCLI.jpg,2,DEB,1841,2,0,-1,,,,
/content/Dataset/DEB/DEB-WQNMVNSL.jpg,2,DEB,1842,2,0,-1,,,,
/content/Dataset/BACK/BACK-INIVVTNQ.jpg,1,BACK,1843,1,0,-1,,,,
/content/Dataset/MUC/MUC-TKNATFIG.jpg,4,MUC,1844,4,0,-1,,,,
/content/Dataset/BACK/BACK-PFALSANQ.jpg,1,BACK,1845,1,0,-1,,,,
/content/Dataset/MUC/MUC-YNCWGCWD.jpg,4,MUC,1846,4,0,-1,,,,
/content/Dataset/LYM/LYM-PGMATALP.jpg,3,LYM,1847,3,0,-1,,,,
/content/Dataset/STR/STR-WYYFHQEH.jpg,7,STR,1848,7,0,-1,,,,
/content/Dataset/BACK/BACK-KVLNNIGK.jpg,1,BACK,1849,1,0,-1,,,,
/content/Dataset/BACK/BACK-HTQDMAPA.jpg,1,BACK,1850,1,0,-1,,,,
/content/Dataset/BACK/BACK-ACDHCLVC.jpg,1,BACK,1851,1,0,-1,,,,
/content/Dataset/DEB/DEB-NVMFHIDN.jpg,2,DEB,1852,2,0,-1,,,,
/content/Dataset/NORM/NORM-WPYLLRAT.jpg,6,NORM,1853,6,0,-1,,,,
/content/Dataset/TUM/TUM-WWYLVIHC.jpg,8,TUM,1854,8,0,-1,,,,
/content/Dataset/MUS/MUS-TCWPSAEA.jpg,5,MUS,1855,5,0,-1,,,,
/content/Dataset/MUC/MUC-EPTTQMKS.jpg,4,MUC,1856,4,0,-1,,,,
/content/Dataset/STR/STR-NYAGCPDV.jpg,7,STR,1857,7,0,-1,,,,
/content/Dataset/MUC/MUC-HYVLSEGF.jpg,4,MUC,1858,4,0,-1,,,,
/content/Dataset/DEB/DEB-AEHIQKLQ.jpg,2,DEB,1859,2,0,-1,,,,
/content/Dataset/TUM/TUM-QEMEDNFP.jpg,8,TUM,1860,8,0,-1,,,,
/content/Dataset/BACK/BACK-KKTSADFD.jpg,1,BACK,1861,1,0,-1,,,,
/content/Dataset/ADI/ADI-EQLWGTII.jpg,0,ADI,1862,0,0,-1,,,,
/content/Dataset/LYM/LYM-TSQTQSGF.jpg,3,LYM,1863,3,0,-1,,,,
/content/Dataset/ADI/ADI-IGESIHPS.jpg,0,ADI,1864,0,0,-1,,,,
/content/Dataset/TUM/TUM-RMQAAECA.jpg,8,TUM,1865,8,0,-1,,,,
/content/Dataset/MUC/MUC-WYDCIGPG.jpg,4,MUC,1866,4,0,-1,,,,
/content/Dataset/MUC/MUC-SPRQELTC.jpg,4,MUC,1867,4,0,-1,,,,
/content/Dataset/NORM/NORM-SLAMKTVI.jpg,6,NORM,1868,6,0,-1,,,,
/content/Dataset/NORM/NORM-MMCNLYYD.jpg,6,NORM,1869,6,0,-1,,,,
/content/Dataset/MUC/MUC-MPQLSSWA.jpg,4,MUC,1870,4,0,-1,,,,
/content/Dataset/MUC/MUC-APFCPPKN.jpg,4,MUC,1871,4,0,-1,,,,
/content/Dataset/ADI/ADI-GPHMFCNG.jpg,0,ADI,1872,0,0,-1,,,,
/content/Dataset/MUC/MUC-EIWTWDWD.jpg,4,MUC,1873,4,0,-1,,,,
/content/Dataset/MUC/MUC-CAFIGRRA.jpg,4,MUC,1874,4,0,-1,,,,
/content/Dataset/NORM/NORM-WLRGNLMH.jpg,6,NORM,1875,6,0,-1,,,,
/content/Dataset/MUC/MUC-PFGWEHNQ.jpg,4,MUC,1876,4,0,-1,,,,
/content/Dataset/TUM/TUM-RCKFMSVY.jpg,8,TUM,1877,8,0,-1,,,,
/content/Dataset/BACK/BACK-AELMLGVK.jpg,1,BACK,1878,1,0,-1,,,,
/content/Dataset/STR/STR-QCHNHPWD.jpg,7,STR,1879,7,0,-1,,,,
/content/Dataset/MUC/MUC-YDMMHTCH.jpg,4,MUC,1880,4,0,-1,,,,
/content/Dataset/LYM/LYM-PSFMHTGV.jpg,3,LYM,1881,3,0,-1,,,,
/content/Dataset/DEB/DEB-VPEVYGVK.jpg,2,DEB,1882,2,0,-1,,,,
/content/Dataset/STR/STR-PWFLNTMW.jpg,7,STR,1883,7,0,-1,,,,
/content/Dataset/BACK/BACK-ACNKAIEP.jpg,1,BACK,1884,1,0,-1,,,,
/content/Dataset/NORM/NORM-NNESMLRM.jpg,6,NORM,1885,6,0,-1,,,,
/content/Dataset/TUM/TUM-YKKDDYGG.jpg,8,TUM,1886,8,0,-1,,,,
/content/Dataset/LYM/LYM-TYHFQSVL.jpg,3,LYM,1887,3,0,-1,,,,
/content/Dataset/MUC/MUC-FLFSERYD.jpg,4,MUC,1888,4,0,-1,,,,
/content/Dataset/STR/STR-NIRPRSGY.jpg,7,STR,1889,7,0,-1,,,,
/content/Dataset/NORM/NORM-SELWFAVV.jpg,6,NORM,1890,6,0,-1,,,,
/content/Dataset/LYM/LYM-VKHGDGIH.jpg,3,LYM,1891,3,0,-1,,,,
/content/Dataset/TUM/TUM-RLITHDDC.jpg,8,TUM,1892,8,0,-1,,,,
/content/Dataset/MUS/MUS-SCIRKSIG.jpg,5,MUS,1893,5,0,-1,,,,
/content/Dataset/STR/STR-WLQHSKHM.jpg,7,STR,1894,7,0,-1,,,,
/content/Dataset/STR/STR-VHWDATIE.jpg,7,STR,1895,7,0,-1,,,,
/content/Dataset/DEB/DEB-RLQPDEKM.jpg,2,DEB,1896,2,0,-1,,,,
/content/Dataset/TUM/TUM-QIGYPPNR.jpg,8,TUM,1897,8,0,-1,,,,
/content/Dataset/STR/STR-SCVIDYND.jpg,7,STR,1898,7,0,-1,,,,
/content/Dataset/BACK/BACK-MGWCEVIK.jpg,1,BACK,1899,1,0,-1,,,,
/content/Dataset/ADI/ADI-EGEYRHRM.jpg,0,ADI,1900,0,0,-1,,,,
/content/Dataset/ADI/ADI-AWFVGMQM.jpg,0,ADI,1901,0,0,-1,,,,
/content/Dataset/DEB/DEB-WRTMYPQS.jpg,2,DEB,1902,2,0,-1,,,,
/content/Dataset/BACK/BACK-KHVMMIIT.jpg,1,BACK,1903,1,0,-1,,,,
/content/Dataset/LYM/LYM-VPMARNPY.jpg,3,LYM,1904,3,0,-1,,,,
/content/Dataset/BACK/BACK-KSVCYVAM.jpg,1,BACK,1905,1,0,-1,,,,
/content/Dataset/MUC/MUC-QQQSRCMG.jpg,4,MUC,1906,4,0,-1,,,,
/content/Dataset/STR/STR-QQTGIVCP.jpg,7,STR,1907,7,0,-1,,,,
/content/Dataset/NORM/NORM-AEDSVCGQ.jpg,6,NORM,1908,6,0,-1,,,,
/content/Dataset/MUS/MUS-SVCADEQR.jpg,5,MUS,1909,5,0,-1,,,,
/content/Dataset/LYM/LYM-TMAREWLI.jpg,3,LYM,1910,3,0,-1,,,,
/content/Dataset/STR/STR-SKWNDDHR.jpg,7,STR,1911,7,0,-1,,,,
/content/Dataset/DEB/DEB-RCWSCAHL.jpg,2,DEB,1912,2,0,-1,,,,
/content/Dataset/DEB/DEB-VIQKFIDK.jpg,2,DEB,1913,2,0,-1,,,,
/content/Dataset/MUC/MUC-WFEQNDKD.jpg,4,MUC,1914,4,0,-1,,,,
/content/Dataset/BACK/BACK-IACQYCMY.jpg,1,BACK,1915,1,0,-1,,,,
/content/Dataset/ADI/ADI-EHWVWAWP.jpg,0,ADI,1916,0,0,-1,,,,
/content/Dataset/BACK/BACK-PANANLTE.jpg,1,BACK,1917,1,0,-1,,,,
/content/Dataset/ADI/ADI-FIQSNSSR.jpg,0,ADI,1918,0,0,-1,,,,
/content/Dataset/ADI/ADI-HEMWSLPP.jpg,0,ADI,1919,0,0,-1,,,,
/content/Dataset/TUM/TUM-SNNSIYVE.jpg,8,TUM,1920,8,0,-1,,,,
/content/Dataset/MUS/MUS-QFKRFLCG.jpg,5,MUS,1921,5,0,-1,,,,
/content/Dataset/LYM/LYM-QNEASEAA.jpg,3,LYM,1922,3,0,-1,,,,
/content/Dataset/BACK/BACK-PEEGKWLM.jpg,1,BACK,1923,1,0,-1,,,,
/content/Dataset/ADI/ADI-FENIALVD.jpg,0,ADI,1924,0,0,-1,,,,
/content/Dataset/LYM/LYM-TLFSCSPC.jpg,3,LYM,1925,3,0,-1,,,,
/content/Dataset/NORM/NORM-YMEAQFVE.jpg,6,NORM,1926,6,0,-1,,,,
/content/Dataset/DEB/DEB-VKTNILKT.jpg,2,DEB,1927,2,0,-1,,,,
/content/Dataset/ADI/ADI-EVHFNLSQ.jpg,0,ADI,1928,0,0,-1,,,,
/content/Dataset/TUM/TUM-RTAGCGHE.jpg,8,TUM,1929,8,0,-1,,,,
/content/Dataset/NORM/NORM-ANMENTLS.jpg,6,NORM,1930,6,0,-1,,,,
/content/Dataset/DEB/DEB-SLQNLINR.jpg,2,DEB,1931,2,0,-1,,,,
/content/Dataset/LYM/LYM-AKCTVAVQ.jpg,3,LYM,1932,3,0,-1,,,,
/content/Dataset/DEB/DEB-YNKWAAIE.jpg,2,DEB,1933,2,0,-1,,,,
/content/Dataset/MUS/MUS-PRNFDFKD.jpg,5,MUS,1934,5,0,-1,,,,
/content/Dataset/TUM/TUM-YGGQRPEP.jpg,8,TUM,1935,8,0,-1,,,,
/content/Dataset/STR/STR-SMHWGPTH.jpg,7,STR,1936,7,0,-1,,,,
/content/Dataset/MUC/MUC-WVKYGVQF.jpg,4,MUC,1937,4,0,-1,,,,
/content/Dataset/TUM/TUM-VEQCSVAQ.jpg,8,TUM,1938,8,0,-1,,,,
/content/Dataset/MUC/MUC-IGCQENLL.jpg,4,MUC,1939,4,0,-1,,,,
/content/Dataset/BACK/BACK-PEWPDWCA.jpg,1,BACK,1940,1,0,-1,,,,
/content/Dataset/TUM/TUM-TILGYVSN.jpg,8,TUM,1941,8,0,-1,,,,
/content/Dataset/STR/STR-SLQRFIST.jpg,7,STR,1942,7,0,-1,,,,
/content/Dataset/BACK/BACK-IFSFGTRS.jpg,1,BACK,1943,1,0,-1,,,,
/content/Dataset/STR/STR-PNYVLYVV.jpg,7,STR,1944,7,0,-1,,,,
/content/Dataset/STR/STR-NGDSICFF.jpg,7,STR,1945,7,0,-1,,,,
/content/Dataset/LYM/LYM-PPPQPICM.jpg,3,LYM,1946,3,0,-1,,,,
/content/Dataset/ADI/ADI-DWMGDHIN.jpg,0,ADI,1947,0,0,-1,,,,
/content/Dataset/LYM/LYM-RAFGPPFR.jpg,3,LYM,1948,3,0,-1,,,,
/content/Dataset/ADI/ADI-FANFGDIK.jpg,0,ADI,1949,0,0,-1,,,,
/content/Dataset/DEB/DEB-WCGAQDIK.jpg,2,DEB,1950,2,0,-1,,,,
/content/Dataset/DEB/DEB-PCVVEQPG.jpg,2,DEB,1951,2,0,-1,,,,
/content/Dataset/NORM/NORM-ACAANNPV.jpg,6,NORM,1952,6,0,-1,,,,
/content/Dataset/NORM/NORM-RTKGFYCN.jpg,6,NORM,1953,6,0,-1,,,,
/content/Dataset/NORM/NORM-YNSKKSVI.jpg,6,NORM,1954,6,0,-1,,,,
/content/Dataset/DEB/DEB-PCHQPWCA.jpg,2,DEB,1955,2,0,-1,,,,
/content/Dataset/STR/STR-QLTLDGCC.jpg,7,STR,1956,7,0,-1,,,,
/content/Dataset/TUM/TUM-YCFAFDGS.jpg,8,TUM,1957,8,0,-1,,,,
/content/Dataset/DEB/DEB-PRIWSWRE.jpg,2,DEB,1958,2,0,-1,,,,
/content/Dataset/BACK/BACK-IQPANVCK.jpg,1,BACK,1959,1,0,-1,,,,
/content/Dataset/ADI/ADI-FDWKVLWP.jpg,0,ADI,1960,0,0,-1,,,,
/content/Dataset/NORM/NORM-WCTYVELV.jpg,6,NORM,1961,6,0,-1,,,,
/content/Dataset/STR/STR-PCFNFGSM.jpg,7,STR,1962,7,0,-1,,,,
/content/Dataset/MUC/MUC-CGLFTDTI.jpg,4,MUC,1963,4,0,-1,,,,
/content/Dataset/BACK/BACK-FIALWVGW.jpg,1,BACK,1964,1,0,-1,,,,
/content/Dataset/NORM/NORM-LLRYERCK.jpg,6,NORM,1965,6,0,-1,,,,
/content/Dataset/MUS/MUS-SADKDWGH.jpg,5,MUS,1966,5,0,-1,,,,
/content/Dataset/LYM/LYM-TPCPTENY.jpg,3,LYM,1967,3,0,-1,,,,
/content/Dataset/ADI/ADI-GNKSCFIY.jpg,0,ADI,1968,0,0,-1,,,,
/content/Dataset/TUM/TUM-SYCARFWG.jpg,8,TUM,1969,8,0,-1,,,,
/content/Dataset/MUC/MUC-AVMMWGHW.jpg,4,MUC,1970,4,0,-1,,,,
/content/Dataset/NORM/NORM-ALSFEDKF.jpg,6,NORM,1971,6,0,-1,,,,
/content/Dataset/TUM/TUM-YMDPNLRH.jpg,8,TUM,1972,8,0,-1,,,,
/content/Dataset/BACK/BACK-AFRLHDVY.jpg,1,BACK,1973,1,0,-1,,,,
/content/Dataset/MUS/MUS-QYDSRGGG.jpg,5,MUS,1974,5,0,-1,,,,
/content/Dataset/TUM/TUM-STNTMNYR.jpg,8,TUM,1975,8,0,-1,,,,
/content/Dataset/NORM/NORM-PCIMVGLK.jpg,6,NORM,1976,6,0,-1,,,,
/content/Dataset/DEB/DEB-TYSHFCWR.jpg,2,DEB,1977,2,0,-1,,,,
/content/Dataset/DEB/DEB-VREFYDPP.jpg,2,DEB,1978,2,0,-1,,,,
/content/Dataset/NORM/NORM-VYKQWCVR.jpg,6,NORM,1979,6,0,-1,,,,
/content/Dataset/ADI/ADI-EALTYIIT.jpg,0,ADI,1980,0,0,-1,,,,
/content/Dataset/TUM/TUM-WDNLYMVG.jpg,8,TUM,1981,8,0,-1,,,,
/content/Dataset/STR/STR-NFCGQTER.jpg,7,STR,1982,7,0,-1,,,,
/content/Dataset/STR/STR-VDMWVMNA.jpg,7,STR,1983,7,0,-1,,,,
/content/Dataset/STR/STR-YRNQNHMP.jpg,7,STR,1984,7,0,-1,,,,
/content/Dataset/STR/STR-QCKYPGPV.jpg,7,STR,1985,7,0,-1,,,,
/content/Dataset/ADI/ADI-HDWAKTAG.jpg,0,ADI,1986,0,0,-1,,,,
/content/Dataset/MUS/MUS-CDGMDIPD.jpg,5,MUS,1987,5,0,-1,,,,
/content/Dataset/BACK/BACK-NMDAEHFN.jpg,1,BACK,1988,1,0,-1,,,,
/content/Dataset/NORM/NORM-NIDMVVTS.jpg,6,NORM,1989,6,0,-1,,,,
/content/Dataset/MUS/MUS-CKGERNRR.jpg,5,MUS,1990,5,0,-1,,,,
/content/Dataset/MUS/MUS-NTWKDHPF.jpg,5,MUS,1991,5,0,-1,,,,
/content/Dataset/DEB/DEB-VKLGDLLC.jpg,2,DEB,1992,2,0,-1,,,,
/content/Dataset/BACK/BACK-NCFVYNIT.jpg,1,BACK,1993,1,0,-1,,,,
/content/Dataset/STR/STR-NASRTMMN.jpg,7,STR,1994,7,0,-1,,,,
/content/Dataset/NORM/NORM-AMNAFMMT.jpg,6,NORM,1995,6,0,-1,,,,
/content/Dataset/ADI/ADI-IMWTCTWP.jpg,0,ADI,1996,0,0,-1,,,,
/content/Dataset/MUS/MUS-NSKCLQAA.jpg,5,MUS,1997,5,0,-1,,,,
/content/Dataset/STR/STR-VCFQLADM.jpg,7,STR,1998,7,0,-1,,,,
/content/Dataset/MUS/MUS-AIKPVLED.jpg,5,MUS,1999,5,0,-1,,,,
/content/Dataset/MUS/MUS-RWSKNRSY.jpg,5,MUS,2000,5,0,-1,,,,
/content/Dataset/LYM/LYM-NTAAPSVL.jpg,3,LYM,2001,3,0,-1,,,,
/content/Dataset/BACK/BACK-KKTLMIIT.jpg,1,BACK,2002,1,0,-1,,,,
/content/Dataset/STR/STR-VSTIDQPI.jpg,7,STR,2003,7,0,-1,,,,
/content/Dataset/TUM/TUM-QDYICDSW.jpg,8,TUM,2004,8,0,-1,,,,
/content/Dataset/MUS/MUS-CKADIGTE.jpg,5,MUS,2005,5,0,-1,,,,
/content/Dataset/TUM/TUM-RPRSGVKP.jpg,8,TUM,2006,8,0,-1,,,,
/content/Dataset/LYM/LYM-YSLDLFWS.jpg,3,LYM,2007,3,0,-1,,,,
/content/Dataset/TUM/TUM-RWPETDID.jpg,8,TUM,2008,8,0,-1,,,,
/content/Dataset/TUM/TUM-SYMGQVMW.jpg,8,TUM,2009,8,0,-1,,,,
/content/Dataset/NORM/NORM-QPVEDGCF.jpg,6,NORM,2010,6,0,-1,,,,
/content/Dataset/DEB/DEB-RDWPYYHN.jpg,2,DEB,2011,2,0,-1,,,,
/content/Dataset/STR/STR-YREGWRRT.jpg,7,STR,2012,7,0,-1,,,,
/content/Dataset/BACK/BACK-LHIKAPHS.jpg,1,BACK,2013,1,0,-1,,,,
/content/Dataset/ADI/ADI-EADPPWKR.jpg,0,ADI,2014,0,0,-1,,,,
/content/Dataset/LYM/LYM-TCMDIKKI.jpg,3,LYM,2015,3,0,-1,,,,
/content/Dataset/BACK/BACK-AFEQPIHI.jpg,1,BACK,2016,1,0,-1,,,,
/content/Dataset/STR/STR-RILAQQLN.jpg,7,STR,2017,7,0,-1,,,,
/content/Dataset/MUC/MUC-GHEYKPGD.jpg,4,MUC,2018,4,0,-1,,,,
/content/Dataset/MUS/MUS-SKCDHTGV.jpg,5,MUS,2019,5,0,-1,,,,
/content/Dataset/STR/STR-TIAIQCLW.jpg,7,STR,2020,7,0,-1,,,,
/content/Dataset/LYM/LYM-QTIQWDQT.jpg,3,LYM,2021,3,0,-1,,,,
/content/Dataset/MUC/MUC-YTWLQNNY.jpg,4,MUC,2022,4,0,-1,,,,
/content/Dataset/LYM/LYM-RLKEAKQN.jpg,3,LYM,2023,3,0,-1,,,,
/content/Dataset/NORM/NORM-SVAKMFWH.jpg,6,NORM,2024,6,0,-1,,,,
/content/Dataset/ADI/ADI-IEDTTPSY.jpg,0,ADI,2025,0,0,-1,,,,
/content/Dataset/STR/STR-TGMFGCVC.jpg,7,STR,2026,7,0,-1,,,,
/content/Dataset/NORM/NORM-LMNLQSEG.jpg,6,NORM,2027,6,0,-1,,,,
/content/Dataset/LYM/LYM-QHTNMYQR.jpg,3,LYM,2028,3,0,-1,,,,
/content/Dataset/ADI/ADI-HWRYYQAI.jpg,0,ADI,2029,0,0,-1,,,,
/content/Dataset/LYM/LYM-MNPPLHPS.jpg,3,LYM,2030,3,0,-1,,,,
/content/Dataset/STR/STR-PMRRTGHD.jpg,7,STR,2031,7,0,-1,,,,
/content/Dataset/TUM/TUM-STFIEPYC.jpg,8,TUM,2032,8,0,-1,,,,
/content/Dataset/LYM/LYM-NGLYVMFQ.jpg,3,LYM,2033,3,0,-1,,,,
/content/Dataset/NORM/NORM-QCYWEPHT.jpg,6,NORM,2034,6,0,-1,,,,
/content/Dataset/DEB/DEB-QVPEQRFF.jpg,2,DEB,2035,2,0,-1,,,,
/content/Dataset/DEB/DEB-SYCQYRSS.jpg,2,DEB,2036,2,0,-1,,,,
/content/Dataset/MUC/MUC-WIPIVPQI.jpg,4,MUC,2037,4,0,-1,,,,
/content/Dataset/NORM/NORM-SIPPPHWL.jpg,6,NORM,2038,6,0,-1,,,,
/content/Dataset/ADI/ADI-AYCIHVCN.jpg,0,ADI,2039,0,0,-1,,,,
/content/Dataset/DEB/DEB-RSQDNRCM.jpg,2,DEB,2040,2,0,-1,,,,
/content/Dataset/MUS/MUS-QNPWISMM.jpg,5,MUS,2041,5,0,-1,,,,
/content/Dataset/ADI/ADI-FQKMTACV.jpg,0,ADI,2042,0,0,-1,,,,
/content/Dataset/STR/STR-NFEMHRVW.jpg,7,STR,2043,7,0,-1,,,,
/content/Dataset/LYM/LYM-QAYIEIPW.jpg,3,LYM,2044,3,0,-1,,,,
/content/Dataset/NORM/NORM-PQKNGCKQ.jpg,6,NORM,2045,6,0,-1,,,,
/content/Dataset/LYM/LYM-VHNVHNIC.jpg,3,LYM,2046,3,0,-1,,,,
/content/Dataset/MUC/MUC-RALVLVVE.jpg,4,MUC,2047,4,0,-1,,,,
/content/Dataset/ADI/ADI-NTRASARP.jpg,0,ADI,2048,0,0,-1,,,,
/content/Dataset/STR/STR-VFQKPRCE.jpg,7,STR,2049,7,0,-1,,,,
/content/Dataset/NORM/NORM-MGCKDILA.jpg,6,NORM,2050,6,0,-1,,,,
/content/Dataset/LYM/LYM-PMYIPNNM.jpg,3,LYM,2051,3,0,-1,,,,
/content/Dataset/DEB/DEB-PPPFAVTA.jpg,2,DEB,2052,2,0,-1,,,,
/content/Dataset/TUM/TUM-TRANQQIC.jpg,8,TUM,2053,8,0,-1,,,,
/content/Dataset/DEB/DEB-VDLKSVSL.jpg,2,DEB,2054,2,0,-1,,,,
/content/Dataset/BACK/BACK-MQGMGQFT.jpg,1,BACK,2055,1,0,-1,,,,
/content/Dataset/LYM/LYM-RATFFIQQ.jpg,3,LYM,2056,3,0,-1,,,,
/content/Dataset/LYM/LYM-NIPYKICN.jpg,3,LYM,2057,3,0,-1,,,,
/content/Dataset/DEB/DEB-QLQGRFEG.jpg,2,DEB,2058,2,0,-1,,,,
/content/Dataset/STR/STR-YDTIQDEV.jpg,7,STR,2059,7,0,-1,,,,
/content/Dataset/MUS/MUS-NMRPRIFC.jpg,5,MUS,2060,5,0,-1,,,,
/content/Dataset/STR/STR-RDMNHTDT.jpg,7,STR,2061,7,0,-1,,,,
/content/Dataset/BACK/BACK-LRRRHFHR.jpg,1,BACK,2062,1,0,-1,,,,
/content/Dataset/NORM/NORM-SLWPNYML.jpg,6,NORM,2063,6,0,-1,,,,
/content/Dataset/TUM/TUM-SKNWFYIV.jpg,8,TUM,2064,8,0,-1,,,,
/content/Dataset/BACK/BACK-MNLMPFVN.jpg,1,BACK,2065,1,0,-1,,,,
/content/Dataset/NORM/NORM-QEHPWMLC.jpg,6,NORM,2066,6,0,-1,,,,
/content/Dataset/BACK/BACK-MMTTVCDF.jpg,1,BACK,2067,1,0,-1,,,,
/content/Dataset/MUC/MUC-SVPVTWLG.jpg,4,MUC,2068,4,0,-1,,,,
/content/Dataset/BACK/BACK-ICKARVPK.jpg,1,BACK,2069,1,0,-1,,,,
/content/Dataset/STR/STR-WHWVFTES.jpg,7,STR,2070,7,0,-1,,,,
/content/Dataset/ADI/ADI-HLCIWQGT.jpg,0,ADI,2071,0,0,-1,,,,
/content/Dataset/STR/STR-ACSHPVFF.jpg,7,STR,2072,7,0,-1,,,,
/content/Dataset/STR/STR-QCSLDFTL.jpg,7,STR,2073,7,0,-1,,,,
/content/Dataset/MUS/MUS-TCPNFKSP.jpg,5,MUS,2074,5,0,-1,,,,
/content/Dataset/STR/STR-NSNQNSPE.jpg,7,STR,2075,7,0,-1,,,,
/content/Dataset/LYM/LYM-AACHDAGQ.jpg,3,LYM,2076,3,0,-1,,,,
/content/Dataset/DEB/DEB-TWTNPWWH.jpg,2,DEB,2077,2,0,-1,,,,
/content/Dataset/TUM/TUM-RLHMPLKK.jpg,8,TUM,2078,8,0,-1,,,,
/content/Dataset/BACK/BACK-AFFWVFYP.jpg,1,BACK,2079,1,0,-1,,,,
/content/Dataset/BACK/BACK-IDCNCCRT.jpg,1,BACK,2080,1,0,-1,,,,
/content/Dataset/MUS/MUS-AAKHYDPK.jpg,5,MUS,2081,5,0,-1,,,,
/content/Dataset/ADI/ADI-CIQFYTVP.jpg,0,ADI,2082,0,0,-1,,,,
/content/Dataset/STR/STR-NGDQSRLK.jpg,7,STR,2083,7,0,-1,,,,
/content/Dataset/TUM/TUM-YVPLQFIT.jpg,8,TUM,2084,8,0,-1,,,,
/content/Dataset/DEB/DEB-QSIRCEQF.jpg,2,DEB,2085,2,0,-1,,,,
/content/Dataset/NORM/NORM-RLTREQGT.jpg,6,NORM,2086,6,0,-1,,,,
/content/Dataset/STR/STR-MNIEDWPV.jpg,7,STR,2087,7,0,-1,,,,
/content/Dataset/MUC/MUC-WEFLTISI.jpg,4,MUC,2088,4,0,-1,,,,
/content/Dataset/BACK/BACK-MVRTNAAG.jpg,1,BACK,2089,1,0,-1,,,,
/content/Dataset/TUM/TUM-WYKARVWM.jpg,8,TUM,2090,8,0,-1,,,,
/content/Dataset/ADI/ADI-FKQSLINT.jpg,0,ADI,2091,0,0,-1,,,,
/content/Dataset/MUS/MUS-PWPNYPMV.jpg,5,MUS,2092,5,0,-1,,,,
/content/Dataset/MUS/MUS-ARSWLHYA.jpg,5,MUS,2093,5,0,-1,,,,
/content/Dataset/STR/STR-QAVGTLTS.jpg,7,STR,2094,7,0,-1,,,,
/content/Dataset/STR/STR-NKWASKHN.jpg,7,STR,2095,7,0,-1,,,,
/content/Dataset/TUM/TUM-SKWPKRPY.jpg,8,TUM,2096,8,0,-1,,,,
/content/Dataset/TUM/TUM-RMEKLAVK.jpg,8,TUM,2097,8,0,-1,,,,
/content/Dataset/MUS/MUS-RAYIAKRC.jpg,5,MUS,2098,5,0,-1,,,,
/content/Dataset/TUM/TUM-YYTSKKFI.jpg,8,TUM,2099,8,0,-1,,,,
/content/Dataset/STR/STR-PNNRPIIC.jpg,7,STR,2100,7,0,-1,,,,
/content/Dataset/MUC/MUC-PKHMYYRA.jpg,4,MUC,2101,4,0,-1,,,,
/content/Dataset/LYM/LYM-NGASFGWN.jpg,3,LYM,2102,3,0,-1,,,,
/content/Dataset/LYM/LYM-YTGKCFCM.jpg,3,LYM,2103,3,0,-1,,,,
/content/Dataset/TUM/TUM-AALYFTMF.jpg,8,TUM,2104,8,0,-1,,,,
/content/Dataset/NORM/NORM-AFWFGWHY.jpg,6,NORM,2105,6,0,-1,,,,
/content/Dataset/MUS/MUS-AWGGHCVA.jpg,5,MUS,2106,5,0,-1,,,,
/content/Dataset/ADI/ADI-FNAEWAFW.jpg,0,ADI,2107,0,0,-1,,,,
/content/Dataset/DEB/DEB-SSHLYVSE.jpg,2,DEB,2108,2,0,-1,,,,
/content/Dataset/STR/STR-VRHGLHYN.jpg,7,STR,2109,7,0,-1,,,,
/content/Dataset/LYM/LYM-RHKCDCVN.jpg,3,LYM,2110,3,0,-1,,,,
/content/Dataset/LYM/LYM-QYIHRGDY.jpg,3,LYM,2111,3,0,-1,,,,
/content/Dataset/BACK/BACK-IQYNWQGA.jpg,1,BACK,2112,1,0,-1,,,,
/content/Dataset/ADI/ADI-IVYNESAY.jpg,0,ADI,2113,0,0,-1,,,,
/content/Dataset/MUC/MUC-RMPLPHTE.jpg,4,MUC,2114,4,0,-1,,,,
/content/Dataset/LYM/LYM-TPANSQVN.jpg,3,LYM,2115,3,0,-1,,,,
/content/Dataset/STR/STR-SACCCMFA.jpg,7,STR,2116,7,0,-1,,,,
/content/Dataset/ADI/ADI-GESNNWFG.jpg,0,ADI,2117,0,0,-1,,,,
/content/Dataset/NORM/NORM-NRHVIVGM.jpg,6,NORM,2118,6,0,-1,,,,
/content/Dataset/BACK/BACK-LCVILWLH.jpg,1,BACK,2119,1,0,-1,,,,
/content/Dataset/ADI/ADI-GPCDMGKF.jpg,0,ADI,2120,0,0,-1,,,,
/content/Dataset/LYM/LYM-SSAYARVA.jpg,3,LYM,2121,3,0,-1,,,,
/content/Dataset/NORM/NORM-QTNPKQKM.jpg,6,NORM,2122,6,0,-1,,,,
/content/Dataset/MUS/MUS-PATTVAAW.jpg,5,MUS,2123,5,0,-1,,,,
/content/Dataset/ADI/ADI-AAHTSYCW.jpg,0,ADI,2124,0,0,-1,,,,
/content/Dataset/NORM/NORM-AMGTIGSP.jpg,6,NORM,2125,6,0,-1,,,,
/content/Dataset/MUS/MUS-PNYEHYNI.jpg,5,MUS,2126,5,0,-1,,,,
/content/Dataset/TUM/TUM-VIVGGNQY.jpg,8,TUM,2127,8,0,-1,,,,
/content/Dataset/MUS/MUS-CGTWIQFY.jpg,5,MUS,2128,5,0,-1,,,,
/content/Dataset/STR/STR-PTWRCTKV.jpg,7,STR,2129,7,0,-1,,,,
/content/Dataset/MUC/MUC-RWILLTSR.jpg,4,MUC,2130,4,0,-1,,,,
/content/Dataset/STR/STR-MPDFHRLF.jpg,7,STR,2131,7,0,-1,,,,
/content/Dataset/MUC/MUC-TEHAYFPF.jpg,4,MUC,2132,4,0,-1,,,,
/content/Dataset/ADI/ADI-HCCWYSCK.jpg,0,ADI,2133,0,0,-1,,,,
/content/Dataset/MUS/MUS-AHYKWVLM.jpg,5,MUS,2134,5,0,-1,,,,
/content/Dataset/LYM/LYM-YQPLHNKM.jpg,3,LYM,2135,3,0,-1,,,,
/content/Dataset/BACK/BACK-LQLTLTGT.jpg,1,BACK,2136,1,0,-1,,,,
/content/Dataset/STR/STR-SGAMPDMN.jpg,7,STR,2137,7,0,-1,,,,
/content/Dataset/STR/STR-NSQPRCCN.jpg,7,STR,2138,7,0,-1,,,,
/content/Dataset/ADI/ADI-FRVQFNYP.jpg,0,ADI,2139,0,0,-1,,,,
/content/Dataset/MUS/MUS-CKCCEEFR.jpg,5,MUS,2140,5,0,-1,,,,
/content/Dataset/DEB/DEB-SHYRCCFF.jpg,2,DEB,2141,2,0,-1,,,,
/content/Dataset/DEB/DEB-RGSKNADW.jpg,2,DEB,2142,2,0,-1,,,,
/content/Dataset/NORM/NORM-QGFEKQRK.jpg,6,NORM,2143,6,0,-1,,,,
/content/Dataset/DEB/DEB-PPVLDSTL.jpg,2,DEB,2144,2,0,-1,,,,
/content/Dataset/MUC/MUC-YGARIGQE.jpg,4,MUC,2145,4,0,-1,,,,
/content/Dataset/MUS/MUS-RWPMPRYN.jpg,5,MUS,2146,5,0,-1,,,,
/content/Dataset/ADI/ADI-FQWHWYWL.jpg,0,ADI,2147,0,0,-1,,,,
/content/Dataset/BACK/BACK-LKAFDFWT.jpg,1,BACK,2148,1,0,-1,,,,
/content/Dataset/TUM/TUM-WWIPFHGT.jpg,8,TUM,2149,8,0,-1,,,,
/content/Dataset/MUC/MUC-VDEWDQPA.jpg,4,MUC,2150,4,0,-1,,,,
/content/Dataset/TUM/TUM-YWRAERNK.jpg,8,TUM,2151,8,0,-1,,,,
/content/Dataset/BACK/BACK-KQEIQNGA.jpg,1,BACK,2152,1,0,-1,,,,
/content/Dataset/DEB/DEB-YVGRREHT.jpg,2,DEB,2153,2,0,-1,,,,
/content/Dataset/ADI/ADI-ILKCAYVS.jpg,0,ADI,2154,0,0,-1,,,,
/content/Dataset/LYM/LYM-TCVLLEWH.jpg,3,LYM,2155,3,0,-1,,,,
/content/Dataset/MUC/MUC-THCCCVSR.jpg,4,MUC,2156,4,0,-1,,,,
/content/Dataset/MUS/MUS-NYLIHYGF.jpg,5,MUS,2157,5,0,-1,,,,
/content/Dataset/ADI/ADI-CTGFYHMV.jpg,0,ADI,2158,0,0,-1,,,,
/content/Dataset/BACK/BACK-FWPAVPEW.jpg,1,BACK,2159,1,0,-1,,,,
/content/Dataset/LYM/LYM-RHLPADNR.jpg,3,LYM,2160,3,0,-1,,,,
/content/Dataset/STR/STR-YNNLTYPL.jpg,7,STR,2161,7,0,-1,,,,
/content/Dataset/MUS/MUS-SSSQERYR.jpg,5,MUS,2162,5,0,-1,,,,
/content/Dataset/DEB/DEB-SYSKQDGL.jpg,2,DEB,2163,2,0,-1,,,,
/content/Dataset/ADI/ADI-HMYDTGSM.jpg,0,ADI,2164,0,0,-1,,,,
/content/Dataset/STR/STR-SYIDTGCK.jpg,7,STR,2165,7,0,-1,,,,
/content/Dataset/BACK/BACK-LACQVMKH.jpg,1,BACK,2166,1,0,-1,,,,
/content/Dataset/STR/STR-VDKLLYKS.jpg,7,STR,2167,7,0,-1,,,,
/content/Dataset/STR/STR-WASGCCHS.jpg,7,STR,2168,7,0,-1,,,,
/content/Dataset/MUS/MUS-SCWAETRR.jpg,5,MUS,2169,5,0,-1,,,,
/content/Dataset/MUC/MUC-YMVWVPMM.jpg,4,MUC,2170,4,0,-1,,,,
/content/Dataset/LYM/LYM-YPPDYYSI.jpg,3,LYM,2171,3,0,-1,,,,
/content/Dataset/ADI/ADI-FMHMNDHC.jpg,0,ADI,2172,0,0,-1,,,,
/content/Dataset/STR/STR-VMGNCFQR.jpg,7,STR,2173,7,0,-1,,,,
/content/Dataset/BACK/BACK-AFTGRVIY.jpg,1,BACK,2174,1,0,-1,,,,
/content/Dataset/BACK/BACK-LTDKPVHT.jpg,1,BACK,2175,1,0,-1,,,,
/content/Dataset/STR/STR-TPVTFCVW.jpg,7,STR,2176,7,0,-1,,,,
/content/Dataset/BACK/BACK-ACQADCDK.jpg,1,BACK,2177,1,0,-1,,,,
/content/Dataset/BACK/BACK-FFRNCPHL.jpg,1,BACK,2178,1,0,-1,,,,
/content/Dataset/DEB/DEB-WYGSFDCL.jpg,2,DEB,2179,2,0,-1,,,,
/content/Dataset/ADI/ADI-HDFECMAT.jpg,0,ADI,2180,0,0,-1,,,,
/content/Dataset/MUC/MUC-SAYDKEND.jpg,4,MUC,2181,4,0,-1,,,,
/content/Dataset/DEB/DEB-VPWYIMHV.jpg,2,DEB,2182,2,0,-1,,,,
/content/Dataset/DEB/DEB-RSAFWCVK.jpg,2,DEB,2183,2,0,-1,,,,
/content/Dataset/DEB/DEB-WENSVDCR.jpg,2,DEB,2184,2,0,-1,,,,
/content/Dataset/BACK/BACK-NIEPGYNF.jpg,1,BACK,2185,1,0,-1,,,,
/content/Dataset/ADI/ADI-HCLFWWDT.jpg,0,ADI,2186,0,0,-1,,,,
/content/Dataset/LYM/LYM-RFYWRVAG.jpg,3,LYM,2187,3,0,-1,,,,
/content/Dataset/MUC/MUC-RISWDCCN.jpg,4,MUC,2188,4,0,-1,,,,
/content/Dataset/BACK/BACK-LYEPPDHW.jpg,1,BACK,2189,1,0,-1,,,,
/content/Dataset/MUC/MUC-TDPSDACM.jpg,4,MUC,2190,4,0,-1,,,,
/content/Dataset/BACK/BACK-NQYVYPCI.jpg,1,BACK,2191,1,0,-1,,,,
/content/Dataset/STR/STR-MYHTRWFC.jpg,7,STR,2192,7,0,-1,,,,
/content/Dataset/STR/STR-VAEQWVNE.jpg,7,STR,2193,7,0,-1,,,,
/content/Dataset/STR/STR-SFYGKSHF.jpg,7,STR,2194,7,0,-1,,,,
/content/Dataset/NORM/NORM-LTATNADF.jpg,6,NORM,2195,6,0,-1,,,,
/content/Dataset/MUC/MUC-RMQYHSCH.jpg,4,MUC,2196,4,0,-1,,,,
/content/Dataset/NORM/NORM-VIRYHLEV.jpg,6,NORM,2197,6,0,-1,,,,
/content/Dataset/LYM/LYM-SDTTHGAW.jpg,3,LYM,2198,3,0,-1,,,,
/content/Dataset/BACK/BACK-HCTDFYLK.jpg,1,BACK,2199,1,0,-1,,,,
/content/Dataset/STR/STR-TREDLVLR.jpg,7,STR,2200,7,0,-1,,,,
/content/Dataset/MUC/MUC-TLKYMKDY.jpg,4,MUC,2201,4,0,-1,,,,
/content/Dataset/BACK/BACK-LRNIEMNP.jpg,1,BACK,2202,1,0,-1,,,,
/content/Dataset/NORM/NORM-RVHIQFPF.jpg,6,NORM,2203,6,0,-1,,,,
/content/Dataset/TUM/TUM-RDKFNPMR.jpg,8,TUM,2204,8,0,-1,,,,
/content/Dataset/ADI/ADI-FYPNFCWM.jpg,0,ADI,2205,0,0,-1,,,,
/content/Dataset/MUS/MUS-ATNSDHNT.jpg,5,MUS,2206,5,0,-1,,,,
/content/Dataset/MUC/MUC-REWSSRHC.jpg,4,MUC,2207,4,0,-1,,,,
/content/Dataset/LYM/LYM-TLEYQRQI.jpg,3,LYM,2208,3,0,-1,,,,
/content/Dataset/TUM/TUM-SMITEEDE.jpg,8,TUM,2209,8,0,-1,,,,
/content/Dataset/ADI/ADI-ICIQGGFQ.jpg,0,ADI,2210,0,0,-1,,,,
/content/Dataset/DEB/DEB-NRMWVKVP.jpg,2,DEB,2211,2,0,-1,,,,
/content/Dataset/TUM/TUM-TDRNCCIA.jpg,8,TUM,2212,8,0,-1,,,,
/content/Dataset/DEB/DEB-TVCLSCPE.jpg,2,DEB,2213,2,0,-1,,,,
/content/Dataset/DEB/DEB-PMYCTCYH.jpg,2,DEB,2214,2,0,-1,,,,
/content/Dataset/MUC/MUC-RRTLRLNI.jpg,4,MUC,2215,4,0,-1,,,,
/content/Dataset/NORM/NORM-NMIYCMIL.jpg,6,NORM,2216,6,0,-1,,,,
/content/Dataset/DEB/DEB-QNRTAEKD.jpg,2,DEB,2217,2,0,-1,,,,
/content/Dataset/DEB/DEB-SMSRYHLN.jpg,2,DEB,2218,2,0,-1,,,,
/content/Dataset/STR/STR-NPFNGWRP.jpg,7,STR,2219,7,0,-1,,,,
/content/Dataset/MUC/MUC-VIQANKSQ.jpg,4,MUC,2220,4,0,-1,,,,
/content/Dataset/MUS/MUS-PWTYFKRH.jpg,5,MUS,2221,5,0,-1,,,,
/content/Dataset/BACK/BACK-HKTLTFYR.jpg,1,BACK,2222,1,0,-1,,,,
/content/Dataset/STR/STR-PQPFCIFE.jpg,7,STR,2223,7,0,-1,,,,
/content/Dataset/STR/STR-YENVMSWD.jpg,7,STR,2224,7,0,-1,,,,
/content/Dataset/TUM/TUM-QEQNSYFV.jpg,8,TUM,2225,8,0,-1,,,,
/content/Dataset/MUS/MUS-PEFITHSL.jpg,5,MUS,2226,5,0,-1,,,,
/content/Dataset/MUS/MUS-RERGCYDD.jpg,5,MUS,2227,5,0,-1,,,,
/content/Dataset/TUM/TUM-WQWNQLAV.jpg,8,TUM,2228,8,0,-1,,,,
/content/Dataset/DEB/DEB-QTQRYALC.jpg,2,DEB,2229,2,0,-1,,,,
/content/Dataset/LYM/LYM-NYQQALFF.jpg,3,LYM,2230,3,0,-1,,,,
/content/Dataset/BACK/BACK-KACSAIIC.jpg,1,BACK,2231,1,0,-1,,,,
/content/Dataset/MUS/MUS-ASQAYIVC.jpg,5,MUS,2232,5,0,-1,,,,
/content/Dataset/NORM/NORM-AFFMISAF.jpg,6,NORM,2233,6,0,-1,,,,
/content/Dataset/BACK/BACK-KEQFLCEK.jpg,1,BACK,2234,1,0,-1,,,,
/content/Dataset/MUC/MUC-RWFNIILS.jpg,4,MUC,2235,4,0,-1,,,,
/content/Dataset/ADI/ADI-HVDTFDFS.jpg,0,ADI,2236,0,0,-1,,,,
/content/Dataset/TUM/TUM-RILKNRIM.jpg,8,TUM,2237,8,0,-1,,,,
/content/Dataset/STR/STR-THHKQIGD.jpg,7,STR,2238,7,0,-1,,,,
/content/Dataset/MUC/MUC-RHYREMVE.jpg,4,MUC,2239,4,0,-1,,,,
/content/Dataset/NORM/NORM-SWANMQNN.jpg,6,NORM,2240,6,0,-1,,,,
/content/Dataset/NORM/NORM-PVDERIAF.jpg,6,NORM,2241,6,0,-1,,,,
/content/Dataset/MUC/MUC-VMEYLDWM.jpg,4,MUC,2242,4,0,-1,,,,
/content/Dataset/TUM/TUM-TNDCWWST.jpg,8,TUM,2243,8,0,-1,,,,
/content/Dataset/ADI/ADI-HKWYWTLS.jpg,0,ADI,2244,0,0,-1,,,,
/content/Dataset/MUC/MUC-QTYLYQPA.jpg,4,MUC,2245,4,0,-1,,,,
/content/Dataset/LYM/LYM-NWDGGHGP.jpg,3,LYM,2246,3,0,-1,,,,
/content/Dataset/STR/STR-RAQLSKTD.jpg,7,STR,2247,7,0,-1,,,,
/content/Dataset/BACK/BACK-NGKTETST.jpg,1,BACK,2248,1,0,-1,,,,
/content/Dataset/NORM/NORM-WSHFRNNY.jpg,6,NORM,2249,6,0,-1,,,,
/content/Dataset/DEB/DEB-YGLRAPVY.jpg,2,DEB,2250,2,0,-1,,,,
/content/Dataset/STR/STR-YGLGMNNN.jpg,7,STR,2251,7,0,-1,,,,
/content/Dataset/MUS/MUS-RLPILAAL.jpg,5,MUS,2252,5,0,-1,,,,
/content/Dataset/ADI/ADI-IEIIKPVT.jpg,0,ADI,2253,0,0,-1,,,,
/content/Dataset/NORM/NORM-TQHLSNEI.jpg,6,NORM,2254,6,0,-1,,,,
/content/Dataset/ADI/ADI-FYFFPMDP.jpg,0,ADI,2255,0,0,-1,,,,
/content/Dataset/MUC/MUC-AGESAYAW.jpg,4,MUC,2256,4,0,-1,,,,
/content/Dataset/DEB/DEB-RHPGGKFY.jpg,2,DEB,2257,2,0,-1,,,,
/content/Dataset/ADI/ADI-ILVRQWIK.jpg,0,ADI,2258,0,0,-1,,,,
/content/Dataset/ADI/ADI-EHKNNRDD.jpg,0,ADI,2259,0,0,-1,,,,
/content/Dataset/TUM/TUM-QSGDHMCQ.jpg,8,TUM,2260,8,0,-1,,,,
/content/Dataset/DEB/DEB-PCHVMHNM.jpg,2,DEB,2261,2,0,-1,,,,
/content/Dataset/DEB/DEB-QDTQNEQW.jpg,2,DEB,2262,2,0,-1,,,,
/content/Dataset/TUM/TUM-VGHAQLFD.jpg,8,TUM,2263,8,0,-1,,,,
/content/Dataset/DEB/DEB-SAYCGCSR.jpg,2,DEB,2264,2,0,-1,,,,
/content/Dataset/MUS/MUS-RCFFTVKE.jpg,5,MUS,2265,5,0,-1,,,,
/content/Dataset/MUS/MUS-QMHLTFLY.jpg,5,MUS,2266,5,0,-1,,,,
/content/Dataset/NORM/NORM-SCRPAGPV.jpg,6,NORM,2267,6,0,-1,,,,
/content/Dataset/NORM/NORM-QAQKFPPQ.jpg,6,NORM,2268,6,0,-1,,,,
/content/Dataset/NORM/NORM-MTLYCHFG.jpg,6,NORM,2269,6,0,-1,,,,
/content/Dataset/TUM/TUM-WMNNSWDH.jpg,8,TUM,2270,8,0,-1,,,,
/content/Dataset/ADI/ADI-IDSQHCCA.jpg,0,ADI,2271,0,0,-1,,,,
/content/Dataset/ADI/ADI-HSVQWAEP.jpg,0,ADI,2272,0,0,-1,,,,
/content/Dataset/LYM/LYM-YVPGYNIE.jpg,3,LYM,2273,3,0,-1,,,,
/content/Dataset/NORM/NORM-NLGGRMAL.jpg,6,NORM,2274,6,0,-1,,,,
/content/Dataset/LYM/LYM-PIHGQENT.jpg,3,LYM,2275,3,0,-1,,,,
/content/Dataset/ADI/ADI-GMIMMWRM.jpg,0,ADI,2276,0,0,-1,,,,
/content/Dataset/TUM/TUM-TIIPQPTD.jpg,8,TUM,2277,8,0,-1,,,,
/content/Dataset/MUS/MUS-CKDCHFWG.jpg,5,MUS,2278,5,0,-1,,,,
/content/Dataset/TUM/TUM-TDFDMHYI.jpg,8,TUM,2279,8,0,-1,,,,
/content/Dataset/MUS/MUS-TCAQPLTS.jpg,5,MUS,2280,5,0,-1,,,,
/content/Dataset/NORM/NORM-NQAYDNDG.jpg,6,NORM,2281,6,0,-1,,,,
/content/Dataset/LYM/LYM-SEGMFCLW.jpg,3,LYM,2282,3,0,-1,,,,
/content/Dataset/MUC/MUC-NMEGNFDS.jpg,4,MUC,2283,4,0,-1,,,,
/content/Dataset/ADI/ADI-DMDQSCGE.jpg,0,ADI,2284,0,0,-1,,,,
/content/Dataset/ADI/ADI-ICGHRGGE.jpg,0,ADI,2285,0,0,-1,,,,
/content/Dataset/MUC/MUC-QEPNDGIC.jpg,4,MUC,2286,4,0,-1,,,,
/content/Dataset/BACK/BACK-ADNSCDLA.jpg,1,BACK,2287,1,0,-1,,,,
/content/Dataset/MUC/MUC-NPQHRYQH.jpg,4,MUC,2288,4,0,-1,,,,
/content/Dataset/ADI/ADI-FEPGPRFI.jpg,0,ADI,2289,0,0,-1,,,,
/content/Dataset/ADI/ADI-GEEMLQVL.jpg,0,ADI,2290,0,0,-1,,,,
/content/Dataset/MUC/MUC-ADDEFSDH.jpg,4,MUC,2291,4,0,-1,,,,
/content/Dataset/ADI/ADI-AQNRKATR.jpg,0,ADI,2292,0,0,-1,,,,
/content/Dataset/LYM/LYM-VQVTYPEF.jpg,3,LYM,2293,3,0,-1,,,,
/content/Dataset/ADI/ADI-CVCQEGLL.jpg,0,ADI,2294,0,0,-1,,,,
/content/Dataset/TUM/TUM-YMCVVSMD.jpg,8,TUM,2295,8,0,-1,,,,
/content/Dataset/TUM/TUM-SSSEKRWK.jpg,8,TUM,2296,8,0,-1,,,,
/content/Dataset/NORM/NORM-PCGIGVHG.jpg,6,NORM,2297,6,0,-1,,,,
/content/Dataset/BACK/BACK-IVYDPCTH.jpg,1,BACK,2298,1,0,-1,,,,
/content/Dataset/STR/STR-WYEKVTEK.jpg,7,STR,2299,7,0,-1,,,,
/content/Dataset/NORM/NORM-RMQFMWTE.jpg,6,NORM,2300,6,0,-1,,,,
/content/Dataset/DEB/DEB-NVRTVSQN.jpg,2,DEB,2301,2,0,-1,,,,
/content/Dataset/DEB/DEB-RWYYVTYC.jpg,2,DEB,2302,2,0,-1,,,,
/content/Dataset/ADI/ADI-DPCVCRLH.jpg,0,ADI,2303,0,0,-1,,,,
/content/Dataset/MUS/MUS-SWTWVSCS.jpg,5,MUS,2304,5,0,-1,,,,
/content/Dataset/MUS/MUS-PSSRSHID.jpg,5,MUS,2305,5,0,-1,,,,
/content/Dataset/STR/STR-YMYFSERT.jpg,7,STR,2306,7,0,-1,,,,
/content/Dataset/MUS/MUS-PNMIPGNY.jpg,5,MUS,2307,5,0,-1,,,,
/content/Dataset/ADI/ADI-HLGKLIVV.jpg,0,ADI,2308,0,0,-1,,,,
/content/Dataset/DEB/DEB-YILAPNMR.jpg,2,DEB,2309,2,0,-1,,,,
/content/Dataset/TUM/TUM-RSVWIIWD.jpg,8,TUM,2310,8,0,-1,,,,
/content/Dataset/TUM/TUM-WETSQMEP.jpg,8,TUM,2311,8,0,-1,,,,
/content/Dataset/BACK/BACK-IFMKPGRI.jpg,1,BACK,2312,1,0,-1,,,,
/content/Dataset/MUS/MUS-AEFDYGII.jpg,5,MUS,2313,5,0,-1,,,,
/content/Dataset/TUM/TUM-RPKWKCAM.jpg,8,TUM,2314,8,0,-1,,,,
/content/Dataset/MUC/MUC-CTAWLISH.jpg,4,MUC,2315,4,0,-1,,,,
/content/Dataset/NORM/NORM-VQLNEVLV.jpg,6,NORM,2316,6,0,-1,,,,
/content/Dataset/DEB/DEB-YKRQSMRW.jpg,2,DEB,2317,2,0,-1,,,,
/content/Dataset/BACK/BACK-KHYSTDYT.jpg,1,BACK,2318,1,0,-1,,,,
/content/Dataset/TUM/TUM-QNVVLRDE.jpg,8,TUM,2319,8,0,-1,,,,
/content/Dataset/MUS/MUS-QGMWQLST.jpg,5,MUS,2320,5,0,-1,,,,
/content/Dataset/ADI/ADI-CHAQRAET.jpg,0,ADI,2321,0,0,-1,,,,
/content/Dataset/BACK/BACK-EIWHTGGQ.jpg,1,BACK,2322,1,0,-1,,,,
/content/Dataset/ADI/ADI-DCICDYFS.jpg,0,ADI,2323,0,0,-1,,,,
/content/Dataset/STR/STR-WQHKKPDG.jpg,7,STR,2324,7,0,-1,,,,
/content/Dataset/MUS/MUS-PQYFGTHK.jpg,5,MUS,2325,5,0,-1,,,,
/content/Dataset/NORM/NORM-NTEKDHHP.jpg,6,NORM,2326,6,0,-1,,,,
/content/Dataset/STR/STR-VFLFQYKH.jpg,7,STR,2327,7,0,-1,,,,
/content/Dataset/TUM/TUM-REIGDGNC.jpg,8,TUM,2328,8,0,-1,,,,
/content/Dataset/MUS/MUS-PCDAEQFD.jpg,5,MUS,2329,5,0,-1,,,,
/content/Dataset/DEB/DEB-NRAYINQG.jpg,2,DEB,2330,2,0,-1,,,,
/content/Dataset/DEB/DEB-WKGKSIMQ.jpg,2,DEB,2331,2,0,-1,,,,
/content/Dataset/MUS/MUS-ACDCRCGI.jpg,5,MUS,2332,5,0,-1,,,,
/content/Dataset/STR/STR-YSMMLAGQ.jpg,7,STR,2333,7,0,-1,,,,
/content/Dataset/DEB/DEB-SPSEKTYF.jpg,2,DEB,2334,2,0,-1,,,,
/content/Dataset/NORM/NORM-YDCYWICY.jpg,6,NORM,2335,6,0,-1,,,,
/content/Dataset/NORM/NORM-AGSQMYTE.jpg,6,NORM,2336,6,0,-1,,,,
/content/Dataset/NORM/NORM-MPARCWGW.jpg,6,NORM,2337,6,0,-1,,,,
/content/Dataset/MUS/MUS-RIGRLLSN.jpg,5,MUS,2338,5,0,-1,,,,
/content/Dataset/DEB/DEB-QVEGFKEM.jpg,2,DEB,2339,2,0,-1,,,,
/content/Dataset/STR/STR-VGETEWFM.jpg,7,STR,2340,7,0,-1,,,,
/content/Dataset/TUM/TUM-QDKKKWCA.jpg,8,TUM,2341,8,0,-1,,,,
/content/Dataset/STR/STR-SWMGGNKW.jpg,7,STR,2342,7,0,-1,,,,
/content/Dataset/DEB/DEB-WEDEALPD.jpg,2,DEB,2343,2,0,-1,,,,
/content/Dataset/NORM/NORM-SQHDMHIP.jpg,6,NORM,2344,6,0,-1,,,,
/content/Dataset/ADI/ADI-CAMFGLWC.jpg,0,ADI,2345,0,0,-1,,,,
/content/Dataset/MUC/MUC-YSVSHFNS.jpg,4,MUC,2346,4,0,-1,,,,
/content/Dataset/ADI/ADI-CTCYYVFV.jpg,0,ADI,2347,0,0,-1,,,,
/content/Dataset/TUM/TUM-RVDDSNAR.jpg,8,TUM,2348,8,0,-1,,,,
/content/Dataset/MUS/MUS-RECSDDCH.jpg,5,MUS,2349,5,0,-1,,,,
/content/Dataset/BACK/BACK-KNIKHITL.jpg,1,BACK,2350,1,0,-1,,,,
/content/Dataset/LYM/LYM-PVDCPAWK.jpg,3,LYM,2351,3,0,-1,,,,
/content/Dataset/MUC/MUC-YQREETVH.jpg,4,MUC,2352,4,0,-1,,,,
/content/Dataset/BACK/BACK-AFLDCQPP.jpg,1,BACK,2353,1,0,-1,,,,
/content/Dataset/STR/STR-WIWMHHTF.jpg,7,STR,2354,7,0,-1,,,,
/content/Dataset/MUC/MUC-SMCADGPE.jpg,4,MUC,2355,4,0,-1,,,,
/content/Dataset/BACK/BACK-KDPNAGCH.jpg,1,BACK,2356,1,0,-1,,,,
/content/Dataset/MUS/MUS-STAEEKAA.jpg,5,MUS,2357,5,0,-1,,,,
/content/Dataset/MUS/MUS-ADEILERA.jpg,5,MUS,2358,5,0,-1,,,,
/content/Dataset/ADI/ADI-AHFNCCQM.jpg,0,ADI,2359,0,0,-1,,,,
/content/Dataset/MUC/MUC-SVMVYRDA.jpg,4,MUC,2360,4,0,-1,,,,
/content/Dataset/TUM/TUM-QNASLVMG.jpg,8,TUM,2361,8,0,-1,,,,
/content/Dataset/NORM/NORM-PAAQFWRI.jpg,6,NORM,2362,6,0,-1,,,,
/content/Dataset/NORM/NORM-WYGSMTDG.jpg,6,NORM,2363,6,0,-1,,,,
/content/Dataset/TUM/TUM-YYQALQIY.jpg,8,TUM,2364,8,0,-1,,,,
/content/Dataset/ADI/ADI-AWYHTIRG.jpg,0,ADI,2365,0,0,-1,,,,
/content/Dataset/ADI/ADI-GDSLEHPG.jpg,0,ADI,2366,0,0,-1,,,,
/content/Dataset/TUM/TUM-TKSKLDVH.jpg,8,TUM,2367,8,0,-1,,,,
/content/Dataset/MUC/MUC-TISIYTIN.jpg,4,MUC,2368,4,0,-1,,,,
/content/Dataset/BACK/BACK-HPFNEFKS.jpg,1,BACK,2369,1,0,-1,,,,
/content/Dataset/BACK/BACK-DWFHRLAG.jpg,1,BACK,2370,1,0,-1,,,,
/content/Dataset/ADI/ADI-CGPLYVFL.jpg,0,ADI,2371,0,0,-1,,,,
/content/Dataset/ADI/ADI-CAGFPRDW.jpg,0,ADI,2372,0,0,-1,,,,
/content/Dataset/NORM/NORM-RTGLVYDV.jpg,6,NORM,2373,6,0,-1,,,,
/content/Dataset/STR/STR-VNTNYPRV.jpg,7,STR,2374,7,0,-1,,,,
/content/Dataset/MUS/MUS-NWLMLCDV.jpg,5,MUS,2375,5,0,-1,,,,
/content/Dataset/LYM/LYM-TFIRAVPL.jpg,3,LYM,2376,3,0,-1,,,,
/content/Dataset/NORM/NORM-NEVAFYVD.jpg,6,NORM,2377,6,0,-1,,,,
/content/Dataset/ADI/ADI-DSRRHADV.jpg,0,ADI,2378,0,0,-1,,,,
/content/Dataset/BACK/BACK-ILKQRWPE.jpg,1,BACK,2379,1,0,-1,,,,
/content/Dataset/MUC/MUC-AHILCCSR.jpg,4,MUC,2380,4,0,-1,,,,
/content/Dataset/LYM/LYM-SMHMIDSC.jpg,3,LYM,2381,3,0,-1,,,,
/content/Dataset/TUM/TUM-WNPDWHRY.jpg,8,TUM,2382,8,0,-1,,,,
/content/Dataset/BACK/BACK-LKPMVPLF.jpg,1,BACK,2383,1,0,-1,,,,
/content/Dataset/ADI/ADI-DGNWHTGW.jpg,0,ADI,2384,0,0,-1,,,,
/content/Dataset/NORM/NORM-VNMGSRTM.jpg,6,NORM,2385,6,0,-1,,,,
/content/Dataset/NORM/NORM-SSNLASCM.jpg,6,NORM,2386,6,0,-1,,,,
/content/Dataset/NORM/NORM-NMVPCGIK.jpg,6,NORM,2387,6,0,-1,,,,
/content/Dataset/NORM/NORM-AGGVQEKC.jpg,6,NORM,2388,6,0,-1,,,,
/content/Dataset/STR/STR-PREYQNSP.jpg,7,STR,2389,7,0,-1,,,,
/content/Dataset/ADI/ADI-EEVSPTGT.jpg,0,ADI,2390,0,0,-1,,,,
/content/Dataset/MUS/MUS-ALFDEWPD.jpg,5,MUS,2391,5,0,-1,,,,
/content/Dataset/ADI/ADI-HPKLPYTM.jpg,0,ADI,2392,0,0,-1,,,,
/content/Dataset/ADI/ADI-GAWTPVSY.jpg,0,ADI,2393,0,0,-1,,,,
/content/Dataset/MUC/MUC-PVFHPIKN.jpg,4,MUC,2394,4,0,-1,,,,
/content/Dataset/STR/STR-MLNFPWAF.jpg,7,STR,2395,7,0,-1,,,,
/content/Dataset/TUM/TUM-TGWSPCNM.jpg,8,TUM,2396,8,0,-1,,,,
/content/Dataset/TUM/TUM-VVGPNAGH.jpg,8,TUM,2397,8,0,-1,,,,
/content/Dataset/STR/STR-SHVFHYHD.jpg,7,STR,2398,7,0,-1,,,,
/content/Dataset/STR/STR-NKDCCWAP.jpg,7,STR,2399,7,0,-1,,,,
/content/Dataset/MUS/MUS-NSVFFVET.jpg,5,MUS,2400,5,0,-1,,,,
/content/Dataset/MUC/MUC-QEMCTTEG.jpg,4,MUC,2401,4,0,-1,,,,
/content/Dataset/LYM/LYM-SKGYCHDW.jpg,3,LYM,2402,3,0,-1,,,,
/content/Dataset/TUM/TUM-RFGVCKVW.jpg,8,TUM,2403,8,0,-1,,,,
/content/Dataset/NORM/NORM-SGDSYGAY.jpg,6,NORM,2404,6,0,-1,,,,
/content/Dataset/LYM/LYM-PFMRGDTD.jpg,3,LYM,2405,3,0,-1,,,,
/content/Dataset/ADI/ADI-FKMWSSRV.jpg,0,ADI,2406,0,0,-1,,,,
/content/Dataset/TUM/TUM-YHWEVRME.jpg,8,TUM,2407,8,0,-1,,,,
/content/Dataset/ADI/ADI-HQEKFWCL.jpg,0,ADI,2408,0,0,-1,,,,
/content/Dataset/DEB/DEB-YYCMVCKP.jpg,2,DEB,2409,2,0,-1,,,,
/content/Dataset/NORM/NORM-SPLISKKV.jpg,6,NORM,2410,6,0,-1,,,,
/content/Dataset/MUS/MUS-SKGLLGGQ.jpg,5,MUS,2411,5,0,-1,,,,
/content/Dataset/BACK/BACK-IPILYESN.jpg,1,BACK,2412,1,0,-1,,,,
/content/Dataset/TUM/TUM-RFLREYRF.jpg,8,TUM,2413,8,0,-1,,,,
/content/Dataset/STR/STR-SKRQGVSA.jpg,7,STR,2414,7,0,-1,,,,
/content/Dataset/TUM/TUM-VRGNCWSV.jpg,8,TUM,2415,8,0,-1,,,,
/content/Dataset/BACK/BACK-LFRQSEQA.jpg,1,BACK,2416,1,0,-1,,,,
/content/Dataset/ADI/ADI-EHFWQCLG.jpg,0,ADI,2417,0,0,-1,,,,
/content/Dataset/NORM/NORM-PKKAGELP.jpg,6,NORM,2418,6,0,-1,,,,
/content/Dataset/LYM/LYM-SAEGMNYF.jpg,3,LYM,2419,3,0,-1,,,,
/content/Dataset/LYM/LYM-MLFVHWNI.jpg,3,LYM,2420,3,0,-1,,,,
/content/Dataset/MUS/MUS-SAWRLHYT.jpg,5,MUS,2421,5,0,-1,,,,
/content/Dataset/ADI/ADI-CMAADCPH.jpg,0,ADI,2422,0,0,-1,,,,
/content/Dataset/TUM/TUM-VNMEVIQC.jpg,8,TUM,2423,8,0,-1,,,,
/content/Dataset/STR/STR-WTAARSCH.jpg,7,STR,2424,7,0,-1,,,,
/content/Dataset/MUS/MUS-PKKAFAVY.jpg,5,MUS,2425,5,0,-1,,,,
/content/Dataset/LYM/LYM-SLSCVIRH.jpg,3,LYM,2426,3,0,-1,,,,
/content/Dataset/MUS/MUS-SIHMSWNF.jpg,5,MUS,2427,5,0,-1,,,,
/content/Dataset/DEB/DEB-NTPMYGAW.jpg,2,DEB,2428,2,0,-1,,,,
/content/Dataset/BACK/BACK-LLCQVHPG.jpg,1,BACK,2429,1,0,-1,,,,
/content/Dataset/BACK/BACK-HMLFCPKC.jpg,1,BACK,2430,1,0,-1,,,,
/content/Dataset/LYM/LYM-SDAFVHGQ.jpg,3,LYM,2431,3,0,-1,,,,
/content/Dataset/STR/STR-MPTFECNK.jpg,7,STR,2432,7,0,-1,,,,
/content/Dataset/STR/STR-SHHNWPNC.jpg,7,STR,2433,7,0,-1,,,,
/content/Dataset/LYM/LYM-NRKCPIKI.jpg,3,LYM,2434,3,0,-1,,,,
/content/Dataset/DEB/DEB-AAKCHALC.jpg,2,DEB,2435,2,0,-1,,,,
/content/Dataset/DEB/DEB-NSIVMSWQ.jpg,2,DEB,2436,2,0,-1,,,,
/content/Dataset/NORM/NORM-VIWHEPAT.jpg,6,NORM,2437,6,0,-1,,,,
/content/Dataset/NORM/NORM-TRKLCCYG.jpg,6,NORM,2438,6,0,-1,,,,
/content/Dataset/MUC/MUC-QLRHTEMT.jpg,4,MUC,2439,4,0,-1,,,,
/content/Dataset/TUM/TUM-WFSSYHTL.jpg,8,TUM,2440,8,0,-1,,,,
/content/Dataset/TUM/TUM-QFKMAYQR.jpg,8,TUM,2441,8,0,-1,,,,
/content/Dataset/DEB/DEB-RCQVALFN.jpg,2,DEB,2442,2,0,-1,,,,
/content/Dataset/NORM/NORM-PITRIQWI.jpg,6,NORM,2443,6,0,-1,,,,
/content/Dataset/LYM/LYM-EMEGLSAA.jpg,3,LYM,2444,3,0,-1,,,,
/content/Dataset/MUC/MUC-AHSTRELG.jpg,4,MUC,2445,4,0,-1,,,,
/content/Dataset/DEB/DEB-TLQKSNRQ.jpg,2,DEB,2446,2,0,-1,,,,
/content/Dataset/MUS/MUS-SEYCWFAT.jpg,5,MUS,2447,5,0,-1,,,,
/content/Dataset/STR/STR-RDFWAQVA.jpg,7,STR,2448,7,0,-1,,,,
/content/Dataset/NORM/NORM-LMYSVLKR.jpg,6,NORM,2449,6,0,-1,,,,
/content/Dataset/LYM/LYM-VLELQRIW.jpg,3,LYM,2450,3,0,-1,,,,
/content/Dataset/STR/STR-QGALRAIF.jpg,7,STR,2451,7,0,-1,,,,
/content/Dataset/STR/STR-WWFDIINA.jpg,7,STR,2452,7,0,-1,,,,
/content/Dataset/ADI/ADI-DFFKNFAN.jpg,0,ADI,2453,0,0,-1,,,,
/content/Dataset/STR/STR-RKGCFHYP.jpg,7,STR,2454,7,0,-1,,,,
/content/Dataset/MUS/MUS-RLVAGQQT.jpg,5,MUS,2455,5,0,-1,,,,
/content/Dataset/MUC/MUC-TRDNMSTK.jpg,4,MUC,2456,4,0,-1,,,,
/content/Dataset/MUC/MUC-CNASAWGQ.jpg,4,MUC,2457,4,0,-1,,,,
/content/Dataset/ADI/ADI-CVRWKKGI.jpg,0,ADI,2458,0,0,-1,,,,
/content/Dataset/ADI/ADI-CTEISPMC.jpg,0,ADI,2459,0,0,-1,,,,
/content/Dataset/MUC/MUC-ADRKSYVY.jpg,4,MUC,2460,4,0,-1,,,,
/content/Dataset/LYM/LYM-RPCMYLIL.jpg,3,LYM,2461,3,0,-1,,,,
/content/Dataset/DEB/DEB-PDKCIRKA.jpg,2,DEB,2462,2,0,-1,,,,
/content/Dataset/NORM/NORM-TFGVMCGN.jpg,6,NORM,2463,6,0,-1,,,,
/content/Dataset/BACK/BACK-HEGQPVIW.jpg,1,BACK,2464,1,0,-1,,,,
/content/Dataset/ADI/ADI-DKPSPYYK.jpg,0,ADI,2465,0,0,-1,,,,
/content/Dataset/BACK/BACK-MEKKRWRS.jpg,1,BACK,2466,1,0,-1,,,,
/content/Dataset/MUS/MUS-QDRGGGFM.jpg,5,MUS,2467,5,0,-1,,,,
/content/Dataset/BACK/BACK-EGNGNSEA.jpg,1,BACK,2468,1,0,-1,,,,
/content/Dataset/BACK/BACK-LFDHFYDT.jpg,1,BACK,2469,1,0,-1,,,,
/content/Dataset/BACK/BACK-IMFMGVNL.jpg,1,BACK,2470,1,0,-1,,,,
/content/Dataset/DEB/DEB-TSVDEVDI.jpg,2,DEB,2471,2,0,-1,,,,
/content/Dataset/NORM/NORM-PSVEPQQI.jpg,6,NORM,2472,6,0,-1,,,,
/content/Dataset/MUS/MUS-SEIQNRMS.jpg,5,MUS,2473,5,0,-1,,,,
/content/Dataset/LYM/LYM-YNWNYHNP.jpg,3,LYM,2474,3,0,-1,,,,
/content/Dataset/TUM/TUM-SDTCDDQC.jpg,8,TUM,2475,8,0,-1,,,,
/content/Dataset/MUC/MUC-MWNAVLTH.jpg,4,MUC,2476,4,0,-1,,,,
/content/Dataset/LYM/LYM-SSIFARSI.jpg,3,LYM,2477,3,0,-1,,,,
/content/Dataset/TUM/TUM-WIYQQWWQ.jpg,8,TUM,2478,8,0,-1,,,,
/content/Dataset/NORM/NORM-VICKLQSA.jpg,6,NORM,2479,6,0,-1,,,,
/content/Dataset/BACK/BACK-DMMNLVSS.jpg,1,BACK,2480,1,0,-1,,,,
/content/Dataset/DEB/DEB-QYTMNMTH.jpg,2,DEB,2481,2,0,-1,,,,
/content/Dataset/ADI/ADI-ELFEHFKN.jpg,0,ADI,2482,0,0,-1,,,,
/content/Dataset/LYM/LYM-SSSGKCAS.jpg,3,LYM,2483,3,0,-1,,,,
/content/Dataset/BACK/BACK-CWCPGQHK.jpg,1,BACK,2484,1,0,-1,,,,
/content/Dataset/STR/STR-ADGIVVPD.jpg,7,STR,2485,7,0,-1,,,,
/content/Dataset/TUM/TUM-WLSPWQQY.jpg,8,TUM,2486,8,0,-1,,,,
/content/Dataset/MUS/MUS-NMYHHTKA.jpg,5,MUS,2487,5,0,-1,,,,
/content/Dataset/STR/STR-YPSHMNVY.jpg,7,STR,2488,7,0,-1,,,,
/content/Dataset/MUC/MUC-PVYEFTVE.jpg,4,MUC,2489,4,0,-1,,,,
/content/Dataset/NORM/NORM-QWCKPTMV.jpg,6,NORM,2490,6,0,-1,,,,
/content/Dataset/LYM/LYM-TPIWCTYH.jpg,3,LYM,2491,3,0,-1,,,,
/content/Dataset/LYM/LYM-HYPCLRDW.jpg,3,LYM,2492,3,0,-1,,,,
/content/Dataset/LYM/LYM-ALSMTSLR.jpg,3,LYM,2493,3,0,-1,,,,
/content/Dataset/MUC/MUC-AKAGTNQD.jpg,4,MUC,2494,4,0,-1,,,,
/content/Dataset/TUM/TUM-VDIAALMI.jpg,8,TUM,2495,8,0,-1,,,,
/content/Dataset/MUS/MUS-AGVTELMP.jpg,5,MUS,2496,5,0,-1,,,,
/content/Dataset/MUC/MUC-VQAIDPMA.jpg,4,MUC,2497,4,0,-1,,,,
/content/Dataset/TUM/TUM-WEAQVFYH.jpg,8,TUM,2498,8,0,-1,,,,
/content/Dataset/NORM/NORM-QMSARLWK.jpg,6,NORM,2499,6,0,-1,,,,
/content/Dataset/MUC/MUC-GHWTHRVY.jpg,4,MUC,2500,4,0,-1,,,,
/content/Dataset/STR/STR-QENVIQAN.jpg,7,STR,2501,7,0,-1,,,,
/content/Dataset/DEB/DEB-YAKPRPIR.jpg,2,DEB,2502,2,0,-1,,,,
/content/Dataset/ADI/ADI-HTPERGWW.jpg,0,ADI,2503,0,0,-1,,,,
/content/Dataset/BACK/BACK-KLCQNWQL.jpg,1,BACK,2504,1,0,-1,,,,
/content/Dataset/STR/STR-ACRNIMHM.jpg,7,STR,2505,7,0,-1,,,,
/content/Dataset/MUS/MUS-RPHYMYDC.jpg,5,MUS,2506,5,0,-1,,,,
/content/Dataset/NORM/NORM-WFDMWFTC.jpg,6,NORM,2507,6,0,-1,,,,
/content/Dataset/NORM/NORM-VFQSRFEI.jpg,6,NORM,2508,6,0,-1,,,,
/content/Dataset/BACK/BACK-MEEKHIGM.jpg,1,BACK,2509,1,0,-1,,,,
/content/Dataset/BACK/BACK-KAKHGYKE.jpg,1,BACK,2510,1,0,-1,,,,
/content/Dataset/TUM/TUM-SIQSRHGL.jpg,8,TUM,2511,8,0,-1,,,,
/content/Dataset/MUC/MUC-TEGAANFS.jpg,4,MUC,2512,4,0,-1,,,,
/content/Dataset/TUM/TUM-SDGLKGDN.jpg,8,TUM,2513,8,0,-1,,,,
/content/Dataset/NORM/NORM-SCAEDNPD.jpg,6,NORM,2514,6,0,-1,,,,
/content/Dataset/MUC/MUC-VHIMIWRF.jpg,4,MUC,2515,4,0,-1,,,,
/content/Dataset/ADI/ADI-EWNSIEMC.jpg,0,ADI,2516,0,0,-1,,,,
/content/Dataset/MUS/MUS-NWMDPLLN.jpg,5,MUS,2517,5,0,-1,,,,
/content/Dataset/ADI/ADI-EYCIHTAS.jpg,0,ADI,2518,0,0,-1,,,,
/content/Dataset/TUM/TUM-WDGYGMPC.jpg,8,TUM,2519,8,0,-1,,,,
/content/Dataset/DEB/DEB-QIIKTPVH.jpg,2,DEB,2520,2,0,-1,,,,
/content/Dataset/MUC/MUC-VDMAKMVV.jpg,4,MUC,2521,4,0,-1,,,,
/content/Dataset/BACK/BACK-GIEGELYA.jpg,1,BACK,2522,1,0,-1,,,,
/content/Dataset/MUS/MUS-QSFSTCSR.jpg,5,MUS,2523,5,0,-1,,,,
/content/Dataset/LYM/LYM-VGGFVDMY.jpg,3,LYM,2524,3,0,-1,,,,
/content/Dataset/STR/STR-NIRSFFNR.jpg,7,STR,2525,7,0,-1,,,,
/content/Dataset/NORM/NORM-NTQVWGTS.jpg,6,NORM,2526,6,0,-1,,,,
/content/Dataset/MUC/MUC-PYGQNCRP.jpg,4,MUC,2527,4,0,-1,,,,
/content/Dataset/MUC/MUC-YKMIWTNP.jpg,4,MUC,2528,4,0,-1,,,,
/content/Dataset/DEB/DEB-VFKGPFWG.jpg,2,DEB,2529,2,0,-1,,,,
/content/Dataset/ADI/ADI-DLQPPHDN.jpg,0,ADI,2530,0,0,-1,,,,
/content/Dataset/MUC/MUC-SDGQRHDT.jpg,4,MUC,2531,4,0,-1,,,,
/content/Dataset/MUS/MUS-QAHRLYID.jpg,5,MUS,2532,5,0,-1,,,,
/content/Dataset/DEB/DEB-QWVQMCMQ.jpg,2,DEB,2533,2,0,-1,,,,
/content/Dataset/LYM/LYM-PGKELLYC.jpg,3,LYM,2534,3,0,-1,,,,
/content/Dataset/MUS/MUS-VFTDQPGT.jpg,5,MUS,2535,5,0,-1,,,,
/content/Dataset/STR/STR-YQDEAKKV.jpg,7,STR,2536,7,0,-1,,,,
/content/Dataset/DEB/DEB-TEYARNQH.jpg,2,DEB,2537,2,0,-1,,,,
/content/Dataset/BACK/BACK-MIITLQNT.jpg,1,BACK,2538,1,0,-1,,,,
/content/Dataset/MUC/MUC-PNRGRTGP.jpg,4,MUC,2539,4,0,-1,,,,
/content/Dataset/LYM/LYM-RVFTIEGL.jpg,3,LYM,2540,3,0,-1,,,,
/content/Dataset/ADI/ADI-ECNAMPNF.jpg,0,ADI,2541,0,0,-1,,,,
/content/Dataset/BACK/BACK-KHAAKDLT.jpg,1,BACK,2542,1,0,-1,,,,
/content/Dataset/MUC/MUC-WQQLMTNR.jpg,4,MUC,2543,4,0,-1,,,,
/content/Dataset/NORM/NORM-SKLCCAWE.jpg,6,NORM,2544,6,0,-1,,,,
/content/Dataset/BACK/BACK-MNSPFFTE.jpg,1,BACK,2545,1,0,-1,,,,
/content/Dataset/NORM/NORM-SDVNICCK.jpg,6,NORM,2546,6,0,-1,,,,
/content/Dataset/MUC/MUC-YATKIVDS.jpg,4,MUC,2547,4,0,-1,,,,
/content/Dataset/DEB/DEB-RVYSINNT.jpg,2,DEB,2548,2,0,-1,,,,
/content/Dataset/STR/STR-RRAVVTNS.jpg,7,STR,2549,7,0,-1,,,,
/content/Dataset/BACK/BACK-IHWHIEAH.jpg,1,BACK,2550,1,0,-1,,,,
/content/Dataset/STR/STR-QIEFNLQQ.jpg,7,STR,2551,7,0,-1,,,,
/content/Dataset/NORM/NORM-YRKLTIEL.jpg,6,NORM,2552,6,0,-1,,,,
/content/Dataset/DEB/DEB-YFMMMDER.jpg,2,DEB,2553,2,0,-1,,,,
/content/Dataset/MUC/MUC-TQRICHHF.jpg,4,MUC,2554,4,0,-1,,,,
/content/Dataset/MUS/MUS-QVFFPESY.jpg,5,MUS,2555,5,0,-1,,,,
/content/Dataset/MUS/MUS-QLCQWAQI.jpg,5,MUS,2556,5,0,-1,,,,
/content/Dataset/LYM/LYM-ACLKVKMK.jpg,3,LYM,2557,3,0,-1,,,,
/content/Dataset/MUS/MUS-RAITYFFT.jpg,5,MUS,2558,5,0,-1,,,,
/content/Dataset/MUC/MUC-WAHNGQLC.jpg,4,MUC,2559,4,0,-1,,,,
/content/Dataset/STR/STR-YHAHRGRG.jpg,7,STR,2560,7,0,-1,,,,
/content/Dataset/STR/STR-YHTPMIFK.jpg,7,STR,2561,7,0,-1,,,,
/content/Dataset/DEB/DEB-PGVVNTTM.jpg,2,DEB,2562,2,0,-1,,,,
/content/Dataset/BACK/BACK-FNTIHSMF.jpg,1,BACK,2563,1,0,-1,,,,
/content/Dataset/ADI/ADI-ECCWCPAI.jpg,0,ADI,2564,0,0,-1,,,,
/content/Dataset/NORM/NORM-VWVTNDLY.jpg,6,NORM,2565,6,0,-1,,,,
/content/Dataset/ADI/ADI-ECRWDSYG.jpg,0,ADI,2566,0,0,-1,,,,
/content/Dataset/STR/STR-SEKMVSDA.jpg,7,STR,2567,7,0,-1,,,,
/content/Dataset/DEB/DEB-PCSSDTIA.jpg,2,DEB,2568,2,0,-1,,,,
/content/Dataset/TUM/TUM-WQPCYFMA.jpg,8,TUM,2569,8,0,-1,,,,
/content/Dataset/MUS/MUS-ACTYDCNK.jpg,5,MUS,2570,5,0,-1,,,,
/content/Dataset/LYM/LYM-KPRKRVYC.jpg,3,LYM,2571,3,0,-1,,,,
/content/Dataset/DEB/DEB-VNCTFNKA.jpg,2,DEB,2572,2,0,-1,,,,
/content/Dataset/ADI/ADI-AVQVYFAA.jpg,0,ADI,2573,0,0,-1,,,,
/content/Dataset/BACK/BACK-APPSKGPM.jpg,1,BACK,2574,1,0,-1,,,,
/content/Dataset/STR/STR-MWCEDDAP.jpg,7,STR,2575,7,0,-1,,,,
/content/Dataset/DEB/DEB-TCVKWTLD.jpg,2,DEB,2576,2,0,-1,,,,
/content/Dataset/MUS/MUS-NYYHTPVV.jpg,5,MUS,2577,5,0,-1,,,,
/content/Dataset/DEB/DEB-NYKDQEAR.jpg,2,DEB,2578,2,0,-1,,,,
/content/Dataset/DEB/DEB-SSYGQQRQ.jpg,2,DEB,2579,2,0,-1,,,,
/content/Dataset/BACK/BACK-KDLIVNRY.jpg,1,BACK,2580,1,0,-1,,,,
/content/Dataset/ADI/ADI-DWMHFNPN.jpg,0,ADI,2581,0,0,-1,,,,
/content/Dataset/BACK/BACK-MFVFGLGD.jpg,1,BACK,2582,1,0,-1,,,,
/content/Dataset/ADI/ADI-CPMPCEMH.jpg,0,ADI,2583,0,0,-1,,,,
/content/Dataset/ADI/ADI-GQQPWYIS.jpg,0,ADI,2584,0,0,-1,,,,
/content/Dataset/MUC/MUC-RVGWLWMI.jpg,4,MUC,2585,4,0,-1,,,,
/content/Dataset/STR/STR-WSGKVKHN.jpg,7,STR,2586,7,0,-1,,,,
/content/Dataset/DEB/DEB-TGKVDWKY.jpg,2,DEB,2587,2,0,-1,,,,
/content/Dataset/STR/STR-VIIAQESF.jpg,7,STR,2588,7,0,-1,,,,
/content/Dataset/MUS/MUS-QYPWLHWC.jpg,5,MUS,2589,5,0,-1,,,,
/content/Dataset/TUM/TUM-SIRQWWGG.jpg,8,TUM,2590,8,0,-1,,,,
/content/Dataset/LYM/LYM-QARYNEKE.jpg,3,LYM,2591,3,0,-1,,,,
/content/Dataset/LYM/LYM-QDNCQTHV.jpg,3,LYM,2592,3,0,-1,,,,
/content/Dataset/DEB/DEB-VKTNSNCC.jpg,2,DEB,2593,2,0,-1,,,,
/content/Dataset/NORM/NORM-TGCERIWD.jpg,6,NORM,2594,6,0,-1,,,,
/content/Dataset/DEB/DEB-SCRCAHYW.jpg,2,DEB,2595,2,0,-1,,,,
/content/Dataset/TUM/TUM-REIKGTFL.jpg,8,TUM,2596,8,0,-1,,,,
/content/Dataset/MUC/MUC-NQYTHCKD.jpg,4,MUC,2597,4,0,-1,,,,
/content/Dataset/STR/STR-QDPMWLVE.jpg,7,STR,2598,7,0,-1,,,,
/content/Dataset/DEB/DEB-VWLQVNCK.jpg,2,DEB,2599,2,0,-1,,,,
/content/Dataset/LYM/LYM-QWIMRQPQ.jpg,3,LYM,2600,3,0,-1,,,,
/content/Dataset/BACK/BACK-KDGHGASY.jpg,1,BACK,2601,1,0,-1,,,,
/content/Dataset/ADI/ADI-GAVEENFW.jpg,0,ADI,2602,0,0,-1,,,,
/content/Dataset/TUM/TUM-VTVIHDCV.jpg,8,TUM,2603,8,0,-1,,,,
/content/Dataset/STR/STR-RWHCRNMQ.jpg,7,STR,2604,7,0,-1,,,,
/content/Dataset/LYM/LYM-TDLNHCHN.jpg,3,LYM,2605,3,0,-1,,,,
/content/Dataset/DEB/DEB-AFCLITFN.jpg,2,DEB,2606,2,0,-1,,,,
/content/Dataset/LYM/LYM-NEYYHVEC.jpg,3,LYM,2607,3,0,-1,,,,
/content/Dataset/ADI/ADI-EHFGNRET.jpg,0,ADI,2608,0,0,-1,,,,
/content/Dataset/NORM/NORM-SIHCYALL.jpg,6,NORM,2609,6,0,-1,,,,
/content/Dataset/TUM/TUM-RTSNMQKW.jpg,8,TUM,2610,8,0,-1,,,,
/content/Dataset/BACK/BACK-LSQIVMRD.jpg,1,BACK,2611,1,0,-1,,,,
/content/Dataset/NORM/NORM-YCIVTNMR.jpg,6,NORM,2612,6,0,-1,,,,
/content/Dataset/ADI/ADI-EGLVDDLV.jpg,0,ADI,2613,0,0,-1,,,,
/content/Dataset/TUM/TUM-WWDGNFTL.jpg,8,TUM,2614,8,0,-1,,,,
/content/Dataset/NORM/NORM-SFMATVCA.jpg,6,NORM,2615,6,0,-1,,,,
/content/Dataset/LYM/LYM-SNFCWDAW.jpg,3,LYM,2616,3,0,-1,,,,
/content/Dataset/ADI/ADI-AHMWKSHW.jpg,0,ADI,2617,0,0,-1,,,,
/content/Dataset/ADI/ADI-DWLVQYMS.jpg,0,ADI,2618,0,0,-1,,,,
/content/Dataset/BACK/BACK-KIDEIRNL.jpg,1,BACK,2619,1,0,-1,,,,
/content/Dataset/LYM/LYM-TDSDCYTN.jpg,3,LYM,2620,3,0,-1,,,,
/content/Dataset/MUS/MUS-QFGSMCEV.jpg,5,MUS,2621,5,0,-1,,,,
/content/Dataset/ADI/ADI-HTYWIKYD.jpg,0,ADI,2622,0,0,-1,,,,
/content/Dataset/ADI/ADI-AVHTYAHN.jpg,0,ADI,2623,0,0,-1,,,,
/content/Dataset/LYM/LYM-RDMSYFQK.jpg,3,LYM,2624,3,0,-1,,,,
/content/Dataset/ADI/ADI-CCPFHYVV.jpg,0,ADI,2625,0,0,-1,,,,
/content/Dataset/DEB/DEB-RKGDRFQQ.jpg,2,DEB,2626,2,0,-1,,,,
/content/Dataset/ADI/ADI-IPFPHELW.jpg,0,ADI,2627,0,0,-1,,,,
/content/Dataset/LYM/LYM-ALRVPPWE.jpg,3,LYM,2628,3,0,-1,,,,
/content/Dataset/MUC/MUC-KSGTAQGR.jpg,4,MUC,2629,4,0,-1,,,,
/content/Dataset/LYM/LYM-PEWAIHLR.jpg,3,LYM,2630,3,0,-1,,,,
/content/Dataset/STR/STR-PLNAEDHI.jpg,7,STR,2631,7,0,-1,,,,
/content/Dataset/DEB/DEB-STRCRFNM.jpg,2,DEB,2632,2,0,-1,,,,
/content/Dataset/BACK/BACK-HTQLDVST.jpg,1,BACK,2633,1,0,-1,,,,
/content/Dataset/STR/STR-QFHRHRPF.jpg,7,STR,2634,7,0,-1,,,,
/content/Dataset/STR/STR-RWRHPERC.jpg,7,STR,2635,7,0,-1,,,,
/content/Dataset/LYM/LYM-PHLIAMEN.jpg,3,LYM,2636,3,0,-1,,,,
/content/Dataset/ADI/ADI-HNAGNWVC.jpg,0,ADI,2637,0,0,-1,,,,
/content/Dataset/BACK/BACK-LKWKMFYD.jpg,1,BACK,2638,1,0,-1,,,,
/content/Dataset/BACK/BACK-NKGLGQAG.jpg,1,BACK,2639,1,0,-1,,,,
/content/Dataset/TUM/TUM-QYPWWDRT.jpg,8,TUM,2640,8,0,-1,,,,
/content/Dataset/BACK/BACK-NPRTRYPR.jpg,1,BACK,2641,1,0,-1,,,,
/content/Dataset/LYM/LYM-AIVAFFDI.jpg,3,LYM,2642,3,0,-1,,,,
/content/Dataset/BACK/BACK-MGENDAGS.jpg,1,BACK,2643,1,0,-1,,,,
/content/Dataset/STR/STR-PMCCIKLN.jpg,7,STR,2644,7,0,-1,,,,
/content/Dataset/STR/STR-PSWRLVHS.jpg,7,STR,2645,7,0,-1,,,,
/content/Dataset/LYM/LYM-TKNVKNFM.jpg,3,LYM,2646,3,0,-1,,,,
/content/Dataset/STR/STR-QNHPHRRQ.jpg,7,STR,2647,7,0,-1,,,,
/content/Dataset/ADI/ADI-MLHFQRNF.jpg,0,ADI,2648,0,0,-1,,,,
/content/Dataset/MUC/MUC-SRIPEWDL.jpg,4,MUC,2649,4,0,-1,,,,
/content/Dataset/MUC/MUC-NNGTAVVC.jpg,4,MUC,2650,4,0,-1,,,,
/content/Dataset/NORM/NORM-PCNYCEVK.jpg,6,NORM,2651,6,0,-1,,,,
/content/Dataset/ADI/ADI-CGWQVMDT.jpg,0,ADI,2652,0,0,-1,,,,
/content/Dataset/DEB/DEB-TCNVEKEC.jpg,2,DEB,2653,2,0,-1,,,,
/content/Dataset/NORM/NORM-QCRIKSCY.jpg,6,NORM,2654,6,0,-1,,,,
/content/Dataset/DEB/DEB-TATDQMGE.jpg,2,DEB,2655,2,0,-1,,,,
/content/Dataset/STR/STR-NTWVNFFS.jpg,7,STR,2656,7,0,-1,,,,
/content/Dataset/TUM/TUM-WAGQPLFG.jpg,8,TUM,2657,8,0,-1,,,,
/content/Dataset/LYM/LYM-KGCGRHQP.jpg,3,LYM,2658,3,0,-1,,,,
/content/Dataset/LYM/LYM-QQTFSRIV.jpg,3,LYM,2659,3,0,-1,,,,
/content/Dataset/MUS/MUS-CFTPQHFM.jpg,5,MUS,2660,5,0,-1,,,,
/content/Dataset/LYM/LYM-NVIVNDDM.jpg,3,LYM,2661,3,0,-1,,,,
/content/Dataset/ADI/ADI-GSCSRQNG.jpg,0,ADI,2662,0,0,-1,,,,
/content/Dataset/LYM/LYM-RCFWDTHE.jpg,3,LYM,2663,3,0,-1,,,,
/content/Dataset/LYM/LYM-PRENRAMD.jpg,3,LYM,2664,3,0,-1,,,,
/content/Dataset/MUS/MUS-NYVVVNKY.jpg,5,MUS,2665,5,0,-1,,,,
/content/Dataset/ADI/ADI-EEYWMKGL.jpg,0,ADI,2666,0,0,-1,,,,
/content/Dataset/MUS/MUS-QWFDIEPM.jpg,5,MUS,2667,5,0,-1,,,,
/content/Dataset/STR/STR-YQRFFVCC.jpg,7,STR,2668,7,0,-1,,,,
/content/Dataset/STR/STR-WHQGLISV.jpg,7,STR,2669,7,0,-1,,,,
/content/Dataset/STR/STR-NMNQQDYH.jpg,7,STR,2670,7,0,-1,,,,
/content/Dataset/MUC/MUC-QNLYMSQR.jpg,4,MUC,2671,4,0,-1,,,,
/content/Dataset/LYM/LYM-AKLKVWGL.jpg,3,LYM,2672,3,0,-1,,,,
/content/Dataset/MUS/MUS-RQNSAKVY.jpg,5,MUS,2673,5,0,-1,,,,
/content/Dataset/TUM/TUM-WEMETIWG.jpg,8,TUM,2674,8,0,-1,,,,
/content/Dataset/ADI/ADI-AAVCLGTW.jpg,0,ADI,2675,0,0,-1,,,,
/content/Dataset/MUC/MUC-PLIDWLFC.jpg,4,MUC,2676,4,0,-1,,,,
/content/Dataset/TUM/TUM-VNAWFITM.jpg,8,TUM,2677,8,0,-1,,,,
/content/Dataset/DEB/DEB-RPSRCDVY.jpg,2,DEB,2678,2,0,-1,,,,
/content/Dataset/MUS/MUS-RCYIWIST.jpg,5,MUS,2679,5,0,-1,,,,
/content/Dataset/NORM/NORM-MFRIHPFD.jpg,6,NORM,2680,6,0,-1,,,,
/content/Dataset/STR/STR-NIDPQMSC.jpg,7,STR,2681,7,0,-1,,,,
/content/Dataset/STR/STR-NDAHMAHK.jpg,7,STR,2682,7,0,-1,,,,
/content/Dataset/ADI/ADI-DEYHMTPI.jpg,0,ADI,2683,0,0,-1,,,,
/content/Dataset/BACK/BACK-FEILWVVR.jpg,1,BACK,2684,1,0,-1,,,,
/content/Dataset/STR/STR-NQVVVTNN.jpg,7,STR,2685,7,0,-1,,,,
/content/Dataset/LYM/LYM-PGFVCMEC.jpg,3,LYM,2686,3,0,-1,,,,
/content/Dataset/BACK/BACK-KFNRKFKW.jpg,1,BACK,2687,1,0,-1,,,,
/content/Dataset/MUC/MUC-NLSFMRHQ.jpg,4,MUC,2688,4,0,-1,,,,
/content/Dataset/MUS/MUS-PEAAYTIG.jpg,5,MUS,2689,5,0,-1,,,,
/content/Dataset/ADI/ADI-DIWQYRWE.jpg,0,ADI,2690,0,0,-1,,,,
/content/Dataset/MUC/MUC-NVPWAELM.jpg,4,MUC,2691,4,0,-1,,,,
/content/Dataset/DEB/DEB-RCDYHANL.jpg,2,DEB,2692,2,0,-1,,,,
/content/Dataset/ADI/ADI-AWFCSFPK.jpg,0,ADI,2693,0,0,-1,,,,
/content/Dataset/BACK/BACK-LYIQQPRK.jpg,1,BACK,2694,1,0,-1,,,,
/content/Dataset/MUS/MUS-AGWHPEQD.jpg,5,MUS,2695,5,0,-1,,,,
/content/Dataset/NORM/NORM-YLYYAYHM.jpg,6,NORM,2696,6,0,-1,,,,
/content/Dataset/BACK/BACK-LTWTYHAM.jpg,1,BACK,2697,1,0,-1,,,,
/content/Dataset/NORM/NORM-QDPKRHIP.jpg,6,NORM,2698,6,0,-1,,,,
/content/Dataset/BACK/BACK-PEAISVVK.jpg,1,BACK,2699,1,0,-1,,,,
/content/Dataset/MUC/MUC-ANLPLNRR.jpg,4,MUC,2700,4,0,-1,,,,
/content/Dataset/BACK/BACK-KVAQQQLN.jpg,1,BACK,2701,1,0,-1,,,,
/content/Dataset/ADI/ADI-CNCRMFED.jpg,0,ADI,2702,0,0,-1,,,,
/content/Dataset/MUS/MUS-RRFGSAVL.jpg,5,MUS,2703,5,0,-1,,,,
/content/Dataset/TUM/TUM-YCGAFITT.jpg,8,TUM,2704,8,0,-1,,,,
/content/Dataset/LYM/LYM-KAFFMFMY.jpg,3,LYM,2705,3,0,-1,,,,
/content/Dataset/NORM/NORM-QNVRIYWY.jpg,6,NORM,2706,6,0,-1,,,,
/content/Dataset/MUS/MUS-CETTVRYS.jpg,5,MUS,2707,5,0,-1,,,,
/content/Dataset/MUS/MUS-RFIYYCVL.jpg,5,MUS,2708,5,0,-1,,,,
/content/Dataset/LYM/LYM-SGRSDCHW.jpg,3,LYM,2709,3,0,-1,,,,
/content/Dataset/ADI/ADI-HYSFTRAR.jpg,0,ADI,2710,0,0,-1,,,,
/content/Dataset/DEB/DEB-WLGSTPRF.jpg,2,DEB,2711,2,0,-1,,,,
/content/Dataset/LYM/LYM-STMEELIR.jpg,3,LYM,2712,3,0,-1,,,,
/content/Dataset/DEB/DEB-YSKWRADC.jpg,2,DEB,2713,2,0,-1,,,,
/content/Dataset/DEB/DEB-RIKCCSKC.jpg,2,DEB,2714,2,0,-1,,,,
/content/Dataset/NORM/NORM-YHMCIWHM.jpg,6,NORM,2715,6,0,-1,,,,
/content/Dataset/MUC/MUC-SFQMDQNM.jpg,4,MUC,2716,4,0,-1,,,,
/content/Dataset/NORM/NORM-SHFRSRVF.jpg,6,NORM,2717,6,0,-1,,,,
/content/Dataset/TUM/TUM-SFRGHNEY.jpg,8,TUM,2718,8,0,-1,,,,
/content/Dataset/DEB/DEB-PYSTIECI.jpg,2,DEB,2719,2,0,-1,,,,
/content/Dataset/DEB/DEB-YSHICPRC.jpg,2,DEB,2720,2,0,-1,,,,
/content/Dataset/MUC/MUC-YQHIYTFQ.jpg,4,MUC,2721,4,0,-1,,,,
/content/Dataset/NORM/NORM-VQIQLFFA.jpg,6,NORM,2722,6,0,-1,,,,
/content/Dataset/DEB/DEB-WFKQNEPS.jpg,2,DEB,2723,2,0,-1,,,,
/content/Dataset/STR/STR-NSEERPLI.jpg,7,STR,2724,7,0,-1,,,,
/content/Dataset/ADI/ADI-ESHWTMMI.jpg,0,ADI,2725,0,0,-1,,,,
/content/Dataset/MUC/MUC-VYNKEVKK.jpg,4,MUC,2726,4,0,-1,,,,
/content/Dataset/MUC/MUC-VQKPRCHQ.jpg,4,MUC,2727,4,0,-1,,,,
/content/Dataset/NORM/NORM-ACKRQEVR.jpg,6,NORM,2728,6,0,-1,,,,
/content/Dataset/ADI/ADI-IGSSFNAK.jpg,0,ADI,2729,0,0,-1,,,,
/content/Dataset/LYM/LYM-PRVYVLIK.jpg,3,LYM,2730,3,0,-1,,,,
/content/Dataset/STR/STR-NMHLCRLD.jpg,7,STR,2731,7,0,-1,,,,
/content/Dataset/MUS/MUS-QYTHRDFI.jpg,5,MUS,2732,5,0,-1,,,,
/content/Dataset/DEB/DEB-SAAWQIND.jpg,2,DEB,2733,2,0,-1,,,,
/content/Dataset/MUC/MUC-QLITYEYY.jpg,4,MUC,2734,4,0,-1,,,,
/content/Dataset/MUC/MUC-SKEVFGQH.jpg,4,MUC,2735,4,0,-1,,,,
/content/Dataset/NORM/NORM-NQPQKTVY.jpg,6,NORM,2736,6,0,-1,,,,
/content/Dataset/NORM/NORM-VVCNWEQF.jpg,6,NORM,2737,6,0,-1,,,,
/content/Dataset/STR/STR-PVPLWPRT.jpg,7,STR,2738,7,0,-1,,,,
/content/Dataset/MUC/MUC-TIAMYVWQ.jpg,4,MUC,2739,4,0,-1,,,,
/content/Dataset/NORM/NORM-AMMHNARA.jpg,6,NORM,2740,6,0,-1,,,,
/content/Dataset/MUC/MUC-VDRMDMRM.jpg,4,MUC,2741,4,0,-1,,,,
/content/Dataset/MUS/MUS-NTLSFHVF.jpg,5,MUS,2742,5,0,-1,,,,
/content/Dataset/NORM/NORM-SRPEVCCS.jpg,6,NORM,2743,6,0,-1,,,,
/content/Dataset/ADI/ADI-IIANVMRS.jpg,0,ADI,2744,0,0,-1,,,,
/content/Dataset/ADI/ADI-FHLMIKNI.jpg,0,ADI,2745,0,0,-1,,,,
/content/Dataset/DEB/DEB-TWAMYMEP.jpg,2,DEB,2746,2,0,-1,,,,
/content/Dataset/NORM/NORM-PKVMMFEM.jpg,6,NORM,2747,6,0,-1,,,,
/content/Dataset/STR/STR-WMQGPMIW.jpg,7,STR,2748,7,0,-1,,,,
/content/Dataset/TUM/TUM-WTWPSNGG.jpg,8,TUM,2749,8,0,-1,,,,
/content/Dataset/BACK/BACK-ISLDTDLN.jpg,1,BACK,2750,1,0,-1,,,,
/content/Dataset/STR/STR-NLSADHNC.jpg,7,STR,2751,7,0,-1,,,,
/content/Dataset/BACK/BACK-NFQDVLCQ.jpg,1,BACK,2752,1,0,-1,,,,
/content/Dataset/LYM/LYM-PCQYWQTH.jpg,3,LYM,2753,3,0,-1,,,,
/content/Dataset/ADI/ADI-HNKRKLDP.jpg,0,ADI,2754,0,0,-1,,,,
/content/Dataset/ADI/ADI-EMKFDFSG.jpg,0,ADI,2755,0,0,-1,,,,
/content/Dataset/STR/STR-YCGYCWHT.jpg,7,STR,2756,7,0,-1,,,,
/content/Dataset/MUC/MUC-SEPIQYVE.jpg,4,MUC,2757,4,0,-1,,,,
/content/Dataset/ADI/ADI-ILNHAHGI.jpg,0,ADI,2758,0,0,-1,,,,
/content/Dataset/LYM/LYM-TESDLMKG.jpg,3,LYM,2759,3,0,-1,,,,
/content/Dataset/BACK/BACK-METYHPEN.jpg,1,BACK,2760,1,0,-1,,,,
/content/Dataset/BACK/BACK-NTLSNPQD.jpg,1,BACK,2761,1,0,-1,,,,
/content/Dataset/BACK/BACK-AIAKYKTW.jpg,1,BACK,2762,1,0,-1,,,,
/content/Dataset/MUS/MUS-RFYPPVDI.jpg,5,MUS,2763,5,0,-1,,,,
/content/Dataset/STR/STR-RQINQVQY.jpg,7,STR,2764,7,0,-1,,,,
/content/Dataset/BACK/BACK-KWHGFYEK.jpg,1,BACK,2765,1,0,-1,,,,
/content/Dataset/NORM/NORM-QKAEQMSF.jpg,6,NORM,2766,6,0,-1,,,,
/content/Dataset/DEB/DEB-REMVPCCK.jpg,2,DEB,2767,2,0,-1,,,,
/content/Dataset/MUC/MUC-EFKNEPDR.jpg,4,MUC,2768,4,0,-1,,,,
/content/Dataset/ADI/ADI-CMMGYAPL.jpg,0,ADI,2769,0,0,-1,,,,
/content/Dataset/TUM/TUM-SFGHENQS.jpg,8,TUM,2770,8,0,-1,,,,
/content/Dataset/BACK/BACK-AEIFDIAR.jpg,1,BACK,2771,1,0,-1,,,,
/content/Dataset/NORM/NORM-LGPGKHVN.jpg,6,NORM,2772,6,0,-1,,,,
/content/Dataset/STR/STR-YYDSRDKV.jpg,7,STR,2773,7,0,-1,,,,
/content/Dataset/LYM/LYM-TEHGSYGA.jpg,3,LYM,2774,3,0,-1,,,,
/content/Dataset/NORM/NORM-MPHHPSIN.jpg,6,NORM,2775,6,0,-1,,,,
/content/Dataset/TUM/TUM-RPLGGRYE.jpg,8,TUM,2776,8,0,-1,,,,
/content/Dataset/LYM/LYM-AGRYSCEP.jpg,3,LYM,2777,3,0,-1,,,,
/content/Dataset/LYM/LYM-RTNDEWFF.jpg,3,LYM,2778,3,0,-1,,,,
/content/Dataset/DEB/DEB-WGAFDGNY.jpg,2,DEB,2779,2,0,-1,,,,
/content/Dataset/LYM/LYM-SDAPEQKK.jpg,3,LYM,2780,3,0,-1,,,,
/content/Dataset/DEB/DEB-TSKMWCNM.jpg,2,DEB,2781,2,0,-1,,,,
/content/Dataset/NORM/NORM-QTYYTFMI.jpg,6,NORM,2782,6,0,-1,,,,
/content/Dataset/DEB/DEB-TVPDGYCQ.jpg,2,DEB,2783,2,0,-1,,,,
/content/Dataset/LYM/LYM-DKSAVHGK.jpg,3,LYM,2784,3,0,-1,,,,
/content/Dataset/ADI/ADI-HWPDTDRF.jpg,0,ADI,2785,0,0,-1,,,,
/content/Dataset/NORM/NORM-AQMIWHLH.jpg,6,NORM,2786,6,0,-1,,,,
/content/Dataset/MUC/MUC-WAAHRNCM.jpg,4,MUC,2787,4,0,-1,,,,
/content/Dataset/ADI/ADI-EYMHTVGI.jpg,0,ADI,2788,0,0,-1,,,,
/content/Dataset/MUC/MUC-QSVRHRFR.jpg,4,MUC,2789,4,0,-1,,,,
/content/Dataset/DEB/DEB-QILWRDLQ.jpg,2,DEB,2790,2,0,-1,,,,
/content/Dataset/TUM/TUM-YGGPHDQA.jpg,8,TUM,2791,8,0,-1,,,,
/content/Dataset/ADI/ADI-GMMCDTSE.jpg,0,ADI,2792,0,0,-1,,,,
/content/Dataset/TUM/TUM-YWVASKHF.jpg,8,TUM,2793,8,0,-1,,,,
/content/Dataset/MUC/MUC-RAKIAMVN.jpg,4,MUC,2794,4,0,-1,,,,
/content/Dataset/MUC/MUC-YMLSRIAD.jpg,4,MUC,2795,4,0,-1,,,,
/content/Dataset/LYM/LYM-VGIHSVGM.jpg,3,LYM,2796,3,0,-1,,,,
/content/Dataset/NORM/NORM-TTFVMVKP.jpg,6,NORM,2797,6,0,-1,,,,
/content/Dataset/DEB/DEB-RFKLWCKR.jpg,2,DEB,2798,2,0,-1,,,,
/content/Dataset/LYM/LYM-QWMEVPCY.jpg,3,LYM,2799,3,0,-1,,,,
/content/Dataset/MUC/MUC-WFMECKQM.jpg,4,MUC,2800,4,0,-1,,,,
/content/Dataset/LYM/LYM-TRAEDIHT.jpg,3,LYM,2801,3,0,-1,,,,
/content/Dataset/NORM/NORM-PEPVEKMS.jpg,6,NORM,2802,6,0,-1,,,,
/content/Dataset/LYM/LYM-PQPAMCYL.jpg,3,LYM,2803,3,0,-1,,,,
/content/Dataset/MUC/MUC-QCSCIWMA.jpg,4,MUC,2804,4,0,-1,,,,
/content/Dataset/DEB/DEB-TENWCLWV.jpg,2,DEB,2805,2,0,-1,,,,
/content/Dataset/LYM/LYM-IWVGAQIR.jpg,3,LYM,2806,3,0,-1,,,,
/content/Dataset/DEB/DEB-PDWNINMC.jpg,2,DEB,2807,2,0,-1,,,,
/content/Dataset/LYM/LYM-QFCEWHLV.jpg,3,LYM,2808,3,0,-1,,,,
/content/Dataset/ADI/ADI-HFIEDHIP.jpg,0,ADI,2809,0,0,-1,,,,
/content/Dataset/ADI/ADI-AQFESSRA.jpg,0,ADI,2810,0,0,-1,,,,
/content/Dataset/TUM/TUM-VYDDSIPS.jpg,8,TUM,2811,8,0,-1,,,,
/content/Dataset/MUC/MUC-WIEPNKAI.jpg,4,MUC,2812,4,0,-1,,,,
/content/Dataset/NORM/NORM-YLCKTGAN.jpg,6,NORM,2813,6,0,-1,,,,
/content/Dataset/LYM/LYM-TLDDWEII.jpg,3,LYM,2814,3,0,-1,,,,
/content/Dataset/DEB/DEB-SEGVMNQK.jpg,2,DEB,2815,2,0,-1,,,,
/content/Dataset/BACK/BACK-NWAIADAL.jpg,1,BACK,2816,1,0,-1,,,,
/content/Dataset/TUM/TUM-WWIEATPW.jpg,8,TUM,2817,8,0,-1,,,,
/content/Dataset/STR/STR-VKSVHVAW.jpg,7,STR,2818,7,0,-1,,,,
/content/Dataset/MUC/MUC-VSRINYQM.jpg,4,MUC,2819,4,0,-1,,,,
/content/Dataset/ADI/ADI-HIVRAVVS.jpg,0,ADI,2820,0,0,-1,,,,
/content/Dataset/MUC/MUC-SQFSKFTH.jpg,4,MUC,2821,4,0,-1,,,,
/content/Dataset/TUM/TUM-QGWPSLLK.jpg,8,TUM,2822,8,0,-1,,,,
/content/Dataset/MUC/MUC-VPWPWHHP.jpg,4,MUC,2823,4,0,-1,,,,
/content/Dataset/STR/STR-QMECLSLN.jpg,7,STR,2824,7,0,-1,,,,
/content/Dataset/ADI/ADI-ELMEKCET.jpg,0,ADI,2825,0,0,-1,,,,
/content/Dataset/MUC/MUC-PSCTIEMW.jpg,4,MUC,2826,4,0,-1,,,,
/content/Dataset/MUS/MUS-VGDPKKSY.jpg,5,MUS,2827,5,0,-1,,,,
/content/Dataset/ADI/ADI-EEWIASVN.jpg,0,ADI,2828,0,0,-1,,,,
/content/Dataset/LYM/LYM-ADETEHME.jpg,3,LYM,2829,3,0,-1,,,,
/content/Dataset/BACK/BACK-AECAYWLQ.jpg,1,BACK,2830,1,0,-1,,,,
/content/Dataset/DEB/DEB-SLTMCLYI.jpg,2,DEB,2831,2,0,-1,,,,
/content/Dataset/MUC/MUC-VPRMQKVC.jpg,4,MUC,2832,4,0,-1,,,,
/content/Dataset/MUS/MUS-VKACAGPV.jpg,5,MUS,2833,5,0,-1,,,,
/content/Dataset/ADI/ADI-HFPLHGVM.jpg,0,ADI,2834,0,0,-1,,,,
/content/Dataset/NORM/NORM-LTADSSIF.jpg,6,NORM,2835,6,0,-1,,,,
/content/Dataset/DEB/DEB-VYWDIRGP.jpg,2,DEB,2836,2,0,-1,,,,
/content/Dataset/DEB/DEB-NYQQPHIE.jpg,2,DEB,2837,2,0,-1,,,,
/content/Dataset/MUC/MUC-ARYWMMND.jpg,4,MUC,2838,4,0,-1,,,,
/content/Dataset/LYM/LYM-VKIECRVQ.jpg,3,LYM,2839,3,0,-1,,,,
/content/Dataset/MUC/MUC-RHALFEQC.jpg,4,MUC,2840,4,0,-1,,,,
/content/Dataset/STR/STR-RATDPPIA.jpg,7,STR,2841,7,0,-1,,,,
/content/Dataset/MUC/MUC-KFYETVSM.jpg,4,MUC,2842,4,0,-1,,,,
/content/Dataset/ADI/ADI-FSHFQNAA.jpg,0,ADI,2843,0,0,-1,,,,
/content/Dataset/TUM/TUM-VLTEFKPE.jpg,8,TUM,2844,8,0,-1,,,,
/content/Dataset/MUS/MUS-AKDYMMHF.jpg,5,MUS,2845,5,0,-1,,,,
/content/Dataset/BACK/BACK-LTNWMESM.jpg,1,BACK,2846,1,0,-1,,,,
/content/Dataset/MUS/MUS-PDMEHWLN.jpg,5,MUS,2847,5,0,-1,,,,
/content/Dataset/NORM/NORM-YAQGFALE.jpg,6,NORM,2848,6,0,-1,,,,
/content/Dataset/LYM/LYM-TTPCCRHN.jpg,3,LYM,2849,3,0,-1,,,,
/content/Dataset/MUS/MUS-NMKPAALT.jpg,5,MUS,2850,5,0,-1,,,,
/content/Dataset/MUC/MUC-YHHWNTRV.jpg,4,MUC,2851,4,0,-1,,,,
/content/Dataset/STR/STR-WNNQSCKA.jpg,7,STR,2852,7,0,-1,,,,
/content/Dataset/MUS/MUS-NNRSNERL.jpg,5,MUS,2853,5,0,-1,,,,
/content/Dataset/NORM/NORM-WFIQYYWF.jpg,6,NORM,2854,6,0,-1,,,,
/content/Dataset/DEB/DEB-SDVKLRAW.jpg,2,DEB,2855,2,0,-1,,,,
/content/Dataset/ADI/ADI-GFNGHIAQ.jpg,0,ADI,2856,0,0,-1,,,,
/content/Dataset/MUC/MUC-SPWAKCNL.jpg,4,MUC,2857,4,0,-1,,,,
/content/Dataset/NORM/NORM-SHWQPCER.jpg,6,NORM,2858,6,0,-1,,,,
/content/Dataset/ADI/ADI-FWCQWCTW.jpg,0,ADI,2859,0,0,-1,,,,
/content/Dataset/MUC/MUC-PHCKKMST.jpg,4,MUC,2860,4,0,-1,,,,
/content/Dataset/MUC/MUC-VSIIVKKP.jpg,4,MUC,2861,4,0,-1,,,,
/content/Dataset/NORM/NORM-YIWDQCMK.jpg,6,NORM,2862,6,0,-1,,,,
/content/Dataset/TUM/TUM-QQKWLIRL.jpg,8,TUM,2863,8,0,-1,,,,
/content/Dataset/TUM/TUM-TEWMWHIC.jpg,8,TUM,2864,8,0,-1,,,,
/content/Dataset/NORM/NORM-STQEQAEH.jpg,6,NORM,2865,6,0,-1,,,,
/content/Dataset/NORM/NORM-RYSPHRCQ.jpg,6,NORM,2866,6,0,-1,,,,
/content/Dataset/LYM/LYM-TFFQGFED.jpg,3,LYM,2867,3,0,-1,,,,
/content/Dataset/NORM/NORM-NVAEMQRQ.jpg,6,NORM,2868,6,0,-1,,,,
/content/Dataset/DEB/DEB-PYWKKKDN.jpg,2,DEB,2869,2,0,-1,,,,
/content/Dataset/DEB/DEB-SRQVIENT.jpg,2,DEB,2870,2,0,-1,,,,
/content/Dataset/BACK/BACK-LHYCPWMS.jpg,1,BACK,2871,1,0,-1,,,,
/content/Dataset/MUC/MUC-ATSIDPET.jpg,4,MUC,2872,4,0,-1,,,,
/content/Dataset/LYM/LYM-PWNVSFML.jpg,3,LYM,2873,3,0,-1,,,,
/content/Dataset/NORM/NORM-MHQHQPWG.jpg,6,NORM,2874,6,0,-1,,,,
/content/Dataset/BACK/BACK-KLVSNESF.jpg,1,BACK,2875,1,0,-1,,,,
/content/Dataset/DEB/DEB-ADNYYWQP.jpg,2,DEB,2876,2,0,-1,,,,
/content/Dataset/STR/STR-TLAMASDW.jpg,7,STR,2877,7,0,-1,,,,
/content/Dataset/DEB/DEB-VGNMTVCI.jpg,2,DEB,2878,2,0,-1,,,,
/content/Dataset/ADI/ADI-CTDGQAKC.jpg,0,ADI,2879,0,0,-1,,,,
/content/Dataset/LYM/LYM-RHSKYNRT.jpg,3,LYM,2880,3,0,-1,,,,
/content/Dataset/ADI/ADI-EGWPYGKI.jpg,0,ADI,2881,0,0,-1,,,,
/content/Dataset/BACK/BACK-MFSMRHDC.jpg,1,BACK,2882,1,0,-1,,,,
/content/Dataset/TUM/TUM-WESFKHSV.jpg,8,TUM,2883,8,0,-1,,,,
/content/Dataset/DEB/DEB-WDIAYVPD.jpg,2,DEB,2884,2,0,-1,,,,
/content/Dataset/MUS/MUS-SIAYCSGS.jpg,5,MUS,2885,5,0,-1,,,,
/content/Dataset/ADI/ADI-FFLIIIVV.jpg,0,ADI,2886,0,0,-1,,,,
/content/Dataset/BACK/BACK-KDMCFFTL.jpg,1,BACK,2887,1,0,-1,,,,
/content/Dataset/TUM/TUM-RLRLNTGE.jpg,8,TUM,2888,8,0,-1,,,,
/content/Dataset/TUM/TUM-RCMSHEWA.jpg,8,TUM,2889,8,0,-1,,,,
/content/Dataset/LYM/LYM-PRKAMVYI.jpg,3,LYM,2890,3,0,-1,,,,
/content/Dataset/BACK/BACK-IYTWDDCF.jpg,1,BACK,2891,1,0,-1,,,,
/content/Dataset/LYM/LYM-PCLICYKC.jpg,3,LYM,2892,3,0,-1,,,,
/content/Dataset/LYM/LYM-AFSIMLMN.jpg,3,LYM,2893,3,0,-1,,,,
/content/Dataset/MUC/MUC-VTMQDALR.jpg,4,MUC,2894,4,0,-1,,,,
/content/Dataset/ADI/ADI-EIKEVKMA.jpg,0,ADI,2895,0,0,-1,,,,
/content/Dataset/TUM/TUM-VKSASHGE.jpg,8,TUM,2896,8,0,-1,,,,
/content/Dataset/DEB/DEB-TLLMYWAC.jpg,2,DEB,2897,2,0,-1,,,,
/content/Dataset/MUC/MUC-QVYKFFRD.jpg,4,MUC,2898,4,0,-1,,,,
/content/Dataset/TUM/TUM-YCFPGSYM.jpg,8,TUM,2899,8,0,-1,,,,
/content/Dataset/ADI/ADI-ICHMRNNR.jpg,0,ADI,2900,0,0,-1,,,,
/content/Dataset/MUS/MUS-PPRQSGKN.jpg,5,MUS,2901,5,0,-1,,,,
/content/Dataset/MUS/MUS-CLWMNIML.jpg,5,MUS,2902,5,0,-1,,,,
/content/Dataset/ADI/ADI-HYDHATEA.jpg,0,ADI,2903,0,0,-1,,,,
/content/Dataset/LYM/LYM-NYKELWWE.jpg,3,LYM,2904,3,0,-1,,,,
/content/Dataset/ADI/ADI-FVHSVNQV.jpg,0,ADI,2905,0,0,-1,,,,
/content/Dataset/DEB/DEB-SNRLVFDS.jpg,2,DEB,2906,2,0,-1,,,,
/content/Dataset/MUS/MUS-PSCTNPKT.jpg,5,MUS,2907,5,0,-1,,,,
/content/Dataset/NORM/NORM-AEANPTAS.jpg,6,NORM,2908,6,0,-1,,,,
/content/Dataset/MUS/MUS-NYFWWCCV.jpg,5,MUS,2909,5,0,-1,,,,
/content/Dataset/ADI/ADI-EITDGRWR.jpg,0,ADI,2910,0,0,-1,,,,
/content/Dataset/STR/STR-YREGCERY.jpg,7,STR,2911,7,0,-1,,,,
/content/Dataset/NORM/NORM-MWEWRFVG.jpg,6,NORM,2912,6,0,-1,,,,
/content/Dataset/BACK/BACK-KPCNRWIV.jpg,1,BACK,2913,1,0,-1,,,,
/content/Dataset/DEB/DEB-SGRCGETN.jpg,2,DEB,2914,2,0,-1,,,,
/content/Dataset/LYM/LYM-VNGHQRKS.jpg,3,LYM,2915,3,0,-1,,,,
/content/Dataset/MUC/MUC-YQFDYMCH.jpg,4,MUC,2916,4,0,-1,,,,
/content/Dataset/MUC/MUC-QRDWQAIF.jpg,4,MUC,2917,4,0,-1,,,,
/content/Dataset/NORM/NORM-STMPCFVW.jpg,6,NORM,2918,6,0,-1,,,,
/content/Dataset/NORM/NORM-WQCPVPKH.jpg,6,NORM,2919,6,0,-1,,,,
/content/Dataset/STR/STR-YGHYATEP.jpg,7,STR,2920,7,0,-1,,,,
/content/Dataset/MUC/MUC-WRHHLCKM.jpg,4,MUC,2921,4,0,-1,,,,
/content/Dataset/MUC/MUC-PNNKNMPR.jpg,4,MUC,2922,4,0,-1,,,,
/content/Dataset/BACK/BACK-IVASSIAM.jpg,1,BACK,2923,1,0,-1,,,,
/content/Dataset/STR/STR-PSDLTEEQ.jpg,7,STR,2924,7,0,-1,,,,
/content/Dataset/ADI/ADI-CRARWWQI.jpg,0,ADI,2925,0,0,-1,,,,
/content/Dataset/STR/STR-RMQHVWAQ.jpg,7,STR,2926,7,0,-1,,,,
/content/Dataset/MUC/MUC-KLINLVLR.jpg,4,MUC,2927,4,0,-1,,,,
/content/Dataset/NORM/NORM-MHMVGQCR.jpg,6,NORM,2928,6,0,-1,,,,
/content/Dataset/MUS/MUS-AFMIPWLW.jpg,5,MUS,2929,5,0,-1,,,,
/content/Dataset/BACK/BACK-LWPKQHEM.jpg,1,BACK,2930,1,0,-1,,,,
/content/Dataset/MUC/MUC-HIYHMNEW.jpg,4,MUC,2931,4,0,-1,,,,
/content/Dataset/DEB/DEB-NPMNWTLN.jpg,2,DEB,2932,2,0,-1,,,,
/content/Dataset/MUS/MUS-SHFMMHPA.jpg,5,MUS,2933,5,0,-1,,,,
/content/Dataset/ADI/ADI-EQVHMKYV.jpg,0,ADI,2934,0,0,-1,,,,
/content/Dataset/DEB/DEB-PRAIETIP.jpg,2,DEB,2935,2,0,-1,,,,
/content/Dataset/NORM/NORM-WNSEDCSK.jpg,6,NORM,2936,6,0,-1,,,,
/content/Dataset/NORM/NORM-RQHYLAEN.jpg,6,NORM,2937,6,0,-1,,,,
/content/Dataset/BACK/BACK-LAIFFKEL.jpg,1,BACK,2938,1,0,-1,,,,
/content/Dataset/MUS/MUS-PSKRTKAC.jpg,5,MUS,2939,5,0,-1,,,,
/content/Dataset/DEB/DEB-YLRYGAPN.jpg,2,DEB,2940,2,0,-1,,,,
/content/Dataset/DEB/DEB-WQLEYFTR.jpg,2,DEB,2941,2,0,-1,,,,
/content/Dataset/TUM/TUM-SMMTWFKW.jpg,8,TUM,2942,8,0,-1,,,,
/content/Dataset/TUM/TUM-TNNGCIET.jpg,8,TUM,2943,8,0,-1,,,,
/content/Dataset/MUS/MUS-RQFVKGNT.jpg,5,MUS,2944,5,0,-1,,,,
/content/Dataset/NORM/NORM-LSWHDWCH.jpg,6,NORM,2945,6,0,-1,,,,
/content/Dataset/ADI/ADI-DANDKKSN.jpg,0,ADI,2946,0,0,-1,,,,
/content/Dataset/STR/STR-SSNHRGHW.jpg,7,STR,2947,7,0,-1,,,,
/content/Dataset/TUM/TUM-TLLIDSHK.jpg,8,TUM,2948,8,0,-1,,,,
/content/Dataset/ADI/ADI-GPSTLDQL.jpg,0,ADI,2949,0,0,-1,,,,
/content/Dataset/STR/STR-TPSTDFAI.jpg,7,STR,2950,7,0,-1,,,,
/content/Dataset/DEB/DEB-PTSDMSEK.jpg,2,DEB,2951,2,0,-1,,,,
/content/Dataset/ADI/ADI-ICKGAAAS.jpg,0,ADI,2952,0,0,-1,,,,
/content/Dataset/NORM/NORM-NGGYPIFE.jpg,6,NORM,2953,6,0,-1,,,,
/content/Dataset/MUC/MUC-YLKYMVSY.jpg,4,MUC,2954,4,0,-1,,,,
/content/Dataset/MUC/MUC-TVHMMQEH.jpg,4,MUC,2955,4,0,-1,,,,
/content/Dataset/DEB/DEB-SNHTQVDT.jpg,2,DEB,2956,2,0,-1,,,,
/content/Dataset/NORM/NORM-PEVWFQAN.jpg,6,NORM,2957,6,0,-1,,,,
/content/Dataset/ADI/ADI-EERDPYAS.jpg,0,ADI,2958,0,0,-1,,,,
/content/Dataset/DEB/DEB-YMDEVMCL.jpg,2,DEB,2959,2,0,-1,,,,
/content/Dataset/LYM/LYM-PGLNFHWV.jpg,3,LYM,2960,3,0,-1,,,,
/content/Dataset/STR/STR-YWNRHPCY.jpg,7,STR,2961,7,0,-1,,,,
/content/Dataset/MUS/MUS-RCWMLADE.jpg,5,MUS,2962,5,0,-1,,,,
/content/Dataset/TUM/TUM-QSMYWEKM.jpg,8,TUM,2963,8,0,-1,,,,
/content/Dataset/TUM/TUM-QVHPHHNW.jpg,8,TUM,2964,8,0,-1,,,,
/content/Dataset/MUS/MUS-RIMMRHLH.jpg,5,MUS,2965,5,0,-1,,,,
/content/Dataset/MUS/MUS-RNHAFNMA.jpg,5,MUS,2966,5,0,-1,,,,
/content/Dataset/MUC/MUC-VWIETNLQ.jpg,4,MUC,2967,4,0,-1,,,,
/content/Dataset/NORM/NORM-WQHCSECE.jpg,6,NORM,2968,6,0,-1,,,,
/content/Dataset/STR/STR-WAKLWRGW.jpg,7,STR,2969,7,0,-1,,,,
/content/Dataset/DEB/DEB-WKEGHSSC.jpg,2,DEB,2970,2,0,-1,,,,
/content/Dataset/NORM/NORM-MDAFGVTQ.jpg,6,NORM,2971,6,0,-1,,,,
/content/Dataset/DEB/DEB-VLNPFMML.jpg,2,DEB,2972,2,0,-1,,,,
/content/Dataset/LYM/LYM-RMRGTLFN.jpg,3,LYM,2973,3,0,-1,,,,
/content/Dataset/ADI/ADI-GFEWQQYI.jpg,0,ADI,2974,0,0,-1,,,,
/content/Dataset/MUS/MUS-QCVLIVGE.jpg,5,MUS,2975,5,0,-1,,,,
/content/Dataset/STR/STR-VRYISTYN.jpg,7,STR,2976,7,0,-1,,,,
/content/Dataset/DEB/DEB-YPHQFQHN.jpg,2,DEB,2977,2,0,-1,,,,
/content/Dataset/MUS/MUS-AKLGDITM.jpg,5,MUS,2978,5,0,-1,,,,
/content/Dataset/ADI/ADI-GGLVQTAL.jpg,0,ADI,2979,0,0,-1,,,,
/content/Dataset/BACK/BACK-ILDRFQTH.jpg,1,BACK,2980,1,0,-1,,,,
/content/Dataset/ADI/ADI-HQWNFRSS.jpg,0,ADI,2981,0,0,-1,,,,
/content/Dataset/ADI/ADI-FGLLKRQG.jpg,0,ADI,2982,0,0,-1,,,,
/content/Dataset/NORM/NORM-AMGMPPTC.jpg,6,NORM,2983,6,0,-1,,,,
/content/Dataset/TUM/TUM-QQPWEYYH.jpg,8,TUM,2984,8,0,-1,,,,
/content/Dataset/BACK/BACK-KWVRFADL.jpg,1,BACK,2985,1,0,-1,,,,
/content/Dataset/LYM/LYM-AHQMAEPC.jpg,3,LYM,2986,3,0,-1,,,,
/content/Dataset/LYM/LYM-NMWCKPVM.jpg,3,LYM,2987,3,0,-1,,,,
/content/Dataset/STR/STR-NLVQTKSV.jpg,7,STR,2988,7,0,-1,,,,
/content/Dataset/DEB/DEB-QDHKPIAF.jpg,2,DEB,2989,2,0,-1,,,,
/content/Dataset/ADI/ADI-EWTETKFM.jpg,0,ADI,2990,0,0,-1,,,,
/content/Dataset/MUC/MUC-NKYNQHTQ.jpg,4,MUC,2991,4,0,-1,,,,
/content/Dataset/NORM/NORM-YYRFREYG.jpg,6,NORM,2992,6,0,-1,,,,
/content/Dataset/DEB/DEB-PCSPQVVE.jpg,2,DEB,2993,2,0,-1,,,,
/content/Dataset/LYM/LYM-PTRRHEGN.jpg,3,LYM,2994,3,0,-1,,,,
/content/Dataset/LYM/LYM-TIKVLVSM.jpg,3,LYM,2995,3,0,-1,,,,
/content/Dataset/DEB/DEB-VMSWYGDK.jpg,2,DEB,2996,2,0,-1,,,,
/content/Dataset/MUS/MUS-RRGWSAIE.jpg,5,MUS,2997,5,0,-1,,,,
/content/Dataset/TUM/TUM-VFWWQLRM.jpg,8,TUM,2998,8,0,-1,,,,
/content/Dataset/TUM/TUM-TQDQSSFT.jpg,8,TUM,2999,8,0,-1,,,,
/content/Dataset/TUM/TUM-VCDTPMMM.jpg,8,TUM,3000,8,0,-1,,,,
/content/Dataset/STR/STR-PPKTKRCY.jpg,7,STR,3001,7,0,-1,,,,
/content/Dataset/MUS/MUS-PCPNKPGN.jpg,5,MUS,3002,5,0,-1,,,,
/content/Dataset/DEB/DEB-WGIRQWQY.jpg,2,DEB,3003,2,0,-1,,,,
/content/Dataset/DEB/DEB-SCQFRHAH.jpg,2,DEB,3004,2,0,-1,,,,
/content/Dataset/TUM/TUM-VEWKNKWE.jpg,8,TUM,3005,8,0,-1,,,,
/content/Dataset/LYM/LYM-NWRVLADL.jpg,3,LYM,3006,3,0,-1,,,,
/content/Dataset/ADI/ADI-CFLSHVHF.jpg,0,ADI,3007,0,0,-1,,,,
/content/Dataset/MUC/MUC-YRYWYDTK.jpg,4,MUC,3008,4,0,-1,,,,
/content/Dataset/LYM/LYM-TFGASCPF.jpg,3,LYM,3009,3,0,-1,,,,
/content/Dataset/MUS/MUS-STHTHRQW.jpg,5,MUS,3010,5,0,-1,,,,
/content/Dataset/MUC/MUC-SGAKQNSS.jpg,4,MUC,3011,4,0,-1,,,,
/content/Dataset/MUC/MUC-YYNQPECW.jpg,4,MUC,3012,4,0,-1,,,,
/content/Dataset/LYM/LYM-PHLEYLWV.jpg,3,LYM,3013,3,0,-1,,,,
/content/Dataset/MUC/MUC-QVEFQCSR.jpg,4,MUC,3014,4,0,-1,,,,
/content/Dataset/MUC/MUC-SESKQDVI.jpg,4,MUC,3015,4,0,-1,,,,
/content/Dataset/TUM/TUM-YKQDQTQM.jpg,8,TUM,3016,8,0,-1,,,,
/content/Dataset/BACK/BACK-AECPLTMV.jpg,1,BACK,3017,1,0,-1,,,,
/content/Dataset/LYM/LYM-NMDKANSC.jpg,3,LYM,3018,3,0,-1,,,,
/content/Dataset/LYM/LYM-YQQWNPVC.jpg,3,LYM,3019,3,0,-1,,,,
/content/Dataset/ADI/ADI-GMDKKHQF.jpg,0,ADI,3020,0,0,-1,,,,
/content/Dataset/TUM/TUM-RNHDSNCL.jpg,8,TUM,3021,8,0,-1,,,,
/content/Dataset/NORM/NORM-LNEAKMCM.jpg,6,NORM,3022,6,0,-1,,,,
/content/Dataset/DEB/DEB-TMTCPFRT.jpg,2,DEB,3023,2,0,-1,,,,
/content/Dataset/TUM/TUM-WFVRQAGQ.jpg,8,TUM,3024,8,0,-1,,,,
/content/Dataset/TUM/TUM-VESCTMVG.jpg,8,TUM,3025,8,0,-1,,,,
/content/Dataset/TUM/TUM-SQPVKSLY.jpg,8,TUM,3026,8,0,-1,,,,
/content/Dataset/MUC/MUC-APTHDVCK.jpg,4,MUC,3027,4,0,-1,,,,
/content/Dataset/MUS/MUS-PDVAGWNQ.jpg,5,MUS,3028,5,0,-1,,,,
/content/Dataset/TUM/TUM-TSCLMMIM.jpg,8,TUM,3029,8,0,-1,,,,
/content/Dataset/MUC/MUC-YYMCKHGR.jpg,4,MUC,3030,4,0,-1,,,,
/content/Dataset/BACK/BACK-HVHFTMRM.jpg,1,BACK,3031,1,0,-1,,,,
/content/Dataset/TUM/TUM-WFVMAISP.jpg,8,TUM,3032,8,0,-1,,,,
/content/Dataset/LYM/LYM-ALWARHGD.jpg,3,LYM,3033,3,0,-1,,,,
/content/Dataset/LYM/LYM-HAIPQSAA.jpg,3,LYM,3034,3,0,-1,,,,
/content/Dataset/TUM/TUM-RKMAEEPR.jpg,8,TUM,3035,8,0,-1,,,,
/content/Dataset/STR/STR-WCAHSNEN.jpg,7,STR,3036,7,0,-1,,,,
/content/Dataset/BACK/BACK-ILCYDSNY.jpg,1,BACK,3037,1,0,-1,,,,
/content/Dataset/DEB/DEB-YFYDANQQ.jpg,2,DEB,3038,2,0,-1,,,,
/content/Dataset/ADI/ADI-CHDDFWKY.jpg,0,ADI,3039,0,0,-1,,,,
/content/Dataset/TUM/TUM-QWTCGFDV.jpg,8,TUM,3040,8,0,-1,,,,
/content/Dataset/DEB/DEB-WKNQIDVK.jpg,2,DEB,3041,2,0,-1,,,,
/content/Dataset/LYM/LYM-TVTKSFAF.jpg,3,LYM,3042,3,0,-1,,,,
/content/Dataset/NORM/NORM-QLHNMVTG.jpg,6,NORM,3043,6,0,-1,,,,
/content/Dataset/NORM/NORM-LQTDPQSD.jpg,6,NORM,3044,6,0,-1,,,,
/content/Dataset/BACK/BACK-IVCRTIQD.jpg,1,BACK,3045,1,0,-1,,,,
/content/Dataset/NORM/NORM-LKHCFYLM.jpg,6,NORM,3046,6,0,-1,,,,
/content/Dataset/NORM/NORM-PPNIRCIF.jpg,6,NORM,3047,6,0,-1,,,,
/content/Dataset/NORM/NORM-TNRIKFMD.jpg,6,NORM,3048,6,0,-1,,,,
/content/Dataset/MUC/MUC-ADVKWAFW.jpg,4,MUC,3049,4,0,-1,,,,
/content/Dataset/MUC/MUC-VGIDWKHH.jpg,4,MUC,3050,4,0,-1,,,,
/content/Dataset/ADI/ADI-CTGHPEPI.jpg,0,ADI,3051,0,0,-1,,,,
/content/Dataset/ADI/ADI-HSEVNKIT.jpg,0,ADI,3052,0,0,-1,,,,
/content/Dataset/NORM/NORM-NWMENSPI.jpg,6,NORM,3053,6,0,-1,,,,
/content/Dataset/LYM/LYM-KMWCWEKS.jpg,3,LYM,3054,3,0,-1,,,,
/content/Dataset/MUS/MUS-AYWCLYAD.jpg,5,MUS,3055,5,0,-1,,,,
/content/Dataset/NORM/NORM-SHNFHLWN.jpg,6,NORM,3056,6,0,-1,,,,
/content/Dataset/DEB/DEB-NQWSICDI.jpg,2,DEB,3057,2,0,-1,,,,
/content/Dataset/STR/STR-WRKCYGTF.jpg,7,STR,3058,7,0,-1,,,,
/content/Dataset/BACK/BACK-KYPWFWCQ.jpg,1,BACK,3059,1,0,-1,,,,
/content/Dataset/BACK/BACK-HTKHRWYT.jpg,1,BACK,3060,1,0,-1,,,,
/content/Dataset/BACK/BACK-GEKLPNLC.jpg,1,BACK,3061,1,0,-1,,,,
/content/Dataset/DEB/DEB-PWIMFNAQ.jpg,2,DEB,3062,2,0,-1,,,,
/content/Dataset/DEB/DEB-YKWCHPTV.jpg,2,DEB,3063,2,0,-1,,,,
/content/Dataset/MUC/MUC-SSCAGEYH.jpg,4,MUC,3064,4,0,-1,,,,
/content/Dataset/NORM/NORM-SYNCPGYR.jpg,6,NORM,3065,6,0,-1,,,,
/content/Dataset/LYM/LYM-TPENTEID.jpg,3,LYM,3066,3,0,-1,,,,
/content/Dataset/MUC/MUC-PWNVFISL.jpg,4,MUC,3067,4,0,-1,,,,
/content/Dataset/MUC/MUC-VSGMTAVN.jpg,4,MUC,3068,4,0,-1,,,,
/content/Dataset/MUC/MUC-AFYDPMHH.jpg,4,MUC,3069,4,0,-1,,,,
/content/Dataset/LYM/LYM-TGDEFLQS.jpg,3,LYM,3070,3,0,-1,,,,
/content/Dataset/MUC/MUC-VGKAWEKG.jpg,4,MUC,3071,4,0,-1,,,,
/content/Dataset/STR/STR-NYAECEDH.jpg,7,STR,3072,7,0,-1,,,,
/content/Dataset/BACK/BACK-ADDSDYCP.jpg,1,BACK,3073,1,0,-1,,,,
/content/Dataset/TUM/TUM-RRMSHRQE.jpg,8,TUM,3074,8,0,-1,,,,
/content/Dataset/STR/STR-NNRGLEPI.jpg,7,STR,3075,7,0,-1,,,,
/content/Dataset/BACK/BACK-CIHETPWM.jpg,1,BACK,3076,1,0,-1,,,,
/content/Dataset/BACK/BACK-KHNRKHIQ.jpg,1,BACK,3077,1,0,-1,,,,
/content/Dataset/NORM/NORM-APHRLVHG.jpg,6,NORM,3078,6,0,-1,,,,
/content/Dataset/STR/STR-WDMELWGA.jpg,7,STR,3079,7,0,-1,,,,
/content/Dataset/TUM/TUM-TCCIFEAA.jpg,8,TUM,3080,8,0,-1,,,,
/content/Dataset/MUS/MUS-NTKRWHAA.jpg,5,MUS,3081,5,0,-1,,,,
/content/Dataset/ADI/ADI-EIEFTFYM.jpg,0,ADI,3082,0,0,-1,,,,
/content/Dataset/ADI/ADI-AYGHKDAF.jpg,0,ADI,3083,0,0,-1,,,,
/content/Dataset/ADI/ADI-HEKPYCLH.jpg,0,ADI,3084,0,0,-1,,,,
/content/Dataset/TUM/TUM-TNSWETYK.jpg,8,TUM,3085,8,0,-1,,,,
/content/Dataset/NORM/NORM-TWMCLYLQ.jpg,6,NORM,3086,6,0,-1,,,,
/content/Dataset/MUC/MUC-STKSGAVA.jpg,4,MUC,3087,4,0,-1,,,,
/content/Dataset/BACK/BACK-NAYRYIDM.jpg,1,BACK,3088,1,0,-1,,,,
/content/Dataset/ADI/ADI-IAHYIHRH.jpg,0,ADI,3089,0,0,-1,,,,
/content/Dataset/MUS/MUS-PLGGLSCN.jpg,5,MUS,3090,5,0,-1,,,,
/content/Dataset/TUM/TUM-SPDHNAKT.jpg,8,TUM,3091,8,0,-1,,,,
/content/Dataset/LYM/LYM-SSEMGHPW.jpg,3,LYM,3092,3,0,-1,,,,
/content/Dataset/NORM/NORM-MHDDDEGY.jpg,6,NORM,3093,6,0,-1,,,,
/content/Dataset/MUC/MUC-NWRHYVRS.jpg,4,MUC,3094,4,0,-1,,,,
/content/Dataset/BACK/BACK-LIWWHKVW.jpg,1,BACK,3095,1,0,-1,,,,
/content/Dataset/TUM/TUM-RYQVAVTT.jpg,8,TUM,3096,8,0,-1,,,,
/content/Dataset/DEB/DEB-TIMMTLGA.jpg,2,DEB,3097,2,0,-1,,,,
/content/Dataset/DEB/DEB-PQVPTYES.jpg,2,DEB,3098,2,0,-1,,,,
/content/Dataset/DEB/DEB-VNDYSNPY.jpg,2,DEB,3099,2,0,-1,,,,
/content/Dataset/MUC/MUC-NWFMITKT.jpg,4,MUC,3100,4,0,-1,,,,
/content/Dataset/NORM/NORM-YDEHNMFC.jpg,6,NORM,3101,6,0,-1,,,,
/content/Dataset/STR/STR-RKPNNRGY.jpg,7,STR,3102,7,0,-1,,,,
/content/Dataset/LYM/LYM-YVWQSQPP.jpg,3,LYM,3103,3,0,-1,,,,
/content/Dataset/NORM/NORM-LMKQFYQT.jpg,6,NORM,3104,6,0,-1,,,,
/content/Dataset/DEB/DEB-RGMTSAHD.jpg,2,DEB,3105,2,0,-1,,,,
/content/Dataset/TUM/TUM-WMDMYPSW.jpg,8,TUM,3106,8,0,-1,,,,
/content/Dataset/MUC/MUC-PLEMHYIW.jpg,4,MUC,3107,4,0,-1,,,,
/content/Dataset/BACK/BACK-AEEFRRMP.jpg,1,BACK,3108,1,0,-1,,,,
/content/Dataset/NORM/NORM-SPRTHGWH.jpg,6,NORM,3109,6,0,-1,,,,
/content/Dataset/MUS/MUS-RLANIDNS.jpg,5,MUS,3110,5,0,-1,,,,
/content/Dataset/NORM/NORM-STPHQCGL.jpg,6,NORM,3111,6,0,-1,,,,
/content/Dataset/ADI/ADI-DHQKRIRI.jpg,0,ADI,3112,0,0,-1,,,,
/content/Dataset/STR/STR-NKRGNMCQ.jpg,7,STR,3113,7,0,-1,,,,
/content/Dataset/DEB/DEB-SVTQSCCP.jpg,2,DEB,3114,2,0,-1,,,,
/content/Dataset/STR/STR-RQGRAKCD.jpg,7,STR,3115,7,0,-1,,,,
/content/Dataset/STR/STR-RMLCKNIH.jpg,7,STR,3116,7,0,-1,,,,
/content/Dataset/MUC/MUC-WGQIHGQK.jpg,4,MUC,3117,4,0,-1,,,,
/content/Dataset/MUC/MUC-RHKQFNAP.jpg,4,MUC,3118,4,0,-1,,,,
/content/Dataset/LYM/LYM-SQHHNERS.jpg,3,LYM,3119,3,0,-1,,,,
/content/Dataset/ADI/ADI-IEATQFNR.jpg,0,ADI,3120,0,0,-1,,,,
/content/Dataset/TUM/TUM-WNQYDSWD.jpg,8,TUM,3121,8,0,-1,,,,
/content/Dataset/LYM/LYM-EEGWTWMG.jpg,3,LYM,3122,3,0,-1,,,,
/content/Dataset/STR/STR-NQNVHQYP.jpg,7,STR,3123,7,0,-1,,,,
/content/Dataset/LYM/LYM-PTHQTMDS.jpg,3,LYM,3124,3,0,-1,,,,
/content/Dataset/MUC/MUC-WPLMHQCR.jpg,4,MUC,3125,4,0,-1,,,,
/content/Dataset/DEB/DEB-PFEICRWV.jpg,2,DEB,3126,2,0,-1,,,,
/content/Dataset/MUC/MUC-NHDWYHWS.jpg,4,MUC,3127,4,0,-1,,,,
/content/Dataset/DEB/DEB-WRGYQNPD.jpg,2,DEB,3128,2,0,-1,,,,
/content/Dataset/MUS/MUS-RVNIGEWH.jpg,5,MUS,3129,5,0,-1,,,,
/content/Dataset/DEB/DEB-VWKAEFPA.jpg,2,DEB,3130,2,0,-1,,,,
/content/Dataset/MUC/MUC-CHMKCFIV.jpg,4,MUC,3131,4,0,-1,,,,
/content/Dataset/DEB/DEB-TIEEEPFL.jpg,2,DEB,3132,2,0,-1,,,,
/content/Dataset/DEB/DEB-TTGEHTLD.jpg,2,DEB,3133,2,0,-1,,,,
/content/Dataset/STR/STR-QTILSGQY.jpg,7,STR,3134,7,0,-1,,,,
/content/Dataset/MUC/MUC-AVGHCTKR.jpg,4,MUC,3135,4,0,-1,,,,
/content/Dataset/TUM/TUM-RLKMDHGC.jpg,8,TUM,3136,8,0,-1,,,,
/content/Dataset/LYM/LYM-TFLAIRCS.jpg,3,LYM,3137,3,0,-1,,,,
/content/Dataset/BACK/BACK-DRLVKFMW.jpg,1,BACK,3138,1,0,-1,,,,
/content/Dataset/DEB/DEB-RMSDEQIH.jpg,2,DEB,3139,2,0,-1,,,,
/content/Dataset/STR/STR-NTQWNCVY.jpg,7,STR,3140,7,0,-1,,,,
/content/Dataset/LYM/LYM-SMPQPVEI.jpg,3,LYM,3141,3,0,-1,,,,
/content/Dataset/DEB/DEB-NQTLRKDW.jpg,2,DEB,3142,2,0,-1,,,,
/content/Dataset/ADI/ADI-HQENRDRW.jpg,0,ADI,3143,0,0,-1,,,,
/content/Dataset/MUS/MUS-SIAEPMWA.jpg,5,MUS,3144,5,0,-1,,,,
/content/Dataset/TUM/TUM-YCKKGAHM.jpg,8,TUM,3145,8,0,-1,,,,
/content/Dataset/NORM/NORM-WAYANSHE.jpg,6,NORM,3146,6,0,-1,,,,
/content/Dataset/MUS/MUS-QSDGVCGM.jpg,5,MUS,3147,5,0,-1,,,,
/content/Dataset/MUC/MUC-SMPMMTDK.jpg,4,MUC,3148,4,0,-1,,,,
/content/Dataset/MUS/MUS-SSFEEALY.jpg,5,MUS,3149,5,0,-1,,,,
/content/Dataset/NORM/NORM-TYEMQCEA.jpg,6,NORM,3150,6,0,-1,,,,
/content/Dataset/ADI/ADI-GHWEPSVL.jpg,0,ADI,3151,0,0,-1,,,,
/content/Dataset/MUC/MUC-RIMVYCKY.jpg,4,MUC,3152,4,0,-1,,,,
/content/Dataset/MUS/MUS-AISKDMDH.jpg,5,MUS,3153,5,0,-1,,,,
/content/Dataset/DEB/DEB-WSYRRLQC.jpg,2,DEB,3154,2,0,-1,,,,
/content/Dataset/DEB/DEB-SPVWQAER.jpg,2,DEB,3155,2,0,-1,,,,
/content/Dataset/MUS/MUS-STSNKMWV.jpg,5,MUS,3156,5,0,-1,,,,
/content/Dataset/BACK/BACK-AAYSNSTH.jpg,1,BACK,3157,1,0,-1,,,,
/content/Dataset/STR/STR-QYGFTGCW.jpg,7,STR,3158,7,0,-1,,,,
/content/Dataset/LYM/LYM-STCRGERI.jpg,3,LYM,3159,3,0,-1,,,,
/content/Dataset/TUM/TUM-RIPYSILC.jpg,8,TUM,3160,8,0,-1,,,,
/content/Dataset/MUS/MUS-CNCKILKV.jpg,5,MUS,3161,5,0,-1,,,,
/content/Dataset/DEB/DEB-AGHTGEHF.jpg,2,DEB,3162,2,0,-1,,,,
/content/Dataset/ADI/ADI-DQREANRY.jpg,0,ADI,3163,0,0,-1,,,,
/content/Dataset/LYM/LYM-EIMDTIYH.jpg,3,LYM,3164,3,0,-1,,,,
/content/Dataset/NORM/NORM-YTEAISYV.jpg,6,NORM,3165,6,0,-1,,,,
/content/Dataset/DEB/DEB-QMMDSLED.jpg,2,DEB,3166,2,0,-1,,,,
/content/Dataset/STR/STR-SLGPRFML.jpg,7,STR,3167,7,0,-1,,,,
/content/Dataset/MUC/MUC-RGPRKHIS.jpg,4,MUC,3168,4,0,-1,,,,
/content/Dataset/ADI/ADI-HPDICFLG.jpg,0,ADI,3169,0,0,-1,,,,
/content/Dataset/MUS/MUS-TCAWLDMD.jpg,5,MUS,3170,5,0,-1,,,,
/content/Dataset/MUS/MUS-PKAKRNTL.jpg,5,MUS,3171,5,0,-1,,,,
/content/Dataset/STR/STR-PRTWWGRP.jpg,7,STR,3172,7,0,-1,,,,
/content/Dataset/STR/STR-YCKKTMKN.jpg,7,STR,3173,7,0,-1,,,,
/content/Dataset/ADI/ADI-AWHPVDRL.jpg,0,ADI,3174,0,0,-1,,,,
/content/Dataset/STR/STR-VFVFNIQK.jpg,7,STR,3175,7,0,-1,,,,
/content/Dataset/LYM/LYM-GHDFWDGR.jpg,3,LYM,3176,3,0,-1,,,,
/content/Dataset/STR/STR-TKGNQTPH.jpg,7,STR,3177,7,0,-1,,,,
/content/Dataset/MUS/MUS-AQPVWDDD.jpg,5,MUS,3178,5,0,-1,,,,
/content/Dataset/NORM/NORM-LSHRDWVQ.jpg,6,NORM,3179,6,0,-1,,,,
/content/Dataset/TUM/TUM-SNQYLCCA.jpg,8,TUM,3180,8,0,-1,,,,
/content/Dataset/LYM/LYM-EETANCIR.jpg,3,LYM,3181,3,0,-1,,,,
/content/Dataset/LYM/LYM-RCFQCRYQ.jpg,3,LYM,3182,3,0,-1,,,,
/content/Dataset/MUC/MUC-NQTLMNLY.jpg,4,MUC,3183,4,0,-1,,,,
/content/Dataset/MUC/MUC-TNYSHPQK.jpg,4,MUC,3184,4,0,-1,,,,
/content/Dataset/LYM/LYM-PYYGCYNH.jpg,3,LYM,3185,3,0,-1,,,,
/content/Dataset/MUC/MUC-YPQFTNYI.jpg,4,MUC,3186,4,0,-1,,,,
/content/Dataset/NORM/NORM-TSTYWEPT.jpg,6,NORM,3187,6,0,-1,,,,
/content/Dataset/DEB/DEB-YGVQMNKV.jpg,2,DEB,3188,2,0,-1,,,,
/content/Dataset/MUC/MUC-RAWSIITY.jpg,4,MUC,3189,4,0,-1,,,,
/content/Dataset/DEB/DEB-NTRGAHQY.jpg,2,DEB,3190,2,0,-1,,,,
/content/Dataset/ADI/ADI-DCDMCIQT.jpg,0,ADI,3191,0,0,-1,,,,
/content/Dataset/NORM/NORM-MNFKLQGM.jpg,6,NORM,3192,6,0,-1,,,,
/content/Dataset/BACK/BACK-LKDQHKHQ.jpg,1,BACK,3193,1,0,-1,,,,
/content/Dataset/LYM/LYM-PDEKPICF.jpg,3,LYM,3194,3,0,-1,,,,
/content/Dataset/DEB/DEB-RCLSVWSL.jpg,2,DEB,3195,2,0,-1,,,,
/content/Dataset/NORM/NORM-SIPDSQLH.jpg,6,NORM,3196,6,0,-1,,,,
/content/Dataset/TUM/TUM-TDIVSPKH.jpg,8,TUM,3197,8,0,-1,,,,
/content/Dataset/BACK/BACK-LQGMAMPE.jpg,1,BACK,3198,1,0,-1,,,,
/content/Dataset/DEB/DEB-YNWMFYAY.jpg,2,DEB,3199,2,0,-1,,,,
/content/Dataset/MUS/MUS-SFWYACYC.jpg,5,MUS,3200,5,0,-1,,,,
/content/Dataset/ADI/ADI-EVMFWHRW.jpg,0,ADI,3201,0,0,-1,,,,
/content/Dataset/STR/STR-SENVEFYS.jpg,7,STR,3202,7,0,-1,,,,
/content/Dataset/MUS/MUS-RNSLRNGL.jpg,5,MUS,3203,5,0,-1,,,,
/content/Dataset/BACK/BACK-NDMIHPQW.jpg,1,BACK,3204,1,0,-1,,,,
/content/Dataset/MUC/MUC-WYATSIVC.jpg,4,MUC,3205,4,0,-1,,,,
/content/Dataset/LYM/LYM-NCYPQAVM.jpg,3,LYM,3206,3,0,-1,,,,
/content/Dataset/NORM/NORM-QCAAYPEL.jpg,6,NORM,3207,6,0,-1,,,,
/content/Dataset/LYM/LYM-PCDSQHPW.jpg,3,LYM,3208,3,0,-1,,,,
/content/Dataset/MUS/MUS-NSRMKQTR.jpg,5,MUS,3209,5,0,-1,,,,
/content/Dataset/LYM/LYM-TYKYYEGV.jpg,3,LYM,3210,3,0,-1,,,,
/content/Dataset/DEB/DEB-VNHCIGEV.jpg,2,DEB,3211,2,0,-1,,,,
/content/Dataset/LYM/LYM-TLLIGYKT.jpg,3,LYM,3212,3,0,-1,,,,
/content/Dataset/ADI/ADI-EMSECQSI.jpg,0,ADI,3213,0,0,-1,,,,
/content/Dataset/BACK/BACK-MLSSYPEL.jpg,1,BACK,3214,1,0,-1,,,,
/content/Dataset/ADI/ADI-GPEVVTKN.jpg,0,ADI,3215,0,0,-1,,,,
/content/Dataset/MUS/MUS-RRWYSEQA.jpg,5,MUS,3216,5,0,-1,,,,
/content/Dataset/DEB/DEB-SQTGSACE.jpg,2,DEB,3217,2,0,-1,,,,
/content/Dataset/ADI/ADI-GHPVWMVM.jpg,0,ADI,3218,0,0,-1,,,,
/content/Dataset/ADI/ADI-HMSKKKLR.jpg,0,ADI,3219,0,0,-1,,,,
/content/Dataset/BACK/BACK-KISPSNFV.jpg,1,BACK,3220,1,0,-1,,,,
/content/Dataset/DEB/DEB-SPSHGKRL.jpg,2,DEB,3221,2,0,-1,,,,
/content/Dataset/NORM/NORM-VLTPDLYK.jpg,6,NORM,3222,6,0,-1,,,,
/content/Dataset/BACK/BACK-KRRKFHRA.jpg,1,BACK,3223,1,0,-1,,,,
/content/Dataset/LYM/LYM-QFKVWYAC.jpg,3,LYM,3224,3,0,-1,,,,
/content/Dataset/STR/STR-VRCGISRQ.jpg,7,STR,3225,7,0,-1,,,,
/content/Dataset/STR/STR-NNPMICAG.jpg,7,STR,3226,7,0,-1,,,,
/content/Dataset/MUC/MUC-TPQWHVQG.jpg,4,MUC,3227,4,0,-1,,,,
/content/Dataset/LYM/LYM-QRCWHPWN.jpg,3,LYM,3228,3,0,-1,,,,
/content/Dataset/STR/STR-SGMDLEAI.jpg,7,STR,3229,7,0,-1,,,,
/content/Dataset/DEB/DEB-VWGTDYHP.jpg,2,DEB,3230,2,0,-1,,,,
/content/Dataset/LYM/LYM-NQLAYAPQ.jpg,3,LYM,3231,3,0,-1,,,,
/content/Dataset/MUC/MUC-VEINRELA.jpg,4,MUC,3232,4,0,-1,,,,
/content/Dataset/DEB/DEB-QRIHKEEV.jpg,2,DEB,3233,2,0,-1,,,,
/content/Dataset/ADI/ADI-ECCAIAEP.jpg,0,ADI,3234,0,0,-1,,,,
/content/Dataset/MUS/MUS-CNMLKKDS.jpg,5,MUS,3235,5,0,-1,,,,
/content/Dataset/MUS/MUS-PQVPDTFR.jpg,5,MUS,3236,5,0,-1,,,,
/content/Dataset/MUC/MUC-QMMHDDLI.jpg,4,MUC,3237,4,0,-1,,,,
/content/Dataset/TUM/TUM-WDNNWVVT.jpg,8,TUM,3238,8,0,-1,,,,
/content/Dataset/LYM/LYM-PNTMTQTG.jpg,3,LYM,3239,3,0,-1,,,,
/content/Dataset/MUC/MUC-RRWNVRKW.jpg,4,MUC,3240,4,0,-1,,,,
/content/Dataset/NORM/NORM-PYMVGQFM.jpg,6,NORM,3241,6,0,-1,,,,
/content/Dataset/MUS/MUS-SERSYRHA.jpg,5,MUS,3242,5,0,-1,,,,
/content/Dataset/BACK/BACK-MKKDCVCD.jpg,1,BACK,3243,1,0,-1,,,,
/content/Dataset/MUS/MUS-QHQAHWIC.jpg,5,MUS,3244,5,0,-1,,,,
/content/Dataset/DEB/DEB-QVRDPTQN.jpg,2,DEB,3245,2,0,-1,,,,
/content/Dataset/STR/STR-PKWWGWTR.jpg,7,STR,3246,7,0,-1,,,,
/content/Dataset/TUM/TUM-QSQVEKGY.jpg,8,TUM,3247,8,0,-1,,,,
/content/Dataset/NORM/NORM-ALCWFPRP.jpg,6,NORM,3248,6,0,-1,,,,
/content/Dataset/NORM/NORM-ACWIVTTT.jpg,6,NORM,3249,6,0,-1,,,,
/content/Dataset/BACK/BACK-MELCENEE.jpg,1,BACK,3250,1,0,-1,,,,
/content/Dataset/LYM/LYM-NGPAHTCQ.jpg,3,LYM,3251,3,0,-1,,,,
/content/Dataset/NORM/NORM-ACTDEFYK.jpg,6,NORM,3252,6,0,-1,,,,
/content/Dataset/MUC/MUC-WFNCDRRP.jpg,4,MUC,3253,4,0,-1,,,,
/content/Dataset/STR/STR-YDEEHFWA.jpg,7,STR,3254,7,0,-1,,,,
/content/Dataset/NORM/NORM-MWFVIINC.jpg,6,NORM,3255,6,0,-1,,,,
/content/Dataset/NORM/NORM-SELPPCWT.jpg,6,NORM,3256,6,0,-1,,,,
/content/Dataset/BACK/BACK-FNPCIEIG.jpg,1,BACK,3257,1,0,-1,,,,
/content/Dataset/LYM/LYM-RSCAAHWD.jpg,3,LYM,3258,3,0,-1,,,,
/content/Dataset/STR/STR-VVLTKVPC.jpg,7,STR,3259,7,0,-1,,,,
/content/Dataset/STR/STR-YMSNDDCG.jpg,7,STR,3260,7,0,-1,,,,
/content/Dataset/BACK/BACK-IIMSELHW.jpg,1,BACK,3261,1,0,-1,,,,
/content/Dataset/MUS/MUS-RHRRMLGN.jpg,5,MUS,3262,5,0,-1,,,,
/content/Dataset/TUM/TUM-VSNTKRLV.jpg,8,TUM,3263,8,0,-1,,,,
/content/Dataset/MUC/MUC-WRAMPYHS.jpg,4,MUC,3264,4,0,-1,,,,
/content/Dataset/STR/STR-THPLHGQI.jpg,7,STR,3265,7,0,-1,,,,
/content/Dataset/ADI/ADI-GMHSCDDV.jpg,0,ADI,3266,0,0,-1,,,,
/content/Dataset/BACK/BACK-LCQMPICA.jpg,1,BACK,3267,1,0,-1,,,,
/content/Dataset/MUS/MUS-RINWDTQG.jpg,5,MUS,3268,5,0,-1,,,,
/content/Dataset/ADI/ADI-EIKLFKPV.jpg,0,ADI,3269,0,0,-1,,,,
/content/Dataset/ADI/ADI-HQQHPHCG.jpg,0,ADI,3270,0,0,-1,,,,
/content/Dataset/MUC/MUC-VACHAKNI.jpg,4,MUC,3271,4,0,-1,,,,
/content/Dataset/LYM/LYM-IQWVHNLF.jpg,3,LYM,3272,3,0,-1,,,,
/content/Dataset/ADI/ADI-GGMYISDT.jpg,0,ADI,3273,0,0,-1,,,,
/content/Dataset/MUC/MUC-RPIMINKF.jpg,4,MUC,3274,4,0,-1,,,,
/content/Dataset/ADI/ADI-DSRLPFFF.jpg,0,ADI,3275,0,0,-1,,,,
/content/Dataset/MUS/MUS-RKDGKYPH.jpg,5,MUS,3276,5,0,-1,,,,
/content/Dataset/ADI/ADI-IIDRIDSQ.jpg,0,ADI,3277,0,0,-1,,,,
/content/Dataset/ADI/ADI-DCSSHSWS.jpg,0,ADI,3278,0,0,-1,,,,
/content/Dataset/TUM/TUM-RARTIMTS.jpg,8,TUM,3279,8,0,-1,,,,
/content/Dataset/ADI/ADI-EAPQITCH.jpg,0,ADI,3280,0,0,-1,,,,
/content/Dataset/NORM/NORM-TLETLRVQ.jpg,6,NORM,3281,6,0,-1,,,,
/content/Dataset/ADI/ADI-ICRLFKGL.jpg,0,ADI,3282,0,0,-1,,,,
/content/Dataset/LYM/LYM-RRIDNASG.jpg,3,LYM,3283,3,0,-1,,,,
/content/Dataset/STR/STR-NMPVRRYS.jpg,7,STR,3284,7,0,-1,,,,
/content/Dataset/LYM/LYM-RHIIYAQK.jpg,3,LYM,3285,3,0,-1,,,,
/content/Dataset/ADI/ADI-EFVPKDTI.jpg,0,ADI,3286,0,0,-1,,,,
/content/Dataset/LYM/LYM-RERHMWTT.jpg,3,LYM,3287,3,0,-1,,,,
/content/Dataset/MUC/MUC-SNILYEQQ.jpg,4,MUC,3288,4,0,-1,,,,
/content/Dataset/LYM/LYM-NDMFADYE.jpg,3,LYM,3289,3,0,-1,,,,
/content/Dataset/MUS/MUS-QITSNGAS.jpg,5,MUS,3290,5,0,-1,,,,
/content/Dataset/ADI/ADI-DCGEKVQK.jpg,0,ADI,3291,0,0,-1,,,,
/content/Dataset/TUM/TUM-VKDCRKSY.jpg,8,TUM,3292,8,0,-1,,,,
/content/Dataset/MUS/MUS-ACVTRYQD.jpg,5,MUS,3293,5,0,-1,,,,
/content/Dataset/MUS/MUS-RFQQDPQP.jpg,5,MUS,3294,5,0,-1,,,,
/content/Dataset/STR/STR-QPQVDCPL.jpg,7,STR,3295,7,0,-1,,,,
/content/Dataset/DEB/DEB-YIQELMDR.jpg,2,DEB,3296,2,0,-1,,,,
/content/Dataset/DEB/DEB-RWTDLHEE.jpg,2,DEB,3297,2,0,-1,,,,
/content/Dataset/MUC/MUC-WPLHAIAC.jpg,4,MUC,3298,4,0,-1,,,,
/content/Dataset/DEB/DEB-SHQLNHYP.jpg,2,DEB,3299,2,0,-1,,,,
/content/Dataset/BACK/BACK-LDYTTPVH.jpg,1,BACK,3300,1,0,-1,,,,
/content/Dataset/LYM/LYM-ANTTQFAP.jpg,3,LYM,3301,3,0,-1,,,,
/content/Dataset/MUS/MUS-QCMEWQLQ.jpg,5,MUS,3302,5,0,-1,,,,
/content/Dataset/DEB/DEB-SSFCTMMG.jpg,2,DEB,3303,2,0,-1,,,,
/content/Dataset/LYM/LYM-AILFFEEM.jpg,3,LYM,3304,3,0,-1,,,,
/content/Dataset/MUC/MUC-NCPDIAYF.jpg,4,MUC,3305,4,0,-1,,,,
/content/Dataset/STR/STR-NWMCINRV.jpg,7,STR,3306,7,0,-1,,,,
/content/Dataset/BACK/BACK-KLQWMFWH.jpg,1,BACK,3307,1,0,-1,,,,
/content/Dataset/MUC/MUC-YKEKKKHP.jpg,4,MUC,3308,4,0,-1,,,,
/content/Dataset/MUS/MUS-SAECVTCS.jpg,5,MUS,3309,5,0,-1,,,,
/content/Dataset/NORM/NORM-ANQPAGWM.jpg,6,NORM,3310,6,0,-1,,,,
/content/Dataset/STR/STR-PDMDMTVN.jpg,7,STR,3311,7,0,-1,,,,
/content/Dataset/ADI/ADI-DFSNAHMP.jpg,0,ADI,3312,0,0,-1,,,,
/content/Dataset/LYM/LYM-SIYDDWPG.jpg,3,LYM,3313,3,0,-1,,,,
/content/Dataset/ADI/ADI-IIEKKNPC.jpg,0,ADI,3314,0,0,-1,,,,
/content/Dataset/ADI/ADI-ETDACLED.jpg,0,ADI,3315,0,0,-1,,,,
/content/Dataset/STR/STR-WRNKFPSQ.jpg,7,STR,3316,7,0,-1,,,,
/content/Dataset/STR/STR-NCGNTCCA.jpg,7,STR,3317,7,0,-1,,,,
/content/Dataset/ADI/ADI-CIKARPRE.jpg,0,ADI,3318,0,0,-1,,,,
/content/Dataset/MUC/MUC-PRLRSHRD.jpg,4,MUC,3319,4,0,-1,,,,
/content/Dataset/MUC/MUC-YYGLHAWI.jpg,4,MUC,3320,4,0,-1,,,,
/content/Dataset/BACK/BACK-LRWMHSWR.jpg,1,BACK,3321,1,0,-1,,,,
/content/Dataset/BACK/BACK-KVHIDKDV.jpg,1,BACK,3322,1,0,-1,,,,
/content/Dataset/MUC/MUC-WLFSVCAG.jpg,4,MUC,3323,4,0,-1,,,,
/content/Dataset/LYM/LYM-QGVDNPKN.jpg,3,LYM,3324,3,0,-1,,,,
/content/Dataset/MUC/MUC-TFSACNRQ.jpg,4,MUC,3325,4,0,-1,,,,
/content/Dataset/TUM/TUM-VCCEEKCY.jpg,8,TUM,3326,8,0,-1,,,,
/content/Dataset/BACK/BACK-IVVNKNCR.jpg,1,BACK,3327,1,0,-1,,,,
/content/Dataset/MUC/MUC-SPNSNECN.jpg,4,MUC,3328,4,0,-1,,,,
/content/Dataset/TUM/TUM-QFAWWCAK.jpg,8,TUM,3329,8,0,-1,,,,
/content/Dataset/ADI/ADI-DLNPEDVP.jpg,0,ADI,3330,0,0,-1,,,,
/content/Dataset/ADI/ADI-FKAMHCIF.jpg,0,ADI,3331,0,0,-1,,,,
/content/Dataset/LYM/LYM-TQKEIEPP.jpg,3,LYM,3332,3,0,-1,,,,
/content/Dataset/ADI/ADI-EHQCVTWY.jpg,0,ADI,3333,0,0,-1,,,,
/content/Dataset/DEB/DEB-QGHHDGTG.jpg,2,DEB,3334,2,0,-1,,,,
/content/Dataset/STR/STR-SKGGLWTR.jpg,7,STR,3335,7,0,-1,,,,
/content/Dataset/DEB/DEB-TLYINKSL.jpg,2,DEB,3336,2,0,-1,,,,
/content/Dataset/STR/STR-MSCDYIEG.jpg,7,STR,3337,7,0,-1,,,,
/content/Dataset/MUS/MUS-AKTKWNRM.jpg,5,MUS,3338,5,0,-1,,,,
/content/Dataset/ADI/ADI-CLLWYYGK.jpg,0,ADI,3339,0,0,-1,,,,
/content/Dataset/BACK/BACK-IILMHPAH.jpg,1,BACK,3340,1,0,-1,,,,
/content/Dataset/BACK/BACK-MPPMPVSH.jpg,1,BACK,3341,1,0,-1,,,,
/content/Dataset/STR/STR-YVQIIWCG.jpg,7,STR,3342,7,0,-1,,,,
/content/Dataset/BACK/BACK-IMLSPTPE.jpg,1,BACK,3343,1,0,-1,,,,
/content/Dataset/MUS/MUS-PSVNCKRF.jpg,5,MUS,3344,5,0,-1,,,,
/content/Dataset/STR/STR-QHCNEFSF.jpg,7,STR,3345,7,0,-1,,,,
/content/Dataset/MUS/MUS-NYKPMERC.jpg,5,MUS,3346,5,0,-1,,,,
/content/Dataset/DEB/DEB-YKYMQART.jpg,2,DEB,3347,2,0,-1,,,,
/content/Dataset/STR/STR-SHHPPEDG.jpg,7,STR,3348,7,0,-1,,,,
/content/Dataset/BACK/BACK-IIAFEYRS.jpg,1,BACK,3349,1,0,-1,,,,
/content/Dataset/ADI/ADI-GANIFAPL.jpg,0,ADI,3350,0,0,-1,,,,
/content/Dataset/ADI/ADI-HLYQQTWP.jpg,0,ADI,3351,0,0,-1,,,,
/content/Dataset/BACK/BACK-KSVWCHWG.jpg,1,BACK,3352,1,0,-1,,,,
/content/Dataset/LYM/LYM-RDIVYSPL.jpg,3,LYM,3353,3,0,-1,,,,
/content/Dataset/LYM/LYM-SKMWLIST.jpg,3,LYM,3354,3,0,-1,,,,
/content/Dataset/BACK/BACK-DFFWQFVQ.jpg,1,BACK,3355,1,0,-1,,,,
/content/Dataset/BACK/BACK-LQKKAITY.jpg,1,BACK,3356,1,0,-1,,,,
/content/Dataset/NORM/NORM-NFKYTEDF.jpg,6,NORM,3357,6,0,-1,,,,
/content/Dataset/LYM/LYM-VMHSHNEP.jpg,3,LYM,3358,3,0,-1,,,,
/content/Dataset/LYM/LYM-YQESGWHL.jpg,3,LYM,3359,3,0,-1,,,,
/content/Dataset/STR/STR-NAYVIAQW.jpg,7,STR,3360,7,0,-1,,,,
/content/Dataset/STR/STR-WHSFEPLH.jpg,7,STR,3361,7,0,-1,,,,
/content/Dataset/NORM/NORM-VCHPNNSQ.jpg,6,NORM,3362,6,0,-1,,,,
/content/Dataset/ADI/ADI-DNAEQYVT.jpg,0,ADI,3363,0,0,-1,,,,
/content/Dataset/BACK/BACK-ISFVFDIP.jpg,1,BACK,3364,1,0,-1,,,,
/content/Dataset/MUS/MUS-QRCARVPN.jpg,5,MUS,3365,5,0,-1,,,,
/content/Dataset/NORM/NORM-QQREENWD.jpg,6,NORM,3366,6,0,-1,,,,
/content/Dataset/DEB/DEB-SHDHQLCR.jpg,2,DEB,3367,2,0,-1,,,,
/content/Dataset/TUM/TUM-WVAMDMGI.jpg,8,TUM,3368,8,0,-1,,,,
/content/Dataset/DEB/DEB-WNLSWTFY.jpg,2,DEB,3369,2,0,-1,,,,
/content/Dataset/STR/STR-RVDHPDQR.jpg,7,STR,3370,7,0,-1,,,,
/content/Dataset/ADI/ADI-FLRVSEFM.jpg,0,ADI,3371,0,0,-1,,,,
/content/Dataset/MUC/MUC-TQPMDSHM.jpg,4,MUC,3372,4,0,-1,,,,
/content/Dataset/BACK/BACK-IVPAKFVK.jpg,1,BACK,3373,1,0,-1,,,,
/content/Dataset/LYM/LYM-TEVTQFPF.jpg,3,LYM,3374,3,0,-1,,,,
/content/Dataset/MUS/MUS-QSVAYGAE.jpg,5,MUS,3375,5,0,-1,,,,
/content/Dataset/MUC/MUC-RWTEPMWY.jpg,4,MUC,3376,4,0,-1,,,,
/content/Dataset/DEB/DEB-AGDRYCDC.jpg,2,DEB,3377,2,0,-1,,,,
/content/Dataset/LYM/LYM-QTHIYPAQ.jpg,3,LYM,3378,3,0,-1,,,,
/content/Dataset/NORM/NORM-YQHLMQWL.jpg,6,NORM,3379,6,0,-1,,,,
/content/Dataset/DEB/DEB-QLNFEDLW.jpg,2,DEB,3380,2,0,-1,,,,
/content/Dataset/MUC/MUC-VYNAMTAF.jpg,4,MUC,3381,4,0,-1,,,,
/content/Dataset/TUM/TUM-RWTQSVTF.jpg,8,TUM,3382,8,0,-1,,,,
/content/Dataset/DEB/DEB-RSKRGIAW.jpg,2,DEB,3383,2,0,-1,,,,
/content/Dataset/STR/STR-SCKVWLLR.jpg,7,STR,3384,7,0,-1,,,,
/content/Dataset/TUM/TUM-QISFLERK.jpg,8,TUM,3385,8,0,-1,,,,
/content/Dataset/NORM/NORM-PCGHHCNW.jpg,6,NORM,3386,6,0,-1,,,,
/content/Dataset/LYM/LYM-RLVWCYEK.jpg,3,LYM,3387,3,0,-1,,,,
/content/Dataset/BACK/BACK-MADETECR.jpg,1,BACK,3388,1,0,-1,,,,
/content/Dataset/DEB/DEB-PGHWHHCA.jpg,2,DEB,3389,2,0,-1,,,,
/content/Dataset/DEB/DEB-TDEAFWKD.jpg,2,DEB,3390,2,0,-1,,,,
/content/Dataset/MUC/MUC-YMEKHPLK.jpg,4,MUC,3391,4,0,-1,,,,
/content/Dataset/BACK/BACK-NHWNTSWH.jpg,1,BACK,3392,1,0,-1,,,,
/content/Dataset/DEB/DEB-PRDKSSEP.jpg,2,DEB,3393,2,0,-1,,,,
/content/Dataset/LYM/LYM-QWCNSNHF.jpg,3,LYM,3394,3,0,-1,,,,
/content/Dataset/DEB/DEB-RVPQSIYN.jpg,2,DEB,3395,2,0,-1,,,,
/content/Dataset/MUS/MUS-QTCLTPGF.jpg,5,MUS,3396,5,0,-1,,,,
/content/Dataset/BACK/BACK-KYSHVRRK.jpg,1,BACK,3397,1,0,-1,,,,
/content/Dataset/ADI/ADI-HYHCWIHK.jpg,0,ADI,3398,0,0,-1,,,,
/content/Dataset/TUM/TUM-WSCILPNK.jpg,8,TUM,3399,8,0,-1,,,,
/content/Dataset/BACK/BACK-ITISTCYN.jpg,1,BACK,3400,1,0,-1,,,,
/content/Dataset/DEB/DEB-YNVKDHAD.jpg,2,DEB,3401,2,0,-1,,,,
/content/Dataset/NORM/NORM-QNYDDAHL.jpg,6,NORM,3402,6,0,-1,,,,
/content/Dataset/DEB/DEB-ACSNLFWH.jpg,2,DEB,3403,2,0,-1,,,,
/content/Dataset/STR/STR-WPLVLWGQ.jpg,7,STR,3404,7,0,-1,,,,
/content/Dataset/LYM/LYM-NVMTTYAM.jpg,3,LYM,3405,3,0,-1,,,,
/content/Dataset/NORM/NORM-NPAWIWTG.jpg,6,NORM,3406,6,0,-1,,,,
/content/Dataset/ADI/ADI-DVILQWNT.jpg,0,ADI,3407,0,0,-1,,,,
/content/Dataset/STR/STR-TWFWFWGW.jpg,7,STR,3408,7,0,-1,,,,
/content/Dataset/STR/STR-SGIVQGPP.jpg,7,STR,3409,7,0,-1,,,,
/content/Dataset/DEB/DEB-TDLQPHHS.jpg,2,DEB,3410,2,0,-1,,,,
/content/Dataset/STR/STR-NRCHGYQN.jpg,7,STR,3411,7,0,-1,,,,
/content/Dataset/MUC/MUC-MLFHKNPL.jpg,4,MUC,3412,4,0,-1,,,,
/content/Dataset/LYM/LYM-NQKKIKND.jpg,3,LYM,3413,3,0,-1,,,,
/content/Dataset/ADI/ADI-DMMPVMCQ.jpg,0,ADI,3414,0,0,-1,,,,
/content/Dataset/ADI/ADI-EWWHVSGE.jpg,0,ADI,3415,0,0,-1,,,,
/content/Dataset/LYM/LYM-PHLFWPYA.jpg,3,LYM,3416,3,0,-1,,,,
/content/Dataset/BACK/BACK-EEQWVKGW.jpg,1,BACK,3417,1,0,-1,,,,
/content/Dataset/LYM/LYM-QQWCWWKI.jpg,3,LYM,3418,3,0,-1,,,,
/content/Dataset/NORM/NORM-YWYAAIKA.jpg,6,NORM,3419,6,0,-1,,,,
/content/Dataset/STR/STR-RYSRCHVH.jpg,7,STR,3420,7,0,-1,,,,
/content/Dataset/DEB/DEB-SFRRIWAD.jpg,2,DEB,3421,2,0,-1,,,,
/content/Dataset/STR/STR-YGFTFPYC.jpg,7,STR,3422,7,0,-1,,,,
/content/Dataset/STR/STR-NPIAHEAT.jpg,7,STR,3423,7,0,-1,,,,
/content/Dataset/TUM/TUM-YGEFYHMW.jpg,8,TUM,3424,8,0,-1,,,,
/content/Dataset/NORM/NORM-SIEPVAGP.jpg,6,NORM,3425,6,0,-1,,,,
/content/Dataset/MUC/MUC-YGNPKGTD.jpg,4,MUC,3426,4,0,-1,,,,
/content/Dataset/MUC/MUC-KRVWMEED.jpg,4,MUC,3427,4,0,-1,,,,
/content/Dataset/ADI/ADI-AYYGQSLK.jpg,0,ADI,3428,0,0,-1,,,,
/content/Dataset/TUM/TUM-RYWYIYTW.jpg,8,TUM,3429,8,0,-1,,,,
/content/Dataset/NORM/NORM-RMDLDLPH.jpg,6,NORM,3430,6,0,-1,,,,
/content/Dataset/ADI/ADI-IGDAQHPN.jpg,0,ADI,3431,0,0,-1,,,,
/content/Dataset/MUS/MUS-AYGVFQYD.jpg,5,MUS,3432,5,0,-1,,,,
/content/Dataset/LYM/LYM-PCGFGNWL.jpg,3,LYM,3433,3,0,-1,,,,
/content/Dataset/DEB/DEB-QDEQVGMF.jpg,2,DEB,3434,2,0,-1,,,,
/content/Dataset/STR/STR-SGIELRAY.jpg,7,STR,3435,7,0,-1,,,,
/content/Dataset/BACK/BACK-MRGTPPQN.jpg,1,BACK,3436,1,0,-1,,,,
/content/Dataset/BACK/BACK-NRLAMDYS.jpg,1,BACK,3437,1,0,-1,,,,
/content/Dataset/LYM/LYM-NQDGLYRL.jpg,3,LYM,3438,3,0,-1,,,,
/content/Dataset/LYM/LYM-PYSCVGGN.jpg,3,LYM,3439,3,0,-1,,,,
/content/Dataset/MUS/MUS-RCPECEVN.jpg,5,MUS,3440,5,0,-1,,,,
/content/Dataset/STR/STR-WARQDDIY.jpg,7,STR,3441,7,0,-1,,,,
/content/Dataset/TUM/TUM-QTEVKWAC.jpg,8,TUM,3442,8,0,-1,,,,
/content/Dataset/MUC/MUC-PDLCYSPF.jpg,4,MUC,3443,4,0,-1,,,,
/content/Dataset/BACK/BACK-LTEFQHCY.jpg,1,BACK,3444,1,0,-1,,,,
/content/Dataset/TUM/TUM-VETSYGYK.jpg,8,TUM,3445,8,0,-1,,,,
/content/Dataset/STR/STR-NSNLNACV.jpg,7,STR,3446,7,0,-1,,,,
/content/Dataset/MUC/MUC-SMADGKSC.jpg,4,MUC,3447,4,0,-1,,,,
/content/Dataset/NORM/NORM-YRCMGTWP.jpg,6,NORM,3448,6,0,-1,,,,
/content/Dataset/MUC/MUC-TSIGATFV.jpg,4,MUC,3449,4,0,-1,,,,
/content/Dataset/NORM/NORM-RCEYRSMG.jpg,6,NORM,3450,6,0,-1,,,,
/content/Dataset/LYM/LYM-CMSFGSCE.jpg,3,LYM,3451,3,0,-1,,,,
/content/Dataset/MUS/MUS-ACRAHEDA.jpg,5,MUS,3452,5,0,-1,,,,
/content/Dataset/ADI/ADI-INTACCWI.jpg,0,ADI,3453,0,0,-1,,,,
/content/Dataset/TUM/TUM-WAKKPCRF.jpg,8,TUM,3454,8,0,-1,,,,
/content/Dataset/MUS/MUS-ADSWWNMQ.jpg,5,MUS,3455,5,0,-1,,,,
/content/Dataset/BACK/BACK-IVMHTPHK.jpg,1,BACK,3456,1,0,-1,,,,
/content/Dataset/MUC/MUC-RAGENESL.jpg,4,MUC,3457,4,0,-1,,,,
/content/Dataset/DEB/DEB-PDHKYNSE.jpg,2,DEB,3458,2,0,-1,,,,
/content/Dataset/MUS/MUS-AEQLKWPL.jpg,5,MUS,3459,5,0,-1,,,,
/content/Dataset/NORM/NORM-MVNRMPVW.jpg,6,NORM,3460,6,0,-1,,,,
/content/Dataset/MUC/MUC-WYYDEIQP.jpg,4,MUC,3461,4,0,-1,,,,
/content/Dataset/LYM/LYM-PRYSHSVH.jpg,3,LYM,3462,3,0,-1,,,,
/content/Dataset/MUS/MUS-SGLYMDGM.jpg,5,MUS,3463,5,0,-1,,,,
/content/Dataset/MUC/MUC-VSMINEYR.jpg,4,MUC,3464,4,0,-1,,,,
/content/Dataset/STR/STR-MRPSPMGI.jpg,7,STR,3465,7,0,-1,,,,
/content/Dataset/TUM/TUM-RFEYNSIL.jpg,8,TUM,3466,8,0,-1,,,,
/content/Dataset/ADI/ADI-ALMGKRLR.jpg,0,ADI,3467,0,0,-1,,,,
/content/Dataset/TUM/TUM-RTTFMNAY.jpg,8,TUM,3468,8,0,-1,,,,
/content/Dataset/MUC/MUC-RHMFAVHQ.jpg,4,MUC,3469,4,0,-1,,,,
/content/Dataset/MUC/MUC-CPYTFAFL.jpg,4,MUC,3470,4,0,-1,,,,
/content/Dataset/LYM/LYM-AKLMWCPD.jpg,3,LYM,3471,3,0,-1,,,,
/content/Dataset/STR/STR-RQGKQSMH.jpg,7,STR,3472,7,0,-1,,,,
/content/Dataset/TUM/TUM-SDEAYWGA.jpg,8,TUM,3473,8,0,-1,,,,
/content/Dataset/NORM/NORM-VTVTNSLS.jpg,6,NORM,3474,6,0,-1,,,,
/content/Dataset/MUC/MUC-TWWWQLTK.jpg,4,MUC,3475,4,0,-1,,,,
/content/Dataset/ADI/ADI-HGVQELEP.jpg,0,ADI,3476,0,0,-1,,,,
/content/Dataset/STR/STR-NRCDTGRS.jpg,7,STR,3477,7,0,-1,,,,
/content/Dataset/BACK/BACK-IMHPDHSY.jpg,1,BACK,3478,1,0,-1,,,,
/content/Dataset/TUM/TUM-QHEFKDWT.jpg,8,TUM,3479,8,0,-1,,,,
/content/Dataset/MUS/MUS-AHLPWITG.jpg,5,MUS,3480,5,0,-1,,,,
/content/Dataset/LYM/LYM-PCYGGIFN.jpg,3,LYM,3481,3,0,-1,,,,
/content/Dataset/MUS/MUS-ANTWGTNF.jpg,5,MUS,3482,5,0,-1,,,,
/content/Dataset/LYM/LYM-AKRENATL.jpg,3,LYM,3483,3,0,-1,,,,
/content/Dataset/NORM/NORM-MWDYGLRG.jpg,6,NORM,3484,6,0,-1,,,,
/content/Dataset/MUS/MUS-QRLFIQAN.jpg,5,MUS,3485,5,0,-1,,,,
/content/Dataset/MUS/MUS-SCMLVSSQ.jpg,5,MUS,3486,5,0,-1,,,,
/content/Dataset/LYM/LYM-RTHIMPWP.jpg,3,LYM,3487,3,0,-1,,,,
/content/Dataset/ADI/ADI-CQISVGGV.jpg,0,ADI,3488,0,0,-1,,,,
/content/Dataset/NORM/NORM-TDAIEPHK.jpg,6,NORM,3489,6,0,-1,,,,
/content/Dataset/STR/STR-QAQYISDQ.jpg,7,STR,3490,7,0,-1,,,,
/content/Dataset/LYM/LYM-CQYGTVEL.jpg,3,LYM,3491,3,0,-1,,,,
/content/Dataset/ADI/ADI-DAGNEHAW.jpg,0,ADI,3492,0,0,-1,,,,
/content/Dataset/MUC/MUC-TMHYCTAM.jpg,4,MUC,3493,4,0,-1,,,,
/content/Dataset/NORM/NORM-RKGWVESQ.jpg,6,NORM,3494,6,0,-1,,,,
/content/Dataset/BACK/BACK-PCPYAEEK.jpg,1,BACK,3495,1,0,-1,,,,
/content/Dataset/MUC/MUC-DVIDARHM.jpg,4,MUC,3496,4,0,-1,,,,
/content/Dataset/LYM/LYM-SNFWSPEQ.jpg,3,LYM,3497,3,0,-1,,,,
/content/Dataset/ADI/ADI-GHIDSLGW.jpg,0,ADI,3498,0,0,-1,,,,
/content/Dataset/DEB/DEB-YQICTSHG.jpg,2,DEB,3499,2,0,-1,,,,
/content/Dataset/ADI/ADI-IMISVTHQ.jpg,0,ADI,3500,0,0,-1,,,,
/content/Dataset/STR/STR-WKKGGLIR.jpg,7,STR,3501,7,0,-1,,,,
/content/Dataset/STR/STR-RGMWILGL.jpg,7,STR,3502,7,0,-1,,,,
/content/Dataset/BACK/BACK-MKAKTLWP.jpg,1,BACK,3503,1,0,-1,,,,
/content/Dataset/TUM/TUM-RKCTCLGN.jpg,8,TUM,3504,8,0,-1,,,,
/content/Dataset/BACK/BACK-MQWFDKVC.jpg,1,BACK,3505,1,0,-1,,,,
/content/Dataset/LYM/LYM-SGTLDKGH.jpg,3,LYM,3506,3,0,-1,,,,
/content/Dataset/NORM/NORM-AKLKAHTW.jpg,6,NORM,3507,6,0,-1,,,,
/content/Dataset/MUS/MUS-AIRWGEVM.jpg,5,MUS,3508,5,0,-1,,,,
/content/Dataset/ADI/ADI-EACRAMTG.jpg,0,ADI,3509,0,0,-1,,,,
/content/Dataset/TUM/TUM-YGPTIHCD.jpg,8,TUM,3510,8,0,-1,,,,
/content/Dataset/MUS/MUS-STQARAWV.jpg,5,MUS,3511,5,0,-1,,,,
/content/Dataset/NORM/NORM-LFDKRPVM.jpg,6,NORM,3512,6,0,-1,,,,
/content/Dataset/DEB/DEB-RHHWPFGC.jpg,2,DEB,3513,2,0,-1,,,,
/content/Dataset/MUS/MUS-QWWQMKPS.jpg,5,MUS,3514,5,0,-1,,,,
/content/Dataset/NORM/NORM-WLQVKRLT.jpg,6,NORM,3515,6,0,-1,,,,
/content/Dataset/STR/STR-VFPQWLPR.jpg,7,STR,3516,7,0,-1,,,,
/content/Dataset/STR/STR-QWYLIKNV.jpg,7,STR,3517,7,0,-1,,,,
/content/Dataset/BACK/BACK-KWSKSKYD.jpg,1,BACK,3518,1,0,-1,,,,
/content/Dataset/LYM/LYM-NYMWGYIN.jpg,3,LYM,3519,3,0,-1,,,,
/content/Dataset/BACK/BACK-MQARKMNI.jpg,1,BACK,3520,1,0,-1,,,,
/content/Dataset/STR/STR-WPLDKYES.jpg,7,STR,3521,7,0,-1,,,,
/content/Dataset/STR/STR-NIVINYPR.jpg,7,STR,3522,7,0,-1,,,,
/content/Dataset/BACK/BACK-MKKAGWVK.jpg,1,BACK,3523,1,0,-1,,,,
/content/Dataset/DEB/DEB-VPPHVPYR.jpg,2,DEB,3524,2,0,-1,,,,
/content/Dataset/TUM/TUM-YVLTLFFL.jpg,8,TUM,3525,8,0,-1,,,,
/content/Dataset/ADI/ADI-IMAKSFLT.jpg,0,ADI,3526,0,0,-1,,,,
/content/Dataset/NORM/NORM-LHPETMCS.jpg,6,NORM,3527,6,0,-1,,,,
/content/Dataset/TUM/TUM-VQVNSEIT.jpg,8,TUM,3528,8,0,-1,,,,
/content/Dataset/LYM/LYM-HKWLWGEW.jpg,3,LYM,3529,3,0,-1,,,,
/content/Dataset/STR/STR-WCMMSLLG.jpg,7,STR,3530,7,0,-1,,,,
/content/Dataset/ADI/ADI-ILLNEQRF.jpg,0,ADI,3531,0,0,-1,,,,
/content/Dataset/STR/STR-NHDKYKIR.jpg,7,STR,3532,7,0,-1,,,,
/content/Dataset/LYM/LYM-TVACRLCH.jpg,3,LYM,3533,3,0,-1,,,,
/content/Dataset/BACK/BACK-PADMYWRV.jpg,1,BACK,3534,1,0,-1,,,,
/content/Dataset/MUC/MUC-YQLDHNTN.jpg,4,MUC,3535,4,0,-1,,,,
/content/Dataset/DEB/DEB-NVYLMYVI.jpg,2,DEB,3536,2,0,-1,,,,
/content/Dataset/BACK/BACK-MIQWFRMT.jpg,1,BACK,3537,1,0,-1,,,,
/content/Dataset/TUM/TUM-QYSIEWVA.jpg,8,TUM,3538,8,0,-1,,,,
/content/Dataset/NORM/NORM-PTAETSSF.jpg,6,NORM,3539,6,0,-1,,,,
/content/Dataset/MUC/MUC-RDCDGITY.jpg,4,MUC,3540,4,0,-1,,,,
/content/Dataset/ADI/ADI-DVPCNVFI.jpg,0,ADI,3541,0,0,-1,,,,
/content/Dataset/ADI/ADI-CMYLCIAW.jpg,0,ADI,3542,0,0,-1,,,,
/content/Dataset/BACK/BACK-IAECSGFW.jpg,1,BACK,3543,1,0,-1,,,,
/content/Dataset/ADI/ADI-EWPFRVKD.jpg,0,ADI,3544,0,0,-1,,,,
/content/Dataset/STR/STR-SLHRRPKP.jpg,7,STR,3545,7,0,-1,,,,
/content/Dataset/BACK/BACK-LISDQFLT.jpg,1,BACK,3546,1,0,-1,,,,
/content/Dataset/LYM/LYM-YTRSWHAL.jpg,3,LYM,3547,3,0,-1,,,,
/content/Dataset/ADI/ADI-FHHYAWEN.jpg,0,ADI,3548,0,0,-1,,,,
/content/Dataset/ADI/ADI-HQMSVSKH.jpg,0,ADI,3549,0,0,-1,,,,
/content/Dataset/NORM/NORM-VETYRMRT.jpg,6,NORM,3550,6,0,-1,,,,
/content/Dataset/BACK/BACK-MAMIWFLW.jpg,1,BACK,3551,1,0,-1,,,,
/content/Dataset/STR/STR-PTASENIS.jpg,7,STR,3552,7,0,-1,,,,
/content/Dataset/DEB/DEB-VPQPTPGA.jpg,2,DEB,3553,2,0,-1,,,,
/content/Dataset/LYM/LYM-NNNDFIST.jpg,3,LYM,3554,3,0,-1,,,,
/content/Dataset/TUM/TUM-TPEPIKYQ.jpg,8,TUM,3555,8,0,-1,,,,
/content/Dataset/DEB/DEB-VRTYQHFW.jpg,2,DEB,3556,2,0,-1,,,,
/content/Dataset/NORM/NORM-YTDIHNNW.jpg,6,NORM,3557,6,0,-1,,,,
/content/Dataset/MUC/MUC-VLVDKQSK.jpg,4,MUC,3558,4,0,-1,,,,
/content/Dataset/DEB/DEB-QVPPRVTG.jpg,2,DEB,3559,2,0,-1,,,,
/content/Dataset/ADI/ADI-CVTCWQTL.jpg,0,ADI,3560,0,0,-1,,,,
/content/Dataset/MUS/MUS-PPMIYMNW.jpg,5,MUS,3561,5,0,-1,,,,
/content/Dataset/ADI/ADI-DHCFEINT.jpg,0,ADI,3562,0,0,-1,,,,
/content/Dataset/NORM/NORM-RNCQMFYH.jpg,6,NORM,3563,6,0,-1,,,,
/content/Dataset/LYM/LYM-CMIDTWML.jpg,3,LYM,3564,3,0,-1,,,,
/content/Dataset/TUM/TUM-YGRREPTW.jpg,8,TUM,3565,8,0,-1,,,,
/content/Dataset/DEB/DEB-RYFLWWML.jpg,2,DEB,3566,2,0,-1,,,,
/content/Dataset/BACK/BACK-LIVYCNDV.jpg,1,BACK,3567,1,0,-1,,,,
/content/Dataset/LYM/LYM-QQFHVSTW.jpg,3,LYM,3568,3,0,-1,,,,
/content/Dataset/MUC/MUC-VFFSWYRT.jpg,4,MUC,3569,4,0,-1,,,,
/content/Dataset/LYM/LYM-TCKWHAMF.jpg,3,LYM,3570,3,0,-1,,,,
/content/Dataset/TUM/TUM-YMWHSTWG.jpg,8,TUM,3571,8,0,-1,,,,
/content/Dataset/MUS/MUS-SKQADAVI.jpg,5,MUS,3572,5,0,-1,,,,
/content/Dataset/STR/STR-WFKVYHMY.jpg,7,STR,3573,7,0,-1,,,,
/content/Dataset/TUM/TUM-QEPDIMQC.jpg,8,TUM,3574,8,0,-1,,,,
/content/Dataset/BACK/BACK-AFWVSMRW.jpg,1,BACK,3575,1,0,-1,,,,
/content/Dataset/MUC/MUC-RDEKIMVF.jpg,4,MUC,3576,4,0,-1,,,,
/content/Dataset/MUS/MUS-PDNTVLGA.jpg,5,MUS,3577,5,0,-1,,,,
/content/Dataset/MUC/MUC-QTPCNQFP.jpg,4,MUC,3578,4,0,-1,,,,
/content/Dataset/STR/STR-SYKHAPTR.jpg,7,STR,3579,7,0,-1,,,,
/content/Dataset/STR/STR-SNKHKIYI.jpg,7,STR,3580,7,0,-1,,,,
/content/Dataset/BACK/BACK-KQKCAWKS.jpg,1,BACK,3581,1,0,-1,,,,
/content/Dataset/TUM/TUM-RITTYSHP.jpg,8,TUM,3582,8,0,-1,,,,
/content/Dataset/LYM/LYM-SVRYGMKM.jpg,3,LYM,3583,3,0,-1,,,,
/content/Dataset/LYM/LYM-QMPSAHYC.jpg,3,LYM,3584,3,0,-1,,,,
/content/Dataset/STR/STR-NEIAGMYG.jpg,7,STR,3585,7,0,-1,,,,
/content/Dataset/DEB/DEB-VKYMAFTW.jpg,2,DEB,3586,2,0,-1,,,,
/content/Dataset/ADI/ADI-FIMRWGVM.jpg,0,ADI,3587,0,0,-1,,,,
/content/Dataset/TUM/TUM-TVEKRWCW.jpg,8,TUM,3588,8,0,-1,,,,
/content/Dataset/LYM/LYM-RPVKEMCD.jpg,3,LYM,3589,3,0,-1,,,,
/content/Dataset/NORM/NORM-SSMFIYCE.jpg,6,NORM,3590,6,0,-1,,,,
/content/Dataset/LYM/LYM-RMVVSRRG.jpg,3,LYM,3591,3,0,-1,,,,
/content/Dataset/TUM/TUM-TFKGGGCQ.jpg,8,TUM,3592,8,0,-1,,,,
/content/Dataset/STR/STR-MQFERATT.jpg,7,STR,3593,7,0,-1,,,,
/content/Dataset/TUM/TUM-VWYYQMVK.jpg,8,TUM,3594,8,0,-1,,,,
/content/Dataset/TUM/TUM-YCAKQSAY.jpg,8,TUM,3595,8,0,-1,,,,
/content/Dataset/STR/STR-WLEEARLL.jpg,7,STR,3596,7,0,-1,,,,
/content/Dataset/NORM/NORM-YQKQCKVL.jpg,6,NORM,3597,6,0,-1,,,,
/content/Dataset/TUM/TUM-SILGWSAH.jpg,8,TUM,3598,8,0,-1,,,,
/content/Dataset/NORM/NORM-ALNDIRDM.jpg,6,NORM,3599,6,0,-1,,,,
/content/Dataset/MUS/MUS-QACCWVYF.jpg,5,MUS,3600,5,0,-1,,,,
/content/Dataset/BACK/BACK-NTASDYTM.jpg,1,BACK,3601,1,0,-1,,,,
/content/Dataset/MUC/MUC-CERVQPAG.jpg,4,MUC,3602,4,0,-1,,,,
/content/Dataset/NORM/NORM-TLDWHSRD.jpg,6,NORM,3603,6,0,-1,,,,
/content/Dataset/STR/STR-PTWFETAG.jpg,7,STR,3604,7,0,-1,,,,
/content/Dataset/BACK/BACK-LRTERQPQ.jpg,1,BACK,3605,1,0,-1,,,,
/content/Dataset/MUS/MUS-TCIGGGSC.jpg,5,MUS,3606,5,0,-1,,,,
/content/Dataset/MUC/MUC-TKRTFCFM.jpg,4,MUC,3607,4,0,-1,,,,
/content/Dataset/ADI/ADI-FMTGTSNY.jpg,0,ADI,3608,0,0,-1,,,,
/content/Dataset/DEB/DEB-VMPTVICV.jpg,2,DEB,3609,2,0,-1,,,,
/content/Dataset/MUS/MUS-VHAALQCC.jpg,5,MUS,3610,5,0,-1,,,,
/content/Dataset/MUC/MUC-YYLLFWIF.jpg,4,MUC,3611,4,0,-1,,,,
/content/Dataset/LYM/LYM-SNDEICPY.jpg,3,LYM,3612,3,0,-1,,,,
/content/Dataset/MUC/MUC-YRANCKRG.jpg,4,MUC,3613,4,0,-1,,,,
/content/Dataset/STR/STR-WPIYPIDF.jpg,7,STR,3614,7,0,-1,,,,
/content/Dataset/MUS/MUS-QHPRRPWS.jpg,5,MUS,3615,5,0,-1,,,,
/content/Dataset/ADI/ADI-ECTHLDDY.jpg,0,ADI,3616,0,0,-1,,,,
/content/Dataset/ADI/ADI-EAAEFCHW.jpg,0,ADI,3617,0,0,-1,,,,
/content/Dataset/STR/STR-WHLNVSTE.jpg,7,STR,3618,7,0,-1,,,,
/content/Dataset/NORM/NORM-APHRLGDG.jpg,6,NORM,3619,6,0,-1,,,,
/content/Dataset/MUS/MUS-RWYDEYSL.jpg,5,MUS,3620,5,0,-1,,,,
/content/Dataset/STR/STR-RCAWGQCC.jpg,7,STR,3621,7,0,-1,,,,
/content/Dataset/MUS/MUS-SLIRNGNL.jpg,5,MUS,3622,5,0,-1,,,,
/content/Dataset/LYM/LYM-NPTRELVA.jpg,3,LYM,3623,3,0,-1,,,,
/content/Dataset/MUC/MUC-TQWRYCQL.jpg,4,MUC,3624,4,0,-1,,,,
/content/Dataset/MUC/MUC-RGFDYKLL.jpg,4,MUC,3625,4,0,-1,,,,
/content/Dataset/MUS/MUS-NSQTQDAS.jpg,5,MUS,3626,5,0,-1,,,,
/content/Dataset/ADI/ADI-AMDSEMAK.jpg,0,ADI,3627,0,0,-1,,,,
/content/Dataset/MUS/MUS-SLEDASIN.jpg,5,MUS,3628,5,0,-1,,,,
/content/Dataset/TUM/TUM-RKCVWKVL.jpg,8,TUM,3629,8,0,-1,,,,
/content/Dataset/LYM/LYM-SMATYCET.jpg,3,LYM,3630,3,0,-1,,,,
/content/Dataset/MUS/MUS-QMTIYEHC.jpg,5,MUS,3631,5,0,-1,,,,
/content/Dataset/MUC/MUC-ALWEGKWD.jpg,4,MUC,3632,4,0,-1,,,,
/content/Dataset/LYM/LYM-QEYEEAMK.jpg,3,LYM,3633,3,0,-1,,,,
/content/Dataset/STR/STR-PPADWDCK.jpg,7,STR,3634,7,0,-1,,,,
/content/Dataset/DEB/DEB-VNGCDDKC.jpg,2,DEB,3635,2,0,-1,,,,
/content/Dataset/NORM/NORM-LSHQTRSH.jpg,6,NORM,3636,6,0,-1,,,,
/content/Dataset/MUC/MUC-PVRGCCTL.jpg,4,MUC,3637,4,0,-1,,,,
/content/Dataset/DEB/DEB-TPLQPWVV.jpg,2,DEB,3638,2,0,-1,,,,
/content/Dataset/TUM/TUM-RAVTVAIC.jpg,8,TUM,3639,8,0,-1,,,,
/content/Dataset/STR/STR-MRFKFIMS.jpg,7,STR,3640,7,0,-1,,,,
/content/Dataset/STR/STR-TLLNECHF.jpg,7,STR,3641,7,0,-1,,,,
/content/Dataset/MUC/MUC-WQDQSMPW.jpg,4,MUC,3642,4,0,-1,,,,
/content/Dataset/LYM/LYM-NRIHIILA.jpg,3,LYM,3643,3,0,-1,,,,
/content/Dataset/TUM/TUM-YVSMCDID.jpg,8,TUM,3644,8,0,-1,,,,
/content/Dataset/TUM/TUM-WPDQATKG.jpg,8,TUM,3645,8,0,-1,,,,
/content/Dataset/LYM/LYM-VMHRNMRY.jpg,3,LYM,3646,3,0,-1,,,,
/content/Dataset/STR/STR-PYDVVAIG.jpg,7,STR,3647,7,0,-1,,,,
/content/Dataset/LYM/LYM-NIVGAINY.jpg,3,LYM,3648,3,0,-1,,,,
/content/Dataset/ADI/ADI-EKGVPWKF.jpg,0,ADI,3649,0,0,-1,,,,
/content/Dataset/MUS/MUS-SCTRTMQS.jpg,5,MUS,3650,5,0,-1,,,,
/content/Dataset/MUC/MUC-TMPVDSNA.jpg,4,MUC,3651,4,0,-1,,,,
/content/Dataset/LYM/LYM-AVMWHPFA.jpg,3,LYM,3652,3,0,-1,,,,
/content/Dataset/LYM/LYM-SQCWLQET.jpg,3,LYM,3653,3,0,-1,,,,
/content/Dataset/ADI/ADI-APLGRGCC.jpg,0,ADI,3654,0,0,-1,,,,
/content/Dataset/STR/STR-YSHMTWND.jpg,7,STR,3655,7,0,-1,,,,
/content/Dataset/MUS/MUS-SSMSSWWM.jpg,5,MUS,3656,5,0,-1,,,,
/content/Dataset/NORM/NORM-PITYDFCH.jpg,6,NORM,3657,6,0,-1,,,,
/content/Dataset/DEB/DEB-VDVAVYRC.jpg,2,DEB,3658,2,0,-1,,,,
/content/Dataset/TUM/TUM-WFCFACLP.jpg,8,TUM,3659,8,0,-1,,,,
/content/Dataset/LYM/LYM-QWHCRKSH.jpg,3,LYM,3660,3,0,-1,,,,
/content/Dataset/ADI/ADI-ALHFVEGP.jpg,0,ADI,3661,0,0,-1,,,,
/content/Dataset/MUS/MUS-RGQEFPCR.jpg,5,MUS,3662,5,0,-1,,,,
/content/Dataset/NORM/NORM-PYAFFNQE.jpg,6,NORM,3663,6,0,-1,,,,
/content/Dataset/TUM/TUM-QQYFIWLR.jpg,8,TUM,3664,8,0,-1,,,,
/content/Dataset/NORM/NORM-VWMQYIEC.jpg,6,NORM,3665,6,0,-1,,,,
/content/Dataset/ADI/ADI-HTYQQHTI.jpg,0,ADI,3666,0,0,-1,,,,
/content/Dataset/BACK/BACK-MLPNHCAT.jpg,1,BACK,3667,1,0,-1,,,,
/content/Dataset/DEB/DEB-RGLTQDWS.jpg,2,DEB,3668,2,0,-1,,,,
/content/Dataset/MUC/MUC-AGTVNQEH.jpg,4,MUC,3669,4,0,-1,,,,
/content/Dataset/DEB/DEB-SHYWPYMK.jpg,2,DEB,3670,2,0,-1,,,,
/content/Dataset/NORM/NORM-QVDEWFSW.jpg,6,NORM,3671,6,0,-1,,,,
/content/Dataset/DEB/DEB-PKTEQSEE.jpg,2,DEB,3672,2,0,-1,,,,
/content/Dataset/DEB/DEB-RHIWKHYR.jpg,2,DEB,3673,2,0,-1,,,,
/content/Dataset/BACK/BACK-MMQEFEPA.jpg,1,BACK,3674,1,0,-1,,,,
/content/Dataset/DEB/DEB-PKSAEYWY.jpg,2,DEB,3675,2,0,-1,,,,
/content/Dataset/NORM/NORM-WKWNIWHN.jpg,6,NORM,3676,6,0,-1,,,,
/content/Dataset/LYM/LYM-FPAFFSYS.jpg,3,LYM,3677,3,0,-1,,,,
/content/Dataset/DEB/DEB-TECQKCPW.jpg,2,DEB,3678,2,0,-1,,,,
/content/Dataset/BACK/BACK-NYMHLPDQ.jpg,1,BACK,3679,1,0,-1,,,,
/content/Dataset/NORM/NORM-TVEMECKK.jpg,6,NORM,3680,6,0,-1,,,,
/content/Dataset/LYM/LYM-PSGMNGDE.jpg,3,LYM,3681,3,0,-1,,,,
/content/Dataset/NORM/NORM-VNQYGPNE.jpg,6,NORM,3682,6,0,-1,,,,
/content/Dataset/ADI/ADI-DHEKDCKY.jpg,0,ADI,3683,0,0,-1,,,,
/content/Dataset/STR/STR-QVVENSFP.jpg,7,STR,3684,7,0,-1,,,,
/content/Dataset/MUS/MUS-RCWHYNHR.jpg,5,MUS,3685,5,0,-1,,,,
/content/Dataset/STR/STR-YHCCTILK.jpg,7,STR,3686,7,0,-1,,,,
/content/Dataset/LYM/LYM-VPFLLFGY.jpg,3,LYM,3687,3,0,-1,,,,
/content/Dataset/ADI/ADI-FENWYTYV.jpg,0,ADI,3688,0,0,-1,,,,
/content/Dataset/ADI/ADI-CGCSIIPN.jpg,0,ADI,3689,0,0,-1,,,,
/content/Dataset/NORM/NORM-PEEKRTAV.jpg,6,NORM,3690,6,0,-1,,,,
/content/Dataset/MUC/MUC-PHSPADEE.jpg,4,MUC,3691,4,0,-1,,,,
/content/Dataset/TUM/TUM-YMCLHMLL.jpg,8,TUM,3692,8,0,-1,,,,
/content/Dataset/TUM/TUM-QMWDILHL.jpg,8,TUM,3693,8,0,-1,,,,
/content/Dataset/STR/STR-VSRWFPYG.jpg,7,STR,3694,7,0,-1,,,,
/content/Dataset/ADI/ADI-FCIGIFIP.jpg,0,ADI,3695,0,0,-1,,,,
/content/Dataset/LYM/LYM-NNMRYFAD.jpg,3,LYM,3696,3,0,-1,,,,
/content/Dataset/MUC/MUC-WMKPMLEM.jpg,4,MUC,3697,4,0,-1,,,,
/content/Dataset/MUC/MUC-SRSDHTVR.jpg,4,MUC,3698,4,0,-1,,,,
/content/Dataset/MUC/MUC-AHFMQGFR.jpg,4,MUC,3699,4,0,-1,,,,
/content/Dataset/MUS/MUS-QPGNLHVK.jpg,5,MUS,3700,5,0,-1,,,,
/content/Dataset/STR/STR-TRRDHGSE.jpg,7,STR,3701,7,0,-1,,,,
/content/Dataset/BACK/BACK-ILVQALAT.jpg,1,BACK,3702,1,0,-1,,,,
/content/Dataset/MUC/MUC-SPSEEGTS.jpg,4,MUC,3703,4,0,-1,,,,
/content/Dataset/DEB/DEB-TLLKEVCY.jpg,2,DEB,3704,2,0,-1,,,,
/content/Dataset/ADI/ADI-DFKLYAFS.jpg,0,ADI,3705,0,0,-1,,,,
/content/Dataset/MUS/MUS-RKDSYPHC.jpg,5,MUS,3706,5,0,-1,,,,
/content/Dataset/MUC/MUC-QMSFINIA.jpg,4,MUC,3707,4,0,-1,,,,
/content/Dataset/NORM/NORM-PQSIRHTD.jpg,6,NORM,3708,6,0,-1,,,,
/content/Dataset/BACK/BACK-NRGHWNAW.jpg,1,BACK,3709,1,0,-1,,,,
/content/Dataset/NORM/NORM-WGWGGGWH.jpg,6,NORM,3710,6,0,-1,,,,
/content/Dataset/BACK/BACK-AAEQYIPD.jpg,1,BACK,3711,1,0,-1,,,,
/content/Dataset/MUC/MUC-AHDYYVDL.jpg,4,MUC,3712,4,0,-1,,,,
/content/Dataset/ADI/ADI-CAQAFKEQ.jpg,0,ADI,3713,0,0,-1,,,,
/content/Dataset/BACK/BACK-INMIHNRT.jpg,1,BACK,3714,1,0,-1,,,,
/content/Dataset/DEB/DEB-PCCTPEME.jpg,2,DEB,3715,2,0,-1,,,,
/content/Dataset/NORM/NORM-RWYVCNNM.jpg,6,NORM,3716,6,0,-1,,,,
/content/Dataset/NORM/NORM-SFQVHKEF.jpg,6,NORM,3717,6,0,-1,,,,
/content/Dataset/STR/STR-SGSDIINI.jpg,7,STR,3718,7,0,-1,,,,
/content/Dataset/MUC/MUC-RPQHKNEC.jpg,4,MUC,3719,4,0,-1,,,,
/content/Dataset/NORM/NORM-SGESECRP.jpg,6,NORM,3720,6,0,-1,,,,
/content/Dataset/MUS/MUS-SAQAYVGD.jpg,5,MUS,3721,5,0,-1,,,,
/content/Dataset/STR/STR-WLRRNTYF.jpg,7,STR,3722,7,0,-1,,,,
/content/Dataset/STR/STR-RNLTEFYK.jpg,7,STR,3723,7,0,-1,,,,
/content/Dataset/STR/STR-RFLQGQAV.jpg,7,STR,3724,7,0,-1,,,,
/content/Dataset/LYM/LYM-LAHSMNPK.jpg,3,LYM,3725,3,0,-1,,,,
/content/Dataset/DEB/DEB-WHIKKSLW.jpg,2,DEB,3726,2,0,-1,,,,
/content/Dataset/MUC/MUC-NQVHIEWD.jpg,4,MUC,3727,4,0,-1,,,,
/content/Dataset/BACK/BACK-HYYVILKV.jpg,1,BACK,3728,1,0,-1,,,,
/content/Dataset/STR/STR-QLPKHDQE.jpg,7,STR,3729,7,0,-1,,,,
/content/Dataset/LYM/LYM-RWKIHAMG.jpg,3,LYM,3730,3,0,-1,,,,
/content/Dataset/NORM/NORM-QRTQMTKV.jpg,6,NORM,3731,6,0,-1,,,,
/content/Dataset/MUS/MUS-QYWAQWQT.jpg,5,MUS,3732,5,0,-1,,,,
/content/Dataset/DEB/DEB-ADGLMFSM.jpg,2,DEB,3733,2,0,-1,,,,
/content/Dataset/NORM/NORM-TWERPNAG.jpg,6,NORM,3734,6,0,-1,,,,
/content/Dataset/DEB/DEB-SQVKPTGL.jpg,2,DEB,3735,2,0,-1,,,,
/content/Dataset/TUM/TUM-QNEPHINS.jpg,8,TUM,3736,8,0,-1,,,,
/content/Dataset/MUS/MUS-PDNGDLDA.jpg,5,MUS,3737,5,0,-1,,,,
/content/Dataset/NORM/NORM-VAVWFMGA.jpg,6,NORM,3738,6,0,-1,,,,
/content/Dataset/BACK/BACK-HAEQRDMV.jpg,1,BACK,3739,1,0,-1,,,,
/content/Dataset/STR/STR-VFTGHWMQ.jpg,7,STR,3740,7,0,-1,,,,
/content/Dataset/LYM/LYM-FRGYLKWK.jpg,3,LYM,3741,3,0,-1,,,,
/content/Dataset/NORM/NORM-RQFAHYSN.jpg,6,NORM,3742,6,0,-1,,,,
/content/Dataset/BACK/BACK-ISESSKRC.jpg,1,BACK,3743,1,0,-1,,,,
/content/Dataset/LYM/LYM-TSNDDGPC.jpg,3,LYM,3744,3,0,-1,,,,
/content/Dataset/BACK/BACK-IMRHKHQS.jpg,1,BACK,3745,1,0,-1,,,,
/content/Dataset/TUM/TUM-VNGFELWL.jpg,8,TUM,3746,8,0,-1,,,,
/content/Dataset/LYM/LYM-SVWDRCIL.jpg,3,LYM,3747,3,0,-1,,,,
/content/Dataset/MUS/MUS-ALCTRVRT.jpg,5,MUS,3748,5,0,-1,,,,
/content/Dataset/STR/STR-QMHFPHNV.jpg,7,STR,3749,7,0,-1,,,,
/content/Dataset/ADI/ADI-EVSEMHKV.jpg,0,ADI,3750,0,0,-1,,,,
/content/Dataset/NORM/NORM-YLYFELEK.jpg,6,NORM,3751,6,0,-1,,,,
/content/Dataset/MUS/MUS-NWYYNWVQ.jpg,5,MUS,3752,5,0,-1,,,,
/content/Dataset/BACK/BACK-MAVPPGNG.jpg,1,BACK,3753,1,0,-1,,,,
/content/Dataset/MUS/MUS-VHHALKKE.jpg,5,MUS,3754,5,0,-1,,,,
/content/Dataset/DEB/DEB-PPYCPSFY.jpg,2,DEB,3755,2,0,-1,,,,
/content/Dataset/MUC/MUC-PPTILTFW.jpg,4,MUC,3756,4,0,-1,,,,
/content/Dataset/MUC/MUC-SEVKRDGR.jpg,4,MUC,3757,4,0,-1,,,,
/content/Dataset/MUC/MUC-NWVPWMVY.jpg,4,MUC,3758,4,0,-1,,,,
/content/Dataset/STR/STR-PEQLFRSM.jpg,7,STR,3759,7,0,-1,,,,
/content/Dataset/MUC/MUC-NFKVWLYP.jpg,4,MUC,3760,4,0,-1,,,,
/content/Dataset/LYM/LYM-ATFIINET.jpg,3,LYM,3761,3,0,-1,,,,
/content/Dataset/MUS/MUS-RFKMQREM.jpg,5,MUS,3762,5,0,-1,,,,
/content/Dataset/STR/STR-PVFEDQKL.jpg,7,STR,3763,7,0,-1,,,,
/content/Dataset/ADI/ADI-IFDWPRTL.jpg,0,ADI,3764,0,0,-1,,,,
/content/Dataset/BACK/BACK-LISTFNVM.jpg,1,BACK,3765,1,0,-1,,,,
/content/Dataset/DEB/DEB-TDYKRMES.jpg,2,DEB,3766,2,0,-1,,,,
/content/Dataset/NORM/NORM-WKIVMNIE.jpg,6,NORM,3767,6,0,-1,,,,
/content/Dataset/MUS/MUS-TCLKTRWD.jpg,5,MUS,3768,5,0,-1,,,,
/content/Dataset/DEB/DEB-RCNNTGMF.jpg,2,DEB,3769,2,0,-1,,,,
/content/Dataset/DEB/DEB-VESISTIG.jpg,2,DEB,3770,2,0,-1,,,,
/content/Dataset/ADI/ADI-DITISDFY.jpg,0,ADI,3771,0,0,-1,,,,
/content/Dataset/STR/STR-WHCNAAMP.jpg,7,STR,3772,7,0,-1,,,,
/content/Dataset/STR/STR-TCYTDGKQ.jpg,7,STR,3773,7,0,-1,,,,
/content/Dataset/MUS/MUS-PSTLSQTG.jpg,5,MUS,3774,5,0,-1,,,,
/content/Dataset/LYM/LYM-YKWVMKGH.jpg,3,LYM,3775,3,0,-1,,,,
/content/Dataset/STR/STR-SRAIVPFA.jpg,7,STR,3776,7,0,-1,,,,
/content/Dataset/BACK/BACK-AFVMCLCC.jpg,1,BACK,3777,1,0,-1,,,,
/content/Dataset/NORM/NORM-WKIIHCEF.jpg,6,NORM,3778,6,0,-1,,,,
/content/Dataset/DEB/DEB-PDHSHRQL.jpg,2,DEB,3779,2,0,-1,,,,
/content/Dataset/TUM/TUM-YLTMTWRN.jpg,8,TUM,3780,8,0,-1,,,,
/content/Dataset/BACK/BACK-MFTCPFIP.jpg,1,BACK,3781,1,0,-1,,,,
/content/Dataset/BACK/BACK-MQIQLYYG.jpg,1,BACK,3782,1,0,-1,,,,
/content/Dataset/TUM/TUM-TPIKDPDW.jpg,8,TUM,3783,8,0,-1,,,,
/content/Dataset/BACK/BACK-KGTLCCCM.jpg,1,BACK,3784,1,0,-1,,,,
/content/Dataset/STR/STR-YVPHSAPQ.jpg,7,STR,3785,7,0,-1,,,,
/content/Dataset/DEB/DEB-YHRYTSGS.jpg,2,DEB,3786,2,0,-1,,,,
/content/Dataset/NORM/NORM-PACVDGLK.jpg,6,NORM,3787,6,0,-1,,,,
/content/Dataset/LYM/LYM-NNRSEIPK.jpg,3,LYM,3788,3,0,-1,,,,
/content/Dataset/TUM/TUM-WRWRFFSE.jpg,8,TUM,3789,8,0,-1,,,,
/content/Dataset/MUS/MUS-CKQYANTM.jpg,5,MUS,3790,5,0,-1,,,,
/content/Dataset/MUS/MUS-ASIVCNHA.jpg,5,MUS,3791,5,0,-1,,,,
/content/Dataset/DEB/DEB-TCTTRGLD.jpg,2,DEB,3792,2,0,-1,,,,
/content/Dataset/BACK/BACK-MEDYSIKR.jpg,1,BACK,3793,1,0,-1,,,,
/content/Dataset/TUM/TUM-TTMPGTKI.jpg,8,TUM,3794,8,0,-1,,,,
/content/Dataset/MUC/MUC-NTPCLREH.jpg,4,MUC,3795,4,0,-1,,,,
/content/Dataset/BACK/BACK-IFRYCLDT.jpg,1,BACK,3796,1,0,-1,,,,
/content/Dataset/LYM/LYM-TASVIGKG.jpg,3,LYM,3797,3,0,-1,,,,
/content/Dataset/DEB/DEB-QLHYCTPE.jpg,2,DEB,3798,2,0,-1,,,,
/content/Dataset/MUS/MUS-QSADKADH.jpg,5,MUS,3799,5,0,-1,,,,
/content/Dataset/MUC/MUC-QHQKIRKN.jpg,4,MUC,3800,4,0,-1,,,,
/content/Dataset/DEB/DEB-VCCDDKRI.jpg,2,DEB,3801,2,0,-1,,,,
/content/Dataset/STR/STR-WFAARARL.jpg,7,STR,3802,7,0,-1,,,,
/content/Dataset/ADI/ADI-GRKQNFYY.jpg,0,ADI,3803,0,0,-1,,,,
/content/Dataset/ADI/ADI-EHHRERRW.jpg,0,ADI,3804,0,0,-1,,,,
/content/Dataset/NORM/NORM-YRWCDPHT.jpg,6,NORM,3805,6,0,-1,,,,
/content/Dataset/DEB/DEB-YAYFCGFI.jpg,2,DEB,3806,2,0,-1,,,,
/content/Dataset/ADI/ADI-INQDTKER.jpg,0,ADI,3807,0,0,-1,,,,
/content/Dataset/STR/STR-YQGMVTQG.jpg,7,STR,3808,7,0,-1,,,,
/content/Dataset/LYM/LYM-RGVEFGVQ.jpg,3,LYM,3809,3,0,-1,,,,
/content/Dataset/LYM/LYM-NKQIWPLV.jpg,3,LYM,3810,3,0,-1,,,,
/content/Dataset/LYM/LYM-IFIDDDPD.jpg,3,LYM,3811,3,0,-1,,,,
/content/Dataset/DEB/DEB-YHSKSEAP.jpg,2,DEB,3812,2,0,-1,,,,
/content/Dataset/TUM/TUM-RKSEIKRA.jpg,8,TUM,3813,8,0,-1,,,,
/content/Dataset/TUM/TUM-STIFKRIL.jpg,8,TUM,3814,8,0,-1,,,,
/content/Dataset/DEB/DEB-PCGHKQWT.jpg,2,DEB,3815,2,0,-1,,,,
/content/Dataset/NORM/NORM-AIVFNLNR.jpg,6,NORM,3816,6,0,-1,,,,
/content/Dataset/ADI/ADI-GWVQNVSD.jpg,0,ADI,3817,0,0,-1,,,,
/content/Dataset/LYM/LYM-RGYLKLEH.jpg,3,LYM,3818,3,0,-1,,,,
/content/Dataset/MUS/MUS-RCVLGWEM.jpg,5,MUS,3819,5,0,-1,,,,
/content/Dataset/STR/STR-WSSASESM.jpg,7,STR,3820,7,0,-1,,,,
/content/Dataset/DEB/DEB-YICYSLKN.jpg,2,DEB,3821,2,0,-1,,,,
/content/Dataset/LYM/LYM-TMRASTWP.jpg,3,LYM,3822,3,0,-1,,,,
/content/Dataset/BACK/BACK-IIADAEDS.jpg,1,BACK,3823,1,0,-1,,,,
/content/Dataset/BACK/BACK-KECADEGC.jpg,1,BACK,3824,1,0,-1,,,,
/content/Dataset/LYM/LYM-FGWERCTP.jpg,3,LYM,3825,3,0,-1,,,,
/content/Dataset/TUM/TUM-SQTFDRVD.jpg,8,TUM,3826,8,0,-1,,,,
/content/Dataset/ADI/ADI-INWHFPQK.jpg,0,ADI,3827,0,0,-1,,,,
/content/Dataset/TUM/TUM-SASTWWIS.jpg,8,TUM,3828,8,0,-1,,,,
/content/Dataset/MUS/MUS-QVLCTMYG.jpg,5,MUS,3829,5,0,-1,,,,
/content/Dataset/DEB/DEB-NSGCQKVF.jpg,2,DEB,3830,2,0,-1,,,,
/content/Dataset/LYM/LYM-NRDLPKKH.jpg,3,LYM,3831,3,0,-1,,,,
/content/Dataset/TUM/TUM-SFKYTWCP.jpg,8,TUM,3832,8,0,-1,,,,
/content/Dataset/LYM/LYM-QMKPNLMT.jpg,3,LYM,3833,3,0,-1,,,,
/content/Dataset/DEB/DEB-SYDHEPWM.jpg,2,DEB,3834,2,0,-1,,,,
/content/Dataset/MUS/MUS-AEHPVHHH.jpg,5,MUS,3835,5,0,-1,,,,
/content/Dataset/MUS/MUS-CIYWINFM.jpg,5,MUS,3836,5,0,-1,,,,
/content/Dataset/STR/STR-PENEQTLL.jpg,7,STR,3837,7,0,-1,,,,
/content/Dataset/ADI/ADI-FILHNIWW.jpg,0,ADI,3838,0,0,-1,,,,
/content/Dataset/BACK/BACK-LLSFYKTK.jpg,1,BACK,3839,1,0,-1,,,,
/content/Dataset/BACK/BACK-AFQINHLG.jpg,1,BACK,3840,1,0,-1,,,,
/content/Dataset/TUM/TUM-YFQNTHIA.jpg,8,TUM,3841,8,0,-1,,,,
/content/Dataset/LYM/LYM-AAQIKANI.jpg,3,LYM,3842,3,0,-1,,,,
/content/Dataset/TUM/TUM-RMIVLFCA.jpg,8,TUM,3843,8,0,-1,,,,
/content/Dataset/MUC/MUC-VWCWLKIV.jpg,4,MUC,3844,4,0,-1,,,,
/content/Dataset/MUC/MUC-RDELMDPH.jpg,4,MUC,3845,4,0,-1,,,,
/content/Dataset/NORM/NORM-LSQHEPCA.jpg,6,NORM,3846,6,0,-1,,,,
/content/Dataset/DEB/DEB-WIPRKEYL.jpg,2,DEB,3847,2,0,-1,,,,
/content/Dataset/NORM/NORM-VCNLTKQW.jpg,6,NORM,3848,6,0,-1,,,,
/content/Dataset/BACK/BACK-INMWDDIC.jpg,1,BACK,3849,1,0,-1,,,,
/content/Dataset/TUM/TUM-RIYSQIER.jpg,8,TUM,3850,8,0,-1,,,,
/content/Dataset/DEB/DEB-VPFYLCFM.jpg,2,DEB,3851,2,0,-1,,,,
/content/Dataset/DEB/DEB-WEEKMQVG.jpg,2,DEB,3852,2,0,-1,,,,
/content/Dataset/NORM/NORM-LQKCWPPT.jpg,6,NORM,3853,6,0,-1,,,,
/content/Dataset/ADI/ADI-FNIHYLFC.jpg,0,ADI,3854,0,0,-1,,,,
/content/Dataset/TUM/TUM-VFWPVYKP.jpg,8,TUM,3855,8,0,-1,,,,
/content/Dataset/NORM/NORM-NWLEDYEG.jpg,6,NORM,3856,6,0,-1,,,,
/content/Dataset/MUS/MUS-QSENASSV.jpg,5,MUS,3857,5,0,-1,,,,
/content/Dataset/STR/STR-PAWGFICF.jpg,7,STR,3858,7,0,-1,,,,
/content/Dataset/MUS/MUS-CKQNPRPN.jpg,5,MUS,3859,5,0,-1,,,,
/content/Dataset/NORM/NORM-LSSNYEHR.jpg,6,NORM,3860,6,0,-1,,,,
/content/Dataset/DEB/DEB-YAYTWMGT.jpg,2,DEB,3861,2,0,-1,,,,
/content/Dataset/MUS/MUS-QFCKRKFS.jpg,5,MUS,3862,5,0,-1,,,,
/content/Dataset/DEB/DEB-PNWYMKPS.jpg,2,DEB,3863,2,0,-1,,,,
/content/Dataset/MUC/MUC-WKKWQPPF.jpg,4,MUC,3864,4,0,-1,,,,
/content/Dataset/STR/STR-RRANQLCY.jpg,7,STR,3865,7,0,-1,,,,
/content/Dataset/NORM/NORM-ANPGQKHH.jpg,6,NORM,3866,6,0,-1,,,,
/content/Dataset/NORM/NORM-VSERKPPM.jpg,6,NORM,3867,6,0,-1,,,,
/content/Dataset/MUC/MUC-TCHDDAYN.jpg,4,MUC,3868,4,0,-1,,,,
/content/Dataset/LYM/LYM-YMRCCYKW.jpg,3,LYM,3869,3,0,-1,,,,
/content/Dataset/STR/STR-MQIDLRKA.jpg,7,STR,3870,7,0,-1,,,,
/content/Dataset/DEB/DEB-VGTDNIEW.jpg,2,DEB,3871,2,0,-1,,,,
/content/Dataset/MUS/MUS-STDCSMCK.jpg,5,MUS,3872,5,0,-1,,,,
/content/Dataset/LYM/LYM-NHEFKHLQ.jpg,3,LYM,3873,3,0,-1,,,,
/content/Dataset/BACK/BACK-CELYFMQA.jpg,1,BACK,3874,1,0,-1,,,,
/content/Dataset/ADI/ADI-GRGVMKHH.jpg,0,ADI,3875,0,0,-1,,,,
/content/Dataset/DEB/DEB-QWQHRLMF.jpg,2,DEB,3876,2,0,-1,,,,
/content/Dataset/NORM/NORM-QECNENKH.jpg,6,NORM,3877,6,0,-1,,,,
/content/Dataset/MUS/MUS-RSTTKVSE.jpg,5,MUS,3878,5,0,-1,,,,
/content/Dataset/TUM/TUM-WFYFNQCC.jpg,8,TUM,3879,8,0,-1,,,,
/content/Dataset/TUM/TUM-VFRQAHYC.jpg,8,TUM,3880,8,0,-1,,,,
/content/Dataset/BACK/BACK-MEFNADSW.jpg,1,BACK,3881,1,0,-1,,,,
/content/Dataset/ADI/ADI-GSLMHFHS.jpg,0,ADI,3882,0,0,-1,,,,
/content/Dataset/BACK/BACK-KPCFGWTG.jpg,1,BACK,3883,1,0,-1,,,,
/content/Dataset/ADI/ADI-AFWHMKCS.jpg,0,ADI,3884,0,0,-1,,,,
/content/Dataset/MUC/MUC-ACLDHQGM.jpg,4,MUC,3885,4,0,-1,,,,
/content/Dataset/BACK/BACK-GCGPTWHR.jpg,1,BACK,3886,1,0,-1,,,,
/content/Dataset/MUC/MUC-YLMTDPMA.jpg,4,MUC,3887,4,0,-1,,,,
/content/Dataset/DEB/DEB-RDASLRWN.jpg,2,DEB,3888,2,0,-1,,,,
/content/Dataset/NORM/NORM-QYAQVNQH.jpg,6,NORM,3889,6,0,-1,,,,
/content/Dataset/LYM/LYM-PMMNNMWY.jpg,3,LYM,3890,3,0,-1,,,,
/content/Dataset/TUM/TUM-TQEVEGNA.jpg,8,TUM,3891,8,0,-1,,,,
/content/Dataset/DEB/DEB-YQKHLNYN.jpg,2,DEB,3892,2,0,-1,,,,
/content/Dataset/STR/STR-MTHCGLML.jpg,7,STR,3893,7,0,-1,,,,
/content/Dataset/NORM/NORM-NTIFQVVC.jpg,6,NORM,3894,6,0,-1,,,,
/content/Dataset/TUM/TUM-YIQSAHWD.jpg,8,TUM,3895,8,0,-1,,,,
/content/Dataset/BACK/BACK-MPWVGWVR.jpg,1,BACK,3896,1,0,-1,,,,
/content/Dataset/BACK/BACK-KRDGVSEV.jpg,1,BACK,3897,1,0,-1,,,,
/content/Dataset/STR/STR-WKKHYPPN.jpg,7,STR,3898,7,0,-1,,,,
/content/Dataset/MUS/MUS-NLWEVSIY.jpg,5,MUS,3899,5,0,-1,,,,
/content/Dataset/TUM/TUM-WWYTHDRQ.jpg,8,TUM,3900,8,0,-1,,,,
/content/Dataset/TUM/TUM-QSFYVADA.jpg,8,TUM,3901,8,0,-1,,,,
/content/Dataset/BACK/BACK-NTMYEWIW.jpg,1,BACK,3902,1,0,-1,,,,
/content/Dataset/MUS/MUS-SYQACNKW.jpg,5,MUS,3903,5,0,-1,,,,
/content/Dataset/TUM/TUM-SITFMKRI.jpg,8,TUM,3904,8,0,-1,,,,
/content/Dataset/STR/STR-PASIAESR.jpg,7,STR,3905,7,0,-1,,,,
/content/Dataset/NORM/NORM-YWSMKHHC.jpg,6,NORM,3906,6,0,-1,,,,
/content/Dataset/LYM/LYM-FHWGMMHK.jpg,3,LYM,3907,3,0,-1,,,,
/content/Dataset/DEB/DEB-SNRMMLRG.jpg,2,DEB,3908,2,0,-1,,,,
/content/Dataset/MUS/MUS-NSTNPWHF.jpg,5,MUS,3909,5,0,-1,,,,
/content/Dataset/TUM/TUM-VTATQWPK.jpg,8,TUM,3910,8,0,-1,,,,
/content/Dataset/LYM/LYM-RQHDCPGA.jpg,3,LYM,3911,3,0,-1,,,,
/content/Dataset/TUM/TUM-SAHIAEFV.jpg,8,TUM,3912,8,0,-1,,,,
/content/Dataset/MUS/MUS-AVFQGGNW.jpg,5,MUS,3913,5,0,-1,,,,
/content/Dataset/NORM/NORM-WSCRGPLS.jpg,6,NORM,3914,6,0,-1,,,,
/content/Dataset/LYM/LYM-QEPMFFIR.jpg,3,LYM,3915,3,0,-1,,,,
/content/Dataset/DEB/DEB-SQTNVHAR.jpg,2,DEB,3916,2,0,-1,,,,
/content/Dataset/TUM/TUM-VQKFPHST.jpg,8,TUM,3917,8,0,-1,,,,
/content/Dataset/DEB/DEB-WIMASHMR.jpg,2,DEB,3918,2,0,-1,,,,
/content/Dataset/LYM/LYM-TWADCMGC.jpg,3,LYM,3919,3,0,-1,,,,
/content/Dataset/NORM/NORM-TWGKKRSW.jpg,6,NORM,3920,6,0,-1,,,,
/content/Dataset/BACK/BACK-LYFTQVVI.jpg,1,BACK,3921,1,0,-1,,,,
/content/Dataset/MUS/MUS-AVMYGADM.jpg,5,MUS,3922,5,0,-1,,,,
/content/Dataset/LYM/LYM-NQQRRNGW.jpg,3,LYM,3923,3,0,-1,,,,
/content/Dataset/STR/STR-NGMDYDSE.jpg,7,STR,3924,7,0,-1,,,,
/content/Dataset/STR/STR-TSSGPDQQ.jpg,7,STR,3925,7,0,-1,,,,
/content/Dataset/LYM/LYM-NVRQRFLL.jpg,3,LYM,3926,3,0,-1,,,,
/content/Dataset/DEB/DEB-VWCSFWQC.jpg,2,DEB,3927,2,0,-1,,,,
/content/Dataset/ADI/ADI-GNIQWMLW.jpg,0,ADI,3928,0,0,-1,,,,
/content/Dataset/LYM/LYM-PTYEADYQ.jpg,3,LYM,3929,3,0,-1,,,,
/content/Dataset/DEB/DEB-STAKDIWF.jpg,2,DEB,3930,2,0,-1,,,,
/content/Dataset/MUC/MUC-RPSKYWRT.jpg,4,MUC,3931,4,0,-1,,,,
/content/Dataset/BACK/BACK-KLAKQYHP.jpg,1,BACK,3932,1,0,-1,,,,
/content/Dataset/NORM/NORM-PQFLMLNC.jpg,6,NORM,3933,6,0,-1,,,,
/content/Dataset/TUM/TUM-YCAFCRYR.jpg,8,TUM,3934,8,0,-1,,,,
/content/Dataset/BACK/BACK-IPVSMVHE.jpg,1,BACK,3935,1,0,-1,,,,
/content/Dataset/DEB/DEB-VIGVMTWE.jpg,2,DEB,3936,2,0,-1,,,,
/content/Dataset/DEB/DEB-TQRKTYQP.jpg,2,DEB,3937,2,0,-1,,,,
/content/Dataset/MUC/MUC-HLCRIPQN.jpg,4,MUC,3938,4,0,-1,,,,
/content/Dataset/TUM/TUM-WPWHEQLW.jpg,8,TUM,3939,8,0,-1,,,,
/content/Dataset/MUC/MUC-WHCLTKDE.jpg,4,MUC,3940,4,0,-1,,,,
/content/Dataset/BACK/BACK-NSGELNYV.jpg,1,BACK,3941,1,0,-1,,,,
/content/Dataset/MUC/MUC-ICQIFPPN.jpg,4,MUC,3942,4,0,-1,,,,
/content/Dataset/BACK/BACK-NLWQGFER.jpg,1,BACK,3943,1,0,-1,,,,
/content/Dataset/BACK/BACK-KRRSKQDS.jpg,1,BACK,3944,1,0,-1,,,,
/content/Dataset/STR/STR-VKCYNCHH.jpg,7,STR,3945,7,0,-1,,,,
/content/Dataset/LYM/LYM-FEASEMCF.jpg,3,LYM,3946,3,0,-1,,,,
/content/Dataset/MUC/MUC-NEIRCLLW.jpg,4,MUC,3947,4,0,-1,,,,
/content/Dataset/LYM/LYM-QMTKQMEV.jpg,3,LYM,3948,3,0,-1,,,,
/content/Dataset/MUC/MUC-TYRDGYPK.jpg,4,MUC,3949,4,0,-1,,,,
/content/Dataset/MUS/MUS-SETTDFQM.jpg,5,MUS,3950,5,0,-1,,,,
/content/Dataset/MUC/MUC-QCTLSYYA.jpg,4,MUC,3951,4,0,-1,,,,
/content/Dataset/MUS/MUS-PNGQICWT.jpg,5,MUS,3952,5,0,-1,,,,
/content/Dataset/ADI/ADI-DDSLAVWW.jpg,0,ADI,3953,0,0,-1,,,,
/content/Dataset/BACK/BACK-LMCAFPGR.jpg,1,BACK,3954,1,0,-1,,,,
/content/Dataset/STR/STR-SEELPSGK.jpg,7,STR,3955,7,0,-1,,,,
/content/Dataset/BACK/BACK-IACIRCFW.jpg,1,BACK,3956,1,0,-1,,,,
/content/Dataset/LYM/LYM-QSPSSNMY.jpg,3,LYM,3957,3,0,-1,,,,
/content/Dataset/STR/STR-MSHGSDWC.jpg,7,STR,3958,7,0,-1,,,,
/content/Dataset/LYM/LYM-AEPWCKDL.jpg,3,LYM,3959,3,0,-1,,,,
/content/Dataset/MUS/MUS-VLPPGEYV.jpg,5,MUS,3960,5,0,-1,,,,
/content/Dataset/ADI/ADI-IEGDDCGV.jpg,0,ADI,3961,0,0,-1,,,,
/content/Dataset/NORM/NORM-ALWLQLTY.jpg,6,NORM,3962,6,0,-1,,,,
/content/Dataset/NORM/NORM-NHAWCAWY.jpg,6,NORM,3963,6,0,-1,,,,
/content/Dataset/STR/STR-VCALEPEI.jpg,7,STR,3964,7,0,-1,,,,
/content/Dataset/ADI/ADI-CHTAKYQT.jpg,0,ADI,3965,0,0,-1,,,,
/content/Dataset/MUC/MUC-APKVACPS.jpg,4,MUC,3966,4,0,-1,,,,
/content/Dataset/STR/STR-RGAGCFWP.jpg,7,STR,3967,7,0,-1,,,,
/content/Dataset/MUC/MUC-RTQNAECC.jpg,4,MUC,3968,4,0,-1,,,,
/content/Dataset/ADI/ADI-EGEQQGWP.jpg,0,ADI,3969,0,0,-1,,,,
/content/Dataset/BACK/BACK-LMLTQDYG.jpg,1,BACK,3970,1,0,-1,,,,
/content/Dataset/STR/STR-TEHSEHDV.jpg,7,STR,3971,7,0,-1,,,,
/content/Dataset/BACK/BACK-LDMFMEFW.jpg,1,BACK,3972,1,0,-1,,,,
/content/Dataset/NORM/NORM-RHTMMCTK.jpg,6,NORM,3973,6,0,-1,,,,
/content/Dataset/MUS/MUS-CGHEMCHE.jpg,5,MUS,3974,5,0,-1,,,,
/content/Dataset/MUS/MUS-TCGNWCSE.jpg,5,MUS,3975,5,0,-1,,,,
/content/Dataset/NORM/NORM-WRTCNRCH.jpg,6,NORM,3976,6,0,-1,,,,
/content/Dataset/MUS/MUS-ALFDVYQT.jpg,5,MUS,3977,5,0,-1,,,,
/content/Dataset/MUC/MUC-RMWTIAFT.jpg,4,MUC,3978,4,0,-1,,,,
/content/Dataset/NORM/NORM-AILSNMEH.jpg,6,NORM,3979,6,0,-1,,,,
/content/Dataset/BACK/BACK-NMMRFDAV.jpg,1,BACK,3980,1,0,-1,,,,
/content/Dataset/MUS/MUS-PIPEADVC.jpg,5,MUS,3981,5,0,-1,,,,
/content/Dataset/NORM/NORM-SWTKKDDN.jpg,6,NORM,3982,6,0,-1,,,,
/content/Dataset/BACK/BACK-NTFEASIE.jpg,1,BACK,3983,1,0,-1,,,,
/content/Dataset/DEB/DEB-PKCIKQPN.jpg,2,DEB,3984,2,0,-1,,,,
/content/Dataset/STR/STR-PGQCWQDS.jpg,7,STR,3985,7,0,-1,,,,
/content/Dataset/MUC/MUC-QVGITPYA.jpg,4,MUC,3986,4,0,-1,,,,
/content/Dataset/TUM/TUM-RYCHCINI.jpg,8,TUM,3987,8,0,-1,,,,
/content/Dataset/MUS/MUS-SLPSVYDR.jpg,5,MUS,3988,5,0,-1,,,,
/content/Dataset/MUS/MUS-PGANVWSN.jpg,5,MUS,3989,5,0,-1,,,,
/content/Dataset/MUC/MUC-SRMHTVMG.jpg,4,MUC,3990,4,0,-1,,,,
/content/Dataset/DEB/DEB-QWSEFNHH.jpg,2,DEB,3991,2,0,-1,,,,
/content/Dataset/NORM/NORM-SMSFHGIV.jpg,6,NORM,3992,6,0,-1,,,,
/content/Dataset/ADI/ADI-HRMEIEFA.jpg,0,ADI,3993,0,0,-1,,,,
/content/Dataset/LYM/LYM-PSFWQHDM.jpg,3,LYM,3994,3,0,-1,,,,
/content/Dataset/LYM/LYM-PIGHSEIW.jpg,3,LYM,3995,3,0,-1,,,,
/content/Dataset/DEB/DEB-RRGVRFDL.jpg,2,DEB,3996,2,0,-1,,,,
/content/Dataset/MUC/MUC-TNSTDVYC.jpg,4,MUC,3997,4,0,-1,,,,
/content/Dataset/MUC/MUC-RVNVFWTA.jpg,4,MUC,3998,4,0,-1,,,,
/content/Dataset/TUM/TUM-TDNLKQLG.jpg,8,TUM,3999,8,0,-1,,,,
/content/Dataset/TUM/TUM-SRTSTEPE.jpg,8,TUM,4000,8,0,-1,,,,
/content/Dataset/LYM/LYM-RHIMVLHD.jpg,3,LYM,4001,3,0,-1,,,,
/content/Dataset/ADI/ADI-GGIPPEIG.jpg,0,ADI,4002,0,0,-1,,,,
/content/Dataset/MUS/MUS-SHQELPSV.jpg,5,MUS,4003,5,0,-1,,,,
/content/Dataset/STR/STR-RCNGMLQK.jpg,7,STR,4004,7,0,-1,,,,
/content/Dataset/LYM/LYM-YVQNCPWN.jpg,3,LYM,4005,3,0,-1,,,,
/content/Dataset/TUM/TUM-TVDYCPVI.jpg,8,TUM,4006,8,0,-1,,,,
/content/Dataset/LYM/LYM-QSSCANML.jpg,3,LYM,4007,3,0,-1,,,,
/content/Dataset/ADI/ADI-HSFPNYPN.jpg,0,ADI,4008,0,0,-1,,,,
/content/Dataset/STR/STR-RDPMNYWI.jpg,7,STR,4009,7,0,-1,,,,
/content/Dataset/ADI/ADI-IKVYALDI.jpg,0,ADI,4010,0,0,-1,,,,
/content/Dataset/ADI/ADI-CEWIAMYM.jpg,0,ADI,4011,0,0,-1,,,,
/content/Dataset/TUM/TUM-WSQHEGWT.jpg,8,TUM,4012,8,0,-1,,,,
/content/Dataset/TUM/TUM-VWSNGGGP.jpg,8,TUM,4013,8,0,-1,,,,
/content/Dataset/TUM/TUM-TALWRNIK.jpg,8,TUM,4014,8,0,-1,,,,
/content/Dataset/BACK/BACK-LLKIQKYM.jpg,1,BACK,4015,1,0,-1,,,,
/content/Dataset/STR/STR-VPDLRDGT.jpg,7,STR,4016,7,0,-1,,,,
/content/Dataset/LYM/LYM-VLRMMSDC.jpg,3,LYM,4017,3,0,-1,,,,
/content/Dataset/STR/STR-WEFPDMSL.jpg,7,STR,4018,7,0,-1,,,,
/content/Dataset/TUM/TUM-VYIHRRKI.jpg,8,TUM,4019,8,0,-1,,,,
/content/Dataset/MUC/MUC-SYINDKKL.jpg,4,MUC,4020,4,0,-1,,,,
/content/Dataset/MUC/MUC-WMQLMVWQ.jpg,4,MUC,4021,4,0,-1,,,,
/content/Dataset/ADI/ADI-KDSGWWKF.jpg,0,ADI,4022,0,0,-1,,,,
/content/Dataset/STR/STR-QKWAKPTG.jpg,7,STR,4023,7,0,-1,,,,
/content/Dataset/DEB/DEB-YLFRLAVQ.jpg,2,DEB,4024,2,0,-1,,,,
/content/Dataset/ADI/ADI-IQMPECMC.jpg,0,ADI,4025,0,0,-1,,,,
/content/Dataset/ADI/ADI-INRTPIRK.jpg,0,ADI,4026,0,0,-1,,,,
/content/Dataset/MUC/MUC-SYMSAGNT.jpg,4,MUC,4027,4,0,-1,,,,
/content/Dataset/LYM/LYM-QFFAFQED.jpg,3,LYM,4028,3,0,-1,,,,
/content/Dataset/MUS/MUS-SFICFHWN.jpg,5,MUS,4029,5,0,-1,,,,
/content/Dataset/TUM/TUM-SEIWVWQS.jpg,8,TUM,4030,8,0,-1,,,,
/content/Dataset/LYM/LYM-AGRLPTDY.jpg,3,LYM,4031,3,0,-1,,,,
/content/Dataset/STR/STR-RQYHTASW.jpg,7,STR,4032,7,0,-1,,,,
/content/Dataset/MUS/MUS-CGHLPAVH.jpg,5,MUS,4033,5,0,-1,,,,
/content/Dataset/DEB/DEB-VAHHGADE.jpg,2,DEB,4034,2,0,-1,,,,
/content/Dataset/MUS/MUS-RDSNQAIQ.jpg,5,MUS,4035,5,0,-1,,,,
/content/Dataset/MUS/MUS-QGHGYDYS.jpg,5,MUS,4036,5,0,-1,,,,
/content/Dataset/NORM/NORM-NPCKFEER.jpg,6,NORM,4037,6,0,-1,,,,
/content/Dataset/BACK/BACK-CQAHTVLG.jpg,1,BACK,4038,1,0,-1,,,,
/content/Dataset/DEB/DEB-WKGSMVHA.jpg,2,DEB,4039,2,0,-1,,,,
/content/Dataset/LYM/LYM-NHSLICVT.jpg,3,LYM,4040,3,0,-1,,,,
/content/Dataset/TUM/TUM-VNEEVRDL.jpg,8,TUM,4041,8,0,-1,,,,
/content/Dataset/TUM/TUM-SCREVKKA.jpg,8,TUM,4042,8,0,-1,,,,
/content/Dataset/MUS/MUS-RSWQKMDC.jpg,5,MUS,4043,5,0,-1,,,,
/content/Dataset/DEB/DEB-PMSDNWWH.jpg,2,DEB,4044,2,0,-1,,,,
/content/Dataset/ADI/ADI-FKRRRTSF.jpg,0,ADI,4045,0,0,-1,,,,
/content/Dataset/BACK/BACK-MDEANGDC.jpg,1,BACK,4046,1,0,-1,,,,
/content/Dataset/NORM/NORM-SPARANGQ.jpg,6,NORM,4047,6,0,-1,,,,
/content/Dataset/BACK/BACK-IEMPGYPT.jpg,1,BACK,4048,1,0,-1,,,,
/content/Dataset/TUM/TUM-WKMQHRKY.jpg,8,TUM,4049,8,0,-1,,,,
/content/Dataset/DEB/DEB-VFQIRGTS.jpg,2,DEB,4050,2,0,-1,,,,
/content/Dataset/BACK/BACK-KEIRYDNE.jpg,1,BACK,4051,1,0,-1,,,,
/content/Dataset/ADI/ADI-IMVEITHI.jpg,0,ADI,4052,0,0,-1,,,,
/content/Dataset/ADI/ADI-ARHNIGCC.jpg,0,ADI,4053,0,0,-1,,,,
/content/Dataset/BACK/BACK-NTHDAWNE.jpg,1,BACK,4054,1,0,-1,,,,
/content/Dataset/DEB/DEB-RQRRMLFN.jpg,2,DEB,4055,2,0,-1,,,,
/content/Dataset/MUC/MUC-ELLDWGQS.jpg,4,MUC,4056,4,0,-1,,,,
/content/Dataset/ADI/ADI-FDCWMMRC.jpg,0,ADI,4057,0,0,-1,,,,
/content/Dataset/NORM/NORM-SKTVSHSK.jpg,6,NORM,4058,6,0,-1,,,,
/content/Dataset/LYM/LYM-GDGHCLRE.jpg,3,LYM,4059,3,0,-1,,,,
/content/Dataset/TUM/TUM-WIHWMNDM.jpg,8,TUM,4060,8,0,-1,,,,
/content/Dataset/MUC/MUC-QNVIQAKQ.jpg,4,MUC,4061,4,0,-1,,,,
/content/Dataset/NORM/NORM-MIECHMSN.jpg,6,NORM,4062,6,0,-1,,,,
/content/Dataset/LYM/LYM-VKNQTFFA.jpg,3,LYM,4063,3,0,-1,,,,
/content/Dataset/STR/STR-RMIQQPDW.jpg,7,STR,4064,7,0,-1,,,,
/content/Dataset/STR/STR-YRHFGGVG.jpg,7,STR,4065,7,0,-1,,,,
/content/Dataset/MUC/MUC-QDKSNFHD.jpg,4,MUC,4066,4,0,-1,,,,
/content/Dataset/NORM/NORM-RDAKDLMC.jpg,6,NORM,4067,6,0,-1,,,,
/content/Dataset/NORM/NORM-RCRVVSAA.jpg,6,NORM,4068,6,0,-1,,,,
/content/Dataset/MUC/MUC-DDPDDDNN.jpg,4,MUC,4069,4,0,-1,,,,
/content/Dataset/ADI/ADI-IRGWMPFK.jpg,0,ADI,4070,0,0,-1,,,,
/content/Dataset/NORM/NORM-NWWYGKLC.jpg,6,NORM,4071,6,0,-1,,,,
/content/Dataset/NORM/NORM-MAGGQTFK.jpg,6,NORM,4072,6,0,-1,,,,
/content/Dataset/TUM/TUM-TQNLIMPC.jpg,8,TUM,4073,8,0,-1,,,,
/content/Dataset/ADI/ADI-IQEFCGMW.jpg,0,ADI,4074,0,0,-1,,,,
/content/Dataset/MUS/MUS-PGGKHCHV.jpg,5,MUS,4075,5,0,-1,,,,
/content/Dataset/TUM/TUM-TPMEIVQE.jpg,8,TUM,4076,8,0,-1,,,,
/content/Dataset/LYM/LYM-VIWAPNEC.jpg,3,LYM,4077,3,0,-1,,,,
/content/Dataset/DEB/DEB-VLPKTFDG.jpg,2,DEB,4078,2,0,-1,,,,
/content/Dataset/DEB/DEB-QRAHFHMF.jpg,2,DEB,4079,2,0,-1,,,,
/content/Dataset/MUC/MUC-NSPECFHT.jpg,4,MUC,4080,4,0,-1,,,,
/content/Dataset/ADI/ADI-EQCSGDDW.jpg,0,ADI,4081,0,0,-1,,,,
/content/Dataset/MUS/MUS-ARWCPMAM.jpg,5,MUS,4082,5,0,-1,,,,
/content/Dataset/TUM/TUM-SNDPNVCM.jpg,8,TUM,4083,8,0,-1,,,,
/content/Dataset/MUS/MUS-CHKPFDLR.jpg,5,MUS,4084,5,0,-1,,,,
/content/Dataset/MUS/MUS-QSMSRSVC.jpg,5,MUS,4085,5,0,-1,,,,
/content/Dataset/MUS/MUS-PGAVEKPW.jpg,5,MUS,4086,5,0,-1,,,,
/content/Dataset/LYM/LYM-YLYFVERP.jpg,3,LYM,4087,3,0,-1,,,,
/content/Dataset/DEB/DEB-SPQVFFSY.jpg,2,DEB,4088,2,0,-1,,,,
/content/Dataset/STR/STR-AAHVNFQF.jpg,7,STR,4089,7,0,-1,,,,
/content/Dataset/NORM/NORM-YDDQQGSF.jpg,6,NORM,4090,6,0,-1,,,,
/content/Dataset/DEB/DEB-SYLYGRYL.jpg,2,DEB,4091,2,0,-1,,,,
/content/Dataset/ADI/ADI-DVWMKNMC.jpg,0,ADI,4092,0,0,-1,,,,
/content/Dataset/NORM/NORM-NDPKKQWW.jpg,6,NORM,4093,6,0,-1,,,,
/content/Dataset/NORM/NORM-TNCEAQMT.jpg,6,NORM,4094,6,0,-1,,,,
/content/Dataset/DEB/DEB-YPQVQEYW.jpg,2,DEB,4095,2,0,-1,,,,
/content/Dataset/TUM/TUM-RAQVHTLY.jpg,8,TUM,4096,8,0,-1,,,,
/content/Dataset/MUC/MUC-YVMARSDG.jpg,4,MUC,4097,4,0,-1,,,,
/content/Dataset/ADI/ADI-DLTAHCSS.jpg,0,ADI,4098,0,0,-1,,,,
/content/Dataset/TUM/TUM-YQIHVCVE.jpg,8,TUM,4099,8,0,-1,,,,
/content/Dataset/LYM/LYM-LKKFERAK.jpg,3,LYM,4100,3,0,-1,,,,
/content/Dataset/TUM/TUM-TAGDVMIL.jpg,8,TUM,4101,8,0,-1,,,,
/content/Dataset/STR/STR-TSGAMSST.jpg,7,STR,4102,7,0,-1,,,,
/content/Dataset/TUM/TUM-WWSIRVKA.jpg,8,TUM,4103,8,0,-1,,,,
/content/Dataset/BACK/BACK-PCKIKQHM.jpg,1,BACK,4104,1,0,-1,,,,
/content/Dataset/TUM/TUM-RNAARVNL.jpg,8,TUM,4105,8,0,-1,,,,
/content/Dataset/MUC/MUC-HKQMIKNR.jpg,4,MUC,4106,4,0,-1,,,,
/content/Dataset/LYM/LYM-MYTNRTQQ.jpg,3,LYM,4107,3,0,-1,,,,
/content/Dataset/ADI/ADI-CRVIPKCY.jpg,0,ADI,4108,0,0,-1,,,,
/content/Dataset/ADI/ADI-AYYKRWTK.jpg,0,ADI,4109,0,0,-1,,,,
/content/Dataset/LYM/LYM-SWFWNKLS.jpg,3,LYM,4110,3,0,-1,,,,
/content/Dataset/TUM/TUM-YDMISHWG.jpg,8,TUM,4111,8,0,-1,,,,
/content/Dataset/ADI/ADI-GAAFYEWV.jpg,0,ADI,4112,0,0,-1,,,,
/content/Dataset/TUM/TUM-SDDRWKMQ.jpg,8,TUM,4113,8,0,-1,,,,
/content/Dataset/MUC/MUC-ASGIEQRC.jpg,4,MUC,4114,4,0,-1,,,,
/content/Dataset/TUM/TUM-YGDPKIFE.jpg,8,TUM,4115,8,0,-1,,,,
/content/Dataset/NORM/NORM-MHQFHHRG.jpg,6,NORM,4116,6,0,-1,,,,
/content/Dataset/STR/STR-TDYCHDRQ.jpg,7,STR,4117,7,0,-1,,,,
/content/Dataset/DEB/DEB-RQISKTGG.jpg,2,DEB,4118,2,0,-1,,,,
/content/Dataset/DEB/DEB-TQCIFLDE.jpg,2,DEB,4119,2,0,-1,,,,
/content/Dataset/BACK/BACK-NYQLEMQG.jpg,1,BACK,4120,1,0,-1,,,,
/content/Dataset/NORM/NORM-NPRWQYYG.jpg,6,NORM,4121,6,0,-1,,,,
/content/Dataset/STR/STR-VSQQWRFG.jpg,7,STR,4122,7,0,-1,,,,
/content/Dataset/NORM/NORM-WDSHIGPS.jpg,6,NORM,4123,6,0,-1,,,,
/content/Dataset/BACK/BACK-LKWCTGST.jpg,1,BACK,4124,1,0,-1,,,,
/content/Dataset/MUC/MUC-ACWQVRYC.jpg,4,MUC,4125,4,0,-1,,,,
/content/Dataset/NORM/NORM-AKWPQRCH.jpg,6,NORM,4126,6,0,-1,,,,
/content/Dataset/BACK/BACK-IGIPQYDI.jpg,1,BACK,4127,1,0,-1,,,,
/content/Dataset/MUS/MUS-PGMSESSG.jpg,5,MUS,4128,5,0,-1,,,,
/content/Dataset/LYM/LYM-RPMHSSSV.jpg,3,LYM,4129,3,0,-1,,,,
/content/Dataset/STR/STR-YEHVSGPI.jpg,7,STR,4130,7,0,-1,,,,
/content/Dataset/LYM/LYM-PYMEGWCP.jpg,3,LYM,4131,3,0,-1,,,,
/content/Dataset/NORM/NORM-AHNNFYAN.jpg,6,NORM,4132,6,0,-1,,,,
/content/Dataset/NORM/NORM-AGICVEKC.jpg,6,NORM,4133,6,0,-1,,,,
/content/Dataset/TUM/TUM-RLINEMMY.jpg,8,TUM,4134,8,0,-1,,,,
/content/Dataset/BACK/BACK-IMPHLAWG.jpg,1,BACK,4135,1,0,-1,,,,
/content/Dataset/MUC/MUC-VWIRSIAP.jpg,4,MUC,4136,4,0,-1,,,,
/content/Dataset/MUS/MUS-NRWTTACG.jpg,5,MUS,4137,5,0,-1,,,,
/content/Dataset/BACK/BACK-EIAWHSQS.jpg,1,BACK,4138,1,0,-1,,,,
/content/Dataset/TUM/TUM-WTMAIDPV.jpg,8,TUM,4139,8,0,-1,,,,
/content/Dataset/MUS/MUS-RNHEYICG.jpg,5,MUS,4140,5,0,-1,,,,
/content/Dataset/MUS/MUS-NSQKHHMA.jpg,5,MUS,4141,5,0,-1,,,,
/content/Dataset/BACK/BACK-KSPWMSGV.jpg,1,BACK,4142,1,0,-1,,,,
/content/Dataset/MUS/MUS-RQIPCIET.jpg,5,MUS,4143,5,0,-1,,,,
/content/Dataset/TUM/TUM-WYVSDVFF.jpg,8,TUM,4144,8,0,-1,,,,
/content/Dataset/DEB/DEB-RSHLQFSV.jpg,2,DEB,4145,2,0,-1,,,,
/content/Dataset/NORM/NORM-RMLRWDDG.jpg,6,NORM,4146,6,0,-1,,,,
/content/Dataset/LYM/LYM-SRCLEDPW.jpg,3,LYM,4147,3,0,-1,,,,
/content/Dataset/ADI/ADI-FFTHMFGE.jpg,0,ADI,4148,0,0,-1,,,,
/content/Dataset/STR/STR-PWYRSKNG.jpg,7,STR,4149,7,0,-1,,,,
/content/Dataset/STR/STR-VSNSQTVS.jpg,7,STR,4150,7,0,-1,,,,
/content/Dataset/MUS/MUS-ASGFCRDD.jpg,5,MUS,4151,5,0,-1,,,,
/content/Dataset/NORM/NORM-SWSKTLNI.jpg,6,NORM,4152,6,0,-1,,,,
/content/Dataset/TUM/TUM-TTVVWNWA.jpg,8,TUM,4153,8,0,-1,,,,
/content/Dataset/BACK/BACK-MDFYESLL.jpg,1,BACK,4154,1,0,-1,,,,
/content/Dataset/BACK/BACK-IFYQAWWV.jpg,1,BACK,4155,1,0,-1,,,,
/content/Dataset/LYM/LYM-PWMDLIIH.jpg,3,LYM,4156,3,0,-1,,,,
/content/Dataset/DEB/DEB-QWITTVDI.jpg,2,DEB,4157,2,0,-1,,,,
/content/Dataset/BACK/BACK-KPWNCRCG.jpg,1,BACK,4158,1,0,-1,,,,
/content/Dataset/BACK/BACK-ITNEHITY.jpg,1,BACK,4159,1,0,-1,,,,
/content/Dataset/DEB/DEB-THSVNLHP.jpg,2,DEB,4160,2,0,-1,,,,
/content/Dataset/MUC/MUC-PPRLVYVT.jpg,4,MUC,4161,4,0,-1,,,,
/content/Dataset/ADI/ADI-ETRSFPDE.jpg,0,ADI,4162,0,0,-1,,,,
/content/Dataset/MUS/MUS-QDFKSCEL.jpg,5,MUS,4163,5,0,-1,,,,
/content/Dataset/MUS/MUS-RLTAPSLM.jpg,5,MUS,4164,5,0,-1,,,,
/content/Dataset/LYM/LYM-RNRYREIF.jpg,3,LYM,4165,3,0,-1,,,,
/content/Dataset/TUM/TUM-TDMYSSDP.jpg,8,TUM,4166,8,0,-1,,,,
/content/Dataset/BACK/BACK-PASCWPQI.jpg,1,BACK,4167,1,0,-1,,,,
/content/Dataset/TUM/TUM-QLIKGNWC.jpg,8,TUM,4168,8,0,-1,,,,
/content/Dataset/DEB/DEB-SVNRAHII.jpg,2,DEB,4169,2,0,-1,,,,
/content/Dataset/DEB/DEB-YWNIKNIP.jpg,2,DEB,4170,2,0,-1,,,,
/content/Dataset/DEB/DEB-QSIICLQT.jpg,2,DEB,4171,2,0,-1,,,,
/content/Dataset/NORM/NORM-SVMQNHKV.jpg,6,NORM,4172,6,0,-1,,,,
/content/Dataset/ADI/ADI-CHQHELVR.jpg,0,ADI,4173,0,0,-1,,,,
/content/Dataset/MUC/MUC-NDACHSCI.jpg,4,MUC,4174,4,0,-1,,,,
/content/Dataset/LYM/LYM-VCCDEVAM.jpg,3,LYM,4175,3,0,-1,,,,
/content/Dataset/MUS/MUS-TCQTMRDY.jpg,5,MUS,4176,5,0,-1,,,,
/content/Dataset/NORM/NORM-QEHLQQAQ.jpg,6,NORM,4177,6,0,-1,,,,
/content/Dataset/DEB/DEB-YNWECPMW.jpg,2,DEB,4178,2,0,-1,,,,
/content/Dataset/TUM/TUM-QCARFEQH.jpg,8,TUM,4179,8,0,-1,,,,
/content/Dataset/ADI/ADI-IENGERYK.jpg,0,ADI,4180,0,0,-1,,,,
/content/Dataset/ADI/ADI-AVDCDYDK.jpg,0,ADI,4181,0,0,-1,,,,
/content/Dataset/ADI/ADI-IAWFTDIH.jpg,0,ADI,4182,0,0,-1,,,,
/content/Dataset/BACK/BACK-KTDRFPYL.jpg,1,BACK,4183,1,0,-1,,,,
/content/Dataset/MUS/MUS-CMQSLYVC.jpg,5,MUS,4184,5,0,-1,,,,
/content/Dataset/STR/STR-TVTDVYLR.jpg,7,STR,4185,7,0,-1,,,,
/content/Dataset/ADI/ADI-FFSKKPLW.jpg,0,ADI,4186,0,0,-1,,,,
/content/Dataset/MUS/MUS-RKHNFFWP.jpg,5,MUS,4187,5,0,-1,,,,
/content/Dataset/MUS/MUS-NVWLIQWS.jpg,5,MUS,4188,5,0,-1,,,,
/content/Dataset/MUC/MUC-PNHSESSP.jpg,4,MUC,4189,4,0,-1,,,,
/content/Dataset/DEB/DEB-RVLDGLGY.jpg,2,DEB,4190,2,0,-1,,,,
/content/Dataset/MUS/MUS-PVTPQFCD.jpg,5,MUS,4191,5,0,-1,,,,
/content/Dataset/LYM/LYM-AHFLYNTS.jpg,3,LYM,4192,3,0,-1,,,,
/content/Dataset/BACK/BACK-MGYIEPSC.jpg,1,BACK,4193,1,0,-1,,,,
/content/Dataset/MUS/MUS-RQVSMMLI.jpg,5,MUS,4194,5,0,-1,,,,
/content/Dataset/LYM/LYM-LELCPSQR.jpg,3,LYM,4195,3,0,-1,,,,
/content/Dataset/MUC/MUC-AWWWRKIR.jpg,4,MUC,4196,4,0,-1,,,,
/content/Dataset/MUC/MUC-AAYHHKQG.jpg,4,MUC,4197,4,0,-1,,,,
/content/Dataset/MUS/MUS-RWPFDPKE.jpg,5,MUS,4198,5,0,-1,,,,
/content/Dataset/LYM/LYM-ESYAEHRL.jpg,3,LYM,4199,3,0,-1,,,,
/content/Dataset/MUS/MUS-PNPAKPID.jpg,5,MUS,4200,5,0,-1,,,,
/content/Dataset/MUC/MUC-VWEKDPLH.jpg,4,MUC,4201,4,0,-1,,,,
/content/Dataset/MUC/MUC-WTRYYWLR.jpg,4,MUC,4202,4,0,-1,,,,
/content/Dataset/TUM/TUM-QSWFYQAD.jpg,8,TUM,4203,8,0,-1,,,,
/content/Dataset/LYM/LYM-RPPTGCNE.jpg,3,LYM,4204,3,0,-1,,,,
/content/Dataset/TUM/TUM-TSSDTMNL.jpg,8,TUM,4205,8,0,-1,,,,
/content/Dataset/ADI/ADI-CHLVPVRM.jpg,0,ADI,4206,0,0,-1,,,,
/content/Dataset/STR/STR-VFYPAYYL.jpg,7,STR,4207,7,0,-1,,,,
/content/Dataset/MUS/MUS-AECNESDF.jpg,5,MUS,4208,5,0,-1,,,,
/content/Dataset/DEB/DEB-QRKWCRDS.jpg,2,DEB,4209,2,0,-1,,,,
/content/Dataset/ADI/ADI-GNSLHDYF.jpg,0,ADI,4210,0,0,-1,,,,
/content/Dataset/NORM/NORM-AQFMFMNR.jpg,6,NORM,4211,6,0,-1,,,,
/content/Dataset/TUM/TUM-QQCNDKHW.jpg,8,TUM,4212,8,0,-1,,,,
/content/Dataset/NORM/NORM-SARLQYIP.jpg,6,NORM,4213,6,0,-1,,,,
/content/Dataset/NORM/NORM-AMDMSMYI.jpg,6,NORM,4214,6,0,-1,,,,
/content/Dataset/LYM/LYM-QVTHPDSH.jpg,3,LYM,4215,3,0,-1,,,,
/content/Dataset/MUS/MUS-TCILFQIV.jpg,5,MUS,4216,5,0,-1,,,,
/content/Dataset/DEB/DEB-RKWLADKG.jpg,2,DEB,4217,2,0,-1,,,,
/content/Dataset/ADI/ADI-CDLMNQPL.jpg,0,ADI,4218,0,0,-1,,,,
/content/Dataset/DEB/DEB-WLAKDTAG.jpg,2,DEB,4219,2,0,-1,,,,
/content/Dataset/BACK/BACK-MRIDYRRR.jpg,1,BACK,4220,1,0,-1,,,,
/content/Dataset/TUM/TUM-VAWPFKNV.jpg,8,TUM,4221,8,0,-1,,,,
/content/Dataset/ADI/ADI-DGCTEKQT.jpg,0,ADI,4222,0,0,-1,,,,
/content/Dataset/TUM/TUM-QKQCKYSN.jpg,8,TUM,4223,8,0,-1,,,,
/content/Dataset/MUC/MUC-RGWTTWAN.jpg,4,MUC,4224,4,0,-1,,,,
/content/Dataset/ADI/ADI-GCKQDICL.jpg,0,ADI,4225,0,0,-1,,,,
/content/Dataset/MUC/MUC-YIMANTRC.jpg,4,MUC,4226,4,0,-1,,,,
/content/Dataset/MUS/MUS-SYQLMHGS.jpg,5,MUS,4227,5,0,-1,,,,
/content/Dataset/STR/STR-YRNRWWQS.jpg,7,STR,4228,7,0,-1,,,,
/content/Dataset/TUM/TUM-QDESFEYF.jpg,8,TUM,4229,8,0,-1,,,,
/content/Dataset/ADI/ADI-ELDRSIKG.jpg,0,ADI,4230,0,0,-1,,,,
/content/Dataset/ADI/ADI-CADEVSFT.jpg,0,ADI,4231,0,0,-1,,,,
/content/Dataset/ADI/ADI-ESMHYVIH.jpg,0,ADI,4232,0,0,-1,,,,
/content/Dataset/ADI/ADI-DKEHKHSW.jpg,0,ADI,4233,0,0,-1,,,,
/content/Dataset/STR/STR-TDCCSRMS.jpg,7,STR,4234,7,0,-1,,,,
/content/Dataset/MUS/MUS-QHIKHEVD.jpg,5,MUS,4235,5,0,-1,,,,
/content/Dataset/ADI/ADI-GGDPWEWI.jpg,0,ADI,4236,0,0,-1,,,,
/content/Dataset/MUS/MUS-PDRANAEA.jpg,5,MUS,4237,5,0,-1,,,,
/content/Dataset/DEB/DEB-SHGQHGAC.jpg,2,DEB,4238,2,0,-1,,,,
/content/Dataset/TUM/TUM-QEFDTPRD.jpg,8,TUM,4239,8,0,-1,,,,
/content/Dataset/MUS/MUS-NWAGGFQM.jpg,5,MUS,4240,5,0,-1,,,,
/content/Dataset/MUC/MUC-QSNWYPQA.jpg,4,MUC,4241,4,0,-1,,,,
/content/Dataset/BACK/BACK-KFRILHEI.jpg,1,BACK,4242,1,0,-1,,,,
/content/Dataset/MUS/MUS-RHMVQITT.jpg,5,MUS,4243,5,0,-1,,,,
/content/Dataset/TUM/TUM-WLDCTFAF.jpg,8,TUM,4244,8,0,-1,,,,
/content/Dataset/LYM/LYM-TLRCYGKC.jpg,3,LYM,4245,3,0,-1,,,,
/content/Dataset/ADI/ADI-FKWSQIQV.jpg,0,ADI,4246,0,0,-1,,,,
/content/Dataset/MUS/MUS-ALNHGALG.jpg,5,MUS,4247,5,0,-1,,,,
/content/Dataset/BACK/BACK-MMIDNPYW.jpg,1,BACK,4248,1,0,-1,,,,
/content/Dataset/ADI/ADI-IAFTLADN.jpg,0,ADI,4249,0,0,-1,,,,
/content/Dataset/LYM/LYM-NCVSEKME.jpg,3,LYM,4250,3,0,-1,,,,
/content/Dataset/LYM/LYM-RDRYMMLK.jpg,3,LYM,4251,3,0,-1,,,,
/content/Dataset/BACK/BACK-KFELSCVQ.jpg,1,BACK,4252,1,0,-1,,,,
/content/Dataset/MUC/MUC-WGCYRQWM.jpg,4,MUC,4253,4,0,-1,,,,
/content/Dataset/LYM/LYM-VFRIRMIN.jpg,3,LYM,4254,3,0,-1,,,,
/content/Dataset/MUC/MUC-STQYRIQY.jpg,4,MUC,4255,4,0,-1,,,,
/content/Dataset/ADI/ADI-HTKHEEPF.jpg,0,ADI,4256,0,0,-1,,,,
/content/Dataset/ADI/ADI-CPWHLEDK.jpg,0,ADI,4257,0,0,-1,,,,
/content/Dataset/ADI/ADI-DGQCMVDY.jpg,0,ADI,4258,0,0,-1,,,,
/content/Dataset/BACK/BACK-IGLTVFNT.jpg,1,BACK,4259,1,0,-1,,,,
/content/Dataset/STR/STR-SGTAQMSY.jpg,7,STR,4260,7,0,-1,,,,
/content/Dataset/MUC/MUC-YNQFYPKQ.jpg,4,MUC,4261,4,0,-1,,,,
/content/Dataset/STR/STR-WEWFQANA.jpg,7,STR,4262,7,0,-1,,,,
/content/Dataset/MUS/MUS-ARTKNKRI.jpg,5,MUS,4263,5,0,-1,,,,
/content/Dataset/NORM/NORM-MIGSQTRA.jpg,6,NORM,4264,6,0,-1,,,,
/content/Dataset/MUC/MUC-PMMELSHN.jpg,4,MUC,4265,4,0,-1,,,,
/content/Dataset/STR/STR-QRMWEAYY.jpg,7,STR,4266,7,0,-1,,,,
/content/Dataset/STR/STR-WSLYVRVG.jpg,7,STR,4267,7,0,-1,,,,
/content/Dataset/STR/STR-NQFQYHDT.jpg,7,STR,4268,7,0,-1,,,,
/content/Dataset/DEB/DEB-VMFHFMHQ.jpg,2,DEB,4269,2,0,-1,,,,
/content/Dataset/STR/STR-VNYKGRIY.jpg,7,STR,4270,7,0,-1,,,,
/content/Dataset/MUS/MUS-PNGDQFFW.jpg,5,MUS,4271,5,0,-1,,,,
/content/Dataset/NORM/NORM-MTKGTIKP.jpg,6,NORM,4272,6,0,-1,,,,
/content/Dataset/ADI/ADI-GLIANFGC.jpg,0,ADI,4273,0,0,-1,,,,
/content/Dataset/NORM/NORM-RPILDDNP.jpg,6,NORM,4274,6,0,-1,,,,
/content/Dataset/MUS/MUS-QRQSPYMP.jpg,5,MUS,4275,5,0,-1,,,,
/content/Dataset/MUC/MUC-TMNARCKW.jpg,4,MUC,4276,4,0,-1,,,,
/content/Dataset/ADI/ADI-HTVARGNW.jpg,0,ADI,4277,0,0,-1,,,,
/content/Dataset/MUC/MUC-QFFINHYH.jpg,4,MUC,4278,4,0,-1,,,,
/content/Dataset/ADI/ADI-FYFARHNE.jpg,0,ADI,4279,0,0,-1,,,,
/content/Dataset/LYM/LYM-TWIDDNPS.jpg,3,LYM,4280,3,0,-1,,,,
/content/Dataset/TUM/TUM-SSWVPTIS.jpg,8,TUM,4281,8,0,-1,,,,
/content/Dataset/STR/STR-MQMVRNKR.jpg,7,STR,4282,7,0,-1,,,,
/content/Dataset/TUM/TUM-QSLRQIQA.jpg,8,TUM,4283,8,0,-1,,,,
/content/Dataset/DEB/DEB-PLFNVQVF.jpg,2,DEB,4284,2,0,-1,,,,
/content/Dataset/ADI/ADI-DYGNLALG.jpg,0,ADI,4285,0,0,-1,,,,
/content/Dataset/TUM/TUM-VCKCIMVA.jpg,8,TUM,4286,8,0,-1,,,,
/content/Dataset/ADI/ADI-HAHCLKYF.jpg,0,ADI,4287,0,0,-1,,,,
/content/Dataset/STR/STR-QNWELRIH.jpg,7,STR,4288,7,0,-1,,,,
/content/Dataset/TUM/TUM-QWEISNRV.jpg,8,TUM,4289,8,0,-1,,,,
/content/Dataset/BACK/BACK-KQQIQFDC.jpg,1,BACK,4290,1,0,-1,,,,
/content/Dataset/BACK/BACK-CMDEIMQL.jpg,1,BACK,4291,1,0,-1,,,,
/content/Dataset/MUC/MUC-QEVYPQNL.jpg,4,MUC,4292,4,0,-1,,,,
/content/Dataset/MUC/MUC-APWPQQWR.jpg,4,MUC,4293,4,0,-1,,,,
/content/Dataset/MUC/MUC-RWYSKHIE.jpg,4,MUC,4294,4,0,-1,,,,
/content/Dataset/DEB/DEB-WEKQDAED.jpg,2,DEB,4295,2,0,-1,,,,
/content/Dataset/STR/STR-SMRHSQTI.jpg,7,STR,4296,7,0,-1,,,,
/content/Dataset/MUS/MUS-ADLYAHCE.jpg,5,MUS,4297,5,0,-1,,,,
/content/Dataset/ADI/ADI-GSNPMYPN.jpg,0,ADI,4298,0,0,-1,,,,
/content/Dataset/DEB/DEB-REKWNCSG.jpg,2,DEB,4299,2,0,-1,,,,
/content/Dataset/TUM/TUM-RDWNGNGT.jpg,8,TUM,4300,8,0,-1,,,,
/content/Dataset/MUS/MUS-ATHWINDA.jpg,5,MUS,4301,5,0,-1,,,,
/content/Dataset/NORM/NORM-LFPQGPRM.jpg,6,NORM,4302,6,0,-1,,,,
/content/Dataset/TUM/TUM-WGVMWRPV.jpg,8,TUM,4303,8,0,-1,,,,
/content/Dataset/NORM/NORM-LLGMTHKH.jpg,6,NORM,4304,6,0,-1,,,,
/content/Dataset/LYM/LYM-QSPAEWNG.jpg,3,LYM,4305,3,0,-1,,,,
/content/Dataset/TUM/TUM-RMKCHQTT.jpg,8,TUM,4306,8,0,-1,,,,
/content/Dataset/ADI/ADI-DLEMIKNI.jpg,0,ADI,4307,0,0,-1,,,,
/content/Dataset/MUC/MUC-QVNSMAQT.jpg,4,MUC,4308,4,0,-1,,,,
/content/Dataset/MUS/MUS-PQKGSPDW.jpg,5,MUS,4309,5,0,-1,,,,
/content/Dataset/MUS/MUS-SAVWRCDH.jpg,5,MUS,4310,5,0,-1,,,,
/content/Dataset/ADI/ADI-HREHYTQV.jpg,0,ADI,4311,0,0,-1,,,,
/content/Dataset/LYM/LYM-QLGRFVVV.jpg,3,LYM,4312,3,0,-1,,,,
/content/Dataset/DEB/DEB-SQYFVMID.jpg,2,DEB,4313,2,0,-1,,,,
/content/Dataset/NORM/NORM-TISNAPYL.jpg,6,NORM,4314,6,0,-1,,,,
/content/Dataset/MUS/MUS-QRTWYSYF.jpg,5,MUS,4315,5,0,-1,,,,
/content/Dataset/STR/STR-QIQRTKNQ.jpg,7,STR,4316,7,0,-1,,,,
/content/Dataset/MUS/MUS-ACTCFHSN.jpg,5,MUS,4317,5,0,-1,,,,
/content/Dataset/NORM/NORM-NFQWMVIV.jpg,6,NORM,4318,6,0,-1,,,,
/content/Dataset/LYM/LYM-NMRAAMDK.jpg,3,LYM,4319,3,0,-1,,,,
/content/Dataset/NORM/NORM-PATNLGCG.jpg,6,NORM,4320,6,0,-1,,,,
/content/Dataset/STR/STR-SRDFEGAI.jpg,7,STR,4321,7,0,-1,,,,
/content/Dataset/MUC/MUC-NEFNVFMN.jpg,4,MUC,4322,4,0,-1,,,,
/content/Dataset/MUS/MUS-PILMAFAC.jpg,5,MUS,4323,5,0,-1,,,,
/content/Dataset/LYM/LYM-YLQITYES.jpg,3,LYM,4324,3,0,-1,,,,
/content/Dataset/STR/STR-WRRSAGSS.jpg,7,STR,4325,7,0,-1,,,,
/content/Dataset/STR/STR-TAHGVQMT.jpg,7,STR,4326,7,0,-1,,,,
/content/Dataset/MUS/MUS-CKGWYCAY.jpg,5,MUS,4327,5,0,-1,,,,
/content/Dataset/LYM/LYM-QMSHTNWV.jpg,3,LYM,4328,3,0,-1,,,,
/content/Dataset/ADI/ADI-ELRMLAPF.jpg,0,ADI,4329,0,0,-1,,,,
/content/Dataset/STR/STR-WHLHGNAK.jpg,7,STR,4330,7,0,-1,,,,
/content/Dataset/NORM/NORM-NMHTKTEP.jpg,6,NORM,4331,6,0,-1,,,,
/content/Dataset/MUS/MUS-QAPPFRHG.jpg,5,MUS,4332,5,0,-1,,,,
/content/Dataset/BACK/BACK-ISPHTSWI.jpg,1,BACK,4333,1,0,-1,,,,
/content/Dataset/TUM/TUM-YHRHMTML.jpg,8,TUM,4334,8,0,-1,,,,
/content/Dataset/STR/STR-NHSTHSLP.jpg,7,STR,4335,7,0,-1,,,,
/content/Dataset/ADI/ADI-GPYTYTHE.jpg,0,ADI,4336,0,0,-1,,,,
/content/Dataset/DEB/DEB-VCNVNMEH.jpg,2,DEB,4337,2,0,-1,,,,
/content/Dataset/STR/STR-SMGSVAPL.jpg,7,STR,4338,7,0,-1,,,,
/content/Dataset/DEB/DEB-SELDQLQS.jpg,2,DEB,4339,2,0,-1,,,,
/content/Dataset/BACK/BACK-LFLPTKKC.jpg,1,BACK,4340,1,0,-1,,,,
/content/Dataset/MUC/MUC-CCPSREGL.jpg,4,MUC,4341,4,0,-1,,,,
/content/Dataset/ADI/ADI-EKCYDALE.jpg,0,ADI,4342,0,0,-1,,,,
/content/Dataset/MUS/MUS-SAERGLNY.jpg,5,MUS,4343,5,0,-1,,,,
/content/Dataset/DEB/DEB-YDHICCEG.jpg,2,DEB,4344,2,0,-1,,,,
/content/Dataset/BACK/BACK-KNFAIPKL.jpg,1,BACK,4345,1,0,-1,,,,
/content/Dataset/MUS/MUS-AAEKNQNW.jpg,5,MUS,4346,5,0,-1,,,,
/content/Dataset/LYM/LYM-VNCAKIVQ.jpg,3,LYM,4347,3,0,-1,,,,
/content/Dataset/BACK/BACK-AAILRKDN.jpg,1,BACK,4348,1,0,-1,,,,
/content/Dataset/DEB/DEB-YSWGVYCN.jpg,2,DEB,4349,2,0,-1,,,,
/content/Dataset/LYM/LYM-VIVQAGET.jpg,3,LYM,4350,3,0,-1,,,,
/content/Dataset/BACK/BACK-PFDVMWWD.jpg,1,BACK,4351,1,0,-1,,,,
/content/Dataset/TUM/TUM-VCLVIYHF.jpg,8,TUM,4352,8,0,-1,,,,
/content/Dataset/NORM/NORM-REYHWVIH.jpg,6,NORM,4353,6,0,-1,,,,
/content/Dataset/NORM/NORM-YARCMACF.jpg,6,NORM,4354,6,0,-1,,,,
/content/Dataset/STR/STR-NIYDTKPD.jpg,7,STR,4355,7,0,-1,,,,
/content/Dataset/DEB/DEB-PVNHTSWG.jpg,2,DEB,4356,2,0,-1,,,,
/content/Dataset/ADI/ADI-HEKCPCAA.jpg,0,ADI,4357,0,0,-1,,,,
/content/Dataset/STR/STR-MWFHEDNI.jpg,7,STR,4358,7,0,-1,,,,
/content/Dataset/TUM/TUM-SANMRFRW.jpg,8,TUM,4359,8,0,-1,,,,
/content/Dataset/TUM/TUM-WWWHWADN.jpg,8,TUM,4360,8,0,-1,,,,
/content/Dataset/TUM/TUM-QIRHCGTP.jpg,8,TUM,4361,8,0,-1,,,,
/content/Dataset/TUM/TUM-TNEWMYRE.jpg,8,TUM,4362,8,0,-1,,,,
/content/Dataset/NORM/NORM-PTYYAYIS.jpg,6,NORM,4363,6,0,-1,,,,
/content/Dataset/LYM/LYM-QYEEYYKV.jpg,3,LYM,4364,3,0,-1,,,,
/content/Dataset/DEB/DEB-YEFCMGDI.jpg,2,DEB,4365,2,0,-1,,,,
/content/Dataset/TUM/TUM-WMVWAKTQ.jpg,8,TUM,4366,8,0,-1,,,,
/content/Dataset/MUC/MUC-VRSQYKFK.jpg,4,MUC,4367,4,0,-1,,,,
/content/Dataset/ADI/ADI-GQNGEWSM.jpg,0,ADI,4368,0,0,-1,,,,
/content/Dataset/TUM/TUM-RYLNHHMG.jpg,8,TUM,4369,8,0,-1,,,,
/content/Dataset/MUS/MUS-SKANMACS.jpg,5,MUS,4370,5,0,-1,,,,
/content/Dataset/MUS/MUS-QDSHLNVE.jpg,5,MUS,4371,5,0,-1,,,,
/content/Dataset/BACK/BACK-KYPRFGFD.jpg,1,BACK,4372,1,0,-1,,,,
/content/Dataset/MUC/MUC-QYLMRDEE.jpg,4,MUC,4373,4,0,-1,,,,
/content/Dataset/STR/STR-RFFVGNHS.jpg,7,STR,4374,7,0,-1,,,,
/content/Dataset/LYM/LYM-TVHYWPTT.jpg,3,LYM,4375,3,0,-1,,,,
/content/Dataset/MUC/MUC-ALYNLLPK.jpg,4,MUC,4376,4,0,-1,,,,
/content/Dataset/STR/STR-WNVAFWDH.jpg,7,STR,4377,7,0,-1,,,,
/content/Dataset/BACK/BACK-MHPDVRWY.jpg,1,BACK,4378,1,0,-1,,,,
/content/Dataset/NORM/NORM-QTIWPMLP.jpg,6,NORM,4379,6,0,-1,,,,
/content/Dataset/DEB/DEB-VAMLPAVL.jpg,2,DEB,4380,2,0,-1,,,,
/content/Dataset/ADI/ADI-FYCNMAEY.jpg,0,ADI,4381,0,0,-1,,,,
/content/Dataset/TUM/TUM-QMALRGIY.jpg,8,TUM,4382,8,0,-1,,,,
/content/Dataset/BACK/BACK-LPWRNTWN.jpg,1,BACK,4383,1,0,-1,,,,
/content/Dataset/MUS/MUS-RQPWNWLM.jpg,5,MUS,4384,5,0,-1,,,,
/content/Dataset/STR/STR-WHMWTQKH.jpg,7,STR,4385,7,0,-1,,,,
/content/Dataset/STR/STR-NFKQRLPP.jpg,7,STR,4386,7,0,-1,,,,
/content/Dataset/NORM/NORM-NDCLAAKC.jpg,6,NORM,4387,6,0,-1,,,,
/content/Dataset/BACK/BACK-IEKYMPAD.jpg,1,BACK,4388,1,0,-1,,,,
/content/Dataset/STR/STR-VVTMTKRK.jpg,7,STR,4389,7,0,-1,,,,
/content/Dataset/NORM/NORM-YPNSRESF.jpg,6,NORM,4390,6,0,-1,,,,
/content/Dataset/STR/STR-WQMDSCSL.jpg,7,STR,4391,7,0,-1,,,,
/content/Dataset/NORM/NORM-MSFMNHRV.jpg,6,NORM,4392,6,0,-1,,,,
/content/Dataset/MUC/MUC-QNSHGDTV.jpg,4,MUC,4393,4,0,-1,,,,
/content/Dataset/STR/STR-TDKSQFQR.jpg,7,STR,4394,7,0,-1,,,,
/content/Dataset/MUS/MUS-NQTDKGPV.jpg,5,MUS,4395,5,0,-1,,,,
/content/Dataset/LYM/LYM-PGKRHMFC.jpg,3,LYM,4396,3,0,-1,,,,
/content/Dataset/MUC/MUC-ASPYQHKR.jpg,4,MUC,4397,4,0,-1,,,,
/content/Dataset/NORM/NORM-NPKYFTEH.jpg,6,NORM,4398,6,0,-1,,,,
/content/Dataset/MUS/MUS-PETAVPKL.jpg,5,MUS,4399,5,0,-1,,,,
/content/Dataset/TUM/TUM-YGIAYWEN.jpg,8,TUM,4400,8,0,-1,,,,
/content/Dataset/LYM/LYM-PQYFHSVS.jpg,3,LYM,4401,3,0,-1,,,,
/content/Dataset/DEB/DEB-YNMRYSIE.jpg,2,DEB,4402,2,0,-1,,,,
/content/Dataset/MUS/MUS-RSWSLTPP.jpg,5,MUS,4403,5,0,-1,,,,
/content/Dataset/BACK/BACK-MIKELAMA.jpg,1,BACK,4404,1,0,-1,,,,
/content/Dataset/DEB/DEB-QGHHMYLE.jpg,2,DEB,4405,2,0,-1,,,,
/content/Dataset/NORM/NORM-LWESCMSI.jpg,6,NORM,4406,6,0,-1,,,,
/content/Dataset/MUC/MUC-QRWTKNCP.jpg,4,MUC,4407,4,0,-1,,,,
/content/Dataset/MUC/MUC-YPNVFPCC.jpg,4,MUC,4408,4,0,-1,,,,
/content/Dataset/MUS/MUS-PCQEKCKQ.jpg,5,MUS,4409,5,0,-1,,,,
/content/Dataset/DEB/DEB-TYGTGCMN.jpg,2,DEB,4410,2,0,-1,,,,
/content/Dataset/BACK/BACK-DMEPPLSQ.jpg,1,BACK,4411,1,0,-1,,,,
/content/Dataset/TUM/TUM-RHVFMVIS.jpg,8,TUM,4412,8,0,-1,,,,
/content/Dataset/TUM/TUM-TGICAYRV.jpg,8,TUM,4413,8,0,-1,,,,
/content/Dataset/DEB/DEB-NWSVFTKG.jpg,2,DEB,4414,2,0,-1,,,,
/content/Dataset/STR/STR-PHSAHADG.jpg,7,STR,4415,7,0,-1,,,,
/content/Dataset/DEB/DEB-NTYYWVSM.jpg,2,DEB,4416,2,0,-1,,,,
/content/Dataset/MUS/MUS-SPINPDDD.jpg,5,MUS,4417,5,0,-1,,,,
/content/Dataset/ADI/ADI-CIVLLCIM.jpg,0,ADI,4418,0,0,-1,,,,
/content/Dataset/STR/STR-QVIHHFLG.jpg,7,STR,4419,7,0,-1,,,,
/content/Dataset/MUC/MUC-VQCRCTPY.jpg,4,MUC,4420,4,0,-1,,,,
/content/Dataset/ADI/ADI-DHDHMGMV.jpg,0,ADI,4421,0,0,-1,,,,
/content/Dataset/STR/STR-YFKMYNCC.jpg,7,STR,4422,7,0,-1,,,,
/content/Dataset/ADI/ADI-HQPLGGCT.jpg,0,ADI,4423,0,0,-1,,,,
/content/Dataset/ADI/ADI-CRIAHIVV.jpg,0,ADI,4424,0,0,-1,,,,
/content/Dataset/LYM/LYM-SCCKAVLL.jpg,3,LYM,4425,3,0,-1,,,,
/content/Dataset/BACK/BACK-EQGPGTYV.jpg,1,BACK,4426,1,0,-1,,,,
/content/Dataset/STR/STR-PQTPMVCV.jpg,7,STR,4427,7,0,-1,,,,
/content/Dataset/ADI/ADI-HFFFANST.jpg,0,ADI,4428,0,0,-1,,,,
/content/Dataset/DEB/DEB-VFFPKYPT.jpg,2,DEB,4429,2,0,-1,,,,
/content/Dataset/ADI/ADI-FHPTSFNN.jpg,0,ADI,4430,0,0,-1,,,,
/content/Dataset/MUS/MUS-ADIIEMNI.jpg,5,MUS,4431,5,0,-1,,,,
/content/Dataset/TUM/TUM-TCQQEKQP.jpg,8,TUM,4432,8,0,-1,,,,
/content/Dataset/NORM/NORM-NHILQFQF.jpg,6,NORM,4433,6,0,-1,,,,
/content/Dataset/TUM/TUM-QPAWFCDS.jpg,8,TUM,4434,8,0,-1,,,,
/content/Dataset/BACK/BACK-KTMVAEDW.jpg,1,BACK,4435,1,0,-1,,,,
/content/Dataset/MUC/MUC-ANCLYWIT.jpg,4,MUC,4436,4,0,-1,,,,
/content/Dataset/BACK/BACK-KVIWEWLI.jpg,1,BACK,4437,1,0,-1,,,,
/content/Dataset/ADI/ADI-HKVVEDHK.jpg,0,ADI,4438,0,0,-1,,,,
/content/Dataset/BACK/BACK-IIHCYHCP.jpg,1,BACK,4439,1,0,-1,,,,
/content/Dataset/NORM/NORM-AHYSVEPY.jpg,6,NORM,4440,6,0,-1,,,,
/content/Dataset/MUC/MUC-EPFYAHSE.jpg,4,MUC,4441,4,0,-1,,,,
/content/Dataset/LYM/LYM-NRWDYTWV.jpg,3,LYM,4442,3,0,-1,,,,
/content/Dataset/TUM/TUM-TCKPIPEN.jpg,8,TUM,4443,8,0,-1,,,,
/content/Dataset/STR/STR-QVLYRAVP.jpg,7,STR,4444,7,0,-1,,,,
/content/Dataset/ADI/ADI-FHPKSCQE.jpg,0,ADI,4445,0,0,-1,,,,
/content/Dataset/DEB/DEB-RWRYVMSG.jpg,2,DEB,4446,2,0,-1,,,,
/content/Dataset/MUC/MUC-WIYVNLIL.jpg,4,MUC,4447,4,0,-1,,,,
/content/Dataset/DEB/DEB-PDFTSNCC.jpg,2,DEB,4448,2,0,-1,,,,
/content/Dataset/STR/STR-YIIPVLAW.jpg,7,STR,4449,7,0,-1,,,,
/content/Dataset/TUM/TUM-WADCMTTV.jpg,8,TUM,4450,8,0,-1,,,,
/content/Dataset/STR/STR-YMMQCMWF.jpg,7,STR,4451,7,0,-1,,,,
/content/Dataset/LYM/LYM-RTHFEALP.jpg,3,LYM,4452,3,0,-1,,,,
/content/Dataset/STR/STR-VDMGTISD.jpg,7,STR,4453,7,0,-1,,,,
/content/Dataset/NORM/NORM-NFHCIPRN.jpg,6,NORM,4454,6,0,-1,,,,
/content/Dataset/BACK/BACK-LVDHHLHT.jpg,1,BACK,4455,1,0,-1,,,,
/content/Dataset/STR/STR-VPVQRKVC.jpg,7,STR,4456,7,0,-1,,,,
/content/Dataset/DEB/DEB-PKFYCYLH.jpg,2,DEB,4457,2,0,-1,,,,
/content/Dataset/TUM/TUM-QIPSVEEL.jpg,8,TUM,4458,8,0,-1,,,,
/content/Dataset/STR/STR-YRLNYRFP.jpg,7,STR,4459,7,0,-1,,,,
/content/Dataset/DEB/DEB-YPMGVQEM.jpg,2,DEB,4460,2,0,-1,,,,
/content/Dataset/STR/STR-AAPNYWIR.jpg,7,STR,4461,7,0,-1,,,,
/content/Dataset/MUC/MUC-YMHCRPNN.jpg,4,MUC,4462,4,0,-1,,,,
/content/Dataset/MUC/MUC-WYEFCEPP.jpg,4,MUC,4463,4,0,-1,,,,
/content/Dataset/LYM/LYM-NTMGCNLH.jpg,3,LYM,4464,3,0,-1,,,,
/content/Dataset/DEB/DEB-STSPFRER.jpg,2,DEB,4465,2,0,-1,,,,
/content/Dataset/NORM/NORM-YDKPENNS.jpg,6,NORM,4466,6,0,-1,,,,
/content/Dataset/MUS/MUS-SYNYYMMT.jpg,5,MUS,4467,5,0,-1,,,,
/content/Dataset/ADI/ADI-CYMNCSWK.jpg,0,ADI,4468,0,0,-1,,,,
/content/Dataset/NORM/NORM-AKQNMWRS.jpg,6,NORM,4469,6,0,-1,,,,
/content/Dataset/LYM/LYM-ETYYLMTE.jpg,3,LYM,4470,3,0,-1,,,,
/content/Dataset/ADI/ADI-KQCSAPEA.jpg,0,ADI,4471,0,0,-1,,,,
/content/Dataset/ADI/ADI-DTAAGMIR.jpg,0,ADI,4472,0,0,-1,,,,
/content/Dataset/BACK/BACK-HKCFYQVW.jpg,1,BACK,4473,1,0,-1,,,,
/content/Dataset/BACK/BACK-KTYVAENS.jpg,1,BACK,4474,1,0,-1,,,,
/content/Dataset/NORM/NORM-ACAVNYDC.jpg,6,NORM,4475,6,0,-1,,,,
/content/Dataset/BACK/BACK-PEMLVWWI.jpg,1,BACK,4476,1,0,-1,,,,
/content/Dataset/NORM/NORM-VHRQYINF.jpg,6,NORM,4477,6,0,-1,,,,
/content/Dataset/MUC/MUC-TGYIHNTF.jpg,4,MUC,4478,4,0,-1,,,,
/content/Dataset/TUM/TUM-WSIQWKVL.jpg,8,TUM,4479,8,0,-1,,,,
/content/Dataset/MUS/MUS-QMVIMSPQ.jpg,5,MUS,4480,5,0,-1,,,,
/content/Dataset/TUM/TUM-QGHAWMRI.jpg,8,TUM,4481,8,0,-1,,,,
/content/Dataset/MUC/MUC-GTRPLVKK.jpg,4,MUC,4482,4,0,-1,,,,
/content/Dataset/MUC/MUC-AIGGYGHM.jpg,4,MUC,4483,4,0,-1,,,,
/content/Dataset/BACK/BACK-HWNRATNW.jpg,1,BACK,4484,1,0,-1,,,,
/content/Dataset/TUM/TUM-VMMAYYMG.jpg,8,TUM,4485,8,0,-1,,,,
/content/Dataset/DEB/DEB-QYDSDTCK.jpg,2,DEB,4486,2,0,-1,,,,
/content/Dataset/TUM/TUM-RMYWPAPH.jpg,8,TUM,4487,8,0,-1,,,,
/content/Dataset/BACK/BACK-KCIGVVAF.jpg,1,BACK,4488,1,0,-1,,,,
/content/Dataset/LYM/LYM-VGMVIIIN.jpg,3,LYM,4489,3,0,-1,,,,
/content/Dataset/ADI/ADI-DMVTKDDH.jpg,0,ADI,4490,0,0,-1,,,,
/content/Dataset/ADI/ADI-DCQAKYSC.jpg,0,ADI,4491,0,0,-1,,,,
/content/Dataset/NORM/NORM-PMARKQLK.jpg,6,NORM,4492,6,0,-1,,,,
/content/Dataset/STR/STR-VFFYDALV.jpg,7,STR,4493,7,0,-1,,,,
/content/Dataset/DEB/DEB-RMSQAAHD.jpg,2,DEB,4494,2,0,-1,,,,
/content/Dataset/TUM/TUM-VPSKTTIA.jpg,8,TUM,4495,8,0,-1,,,,
/content/Dataset/DEB/DEB-VFWLSHGL.jpg,2,DEB,4496,2,0,-1,,,,
/content/Dataset/LYM/LYM-SMGMYAQA.jpg,3,LYM,4497,3,0,-1,,,,
/content/Dataset/NORM/NORM-RHVVGQQV.jpg,6,NORM,4498,6,0,-1,,,,
/content/Dataset/BACK/BACK-ISTVCAHN.jpg,1,BACK,4499,1,0,-1,,,,
/content/Dataset/TUM/TUM-SKWKGFVP.jpg,8,TUM,4500,8,0,-1,,,,
/content/Dataset/MUC/MUC-HFRPIMIL.jpg,4,MUC,4501,4,0,-1,,,,
/content/Dataset/DEB/DEB-RMGIEQYK.jpg,2,DEB,4502,2,0,-1,,,,
/content/Dataset/ADI/ADI-FYNWPYHN.jpg,0,ADI,4503,0,0,-1,,,,
/content/Dataset/MUC/MUC-PQQGFFEV.jpg,4,MUC,4504,4,0,-1,,,,
/content/Dataset/DEB/DEB-AFYQHYEE.jpg,2,DEB,4505,2,0,-1,,,,
/content/Dataset/BACK/BACK-GLVKYHKF.jpg,1,BACK,4506,1,0,-1,,,,
/content/Dataset/NORM/NORM-PFGDWICP.jpg,6,NORM,4507,6,0,-1,,,,
/content/Dataset/ADI/ADI-CDDNCVAV.jpg,0,ADI,4508,0,0,-1,,,,
/content/Dataset/TUM/TUM-QAQAMFHC.jpg,8,TUM,4509,8,0,-1,,,,
/content/Dataset/BACK/BACK-IFRTDLCY.jpg,1,BACK,4510,1,0,-1,,,,
/content/Dataset/LYM/LYM-VQTSNADS.jpg,3,LYM,4511,3,0,-1,,,,
/content/Dataset/TUM/TUM-YAYPMVQC.jpg,8,TUM,4512,8,0,-1,,,,
/content/Dataset/STR/STR-TDTSARDC.jpg,7,STR,4513,7,0,-1,,,,
/content/Dataset/ADI/ADI-GTHNENTH.jpg,0,ADI,4514,0,0,-1,,,,
/content/Dataset/STR/STR-RFMTIQTI.jpg,7,STR,4515,7,0,-1,,,,
/content/Dataset/TUM/TUM-SKLAFCWS.jpg,8,TUM,4516,8,0,-1,,,,
/content/Dataset/TUM/TUM-SMLVGCCL.jpg,8,TUM,4517,8,0,-1,,,,
/content/Dataset/NORM/NORM-SAKNKEAW.jpg,6,NORM,4518,6,0,-1,,,,
/content/Dataset/TUM/TUM-QIKMMYED.jpg,8,TUM,4519,8,0,-1,,,,
/content/Dataset/NORM/NORM-WHYIEPSR.jpg,6,NORM,4520,6,0,-1,,,,
/content/Dataset/MUS/MUS-NQRWARHH.jpg,5,MUS,4521,5,0,-1,,,,
/content/Dataset/STR/STR-SKVFVDRI.jpg,7,STR,4522,7,0,-1,,,,
/content/Dataset/DEB/DEB-TLWLEVDC.jpg,2,DEB,4523,2,0,-1,,,,
/content/Dataset/NORM/NORM-ACEQVKWF.jpg,6,NORM,4524,6,0,-1,,,,
/content/Dataset/ADI/ADI-CIQHKAWW.jpg,0,ADI,4525,0,0,-1,,,,
/content/Dataset/NORM/NORM-TELYVTPK.jpg,6,NORM,4526,6,0,-1,,,,
/content/Dataset/TUM/TUM-RAPRWYWM.jpg,8,TUM,4527,8,0,-1,,,,
/content/Dataset/MUS/MUS-QNEKYNLP.jpg,5,MUS,4528,5,0,-1,,,,
/content/Dataset/TUM/TUM-WVMWWWLW.jpg,8,TUM,4529,8,0,-1,,,,
/content/Dataset/MUS/MUS-RRPLMATE.jpg,5,MUS,4530,5,0,-1,,,,
/content/Dataset/NORM/NORM-PTDPNTCV.jpg,6,NORM,4531,6,0,-1,,,,
/content/Dataset/DEB/DEB-NPPHPHFE.jpg,2,DEB,4532,2,0,-1,,,,
/content/Dataset/NORM/NORM-QKVRFQFL.jpg,6,NORM,4533,6,0,-1,,,,
/content/Dataset/MUS/MUS-TCQYTGQS.jpg,5,MUS,4534,5,0,-1,,,,
/content/Dataset/LYM/LYM-RNSIYMKR.jpg,3,LYM,4535,3,0,-1,,,,
/content/Dataset/MUC/MUC-NLSKLWIV.jpg,4,MUC,4536,4,0,-1,,,,
/content/Dataset/ADI/ADI-DNYNETNL.jpg,0,ADI,4537,0,0,-1,,,,
/content/Dataset/STR/STR-RLKLKYIH.jpg,7,STR,4538,7,0,-1,,,,
/content/Dataset/DEB/DEB-QYSMFHAD.jpg,2,DEB,4539,2,0,-1,,,,
/content/Dataset/MUS/MUS-AQGAERKF.jpg,5,MUS,4540,5,0,-1,,,,
/content/Dataset/BACK/BACK-AFESDICE.jpg,1,BACK,4541,1,0,-1,,,,
/content/Dataset/NORM/NORM-YDEFCRVR.jpg,6,NORM,4542,6,0,-1,,,,
/content/Dataset/MUS/MUS-CMRCSCEQ.jpg,5,MUS,4543,5,0,-1,,,,
/content/Dataset/LYM/LYM-EWNFLSTR.jpg,3,LYM,4544,3,0,-1,,,,
/content/Dataset/BACK/BACK-GFWKTRYH.jpg,1,BACK,4545,1,0,-1,,,,
/content/Dataset/NORM/NORM-TFYSNVPD.jpg,6,NORM,4546,6,0,-1,,,,
/content/Dataset/STR/STR-SHDYQFCP.jpg,7,STR,4547,7,0,-1,,,,
/content/Dataset/NORM/NORM-VRDQWPKC.jpg,6,NORM,4548,6,0,-1,,,,
/content/Dataset/MUS/MUS-QCDFFKVK.jpg,5,MUS,4549,5,0,-1,,,,
/content/Dataset/MUS/MUS-QRLDEVAD.jpg,5,MUS,4550,5,0,-1,,,,
/content/Dataset/LYM/LYM-RNVKMETW.jpg,3,LYM,4551,3,0,-1,,,,
/content/Dataset/STR/STR-MPMKCQQF.jpg,7,STR,4552,7,0,-1,,,,
/content/Dataset/MUS/MUS-QIWERPWI.jpg,5,MUS,4553,5,0,-1,,,,
/content/Dataset/MUS/MUS-PPIMKHEH.jpg,5,MUS,4554,5,0,-1,,,,
/content/Dataset/MUS/MUS-AHDTETPM.jpg,5,MUS,4555,5,0,-1,,,,
/content/Dataset/LYM/LYM-AFWVAGKV.jpg,3,LYM,4556,3,0,-1,,,,
/content/Dataset/LYM/LYM-AEHMGTRC.jpg,3,LYM,4557,3,0,-1,,,,
/content/Dataset/MUC/MUC-KQMQSNSC.jpg,4,MUC,4558,4,0,-1,,,,
/content/Dataset/NORM/NORM-NSHNHNCH.jpg,6,NORM,4559,6,0,-1,,,,
/content/Dataset/MUS/MUS-AHKEMPAC.jpg,5,MUS,4560,5,0,-1,,,,
/content/Dataset/ADI/ADI-HFWCCDFE.jpg,0,ADI,4561,0,0,-1,,,,
/content/Dataset/BACK/BACK-LFLCQQTK.jpg,1,BACK,4562,1,0,-1,,,,
/content/Dataset/TUM/TUM-RQAYVFSM.jpg,8,TUM,4563,8,0,-1,,,,
/content/Dataset/MUC/MUC-NGHDMTSE.jpg,4,MUC,4564,4,0,-1,,,,
/content/Dataset/TUM/TUM-SNPVHDNP.jpg,8,TUM,4565,8,0,-1,,,,
/content/Dataset/NORM/NORM-MAHLHAFL.jpg,6,NORM,4566,6,0,-1,,,,
/content/Dataset/LYM/LYM-RNTNHQVL.jpg,3,LYM,4567,3,0,-1,,,,
/content/Dataset/NORM/NORM-MQECCYGF.jpg,6,NORM,4568,6,0,-1,,,,
/content/Dataset/STR/STR-NSWIWHMC.jpg,7,STR,4569,7,0,-1,,,,
/content/Dataset/ADI/ADI-GSWRKEDT.jpg,0,ADI,4570,0,0,-1,,,,
/content/Dataset/MUS/MUS-QPFEFVNR.jpg,5,MUS,4571,5,0,-1,,,,
/content/Dataset/NORM/NORM-TIKSDPMV.jpg,6,NORM,4572,6,0,-1,,,,
/content/Dataset/MUC/MUC-YASDMMYV.jpg,4,MUC,4573,4,0,-1,,,,
/content/Dataset/TUM/TUM-QYSITEHH.jpg,8,TUM,4574,8,0,-1,,,,
/content/Dataset/STR/STR-VKCFPNAP.jpg,7,STR,4575,7,0,-1,,,,
/content/Dataset/TUM/TUM-RNHPTIYP.jpg,8,TUM,4576,8,0,-1,,,,
/content/Dataset/ADI/ADI-ALNEQASF.jpg,0,ADI,4577,0,0,-1,,,,
/content/Dataset/NORM/NORM-SDNNNWKE.jpg,6,NORM,4578,6,0,-1,,,,
/content/Dataset/DEB/DEB-PMSMQNVF.jpg,2,DEB,4579,2,0,-1,,,,
/content/Dataset/MUC/MUC-EEWMSKNS.jpg,4,MUC,4580,4,0,-1,,,,
/content/Dataset/TUM/TUM-RQAWAQCM.jpg,8,TUM,4581,8,0,-1,,,,
/content/Dataset/STR/STR-NIRIVGAI.jpg,7,STR,4582,7,0,-1,,,,
/content/Dataset/TUM/TUM-WGAVFKEN.jpg,8,TUM,4583,8,0,-1,,,,
/content/Dataset/LYM/LYM-YVQHLHWP.jpg,3,LYM,4584,3,0,-1,,,,
/content/Dataset/MUC/MUC-YTWISYMT.jpg,4,MUC,4585,4,0,-1,,,,
/content/Dataset/BACK/BACK-ICCIPANS.jpg,1,BACK,4586,1,0,-1,,,,
/content/Dataset/MUS/MUS-SLKHCYRE.jpg,5,MUS,4587,5,0,-1,,,,
/content/Dataset/MUS/MUS-SQCTFFAP.jpg,5,MUS,4588,5,0,-1,,,,
/content/Dataset/MUC/MUC-RSMRGQCQ.jpg,4,MUC,4589,4,0,-1,,,,
/content/Dataset/LYM/LYM-SKRIMGWK.jpg,3,LYM,4590,3,0,-1,,,,
/content/Dataset/MUS/MUS-SFFESNYL.jpg,5,MUS,4591,5,0,-1,,,,
/content/Dataset/BACK/BACK-LNISPLEV.jpg,1,BACK,4592,1,0,-1,,,,
/content/Dataset/DEB/DEB-SVQNYKNT.jpg,2,DEB,4593,2,0,-1,,,,
/content/Dataset/MUS/MUS-PRLYWWAV.jpg,5,MUS,4594,5,0,-1,,,,
/content/Dataset/DEB/DEB-PDENVKNH.jpg,2,DEB,4595,2,0,-1,,,,
/content/Dataset/LYM/LYM-YMVDCFRM.jpg,3,LYM,4596,3,0,-1,,,,
/content/Dataset/TUM/TUM-WPQTNFGV.jpg,8,TUM,4597,8,0,-1,,,,
/content/Dataset/BACK/BACK-MLGALKVR.jpg,1,BACK,4598,1,0,-1,,,,
/content/Dataset/LYM/LYM-NKTAFWMQ.jpg,3,LYM,4599,3,0,-1,,,,
/content/Dataset/STR/STR-NCCVRHFD.jpg,7,STR,4600,7,0,-1,,,,
/content/Dataset/MUC/MUC-MGTPNDGQ.jpg,4,MUC,4601,4,0,-1,,,,
/content/Dataset/BACK/BACK-LDDGIRKE.jpg,1,BACK,4602,1,0,-1,,,,
/content/Dataset/ADI/ADI-FPATMQKN.jpg,0,ADI,4603,0,0,-1,,,,
/content/Dataset/NORM/NORM-TDDWHLKY.jpg,6,NORM,4604,6,0,-1,,,,
/content/Dataset/MUS/MUS-PTIYVSEM.jpg,5,MUS,4605,5,0,-1,,,,
/content/Dataset/STR/STR-RLHLRPIG.jpg,7,STR,4606,7,0,-1,,,,
/content/Dataset/LYM/LYM-RYWPAEIR.jpg,3,LYM,4607,3,0,-1,,,,
/content/Dataset/LYM/LYM-SWKVQWGD.jpg,3,LYM,4608,3,0,-1,,,,
/content/Dataset/NORM/NORM-AQHCQYFI.jpg,6,NORM,4609,6,0,-1,,,,
/content/Dataset/MUC/MUC-FKCNTSSY.jpg,4,MUC,4610,4,0,-1,,,,
/content/Dataset/MUC/MUC-SFSCKLVE.jpg,4,MUC,4611,4,0,-1,,,,
/content/Dataset/STR/STR-RSDIKGHC.jpg,7,STR,4612,7,0,-1,,,,
/content/Dataset/BACK/BACK-LHIGEWWE.jpg,1,BACK,4613,1,0,-1,,,,
/content/Dataset/MUS/MUS-QNFWIHPP.jpg,5,MUS,4614,5,0,-1,,,,
/content/Dataset/LYM/LYM-RGFCLIMC.jpg,3,LYM,4615,3,0,-1,,,,
/content/Dataset/ADI/ADI-DWGQYGWG.jpg,0,ADI,4616,0,0,-1,,,,
/content/Dataset/STR/STR-SNNDSCHH.jpg,7,STR,4617,7,0,-1,,,,
/content/Dataset/TUM/TUM-WTDRGFWG.jpg,8,TUM,4618,8,0,-1,,,,
/content/Dataset/MUS/MUS-VHHTWEGI.jpg,5,MUS,4619,5,0,-1,,,,
/content/Dataset/BACK/BACK-IKYSDDVP.jpg,1,BACK,4620,1,0,-1,,,,
/content/Dataset/NORM/NORM-LLAPIHEE.jpg,6,NORM,4621,6,0,-1,,,,
/content/Dataset/TUM/TUM-VHIMLQYY.jpg,8,TUM,4622,8,0,-1,,,,
/content/Dataset/ADI/ADI-FKDEMLTN.jpg,0,ADI,4623,0,0,-1,,,,
/content/Dataset/TUM/TUM-YWKKGALL.jpg,8,TUM,4624,8,0,-1,,,,
/content/Dataset/DEB/DEB-ADMLPGGK.jpg,2,DEB,4625,2,0,-1,,,,
/content/Dataset/MUS/MUS-ATYYYICI.jpg,5,MUS,4626,5,0,-1,,,,
/content/Dataset/BACK/BACK-GHYKWQSV.jpg,1,BACK,4627,1,0,-1,,,,
/content/Dataset/DEB/DEB-SMLGWSLY.jpg,2,DEB,4628,2,0,-1,,,,
/content/Dataset/ADI/ADI-CPGPKNMP.jpg,0,ADI,4629,0,0,-1,,,,
/content/Dataset/LYM/LYM-SRFAEMRY.jpg,3,LYM,4630,3,0,-1,,,,
/content/Dataset/MUC/MUC-YMWYYWLD.jpg,4,MUC,4631,4,0,-1,,,,
/content/Dataset/NORM/NORM-QHAIGRKQ.jpg,6,NORM,4632,6,0,-1,,,,
/content/Dataset/ADI/ADI-FLPWYAIL.jpg,0,ADI,4633,0,0,-1,,,,
/content/Dataset/MUS/MUS-RIYYLFSW.jpg,5,MUS,4634,5,0,-1,,,,
/content/Dataset/DEB/DEB-AAPDNGGE.jpg,2,DEB,4635,2,0,-1,,,,
/content/Dataset/BACK/BACK-MGIKMSIK.jpg,1,BACK,4636,1,0,-1,,,,
/content/Dataset/DEB/DEB-TQYPNSDT.jpg,2,DEB,4637,2,0,-1,,,,
/content/Dataset/BACK/BACK-AFKVVAFW.jpg,1,BACK,4638,1,0,-1,,,,
/content/Dataset/BACK/BACK-HLLKYIDW.jpg,1,BACK,4639,1,0,-1,,,,
/content/Dataset/MUS/MUS-RKTSAWWM.jpg,5,MUS,4640,5,0,-1,,,,
/content/Dataset/NORM/NORM-YMRMWVDK.jpg,6,NORM,4641,6,0,-1,,,,
/content/Dataset/BACK/BACK-MDGMCKIN.jpg,1,BACK,4642,1,0,-1,,,,
/content/Dataset/MUC/MUC-NIEGDEYV.jpg,4,MUC,4643,4,0,-1,,,,
/content/Dataset/MUS/MUS-RVMPNARN.jpg,5,MUS,4644,5,0,-1,,,,
/content/Dataset/ADI/ADI-HGYELCID.jpg,0,ADI,4645,0,0,-1,,,,
/content/Dataset/MUC/MUC-ANPPMFRG.jpg,4,MUC,4646,4,0,-1,,,,
/content/Dataset/MUS/MUS-APEAYITH.jpg,5,MUS,4647,5,0,-1,,,,
/content/Dataset/TUM/TUM-RPAMVKKW.jpg,8,TUM,4648,8,0,-1,,,,
/content/Dataset/BACK/BACK-AFQFFAER.jpg,1,BACK,4649,1,0,-1,,,,
/content/Dataset/MUS/MUS-AITRAPEE.jpg,5,MUS,4650,5,0,-1,,,,
/content/Dataset/MUS/MUS-ARLSRFVK.jpg,5,MUS,4651,5,0,-1,,,,
/content/Dataset/DEB/DEB-RDNRWNNI.jpg,2,DEB,4652,2,0,-1,,,,
/content/Dataset/ADI/ADI-CHMCRGNI.jpg,0,ADI,4653,0,0,-1,,,,
/content/Dataset/ADI/ADI-HQLQAYIC.jpg,0,ADI,4654,0,0,-1,,,,
/content/Dataset/LYM/LYM-NNMMNEFT.jpg,3,LYM,4655,3,0,-1,,,,
/content/Dataset/LYM/LYM-NHSLEWVP.jpg,3,LYM,4656,3,0,-1,,,,
/content/Dataset/LYM/LYM-MRHIMEVG.jpg,3,LYM,4657,3,0,-1,,,,
/content/Dataset/STR/STR-WVWQVRWL.jpg,7,STR,4658,7,0,-1,,,,
/content/Dataset/MUC/MUC-CCYNLSIP.jpg,4,MUC,4659,4,0,-1,,,,
/content/Dataset/NORM/NORM-WDQHKPDV.jpg,6,NORM,4660,6,0,-1,,,,
/content/Dataset/NORM/NORM-YVKIGIGI.jpg,6,NORM,4661,6,0,-1,,,,
/content/Dataset/MUC/MUC-SISSPYYT.jpg,4,MUC,4662,4,0,-1,,,,
/content/Dataset/DEB/DEB-STKHRKNK.jpg,2,DEB,4663,2,0,-1,,,,
/content/Dataset/MUC/MUC-THMGALAP.jpg,4,MUC,4664,4,0,-1,,,,
/content/Dataset/ADI/ADI-HGFLYTDE.jpg,0,ADI,4665,0,0,-1,,,,
/content/Dataset/TUM/TUM-VEDLSLDP.jpg,8,TUM,4666,8,0,-1,,,,
/content/Dataset/DEB/DEB-SVYDCPFY.jpg,2,DEB,4667,2,0,-1,,,,
/content/Dataset/BACK/BACK-LRTNQHCA.jpg,1,BACK,4668,1,0,-1,,,,
/content/Dataset/ADI/ADI-CVMPTART.jpg,0,ADI,4669,0,0,-1,,,,
/content/Dataset/LYM/LYM-PKEHTGVF.jpg,3,LYM,4670,3,0,-1,,,,
/content/Dataset/ADI/ADI-ATRLTFMF.jpg,0,ADI,4671,0,0,-1,,,,
/content/Dataset/BACK/BACK-AECHQANK.jpg,1,BACK,4672,1,0,-1,,,,
/content/Dataset/NORM/NORM-SATALFYC.jpg,6,NORM,4673,6,0,-1,,,,
/content/Dataset/LYM/LYM-AETPEGSY.jpg,3,LYM,4674,3,0,-1,,,,
/content/Dataset/BACK/BACK-NCTNFHWA.jpg,1,BACK,4675,1,0,-1,,,,
/content/Dataset/BACK/BACK-IWPNDSGM.jpg,1,BACK,4676,1,0,-1,,,,
/content/Dataset/DEB/DEB-YLYYVCTI.jpg,2,DEB,4677,2,0,-1,,,,
/content/Dataset/TUM/TUM-VPNQPTRM.jpg,8,TUM,4678,8,0,-1,,,,
/content/Dataset/NORM/NORM-NDDSLDKI.jpg,6,NORM,4679,6,0,-1,,,,
/content/Dataset/LYM/LYM-NLHSRWFY.jpg,3,LYM,4680,3,0,-1,,,,
/content/Dataset/DEB/DEB-PMVDFTKT.jpg,2,DEB,4681,2,0,-1,,,,
/content/Dataset/STR/STR-SDCSMNHI.jpg,7,STR,4682,7,0,-1,,,,
/content/Dataset/DEB/DEB-VKINKAQE.jpg,2,DEB,4683,2,0,-1,,,,
/content/Dataset/MUC/MUC-DCPVFFYS.jpg,4,MUC,4684,4,0,-1,,,,
/content/Dataset/NORM/NORM-WIPCTWVM.jpg,6,NORM,4685,6,0,-1,,,,
/content/Dataset/NORM/NORM-SFYRWFPG.jpg,6,NORM,4686,6,0,-1,,,,
/content/Dataset/ADI/ADI-HVECWVAD.jpg,0,ADI,4687,0,0,-1,,,,
/content/Dataset/TUM/TUM-YTKHCMFC.jpg,8,TUM,4688,8,0,-1,,,,
/content/Dataset/LYM/LYM-TSGYEESP.jpg,3,LYM,4689,3,0,-1,,,,
/content/Dataset/TUM/TUM-QSIRAVDW.jpg,8,TUM,4690,8,0,-1,,,,
/content/Dataset/ADI/ADI-HKPSWCWL.jpg,0,ADI,4691,0,0,-1,,,,
/content/Dataset/LYM/LYM-AAVEKYMF.jpg,3,LYM,4692,3,0,-1,,,,
/content/Dataset/LYM/LYM-VQAFIVWQ.jpg,3,LYM,4693,3,0,-1,,,,
/content/Dataset/ADI/ADI-EHSNMYMA.jpg,0,ADI,4694,0,0,-1,,,,
/content/Dataset/MUS/MUS-RCAQDMVP.jpg,5,MUS,4695,5,0,-1,,,,
/content/Dataset/MUC/MUC-QCKCNYSW.jpg,4,MUC,4696,4,0,-1,,,,
/content/Dataset/NORM/NORM-SEYRYQKC.jpg,6,NORM,4697,6,0,-1,,,,
/content/Dataset/TUM/TUM-SRAEYEYS.jpg,8,TUM,4698,8,0,-1,,,,
/content/Dataset/MUS/MUS-RHIWPTVD.jpg,5,MUS,4699,5,0,-1,,,,
/content/Dataset/STR/STR-PSNEDAAG.jpg,7,STR,4700,7,0,-1,,,,
/content/Dataset/NORM/NORM-TYIQYADH.jpg,6,NORM,4701,6,0,-1,,,,
/content/Dataset/MUS/MUS-RKELMHAC.jpg,5,MUS,4702,5,0,-1,,,,
/content/Dataset/STR/STR-MSDGIHTF.jpg,7,STR,4703,7,0,-1,,,,
/content/Dataset/ADI/ADI-GRRELDVI.jpg,0,ADI,4704,0,0,-1,,,,
/content/Dataset/TUM/TUM-RSDTNHKY.jpg,8,TUM,4705,8,0,-1,,,,
/content/Dataset/MUC/MUC-PLLIDLIR.jpg,4,MUC,4706,4,0,-1,,,,
/content/Dataset/NORM/NORM-WPRIDIDM.jpg,6,NORM,4707,6,0,-1,,,,
/content/Dataset/STR/STR-WMITHSKG.jpg,7,STR,4708,7,0,-1,,,,
/content/Dataset/NORM/NORM-VYKPWFRL.jpg,6,NORM,4709,6,0,-1,,,,
/content/Dataset/STR/STR-MTCGGPEV.jpg,7,STR,4710,7,0,-1,,,,
/content/Dataset/ADI/ADI-ECWHKYDY.jpg,0,ADI,4711,0,0,-1,,,,
/content/Dataset/DEB/DEB-YEDRKLLK.jpg,2,DEB,4712,2,0,-1,,,,
/content/Dataset/TUM/TUM-QDTTINWF.jpg,8,TUM,4713,8,0,-1,,,,
/content/Dataset/ADI/ADI-CMNCTYND.jpg,0,ADI,4714,0,0,-1,,,,
/content/Dataset/NORM/NORM-NYPEAWLD.jpg,6,NORM,4715,6,0,-1,,,,
/content/Dataset/STR/STR-REVYYIVQ.jpg,7,STR,4716,7,0,-1,,,,
/content/Dataset/TUM/TUM-WMSGVHQA.jpg,8,TUM,4717,8,0,-1,,,,
/content/Dataset/DEB/DEB-VRCLMRSP.jpg,2,DEB,4718,2,0,-1,,,,
/content/Dataset/BACK/BACK-ACQAMMQE.jpg,1,BACK,4719,1,0,-1,,,,
/content/Dataset/STR/STR-QHRIYWPD.jpg,7,STR,4720,7,0,-1,,,,
/content/Dataset/LYM/LYM-VCMLQPRQ.jpg,3,LYM,4721,3,0,-1,,,,
/content/Dataset/NORM/NORM-SRSETRIT.jpg,6,NORM,4722,6,0,-1,,,,
/content/Dataset/MUC/MUC-VSDQFCPY.jpg,4,MUC,4723,4,0,-1,,,,
/content/Dataset/DEB/DEB-TDNYLRIR.jpg,2,DEB,4724,2,0,-1,,,,
/content/Dataset/MUS/MUS-SYKEVHRY.jpg,5,MUS,4725,5,0,-1,,,,
/content/Dataset/NORM/NORM-TGVVYMQN.jpg,6,NORM,4726,6,0,-1,,,,
/content/Dataset/BACK/BACK-ICHVGKHK.jpg,1,BACK,4727,1,0,-1,,,,
/content/Dataset/DEB/DEB-TPCTVTSP.jpg,2,DEB,4728,2,0,-1,,,,
/content/Dataset/MUS/MUS-SHRTVPTS.jpg,5,MUS,4729,5,0,-1,,,,
/content/Dataset/ADI/ADI-EDAFHVTN.jpg,0,ADI,4730,0,0,-1,,,,
/content/Dataset/NORM/NORM-PVLTGNRE.jpg,6,NORM,4731,6,0,-1,,,,
/content/Dataset/MUC/MUC-TYQIKHEC.jpg,4,MUC,4732,4,0,-1,,,,
/content/Dataset/MUS/MUS-AEGESNPD.jpg,5,MUS,4733,5,0,-1,,,,
/content/Dataset/MUC/MUC-NDQWKTVA.jpg,4,MUC,4734,4,0,-1,,,,
/content/Dataset/STR/STR-YPSSTCTN.jpg,7,STR,4735,7,0,-1,,,,
/content/Dataset/TUM/TUM-WFQHFYAG.jpg,8,TUM,4736,8,0,-1,,,,
/content/Dataset/MUC/MUC-QTCNQPRN.jpg,4,MUC,4737,4,0,-1,,,,
/content/Dataset/DEB/DEB-QYRNAPPW.jpg,2,DEB,4738,2,0,-1,,,,
/content/Dataset/NORM/NORM-WPNWTKHH.jpg,6,NORM,4739,6,0,-1,,,,
/content/Dataset/LYM/LYM-NCWIVHMS.jpg,3,LYM,4740,3,0,-1,,,,
/content/Dataset/STR/STR-MPTTNAPQ.jpg,7,STR,4741,7,0,-1,,,,
/content/Dataset/TUM/TUM-YEMQFCHY.jpg,8,TUM,4742,8,0,-1,,,,
/content/Dataset/DEB/DEB-WKETYNSN.jpg,2,DEB,4743,2,0,-1,,,,
/content/Dataset/TUM/TUM-RRVSCNTA.jpg,8,TUM,4744,8,0,-1,,,,
/content/Dataset/ADI/ADI-IGQRHDGY.jpg,0,ADI,4745,0,0,-1,,,,
/content/Dataset/LYM/LYM-AKLEFVEL.jpg,3,LYM,4746,3,0,-1,,,,
/content/Dataset/STR/STR-MLSQFNMG.jpg,7,STR,4747,7,0,-1,,,,
/content/Dataset/BACK/BACK-KDYWNMHI.jpg,1,BACK,4748,1,0,-1,,,,
/content/Dataset/MUC/MUC-NISDYNSE.jpg,4,MUC,4749,4,0,-1,,,,
/content/Dataset/DEB/DEB-YYMLPFYS.jpg,2,DEB,4750,2,0,-1,,,,
/content/Dataset/BACK/BACK-KFFQVDFG.jpg,1,BACK,4751,1,0,-1,,,,
/content/Dataset/STR/STR-QMFCDAGN.jpg,7,STR,4752,7,0,-1,,,,
/content/Dataset/BACK/BACK-ECDFGRVE.jpg,1,BACK,4753,1,0,-1,,,,
/content/Dataset/TUM/TUM-VCIQWKAI.jpg,8,TUM,4754,8,0,-1,,,,
/content/Dataset/LYM/LYM-QNPFVGER.jpg,3,LYM,4755,3,0,-1,,,,
/content/Dataset/TUM/TUM-TVVPVALG.jpg,8,TUM,4756,8,0,-1,,,,
/content/Dataset/STR/STR-SPFCVNKE.jpg,7,STR,4757,7,0,-1,,,,
/content/Dataset/LYM/LYM-TDTAMMDD.jpg,3,LYM,4758,3,0,-1,,,,
/content/Dataset/ADI/ADI-CNCNDIIP.jpg,0,ADI,4759,0,0,-1,,,,
/content/Dataset/NORM/NORM-AKRICCTI.jpg,6,NORM,4760,6,0,-1,,,,
/content/Dataset/MUS/MUS-ADRLATHS.jpg,5,MUS,4761,5,0,-1,,,,
/content/Dataset/STR/STR-PAHPPYFS.jpg,7,STR,4762,7,0,-1,,,,
/content/Dataset/LYM/LYM-VICSDNTD.jpg,3,LYM,4763,3,0,-1,,,,
/content/Dataset/LYM/LYM-QLPIKWLE.jpg,3,LYM,4764,3,0,-1,,,,
/content/Dataset/BACK/BACK-LPWGDSAK.jpg,1,BACK,4765,1,0,-1,,,,
/content/Dataset/NORM/NORM-RHSNYFMN.jpg,6,NORM,4766,6,0,-1,,,,
/content/Dataset/TUM/TUM-TSIAVENI.jpg,8,TUM,4767,8,0,-1,,,,
/content/Dataset/LYM/LYM-YNNPESTT.jpg,3,LYM,4768,3,0,-1,,,,
/content/Dataset/TUM/TUM-SLQNWNRD.jpg,8,TUM,4769,8,0,-1,,,,
/content/Dataset/NORM/NORM-QHDANFET.jpg,6,NORM,4770,6,0,-1,,,,
/content/Dataset/BACK/BACK-MMEIVQIY.jpg,1,BACK,4771,1,0,-1,,,,
/content/Dataset/NORM/NORM-MTAKGQNL.jpg,6,NORM,4772,6,0,-1,,,,
/content/Dataset/DEB/DEB-PQAIEVSL.jpg,2,DEB,4773,2,0,-1,,,,
/content/Dataset/TUM/TUM-RFFSFHTN.jpg,8,TUM,4774,8,0,-1,,,,
/content/Dataset/MUC/MUC-RTNELFDF.jpg,4,MUC,4775,4,0,-1,,,,
/content/Dataset/STR/STR-WGAKIDVH.jpg,7,STR,4776,7,0,-1,,,,
/content/Dataset/MUS/MUS-NNEYHVMT.jpg,5,MUS,4777,5,0,-1,,,,
/content/Dataset/NORM/NORM-VLIRLEVL.jpg,6,NORM,4778,6,0,-1,,,,
/content/Dataset/BACK/BACK-DRCRGHTI.jpg,1,BACK,4779,1,0,-1,,,,
/content/Dataset/DEB/DEB-TYPTTDHP.jpg,2,DEB,4780,2,0,-1,,,,
/content/Dataset/MUS/MUS-ARYWQLIW.jpg,5,MUS,4781,5,0,-1,,,,
/content/Dataset/BACK/BACK-IPPANDAP.jpg,1,BACK,4782,1,0,-1,,,,
/content/Dataset/ADI/ADI-GQCVYSMV.jpg,0,ADI,4783,0,0,-1,,,,
/content/Dataset/DEB/DEB-WQKVATCP.jpg,2,DEB,4784,2,0,-1,,,,
/content/Dataset/TUM/TUM-SHLDNPEQ.jpg,8,TUM,4785,8,0,-1,,,,
/content/Dataset/TUM/TUM-QRTPARAR.jpg,8,TUM,4786,8,0,-1,,,,
/content/Dataset/TUM/TUM-RWSPQTKW.jpg,8,TUM,4787,8,0,-1,,,,
/content/Dataset/BACK/BACK-MMVACPCL.jpg,1,BACK,4788,1,0,-1,,,,
/content/Dataset/TUM/TUM-RESLMNEQ.jpg,8,TUM,4789,8,0,-1,,,,
/content/Dataset/TUM/TUM-RHWKSIRE.jpg,8,TUM,4790,8,0,-1,,,,
/content/Dataset/MUS/MUS-APKRRLEG.jpg,5,MUS,4791,5,0,-1,,,,
/content/Dataset/MUS/MUS-SKSAALPV.jpg,5,MUS,4792,5,0,-1,,,,
/content/Dataset/BACK/BACK-KCDEPTPR.jpg,1,BACK,4793,1,0,-1,,,,
/content/Dataset/MUS/MUS-REDFHAMS.jpg,5,MUS,4794,5,0,-1,,,,
/content/Dataset/MUS/MUS-PQKGPGYA.jpg,5,MUS,4795,5,0,-1,,,,
/content/Dataset/MUC/MUC-WSVAAGEL.jpg,4,MUC,4796,4,0,-1,,,,
/content/Dataset/MUC/MUC-YNMNIMKN.jpg,4,MUC,4797,4,0,-1,,,,
/content/Dataset/STR/STR-WLGTTPVI.jpg,7,STR,4798,7,0,-1,,,,
/content/Dataset/STR/STR-PLDEEFCD.jpg,7,STR,4799,7,0,-1,,,,
/content/Dataset/BACK/BACK-AFAITITL.jpg,1,BACK,4800,1,0,-1,,,,
/content/Dataset/TUM/TUM-YLNVTINL.jpg,8,TUM,4801,8,0,-1,,,,
/content/Dataset/LYM/LYM-VIILTKSE.jpg,3,LYM,4802,3,0,-1,,,,
/content/Dataset/DEB/DEB-SHLWSNLP.jpg,2,DEB,4803,2,0,-1,,,,
/content/Dataset/MUC/MUC-QSFPMQLQ.jpg,4,MUC,4804,4,0,-1,,,,
/content/Dataset/LYM/LYM-PQQCMDVY.jpg,3,LYM,4805,3,0,-1,,,,
/content/Dataset/DEB/DEB-PREEARRS.jpg,2,DEB,4806,2,0,-1,,,,
/content/Dataset/ADI/ADI-ATDDDFCQ.jpg,0,ADI,4807,0,0,-1,,,,
/content/Dataset/DEB/DEB-QYYEPDEN.jpg,2,DEB,4808,2,0,-1,,,,
/content/Dataset/LYM/LYM-SNACPKYC.jpg,3,LYM,4809,3,0,-1,,,,
/content/Dataset/ADI/ADI-CFLDFWCN.jpg,0,ADI,4810,0,0,-1,,,,
/content/Dataset/MUS/MUS-NVIMSMTK.jpg,5,MUS,4811,5,0,-1,,,,
/content/Dataset/NORM/NORM-MNFGDDLN.jpg,6,NORM,4812,6,0,-1,,,,
/content/Dataset/STR/STR-TWWKLWYG.jpg,7,STR,4813,7,0,-1,,,,
/content/Dataset/DEB/DEB-YGCDSPKY.jpg,2,DEB,4814,2,0,-1,,,,
/content/Dataset/MUS/MUS-PCELPPQP.jpg,5,MUS,4815,5,0,-1,,,,
/content/Dataset/DEB/DEB-NQELEVPI.jpg,2,DEB,4816,2,0,-1,,,,
/content/Dataset/MUC/MUC-NDLPVWDP.jpg,4,MUC,4817,4,0,-1,,,,
/content/Dataset/NORM/NORM-VEYYGHNS.jpg,6,NORM,4818,6,0,-1,,,,
/content/Dataset/LYM/LYM-LCYFIVIS.jpg,3,LYM,4819,3,0,-1,,,,
/content/Dataset/STR/STR-YVHCPDVK.jpg,7,STR,4820,7,0,-1,,,,
/content/Dataset/BACK/BACK-FTHWGIDF.jpg,1,BACK,4821,1,0,-1,,,,
/content/Dataset/NORM/NORM-LHLRPKEC.jpg,6,NORM,4822,6,0,-1,,,,
/content/Dataset/TUM/TUM-WDQPITMA.jpg,8,TUM,4823,8,0,-1,,,,
/content/Dataset/BACK/BACK-NAGFLNDG.jpg,1,BACK,4824,1,0,-1,,,,
/content/Dataset/LYM/LYM-QPRMHFPM.jpg,3,LYM,4825,3,0,-1,,,,
/content/Dataset/MUS/MUS-PQVPCQME.jpg,5,MUS,4826,5,0,-1,,,,
/content/Dataset/DEB/DEB-YYNILSRN.jpg,2,DEB,4827,2,0,-1,,,,
/content/Dataset/TUM/TUM-TIKQTITC.jpg,8,TUM,4828,8,0,-1,,,,
/content/Dataset/DEB/DEB-PQCSIQRA.jpg,2,DEB,4829,2,0,-1,,,,
/content/Dataset/DEB/DEB-YVAENMWW.jpg,2,DEB,4830,2,0,-1,,,,
/content/Dataset/DEB/DEB-RALMKAIC.jpg,2,DEB,4831,2,0,-1,,,,
/content/Dataset/MUS/MUS-NQRCFPVN.jpg,5,MUS,4832,5,0,-1,,,,
/content/Dataset/STR/STR-NSPGMNFE.jpg,7,STR,4833,7,0,-1,,,,
/content/Dataset/ADI/ADI-AAKECYFG.jpg,0,ADI,4834,0,0,-1,,,,
/content/Dataset/NORM/NORM-SWEGNSDD.jpg,6,NORM,4835,6,0,-1,,,,
/content/Dataset/DEB/DEB-PGMVLVAC.jpg,2,DEB,4836,2,0,-1,,,,
/content/Dataset/MUC/MUC-SAVLGKKY.jpg,4,MUC,4837,4,0,-1,,,,
/content/Dataset/MUS/MUS-STTTIETG.jpg,5,MUS,4838,5,0,-1,,,,
/content/Dataset/STR/STR-PLKQGDFM.jpg,7,STR,4839,7,0,-1,,,,
/content/Dataset/LYM/LYM-RHRIEIQG.jpg,3,LYM,4840,3,0,-1,,,,
/content/Dataset/DEB/DEB-WPEPMTVH.jpg,2,DEB,4841,2,0,-1,,,,
/content/Dataset/MUS/MUS-RYFWTTTD.jpg,5,MUS,4842,5,0,-1,,,,
/content/Dataset/LYM/LYM-ADVHKFQF.jpg,3,LYM,4843,3,0,-1,,,,
/content/Dataset/TUM/TUM-YEEHVLGH.jpg,8,TUM,4844,8,0,-1,,,,
/content/Dataset/NORM/NORM-MSSELGCV.jpg,6,NORM,4845,6,0,-1,,,,
/content/Dataset/TUM/TUM-QGASGVCA.jpg,8,TUM,4846,8,0,-1,,,,
/content/Dataset/LYM/LYM-AIYKDYFT.jpg,3,LYM,4847,3,0,-1,,,,
/content/Dataset/MUC/MUC-NFMLLMKI.jpg,4,MUC,4848,4,0,-1,,,,
/content/Dataset/LYM/LYM-TYCFLEYI.jpg,3,LYM,4849,3,0,-1,,,,
/content/Dataset/NORM/NORM-RVIDNFNI.jpg,6,NORM,4850,6,0,-1,,,,
/content/Dataset/DEB/DEB-ACTERSVL.jpg,2,DEB,4851,2,0,-1,,,,
/content/Dataset/ADI/ADI-DGWHMELG.jpg,0,ADI,4852,0,0,-1,,,,
/content/Dataset/NORM/NORM-MNVYCLTK.jpg,6,NORM,4853,6,0,-1,,,,
/content/Dataset/NORM/NORM-ANFGTMRH.jpg,6,NORM,4854,6,0,-1,,,,
/content/Dataset/BACK/BACK-KHPQVAFY.jpg,1,BACK,4855,1,0,-1,,,,
/content/Dataset/TUM/TUM-YYKASVKE.jpg,8,TUM,4856,8,0,-1,,,,
/content/Dataset/MUS/MUS-QPQMRCPT.jpg,5,MUS,4857,5,0,-1,,,,
/content/Dataset/STR/STR-TQWVMPTM.jpg,7,STR,4858,7,0,-1,,,,
/content/Dataset/TUM/TUM-SHCYMHHM.jpg,8,TUM,4859,8,0,-1,,,,
/content/Dataset/ADI/ADI-GGYGIWFF.jpg,0,ADI,4860,0,0,-1,,,,
/content/Dataset/MUS/MUS-SPLNPWPC.jpg,5,MUS,4861,5,0,-1,,,,
/content/Dataset/DEB/DEB-TDIHKQSI.jpg,2,DEB,4862,2,0,-1,,,,
/content/Dataset/MUC/MUC-VINDMHDI.jpg,4,MUC,4863,4,0,-1,,,,
/content/Dataset/NORM/NORM-MSVFQFPY.jpg,6,NORM,4864,6,0,-1,,,,
/content/Dataset/MUS/MUS-RESKDYTI.jpg,5,MUS,4865,5,0,-1,,,,
/content/Dataset/ADI/ADI-DEHMKLCL.jpg,0,ADI,4866,0,0,-1,,,,
/content/Dataset/MUS/MUS-PGASPDIG.jpg,5,MUS,4867,5,0,-1,,,,
/content/Dataset/DEB/DEB-NPCRLYGY.jpg,2,DEB,4868,2,0,-1,,,,
/content/Dataset/STR/STR-PLMTWEFI.jpg,7,STR,4869,7,0,-1,,,,
/content/Dataset/NORM/NORM-NSIFWAGK.jpg,6,NORM,4870,6,0,-1,,,,
/content/Dataset/ADI/ADI-ETVVNCAM.jpg,0,ADI,4871,0,0,-1,,,,
/content/Dataset/DEB/DEB-QENWCMRP.jpg,2,DEB,4872,2,0,-1,,,,
/content/Dataset/NORM/NORM-LMEMDANW.jpg,6,NORM,4873,6,0,-1,,,,
/content/Dataset/MUC/MUC-YDGKQYGQ.jpg,4,MUC,4874,4,0,-1,,,,
/content/Dataset/ADI/ADI-ICMRPLCY.jpg,0,ADI,4875,0,0,-1,,,,
/content/Dataset/STR/STR-WNYPRCTD.jpg,7,STR,4876,7,0,-1,,,,
/content/Dataset/BACK/BACK-AHDWFPQN.jpg,1,BACK,4877,1,0,-1,,,,
/content/Dataset/STR/STR-VAGWRCHM.jpg,7,STR,4878,7,0,-1,,,,
/content/Dataset/MUS/MUS-RKSWREIS.jpg,5,MUS,4879,5,0,-1,,,,
/content/Dataset/NORM/NORM-QELNRQFV.jpg,6,NORM,4880,6,0,-1,,,,
/content/Dataset/NORM/NORM-TYPRSTKK.jpg,6,NORM,4881,6,0,-1,,,,
/content/Dataset/TUM/TUM-QETDGSNM.jpg,8,TUM,4882,8,0,-1,,,,
/content/Dataset/BACK/BACK-LDRYWLAP.jpg,1,BACK,4883,1,0,-1,,,,
/content/Dataset/STR/STR-MSLDDCIL.jpg,7,STR,4884,7,0,-1,,,,
/content/Dataset/LYM/LYM-EVVPKMLD.jpg,3,LYM,4885,3,0,-1,,,,
/content/Dataset/DEB/DEB-YKKQISDM.jpg,2,DEB,4886,2,0,-1,,,,
/content/Dataset/TUM/TUM-WLHVCQFF.jpg,8,TUM,4887,8,0,-1,,,,
/content/Dataset/STR/STR-PLLLRWLS.jpg,7,STR,4888,7,0,-1,,,,
/content/Dataset/LYM/LYM-VFQCPILM.jpg,3,LYM,4889,3,0,-1,,,,
/content/Dataset/TUM/TUM-SFDVMLHI.jpg,8,TUM,4890,8,0,-1,,,,
/content/Dataset/DEB/DEB-TLWENHYW.jpg,2,DEB,4891,2,0,-1,,,,
/content/Dataset/MUS/MUS-RAVSQCRD.jpg,5,MUS,4892,5,0,-1,,,,
/content/Dataset/BACK/BACK-MCCNHQQY.jpg,1,BACK,4893,1,0,-1,,,,
/content/Dataset/ADI/ADI-FVPPMHHI.jpg,0,ADI,4894,0,0,-1,,,,
/content/Dataset/TUM/TUM-VFFDGWMH.jpg,8,TUM,4895,8,0,-1,,,,
/content/Dataset/DEB/DEB-PMKIFGAH.jpg,2,DEB,4896,2,0,-1,,,,
/content/Dataset/ADI/ADI-EATCEALR.jpg,0,ADI,4897,0,0,-1,,,,
/content/Dataset/ADI/ADI-DMMMVGQI.jpg,0,ADI,4898,0,0,-1,,,,
/content/Dataset/BACK/BACK-ITEHCTDM.jpg,1,BACK,4899,1,0,-1,,,,
/content/Dataset/BACK/BACK-LDWHPFVA.jpg,1,BACK,4900,1,0,-1,,,,
/content/Dataset/DEB/DEB-YPCGTVKN.jpg,2,DEB,4901,2,0,-1,,,,
/content/Dataset/BACK/BACK-AIKAEYTI.jpg,1,BACK,4902,1,0,-1,,,,
/content/Dataset/BACK/BACK-PDHMVSPW.jpg,1,BACK,4903,1,0,-1,,,,
/content/Dataset/LYM/LYM-YNSGVITI.jpg,3,LYM,4904,3,0,-1,,,,
/content/Dataset/MUC/MUC-RHNHQKKW.jpg,4,MUC,4905,4,0,-1,,,,
/content/Dataset/MUS/MUS-ARIKLYSM.jpg,5,MUS,4906,5,0,-1,,,,
/content/Dataset/DEB/DEB-NPHRHDSF.jpg,2,DEB,4907,2,0,-1,,,,
/content/Dataset/MUS/MUS-PCDKIKHL.jpg,5,MUS,4908,5,0,-1,,,,
/content/Dataset/MUC/MUC-TCSSAQTD.jpg,4,MUC,4909,4,0,-1,,,,
/content/Dataset/ADI/ADI-FERICYFG.jpg,0,ADI,4910,0,0,-1,,,,
/content/Dataset/ADI/ADI-CLAKHDYT.jpg,0,ADI,4911,0,0,-1,,,,
/content/Dataset/TUM/TUM-WFIGYFHE.jpg,8,TUM,4912,8,0,-1,,,,
/content/Dataset/BACK/BACK-LKNNSCNE.jpg,1,BACK,4913,1,0,-1,,,,
/content/Dataset/STR/STR-AALPFLFW.jpg,7,STR,4914,7,0,-1,,,,
/content/Dataset/STR/STR-YMCVGMYD.jpg,7,STR,4915,7,0,-1,,,,
/content/Dataset/MUC/MUC-CFRCTVLF.jpg,4,MUC,4916,4,0,-1,,,,
/content/Dataset/TUM/TUM-RVYLLHQM.jpg,8,TUM,4917,8,0,-1,,,,
/content/Dataset/TUM/TUM-SNLENFMY.jpg,8,TUM,4918,8,0,-1,,,,
/content/Dataset/TUM/TUM-QIPPGPNG.jpg,8,TUM,4919,8,0,-1,,,,
/content/Dataset/TUM/TUM-VHKAAIYT.jpg,8,TUM,4920,8,0,-1,,,,
/content/Dataset/DEB/DEB-WHVGCHAL.jpg,2,DEB,4921,2,0,-1,,,,
/content/Dataset/BACK/BACK-FGVQFTNR.jpg,1,BACK,4922,1,0,-1,,,,
/content/Dataset/ADI/ADI-CCAVCGRH.jpg,0,ADI,4923,0,0,-1,,,,
/content/Dataset/DEB/DEB-WDAYMRIC.jpg,2,DEB,4924,2,0,-1,,,,
/content/Dataset/NORM/NORM-MHWCNKMN.jpg,6,NORM,4925,6,0,-1,,,,
/content/Dataset/ADI/ADI-ERYNVTFY.jpg,0,ADI,4926,0,0,-1,,,,
/content/Dataset/BACK/BACK-LWYNCPPM.jpg,1,BACK,4927,1,0,-1,,,,
/content/Dataset/LYM/LYM-SVFPAGRC.jpg,3,LYM,4928,3,0,-1,,,,
/content/Dataset/TUM/TUM-SWSHQMFQ.jpg,8,TUM,4929,8,0,-1,,,,
/content/Dataset/LYM/LYM-TWAAHDDV.jpg,3,LYM,4930,3,0,-1,,,,
/content/Dataset/TUM/TUM-QILPEWNN.jpg,8,TUM,4931,8,0,-1,,,,
/content/Dataset/MUS/MUS-QADWYCTE.jpg,5,MUS,4932,5,0,-1,,,,
/content/Dataset/LYM/LYM-SKRWRPRC.jpg,3,LYM,4933,3,0,-1,,,,
/content/Dataset/ADI/ADI-DHIVWTMY.jpg,0,ADI,4934,0,0,-1,,,,
/content/Dataset/BACK/BACK-MHDYQIMK.jpg,1,BACK,4935,1,0,-1,,,,
/content/Dataset/ADI/ADI-GQQDAHCW.jpg,0,ADI,4936,0,0,-1,,,,
/content/Dataset/DEB/DEB-SPYGAVRR.jpg,2,DEB,4937,2,0,-1,,,,
/content/Dataset/STR/STR-PTNFIEHD.jpg,7,STR,4938,7,0,-1,,,,
/content/Dataset/LYM/LYM-SEPMPIFQ.jpg,3,LYM,4939,3,0,-1,,,,
/content/Dataset/NORM/NORM-WHKIMPEV.jpg,6,NORM,4940,6,0,-1,,,,
/content/Dataset/STR/STR-PLCDPHNS.jpg,7,STR,4941,7,0,-1,,,,
/content/Dataset/DEB/DEB-PNYYMTGR.jpg,2,DEB,4942,2,0,-1,,,,
/content/Dataset/TUM/TUM-WTDPWHQV.jpg,8,TUM,4943,8,0,-1,,,,
/content/Dataset/TUM/TUM-SVGDGWCY.jpg,8,TUM,4944,8,0,-1,,,,
/content/Dataset/TUM/TUM-WYTAVLPQ.jpg,8,TUM,4945,8,0,-1,,,,
/content/Dataset/BACK/BACK-IKFNVIGS.jpg,1,BACK,4946,1,0,-1,,,,
/content/Dataset/TUM/TUM-YCYKCNFM.jpg,8,TUM,4947,8,0,-1,,,,
/content/Dataset/STR/STR-VTAWSSPF.jpg,7,STR,4948,7,0,-1,,,,
/content/Dataset/STR/STR-QFRYQHHD.jpg,7,STR,4949,7,0,-1,,,,
/content/Dataset/TUM/TUM-WSMMKVNP.jpg,8,TUM,4950,8,0,-1,,,,
/content/Dataset/ADI/ADI-CEHNLTFY.jpg,0,ADI,4951,0,0,-1,,,,
/content/Dataset/NORM/NORM-AFYRQFCE.jpg,6,NORM,4952,6,0,-1,,,,
/content/Dataset/MUC/MUC-AAFLMMCV.jpg,4,MUC,4953,4,0,-1,,,,
/content/Dataset/ADI/ADI-FQTLHPKS.jpg,0,ADI,4954,0,0,-1,,,,
/content/Dataset/ADI/ADI-FVQEFREH.jpg,0,ADI,4955,0,0,-1,,,,
/content/Dataset/ADI/ADI-ELRHFRKI.jpg,0,ADI,4956,0,0,-1,,,,
/content/Dataset/STR/STR-SLWCNECV.jpg,7,STR,4957,7,0,-1,,,,
/content/Dataset/MUS/MUS-AMLPQKKN.jpg,5,MUS,4958,5,0,-1,,,,
/content/Dataset/STR/STR-TVNHYEHF.jpg,7,STR,4959,7,0,-1,,,,
/content/Dataset/NORM/NORM-TTFCIKHL.jpg,6,NORM,4960,6,0,-1,,,,
/content/Dataset/STR/STR-QTTHRCDE.jpg,7,STR,4961,7,0,-1,,,,
/content/Dataset/TUM/TUM-STFTSNLT.jpg,8,TUM,4962,8,0,-1,,,,
/content/Dataset/BACK/BACK-AHSPWHPK.jpg,1,BACK,4963,1,0,-1,,,,
/content/Dataset/MUC/MUC-TLVNVIGH.jpg,4,MUC,4964,4,0,-1,,,,
/content/Dataset/STR/STR-VGGSSVHA.jpg,7,STR,4965,7,0,-1,,,,
/content/Dataset/NORM/NORM-AKEWLRWT.jpg,6,NORM,4966,6,0,-1,,,,
/content/Dataset/NORM/NORM-PMVAVMCA.jpg,6,NORM,4967,6,0,-1,,,,
/content/Dataset/TUM/TUM-VMAVTMFS.jpg,8,TUM,4968,8,0,-1,,,,
/content/Dataset/BACK/BACK-KDQQYLVT.jpg,1,BACK,4969,1,0,-1,,,,
/content/Dataset/MUC/MUC-AIGTSRKP.jpg,4,MUC,4970,4,0,-1,,,,
/content/Dataset/MUS/MUS-AHFEHMLP.jpg,5,MUS,4971,5,0,-1,,,,
/content/Dataset/MUC/MUC-WVADYCYE.jpg,4,MUC,4972,4,0,-1,,,,
/content/Dataset/BACK/BACK-MALNYLIV.jpg,1,BACK,4973,1,0,-1,,,,
/content/Dataset/MUC/MUC-TGICSQDW.jpg,4,MUC,4974,4,0,-1,,,,
/content/Dataset/ADI/ADI-DDYCYYIH.jpg,0,ADI,4975,0,0,-1,,,,
/content/Dataset/TUM/TUM-VEVSIDKL.jpg,8,TUM,4976,8,0,-1,,,,
/content/Dataset/DEB/DEB-YGFWCAKY.jpg,2,DEB,4977,2,0,-1,,,,
/content/Dataset/BACK/BACK-DQADAARF.jpg,1,BACK,4978,1,0,-1,,,,
/content/Dataset/LYM/LYM-QEGDNMDS.jpg,3,LYM,4979,3,0,-1,,,,
/content/Dataset/STR/STR-WWWMACWT.jpg,7,STR,4980,7,0,-1,,,,
/content/Dataset/STR/STR-NKDNVHKI.jpg,7,STR,4981,7,0,-1,,,,
/content/Dataset/BACK/BACK-KIMNTTAE.jpg,1,BACK,4982,1,0,-1,,,,
/content/Dataset/NORM/NORM-NKKCTWNQ.jpg,6,NORM,4983,6,0,-1,,,,
/content/Dataset/TUM/TUM-VKLWQNCW.jpg,8,TUM,4984,8,0,-1,,,,
/content/Dataset/BACK/BACK-LIQMGTNV.jpg,1,BACK,4985,1,0,-1,,,,
/content/Dataset/TUM/TUM-RDECMIFM.jpg,8,TUM,4986,8,0,-1,,,,
/content/Dataset/ADI/ADI-GCSGDPAL.jpg,0,ADI,4987,0,0,-1,,,,
/content/Dataset/STR/STR-QFTWNGGG.jpg,7,STR,4988,7,0,-1,,,,
/content/Dataset/DEB/DEB-NVKWFMTR.jpg,2,DEB,4989,2,0,-1,,,,
/content/Dataset/MUS/MUS-RWHGQNGC.jpg,5,MUS,4990,5,0,-1,,,,
/content/Dataset/DEB/DEB-PPCWGHCW.jpg,2,DEB,4991,2,0,-1,,,,
/content/Dataset/NORM/NORM-RVQWCDIQ.jpg,6,NORM,4992,6,0,-1,,,,
/content/Dataset/TUM/TUM-YWVCKIIG.jpg,8,TUM,4993,8,0,-1,,,,
/content/Dataset/LYM/LYM-PVTHHGWV.jpg,3,LYM,4994,3,0,-1,,,,
/content/Dataset/MUS/MUS-RKCFLRTL.jpg,5,MUS,4995,5,0,-1,,,,
/content/Dataset/MUS/MUS-QDFQDVKC.jpg,5,MUS,4996,5,0,-1,,,,
/content/Dataset/NORM/NORM-SIKDVRPI.jpg,6,NORM,4997,6,0,-1,,,,
/content/Dataset/STR/STR-QFLSGECK.jpg,7,STR,4998,7,0,-1,,,,
/content/Dataset/MUC/MUC-NMALSRYK.jpg,4,MUC,4999,4,0,-1,,,,
/content/Dataset/MUC/MUC-TNCAAAQR.jpg,4,MUC,5000,4,0,-1,,,,
/content/Dataset/MUC/MUC-PWPILSCL.jpg,4,MUC,5001,4,0,-1,,,,
/content/Dataset/ADI/ADI-DGLSNLII.jpg,0,ADI,5002,0,0,-1,,,,
/content/Dataset/MUC/MUC-YGTQVYID.jpg,4,MUC,5003,4,0,-1,,,,
/content/Dataset/ADI/ADI-AMKTFWYD.jpg,0,ADI,5004,0,0,-1,,,,
/content/Dataset/ADI/ADI-EPDIFIDV.jpg,0,ADI,5005,0,0,-1,,,,
/content/Dataset/STR/STR-QECAPFGR.jpg,7,STR,5006,7,0,-1,,,,
/content/Dataset/TUM/TUM-QMCSGSCW.jpg,8,TUM,5007,8,0,-1,,,,
/content/Dataset/STR/STR-VAPSLTAV.jpg,7,STR,5008,7,0,-1,,,,
/content/Dataset/BACK/BACK-LKTMSTAE.jpg,1,BACK,5009,1,0,-1,,,,
/content/Dataset/MUS/MUS-CHPYNEWV.jpg,5,MUS,5010,5,0,-1,,,,
/content/Dataset/MUS/MUS-SWTHKTIA.jpg,5,MUS,5011,5,0,-1,,,,
/content/Dataset/LYM/LYM-EFPMFGHL.jpg,3,LYM,5012,3,0,-1,,,,
/content/Dataset/ADI/ADI-EEDVCPWR.jpg,0,ADI,5013,0,0,-1,,,,
/content/Dataset/STR/STR-MVGAYTTS.jpg,7,STR,5014,7,0,-1,,,,
/content/Dataset/LYM/LYM-AEPYEREE.jpg,3,LYM,5015,3,0,-1,,,,
/content/Dataset/MUC/MUC-NFPDSWCH.jpg,4,MUC,5016,4,0,-1,,,,
/content/Dataset/LYM/LYM-QSCHKHKG.jpg,3,LYM,5017,3,0,-1,,,,
/content/Dataset/DEB/DEB-WGDTDEIR.jpg,2,DEB,5018,2,0,-1,,,,
/content/Dataset/STR/STR-WEKHNPFH.jpg,7,STR,5019,7,0,-1,,,,
/content/Dataset/MUS/MUS-PMGQIPIH.jpg,5,MUS,5020,5,0,-1,,,,
/content/Dataset/TUM/TUM-RVFYYGQF.jpg,8,TUM,5021,8,0,-1,,,,
/content/Dataset/MUC/MUC-WSSFITPR.jpg,4,MUC,5022,4,0,-1,,,,
/content/Dataset/MUS/MUS-SAISIMDQ.jpg,5,MUS,5023,5,0,-1,,,,
/content/Dataset/ADI/ADI-CQWLFTCQ.jpg,0,ADI,5024,0,0,-1,,,,
/content/Dataset/MUS/MUS-QFPWVKCD.jpg,5,MUS,5025,5,0,-1,,,,
/content/Dataset/NORM/NORM-MFLEMFSV.jpg,6,NORM,5026,6,0,-1,,,,
/content/Dataset/MUC/MUC-YFGTRKRG.jpg,4,MUC,5027,4,0,-1,,,,
/content/Dataset/MUC/MUC-CWDDHPHW.jpg,4,MUC,5028,4,0,-1,,,,
/content/Dataset/MUS/MUS-SDFHRTWR.jpg,5,MUS,5029,5,0,-1,,,,
/content/Dataset/NORM/NORM-QFHTSNRQ.jpg,6,NORM,5030,6,0,-1,,,,
/content/Dataset/MUS/MUS-VHGNRIIH.jpg,5,MUS,5031,5,0,-1,,,,
/content/Dataset/MUC/MUC-SIKAHGHY.jpg,4,MUC,5032,4,0,-1,,,,
/content/Dataset/ADI/ADI-FRSPREAM.jpg,0,ADI,5033,0,0,-1,,,,
/content/Dataset/DEB/DEB-PNMDAAIP.jpg,2,DEB,5034,2,0,-1,,,,
/content/Dataset/NORM/NORM-SQIHARAQ.jpg,6,NORM,5035,6,0,-1,,,,
/content/Dataset/NORM/NORM-AIIVTHVI.jpg,6,NORM,5036,6,0,-1,,,,
/content/Dataset/DEB/DEB-PSMHWCRN.jpg,2,DEB,5037,2,0,-1,,,,
/content/Dataset/STR/STR-NVFKKINY.jpg,7,STR,5038,7,0,-1,,,,
/content/Dataset/BACK/BACK-AGEMSKCT.jpg,1,BACK,5039,1,0,-1,,,,
/content/Dataset/TUM/TUM-QPNIKAPH.jpg,8,TUM,5040,8,0,-1,,,,
/content/Dataset/DEB/DEB-YLWWVKKP.jpg,2,DEB,5041,2,0,-1,,,,
/content/Dataset/NORM/NORM-VYDVQAGI.jpg,6,NORM,5042,6,0,-1,,,,
/content/Dataset/MUC/MUC-YNTHNASD.jpg,4,MUC,5043,4,0,-1,,,,
/content/Dataset/BACK/BACK-LQFPCNLE.jpg,1,BACK,5044,1,0,-1,,,,
/content/Dataset/MUS/MUS-NWTEFDNN.jpg,5,MUS,5045,5,0,-1,,,,
/content/Dataset/BACK/BACK-KGYPDMLK.jpg,1,BACK,5046,1,0,-1,,,,
/content/Dataset/ADI/ADI-GAKDVFLE.jpg,0,ADI,5047,0,0,-1,,,,
/content/Dataset/MUS/MUS-PNRCDDHP.jpg,5,MUS,5048,5,0,-1,,,,
/content/Dataset/TUM/TUM-RKVVYSFN.jpg,8,TUM,5049,8,0,-1,,,,
/content/Dataset/LYM/LYM-QSYDCFVW.jpg,3,LYM,5050,3,0,-1,,,,
/content/Dataset/MUC/MUC-QPLLLPPF.jpg,4,MUC,5051,4,0,-1,,,,
/content/Dataset/BACK/BACK-NQGVNYYP.jpg,1,BACK,5052,1,0,-1,,,,
/content/Dataset/NORM/NORM-YSGASERF.jpg,6,NORM,5053,6,0,-1,,,,
/content/Dataset/NORM/NORM-VKFTDPDN.jpg,6,NORM,5054,6,0,-1,,,,
/content/Dataset/BACK/BACK-IKMTKVRP.jpg,1,BACK,5055,1,0,-1,,,,
/content/Dataset/NORM/NORM-TPICCYRA.jpg,6,NORM,5056,6,0,-1,,,,
/content/Dataset/DEB/DEB-WCKEIHDE.jpg,2,DEB,5057,2,0,-1,,,,
/content/Dataset/DEB/DEB-SIQYYKLK.jpg,2,DEB,5058,2,0,-1,,,,
/content/Dataset/TUM/TUM-SLICEGDV.jpg,8,TUM,5059,8,0,-1,,,,
/content/Dataset/TUM/TUM-YPHQTQLH.jpg,8,TUM,5060,8,0,-1,,,,
/content/Dataset/NORM/NORM-RMFFFMAP.jpg,6,NORM,5061,6,0,-1,,,,
/content/Dataset/BACK/BACK-LRANIHVW.jpg,1,BACK,5062,1,0,-1,,,,
/content/Dataset/MUC/MUC-TWEEIKIA.jpg,4,MUC,5063,4,0,-1,,,,
/content/Dataset/DEB/DEB-QKEGQDCG.jpg,2,DEB,5064,2,0,-1,,,,
/content/Dataset/STR/STR-VCYVRFDH.jpg,7,STR,5065,7,0,-1,,,,
/content/Dataset/DEB/DEB-YIEEVWFP.jpg,2,DEB,5066,2,0,-1,,,,
/content/Dataset/ADI/ADI-FAMSQCPW.jpg,0,ADI,5067,0,0,-1,,,,
/content/Dataset/STR/STR-QVATTYYT.jpg,7,STR,5068,7,0,-1,,,,
/content/Dataset/BACK/BACK-LFNYECNQ.jpg,1,BACK,5069,1,0,-1,,,,
/content/Dataset/MUC/MUC-WRRVTAFV.jpg,4,MUC,5070,4,0,-1,,,,
/content/Dataset/TUM/TUM-VQHPECTE.jpg,8,TUM,5071,8,0,-1,,,,
/content/Dataset/MUC/MUC-TMLSHGSV.jpg,4,MUC,5072,4,0,-1,,,,
/content/Dataset/TUM/TUM-VMHPRWML.jpg,8,TUM,5073,8,0,-1,,,,
/content/Dataset/BACK/BACK-NRVKQHHE.jpg,1,BACK,5074,1,0,-1,,,,
/content/Dataset/TUM/TUM-TAVTWDNF.jpg,8,TUM,5075,8,0,-1,,,,
/content/Dataset/LYM/LYM-RNWGLPPD.jpg,3,LYM,5076,3,0,-1,,,,
/content/Dataset/ADI/ADI-AWWTIYAR.jpg,0,ADI,5077,0,0,-1,,,,
/content/Dataset/MUC/MUC-YKNILGLH.jpg,4,MUC,5078,4,0,-1,,,,
/content/Dataset/MUS/MUS-RINADYQC.jpg,5,MUS,5079,5,0,-1,,,,
/content/Dataset/NORM/NORM-LDKWMYMY.jpg,6,NORM,5080,6,0,-1,,,,
/content/Dataset/STR/STR-RDQKYVYH.jpg,7,STR,5081,7,0,-1,,,,
/content/Dataset/ADI/ADI-HNKVRKVW.jpg,0,ADI,5082,0,0,-1,,,,
/content/Dataset/TUM/TUM-WQDTVQEC.jpg,8,TUM,5083,8,0,-1,,,,
/content/Dataset/TUM/TUM-SHLPAHHV.jpg,8,TUM,5084,8,0,-1,,,,
/content/Dataset/TUM/TUM-SLGKAHQI.jpg,8,TUM,5085,8,0,-1,,,,
/content/Dataset/BACK/BACK-IRQVFWGP.jpg,1,BACK,5086,1,0,-1,,,,
/content/Dataset/BACK/BACK-KGTVCEWL.jpg,1,BACK,5087,1,0,-1,,,,
/content/Dataset/DEB/DEB-ACCHQSFC.jpg,2,DEB,5088,2,0,-1,,,,
/content/Dataset/MUC/MUC-PSSRCVEW.jpg,4,MUC,5089,4,0,-1,,,,
/content/Dataset/ADI/ADI-AAAMHQMK.jpg,0,ADI,5090,0,0,-1,,,,
/content/Dataset/DEB/DEB-SPGLDPNL.jpg,2,DEB,5091,2,0,-1,,,,
/content/Dataset/MUC/MUC-QHMHPGEV.jpg,4,MUC,5092,4,0,-1,,,,
/content/Dataset/TUM/TUM-WTSAREFD.jpg,8,TUM,5093,8,0,-1,,,,
/content/Dataset/LYM/LYM-PMGVGTPD.jpg,3,LYM,5094,3,0,-1,,,,
/content/Dataset/MUC/MUC-WQSLHWHS.jpg,4,MUC,5095,4,0,-1,,,,
/content/Dataset/STR/STR-TCRDCHDM.jpg,7,STR,5096,7,0,-1,,,,
/content/Dataset/TUM/TUM-QGNRLCCE.jpg,8,TUM,5097,8,0,-1,,,,
/content/Dataset/NORM/NORM-YQMDRSTC.jpg,6,NORM,5098,6,0,-1,,,,
/content/Dataset/NORM/NORM-SLKHLVRK.jpg,6,NORM,5099,6,0,-1,,,,
/content/Dataset/DEB/DEB-YISYWEHH.jpg,2,DEB,5100,2,0,-1,,,,
/content/Dataset/BACK/BACK-NLFTDHWG.jpg,1,BACK,5101,1,0,-1,,,,
/content/Dataset/DEB/DEB-VFSASSGR.jpg,2,DEB,5102,2,0,-1,,,,
/content/Dataset/LYM/LYM-QDDIIAGA.jpg,3,LYM,5103,3,0,-1,,,,
/content/Dataset/STR/STR-PPSDINHF.jpg,7,STR,5104,7,0,-1,,,,
/content/Dataset/BACK/BACK-LYPPCQHK.jpg,1,BACK,5105,1,0,-1,,,,
/content/Dataset/DEB/DEB-PGHVFLIC.jpg,2,DEB,5106,2,0,-1,,,,
/content/Dataset/LYM/LYM-GTYCNLNA.jpg,3,LYM,5107,3,0,-1,,,,
/content/Dataset/MUC/MUC-GDAPANWG.jpg,4,MUC,5108,4,0,-1,,,,
/content/Dataset/MUC/MUC-NRYQPTDT.jpg,4,MUC,5109,4,0,-1,,,,
/content/Dataset/ADI/ADI-HHRIRPEI.jpg,0,ADI,5110,0,0,-1,,,,
/content/Dataset/DEB/DEB-SCCWDEHG.jpg,2,DEB,5111,2,0,-1,,,,
/content/Dataset/MUS/MUS-QEVYTIPW.jpg,5,MUS,5112,5,0,-1,,,,
/content/Dataset/BACK/BACK-KTTAYWYA.jpg,1,BACK,5113,1,0,-1,,,,
/content/Dataset/STR/STR-WEQQDECR.jpg,7,STR,5114,7,0,-1,,,,
/content/Dataset/MUC/MUC-ADYGAHLG.jpg,4,MUC,5115,4,0,-1,,,,
/content/Dataset/TUM/TUM-SDQRCADD.jpg,8,TUM,5116,8,0,-1,,,,
/content/Dataset/DEB/DEB-QLWTTNVC.jpg,2,DEB,5117,2,0,-1,,,,
/content/Dataset/MUS/MUS-CDWMSGQT.jpg,5,MUS,5118,5,0,-1,,,,
/content/Dataset/STR/STR-TRGLHKCI.jpg,7,STR,5119,7,0,-1,,,,
/content/Dataset/BACK/BACK-KKFVMRAQ.jpg,1,BACK,5120,1,0,-1,,,,
/content/Dataset/MUC/MUC-RDNLPIKV.jpg,4,MUC,5121,4,0,-1,,,,
/content/Dataset/STR/STR-THMYDMIP.jpg,7,STR,5122,7,0,-1,,,,
/content/Dataset/STR/STR-PIVFKPKT.jpg,7,STR,5123,7,0,-1,,,,
/content/Dataset/NORM/NORM-NPRWCCWQ.jpg,6,NORM,5124,6,0,-1,,,,
/content/Dataset/DEB/DEB-WINHDSSR.jpg,2,DEB,5125,2,0,-1,,,,
/content/Dataset/STR/STR-ACSEMEPC.jpg,7,STR,5126,7,0,-1,,,,
/content/Dataset/MUC/MUC-AKYNIWGY.jpg,4,MUC,5127,4,0,-1,,,,
/content/Dataset/MUS/MUS-CGVASYYS.jpg,5,MUS,5128,5,0,-1,,,,
/content/Dataset/STR/STR-RSNDHQMS.jpg,7,STR,5129,7,0,-1,,,,
/content/Dataset/MUS/MUS-RGKEWRRH.jpg,5,MUS,5130,5,0,-1,,,,
/content/Dataset/NORM/NORM-PQLYGTWE.jpg,6,NORM,5131,6,0,-1,,,,
/content/Dataset/TUM/TUM-TNNGEIKV.jpg,8,TUM,5132,8,0,-1,,,,
/content/Dataset/DEB/DEB-YIPEFATQ.jpg,2,DEB,5133,2,0,-1,,,,
/content/Dataset/DEB/DEB-VMSWYMNH.jpg,2,DEB,5134,2,0,-1,,,,
/content/Dataset/STR/STR-WGRKMLMA.jpg,7,STR,5135,7,0,-1,,,,
/content/Dataset/DEB/DEB-QTYYIIWG.jpg,2,DEB,5136,2,0,-1,,,,
/content/Dataset/MUS/MUS-SAFPKSGQ.jpg,5,MUS,5137,5,0,-1,,,,
/content/Dataset/MUS/MUS-QCGREFVA.jpg,5,MUS,5138,5,0,-1,,,,
/content/Dataset/DEB/DEB-QHVYFWKH.jpg,2,DEB,5139,2,0,-1,,,,
/content/Dataset/LYM/LYM-VHDEGCIE.jpg,3,LYM,5140,3,0,-1,,,,
/content/Dataset/NORM/NORM-SDMEFMKG.jpg,6,NORM,5141,6,0,-1,,,,
/content/Dataset/MUS/MUS-AQFLKQGP.jpg,5,MUS,5142,5,0,-1,,,,
/content/Dataset/MUS/MUS-CAKMVTLF.jpg,5,MUS,5143,5,0,-1,,,,
/content/Dataset/STR/STR-MLTQIQGS.jpg,7,STR,5144,7,0,-1,,,,
/content/Dataset/STR/STR-YARQRDNH.jpg,7,STR,5145,7,0,-1,,,,
/content/Dataset/MUC/MUC-TKVVWTRS.jpg,4,MUC,5146,4,0,-1,,,,
/content/Dataset/LYM/LYM-SMRRLMQK.jpg,3,LYM,5147,3,0,-1,,,,
/content/Dataset/NORM/NORM-TDDYHRKV.jpg,6,NORM,5148,6,0,-1,,,,
/content/Dataset/LYM/LYM-QHCECEGM.jpg,3,LYM,5149,3,0,-1,,,,
/content/Dataset/ADI/ADI-EKPTYWSV.jpg,0,ADI,5150,0,0,-1,,,,
/content/Dataset/DEB/DEB-VYKFWKHN.jpg,2,DEB,5151,2,0,-1,,,,
/content/Dataset/LYM/LYM-APSCIKHF.jpg,3,LYM,5152,3,0,-1,,,,
/content/Dataset/BACK/BACK-NVPNPKMD.jpg,1,BACK,5153,1,0,-1,,,,
/content/Dataset/LYM/LYM-TWMDRYPQ.jpg,3,LYM,5154,3,0,-1,,,,
/content/Dataset/MUS/MUS-PASAWKLY.jpg,5,MUS,5155,5,0,-1,,,,
/content/Dataset/MUS/MUS-SAFVDYWM.jpg,5,MUS,5156,5,0,-1,,,,
/content/Dataset/TUM/TUM-SEECTSII.jpg,8,TUM,5157,8,0,-1,,,,
/content/Dataset/LYM/LYM-PSRQWQCT.jpg,3,LYM,5158,3,0,-1,,,,
/content/Dataset/NORM/NORM-LNIDIPAE.jpg,6,NORM,5159,6,0,-1,,,,
/content/Dataset/BACK/BACK-KNRMPEET.jpg,1,BACK,5160,1,0,-1,,,,
/content/Dataset/DEB/DEB-VWRWPCRL.jpg,2,DEB,5161,2,0,-1,,,,
/content/Dataset/ADI/ADI-IFSDMSHH.jpg,0,ADI,5162,0,0,-1,,,,
/content/Dataset/MUC/MUC-YRGLDSKR.jpg,4,MUC,5163,4,0,-1,,,,
/content/Dataset/STR/STR-YHRMNAGH.jpg,7,STR,5164,7,0,-1,,,,
/content/Dataset/MUC/MUC-AFKPMWCV.jpg,4,MUC,5165,4,0,-1,,,,
/content/Dataset/TUM/TUM-RMPDEWNT.jpg,8,TUM,5166,8,0,-1,,,,
/content/Dataset/TUM/TUM-QRIVGWIL.jpg,8,TUM,5167,8,0,-1,,,,
/content/Dataset/STR/STR-TLQCEVCK.jpg,7,STR,5168,7,0,-1,,,,
/content/Dataset/STR/STR-RFDVSLTS.jpg,7,STR,5169,7,0,-1,,,,
/content/Dataset/MUC/MUC-WMSKYNVD.jpg,4,MUC,5170,4,0,-1,,,,
/content/Dataset/BACK/BACK-ITLAWFHN.jpg,1,BACK,5171,1,0,-1,,,,
/content/Dataset/NORM/NORM-WDNTCGGT.jpg,6,NORM,5172,6,0,-1,,,,
/content/Dataset/DEB/DEB-PFIYHPDW.jpg,2,DEB,5173,2,0,-1,,,,
/content/Dataset/DEB/DEB-STTRYEHK.jpg,2,DEB,5174,2,0,-1,,,,
/content/Dataset/NORM/NORM-YMTCRFLY.jpg,6,NORM,5175,6,0,-1,,,,
/content/Dataset/ADI/ADI-CDTRIKGF.jpg,0,ADI,5176,0,0,-1,,,,
/content/Dataset/NORM/NORM-QWTILECR.jpg,6,NORM,5177,6,0,-1,,,,
/content/Dataset/ADI/ADI-KKTTLLPL.jpg,0,ADI,5178,0,0,-1,,,,
/content/Dataset/DEB/DEB-PGLLRPWC.jpg,2,DEB,5179,2,0,-1,,,,
/content/Dataset/NORM/NORM-WSDNFMLR.jpg,6,NORM,5180,6,0,-1,,,,
/content/Dataset/TUM/TUM-YIPKGPVV.jpg,8,TUM,5181,8,0,-1,,,,
/content/Dataset/LYM/LYM-TYRWPDSP.jpg,3,LYM,5182,3,0,-1,,,,
/content/Dataset/MUC/MUC-SWWLCWVA.jpg,4,MUC,5183,4,0,-1,,,,
/content/Dataset/MUS/MUS-QEQAYMFF.jpg,5,MUS,5184,5,0,-1,,,,
/content/Dataset/DEB/DEB-NTIGDVQR.jpg,2,DEB,5185,2,0,-1,,,,
/content/Dataset/NORM/NORM-RRIKSPEC.jpg,6,NORM,5186,6,0,-1,,,,
/content/Dataset/STR/STR-YITVFLEK.jpg,7,STR,5187,7,0,-1,,,,
/content/Dataset/DEB/DEB-VKGCQSRN.jpg,2,DEB,5188,2,0,-1,,,,
/content/Dataset/TUM/TUM-WKCPWGER.jpg,8,TUM,5189,8,0,-1,,,,
/content/Dataset/MUC/MUC-RFIDKQPK.jpg,4,MUC,5190,4,0,-1,,,,
/content/Dataset/DEB/DEB-SPHEHGGM.jpg,2,DEB,5191,2,0,-1,,,,
/content/Dataset/TUM/TUM-YLFWWLNK.jpg,8,TUM,5192,8,0,-1,,,,
/content/Dataset/LYM/LYM-VICRHHYM.jpg,3,LYM,5193,3,0,-1,,,,
/content/Dataset/MUS/MUS-AVKQEIET.jpg,5,MUS,5194,5,0,-1,,,,
/content/Dataset/MUS/MUS-RDHLNYQG.jpg,5,MUS,5195,5,0,-1,,,,
/content/Dataset/MUC/MUC-SLPCWLYE.jpg,4,MUC,5196,4,0,-1,,,,
/content/Dataset/MUS/MUS-VIAILEFD.jpg,5,MUS,5197,5,0,-1,,,,
/content/Dataset/LYM/LYM-NHRQGCLM.jpg,3,LYM,5198,3,0,-1,,,,
/content/Dataset/BACK/BACK-NWMDEGQF.jpg,1,BACK,5199,1,0,-1,,,,
/content/Dataset/MUS/MUS-CFHSVLPE.jpg,5,MUS,5200,5,0,-1,,,,
/content/Dataset/STR/STR-WQQGLCND.jpg,7,STR,5201,7,0,-1,,,,
/content/Dataset/ADI/ADI-DHSVEFFQ.jpg,0,ADI,5202,0,0,-1,,,,
/content/Dataset/DEB/DEB-SLSSCMES.jpg,2,DEB,5203,2,0,-1,,,,
/content/Dataset/BACK/BACK-FSFAPGDH.jpg,1,BACK,5204,1,0,-1,,,,
/content/Dataset/LYM/LYM-MVMNYHNV.jpg,3,LYM,5205,3,0,-1,,,,
/content/Dataset/MUC/MUC-PALHIQVN.jpg,4,MUC,5206,4,0,-1,,,,
/content/Dataset/MUC/MUC-QFTGDHYL.jpg,4,MUC,5207,4,0,-1,,,,
/content/Dataset/TUM/TUM-QFSWTVMR.jpg,8,TUM,5208,8,0,-1,,,,
/content/Dataset/NORM/NORM-VSFANKCP.jpg,6,NORM,5209,6,0,-1,,,,
/content/Dataset/MUC/MUC-YGPAFIRI.jpg,4,MUC,5210,4,0,-1,,,,
/content/Dataset/DEB/DEB-PHDVINNG.jpg,2,DEB,5211,2,0,-1,,,,
/content/Dataset/MUC/MUC-PHYMVNGH.jpg,4,MUC,5212,4,0,-1,,,,
/content/Dataset/TUM/TUM-VAVMQQVW.jpg,8,TUM,5213,8,0,-1,,,,
/content/Dataset/STR/STR-QGMLSLEH.jpg,7,STR,5214,7,0,-1,,,,
/content/Dataset/MUS/MUS-ANEETTYR.jpg,5,MUS,5215,5,0,-1,,,,
/content/Dataset/NORM/NORM-PIYLNRES.jpg,6,NORM,5216,6,0,-1,,,,
/content/Dataset/BACK/BACK-NTLMYIRD.jpg,1,BACK,5217,1,0,-1,,,,
/content/Dataset/DEB/DEB-SNSRWGNN.jpg,2,DEB,5218,2,0,-1,,,,
/content/Dataset/TUM/TUM-SPYIFRNC.jpg,8,TUM,5219,8,0,-1,,,,
/content/Dataset/TUM/TUM-QPWGEALV.jpg,8,TUM,5220,8,0,-1,,,,
/content/Dataset/ADI/ADI-EQPQHFID.jpg,0,ADI,5221,0,0,-1,,,,
/content/Dataset/TUM/TUM-STSSGCYY.jpg,8,TUM,5222,8,0,-1,,,,
/content/Dataset/ADI/ADI-CNRIGDHY.jpg,0,ADI,5223,0,0,-1,,,,
/content/Dataset/STR/STR-RKTFENAC.jpg,7,STR,5224,7,0,-1,,,,
/content/Dataset/STR/STR-VDEVQETY.jpg,7,STR,5225,7,0,-1,,,,
/content/Dataset/DEB/DEB-YSTGVPCG.jpg,2,DEB,5226,2,0,-1,,,,
/content/Dataset/BACK/BACK-HYGSCHVC.jpg,1,BACK,5227,1,0,-1,,,,
/content/Dataset/BACK/BACK-IYRGQDKF.jpg,1,BACK,5228,1,0,-1,,,,
/content/Dataset/DEB/DEB-PNNINFPD.jpg,2,DEB,5229,2,0,-1,,,,
/content/Dataset/DEB/DEB-VWVALPVR.jpg,2,DEB,5230,2,0,-1,,,,
/content/Dataset/MUS/MUS-STCPSCHD.jpg,5,MUS,5231,5,0,-1,,,,
/content/Dataset/NORM/NORM-QSCLVNCV.jpg,6,NORM,5232,6,0,-1,,,,
/content/Dataset/TUM/TUM-WIRFREEP.jpg,8,TUM,5233,8,0,-1,,,,
/content/Dataset/STR/STR-WREMRGLE.jpg,7,STR,5234,7,0,-1,,,,
/content/Dataset/DEB/DEB-WWVVFYMG.jpg,2,DEB,5235,2,0,-1,,,,
/content/Dataset/STR/STR-NDAGERLK.jpg,7,STR,5236,7,0,-1,,,,
/content/Dataset/MUS/MUS-PQGAKHHH.jpg,5,MUS,5237,5,0,-1,,,,
/content/Dataset/ADI/ADI-CLVFAWTL.jpg,0,ADI,5238,0,0,-1,,,,
/content/Dataset/ADI/ADI-FPMHGTET.jpg,0,ADI,5239,0,0,-1,,,,
/content/Dataset/MUC/MUC-QAQCAQVS.jpg,4,MUC,5240,4,0,-1,,,,
/content/Dataset/TUM/TUM-TDPMHWFF.jpg,8,TUM,5241,8,0,-1,,,,
/content/Dataset/LYM/LYM-PRDRFMWG.jpg,3,LYM,5242,3,0,-1,,,,
/content/Dataset/DEB/DEB-NVITLIVD.jpg,2,DEB,5243,2,0,-1,,,,
/content/Dataset/LYM/LYM-HYYQDISN.jpg,3,LYM,5244,3,0,-1,,,,
/content/Dataset/LYM/LYM-VFFIAAGM.jpg,3,LYM,5245,3,0,-1,,,,
/content/Dataset/BACK/BACK-MGPWYRIH.jpg,1,BACK,5246,1,0,-1,,,,
/content/Dataset/NORM/NORM-QYYDNNYK.jpg,6,NORM,5247,6,0,-1,,,,
/content/Dataset/TUM/TUM-QWGACLGP.jpg,8,TUM,5248,8,0,-1,,,,
/content/Dataset/TUM/TUM-WYPNYYCL.jpg,8,TUM,5249,8,0,-1,,,,
/content/Dataset/DEB/DEB-VTVKGFHL.jpg,2,DEB,5250,2,0,-1,,,,
/content/Dataset/TUM/TUM-VMREQMIP.jpg,8,TUM,5251,8,0,-1,,,,
/content/Dataset/DEB/DEB-SETSQKYI.jpg,2,DEB,5252,2,0,-1,,,,
/content/Dataset/TUM/TUM-WMQWIYVV.jpg,8,TUM,5253,8,0,-1,,,,
/content/Dataset/LYM/LYM-YMPECYKM.jpg,3,LYM,5254,3,0,-1,,,,
/content/Dataset/TUM/TUM-SSDDIVYN.jpg,8,TUM,5255,8,0,-1,,,,
/content/Dataset/BACK/BACK-MLWRSFRV.jpg,1,BACK,5256,1,0,-1,,,,
/content/Dataset/MUS/MUS-AGLFINGS.jpg,5,MUS,5257,5,0,-1,,,,
/content/Dataset/MUC/MUC-WWVWYTVG.jpg,4,MUC,5258,4,0,-1,,,,
/content/Dataset/ADI/ADI-FGDQQWVR.jpg,0,ADI,5259,0,0,-1,,,,
/content/Dataset/ADI/ADI-FGMKANTD.jpg,0,ADI,5260,0,0,-1,,,,
/content/Dataset/TUM/TUM-QYWCLGLW.jpg,8,TUM,5261,8,0,-1,,,,
/content/Dataset/DEB/DEB-YHSEMEAH.jpg,2,DEB,5262,2,0,-1,,,,
/content/Dataset/LYM/LYM-SSVHPMCP.jpg,3,LYM,5263,3,0,-1,,,,
/content/Dataset/BACK/BACK-HQKRCHQD.jpg,1,BACK,5264,1,0,-1,,,,
/content/Dataset/STR/STR-ADMCVEEW.jpg,7,STR,5265,7,0,-1,,,,
/content/Dataset/TUM/TUM-YRTTKGPM.jpg,8,TUM,5266,8,0,-1,,,,
/content/Dataset/ADI/ADI-CINQYLWL.jpg,0,ADI,5267,0,0,-1,,,,
/content/Dataset/MUS/MUS-SMEHDGRH.jpg,5,MUS,5268,5,0,-1,,,,
/content/Dataset/DEB/DEB-QSFKTPNK.jpg,2,DEB,5269,2,0,-1,,,,
/content/Dataset/STR/STR-PRSAWEPI.jpg,7,STR,5270,7,0,-1,,,,
/content/Dataset/DEB/DEB-PLMDWVEF.jpg,2,DEB,5271,2,0,-1,,,,
/content/Dataset/ADI/ADI-FEWPKFWR.jpg,0,ADI,5272,0,0,-1,,,,
/content/Dataset/ADI/ADI-DAGPPINF.jpg,0,ADI,5273,0,0,-1,,,,
/content/Dataset/TUM/TUM-QSCPMLFK.jpg,8,TUM,5274,8,0,-1,,,,
/content/Dataset/NORM/NORM-VIICSLVG.jpg,6,NORM,5275,6,0,-1,,,,
/content/Dataset/BACK/BACK-LFRMYSNR.jpg,1,BACK,5276,1,0,-1,,,,
/content/Dataset/ADI/ADI-DMFPFAVQ.jpg,0,ADI,5277,0,0,-1,,,,
/content/Dataset/LYM/LYM-KNREIVQG.jpg,3,LYM,5278,3,0,-1,,,,
/content/Dataset/MUC/MUC-REDGCSDD.jpg,4,MUC,5279,4,0,-1,,,,
/content/Dataset/MUS/MUS-CCWSQMGA.jpg,5,MUS,5280,5,0,-1,,,,
/content/Dataset/TUM/TUM-SYIHNDFM.jpg,8,TUM,5281,8,0,-1,,,,
/content/Dataset/LYM/LYM-TNTDHGLV.jpg,3,LYM,5282,3,0,-1,,,,
/content/Dataset/DEB/DEB-YRIADVTE.jpg,2,DEB,5283,2,0,-1,,,,
/content/Dataset/ADI/ADI-CWKILAHD.jpg,0,ADI,5284,0,0,-1,,,,
/content/Dataset/MUS/MUS-ACMGMEPL.jpg,5,MUS,5285,5,0,-1,,,,
/content/Dataset/MUS/MUS-NNDCKKMM.jpg,5,MUS,5286,5,0,-1,,,,
/content/Dataset/LYM/LYM-QMAVLCNC.jpg,3,LYM,5287,3,0,-1,,,,
/content/Dataset/LYM/LYM-PTVDYLWP.jpg,3,LYM,5288,3,0,-1,,,,
/content/Dataset/MUS/MUS-SSMTGVAK.jpg,5,MUS,5289,5,0,-1,,,,
/content/Dataset/DEB/DEB-VMCTPVDS.jpg,2,DEB,5290,2,0,-1,,,,
/content/Dataset/STR/STR-TFWMIWGD.jpg,7,STR,5291,7,0,-1,,,,
/content/Dataset/MUC/MUC-YPLQQVPC.jpg,4,MUC,5292,4,0,-1,,,,
/content/Dataset/MUC/MUC-NPAWSVNT.jpg,4,MUC,5293,4,0,-1,,,,
/content/Dataset/MUS/MUS-PLQALCMA.jpg,5,MUS,5294,5,0,-1,,,,
/content/Dataset/TUM/TUM-SVTINEDR.jpg,8,TUM,5295,8,0,-1,,,,
/content/Dataset/TUM/TUM-WTERPFKH.jpg,8,TUM,5296,8,0,-1,,,,
/content/Dataset/MUS/MUS-RYDMENEV.jpg,5,MUS,5297,5,0,-1,,,,
/content/Dataset/DEB/DEB-PCLDPEPT.jpg,2,DEB,5298,2,0,-1,,,,
/content/Dataset/STR/STR-MVRRRSNN.jpg,7,STR,5299,7,0,-1,,,,
/content/Dataset/TUM/TUM-RIHAGKRW.jpg,8,TUM,5300,8,0,-1,,,,
/content/Dataset/LYM/LYM-PKGQIQNY.jpg,3,LYM,5301,3,0,-1,,,,
/content/Dataset/MUS/MUS-QDNYMDYY.jpg,5,MUS,5302,5,0,-1,,,,
/content/Dataset/MUC/MUC-QIAHSESQ.jpg,4,MUC,5303,4,0,-1,,,,
/content/Dataset/STR/STR-YYGEVMVF.jpg,7,STR,5304,7,0,-1,,,,
/content/Dataset/BACK/BACK-NYETMDAK.jpg,1,BACK,5305,1,0,-1,,,,
/content/Dataset/STR/STR-THDYCWQI.jpg,7,STR,5306,7,0,-1,,,,
/content/Dataset/LYM/LYM-QETMCGRS.jpg,3,LYM,5307,3,0,-1,,,,
/content/Dataset/ADI/ADI-IMMFNYVM.jpg,0,ADI,5308,0,0,-1,,,,
/content/Dataset/DEB/DEB-RHNAKRTV.jpg,2,DEB,5309,2,0,-1,,,,
/content/Dataset/DEB/DEB-SMEGDVAC.jpg,2,DEB,5310,2,0,-1,,,,
/content/Dataset/DEB/DEB-RWDNMKWR.jpg,2,DEB,5311,2,0,-1,,,,
/content/Dataset/DEB/DEB-PIAFNPMM.jpg,2,DEB,5312,2,0,-1,,,,
/content/Dataset/DEB/DEB-SCVWNMVH.jpg,2,DEB,5313,2,0,-1,,,,
/content/Dataset/MUS/MUS-PVCLNAKY.jpg,5,MUS,5314,5,0,-1,,,,
/content/Dataset/TUM/TUM-YPPMTSKV.jpg,8,TUM,5315,8,0,-1,,,,
/content/Dataset/LYM/LYM-SAHNWFVN.jpg,3,LYM,5316,3,0,-1,,,,
/content/Dataset/DEB/DEB-VFIGVEKY.jpg,2,DEB,5317,2,0,-1,,,,
/content/Dataset/STR/STR-TRRQPDMT.jpg,7,STR,5318,7,0,-1,,,,
/content/Dataset/LYM/LYM-IKICSKLL.jpg,3,LYM,5319,3,0,-1,,,,
/content/Dataset/TUM/TUM-YRPLCCMA.jpg,8,TUM,5320,8,0,-1,,,,
/content/Dataset/BACK/BACK-MNFGMHFP.jpg,1,BACK,5321,1,0,-1,,,,
/content/Dataset/NORM/NORM-MRPKDSLH.jpg,6,NORM,5322,6,0,-1,,,,
/content/Dataset/BACK/BACK-KCNVWTTS.jpg,1,BACK,5323,1,0,-1,,,,
/content/Dataset/TUM/TUM-SWQKHTYM.jpg,8,TUM,5324,8,0,-1,,,,
/content/Dataset/MUS/MUS-CCVEPYCM.jpg,5,MUS,5325,5,0,-1,,,,
/content/Dataset/NORM/NORM-TIWRHALD.jpg,6,NORM,5326,6,0,-1,,,,
/content/Dataset/DEB/DEB-TARHQQMH.jpg,2,DEB,5327,2,0,-1,,,,
/content/Dataset/MUC/MUC-WWFMRTRQ.jpg,4,MUC,5328,4,0,-1,,,,
/content/Dataset/NORM/NORM-VTQHLVFD.jpg,6,NORM,5329,6,0,-1,,,,
/content/Dataset/BACK/BACK-LYGSRWPM.jpg,1,BACK,5330,1,0,-1,,,,
/content/Dataset/STR/STR-VWYHQKWG.jpg,7,STR,5331,7,0,-1,,,,
/content/Dataset/DEB/DEB-AESVAWYD.jpg,2,DEB,5332,2,0,-1,,,,
/content/Dataset/LYM/LYM-RIYVGRWK.jpg,3,LYM,5333,3,0,-1,,,,
/content/Dataset/BACK/BACK-GDCIRSLD.jpg,1,BACK,5334,1,0,-1,,,,
/content/Dataset/BACK/BACK-ERAAHEML.jpg,1,BACK,5335,1,0,-1,,,,
/content/Dataset/MUS/MUS-AYCTVEMY.jpg,5,MUS,5336,5,0,-1,,,,
/content/Dataset/ADI/ADI-DFCHNKDG.jpg,0,ADI,5337,0,0,-1,,,,
/content/Dataset/DEB/DEB-QIVQQLWN.jpg,2,DEB,5338,2,0,-1,,,,
/content/Dataset/ADI/ADI-DWMEAYKQ.jpg,0,ADI,5339,0,0,-1,,,,
/content/Dataset/ADI/ADI-CPACHTTN.jpg,0,ADI,5340,0,0,-1,,,,
/content/Dataset/ADI/ADI-FDTHEPPD.jpg,0,ADI,5341,0,0,-1,,,,
/content/Dataset/STR/STR-QMWGQSSN.jpg,7,STR,5342,7,0,-1,,,,
/content/Dataset/MUC/MUC-VMHLWVYY.jpg,4,MUC,5343,4,0,-1,,,,
/content/Dataset/ADI/ADI-DSSNSINN.jpg,0,ADI,5344,0,0,-1,,,,
/content/Dataset/ADI/ADI-EVFWRTIR.jpg,0,ADI,5345,0,0,-1,,,,
/content/Dataset/STR/STR-QVHQMDIH.jpg,7,STR,5346,7,0,-1,,,,
/content/Dataset/MUS/MUS-VHHSRPGH.jpg,5,MUS,5347,5,0,-1,,,,
/content/Dataset/STR/STR-ADLQDYCY.jpg,7,STR,5348,7,0,-1,,,,
/content/Dataset/STR/STR-TQGDQKGC.jpg,7,STR,5349,7,0,-1,,,,
/content/Dataset/TUM/TUM-WTYVNLHT.jpg,8,TUM,5350,8,0,-1,,,,
/content/Dataset/DEB/DEB-TARIDQKW.jpg,2,DEB,5351,2,0,-1,,,,
/content/Dataset/ADI/ADI-GARNISMN.jpg,0,ADI,5352,0,0,-1,,,,
/content/Dataset/TUM/TUM-WMIWKVDQ.jpg,8,TUM,5353,8,0,-1,,,,
/content/Dataset/MUS/MUS-CKYKCIWF.jpg,5,MUS,5354,5,0,-1,,,,
/content/Dataset/ADI/ADI-DADYNTDW.jpg,0,ADI,5355,0,0,-1,,,,
/content/Dataset/NORM/NORM-VFRDVPYE.jpg,6,NORM,5356,6,0,-1,,,,
/content/Dataset/DEB/DEB-TPHQPRLD.jpg,2,DEB,5357,2,0,-1,,,,
/content/Dataset/BACK/BACK-MCWMLKWP.jpg,1,BACK,5358,1,0,-1,,,,
/content/Dataset/BACK/BACK-MLWCSAAI.jpg,1,BACK,5359,1,0,-1,,,,
/content/Dataset/DEB/DEB-SSGQVKFL.jpg,2,DEB,5360,2,0,-1,,,,
/content/Dataset/LYM/LYM-NINPEGEI.jpg,3,LYM,5361,3,0,-1,,,,
/content/Dataset/DEB/DEB-QGRYMFMA.jpg,2,DEB,5362,2,0,-1,,,,
/content/Dataset/MUS/MUS-PCPVLMQT.jpg,5,MUS,5363,5,0,-1,,,,
/content/Dataset/MUS/MUS-ARYILWRS.jpg,5,MUS,5364,5,0,-1,,,,
/content/Dataset/MUS/MUS-NNNCEGTR.jpg,5,MUS,5365,5,0,-1,,,,
/content/Dataset/STR/STR-NPHQEDSY.jpg,7,STR,5366,7,0,-1,,,,
/content/Dataset/MUC/MUC-AFWFAAMF.jpg,4,MUC,5367,4,0,-1,,,,
/content/Dataset/ADI/ADI-AVRGEFIA.jpg,0,ADI,5368,0,0,-1,,,,
/content/Dataset/LYM/LYM-AEAYQDAG.jpg,3,LYM,5369,3,0,-1,,,,
/content/Dataset/DEB/DEB-VKSDLMMA.jpg,2,DEB,5370,2,0,-1,,,,
/content/Dataset/LYM/LYM-VAFTQGYK.jpg,3,LYM,5371,3,0,-1,,,,
/content/Dataset/DEB/DEB-VNCTAVQC.jpg,2,DEB,5372,2,0,-1,,,,
/content/Dataset/ADI/ADI-FRAQRYTG.jpg,0,ADI,5373,0,0,-1,,,,
/content/Dataset/ADI/ADI-CNNPNDGE.jpg,0,ADI,5374,0,0,-1,,,,
/content/Dataset/STR/STR-YFGRKVVE.jpg,7,STR,5375,7,0,-1,,,,
/content/Dataset/MUS/MUS-QGCRGLCE.jpg,5,MUS,5376,5,0,-1,,,,
/content/Dataset/TUM/TUM-YDYQNNQG.jpg,8,TUM,5377,8,0,-1,,,,
/content/Dataset/ADI/ADI-IMWVCYPH.jpg,0,ADI,5378,0,0,-1,,,,
/content/Dataset/STR/STR-MMPVVKNF.jpg,7,STR,5379,7,0,-1,,,,
/content/Dataset/BACK/BACK-KNKPDRKM.jpg,1,BACK,5380,1,0,-1,,,,
/content/Dataset/MUC/MUC-RSFGTWES.jpg,4,MUC,5381,4,0,-1,,,,
/content/Dataset/MUS/MUS-AGDSQQCR.jpg,5,MUS,5382,5,0,-1,,,,
/content/Dataset/BACK/BACK-MRGDVVGH.jpg,1,BACK,5383,1,0,-1,,,,
/content/Dataset/MUC/MUC-CDAELDHR.jpg,4,MUC,5384,4,0,-1,,,,
/content/Dataset/ADI/ADI-CHYMCEQG.jpg,0,ADI,5385,0,0,-1,,,,
/content/Dataset/STR/STR-TKQVITMI.jpg,7,STR,5386,7,0,-1,,,,
/content/Dataset/MUC/MUC-SNTWGIGW.jpg,4,MUC,5387,4,0,-1,,,,
/content/Dataset/MUC/MUC-QHICIVPQ.jpg,4,MUC,5388,4,0,-1,,,,
/content/Dataset/ADI/ADI-GYPWNNLL.jpg,0,ADI,5389,0,0,-1,,,,
/content/Dataset/TUM/TUM-TFIKCDFH.jpg,8,TUM,5390,8,0,-1,,,,
/content/Dataset/NORM/NORM-WWGFKFHL.jpg,6,NORM,5391,6,0,-1,,,,
/content/Dataset/BACK/BACK-CQEPLPRL.jpg,1,BACK,5392,1,0,-1,,,,
/content/Dataset/DEB/DEB-NQNHGREC.jpg,2,DEB,5393,2,0,-1,,,,
/content/Dataset/MUC/MUC-REEAMMDS.jpg,4,MUC,5394,4,0,-1,,,,
/content/Dataset/LYM/LYM-RMYADCVG.jpg,3,LYM,5395,3,0,-1,,,,
/content/Dataset/TUM/TUM-TKPTCTAE.jpg,8,TUM,5396,8,0,-1,,,,
/content/Dataset/DEB/DEB-WHRSNMQC.jpg,2,DEB,5397,2,0,-1,,,,
/content/Dataset/DEB/DEB-RIMMDWYE.jpg,2,DEB,5398,2,0,-1,,,,
/content/Dataset/LYM/LYM-SIEILART.jpg,3,LYM,5399,3,0,-1,,,,
/content/Dataset/MUC/MUC-NVADTGPF.jpg,4,MUC,5400,4,0,-1,,,,
/content/Dataset/MUC/MUC-WAPDIASG.jpg,4,MUC,5401,4,0,-1,,,,
/content/Dataset/MUC/MUC-SAEVWSYL.jpg,4,MUC,5402,4,0,-1,,,,
/content/Dataset/LYM/LYM-VRCRHQPD.jpg,3,LYM,5403,3,0,-1,,,,
/content/Dataset/TUM/TUM-SHYTQEKK.jpg,8,TUM,5404,8,0,-1,,,,
/content/Dataset/DEB/DEB-WTHQEWSA.jpg,2,DEB,5405,2,0,-1,,,,
/content/Dataset/NORM/NORM-AGPQRCYV.jpg,6,NORM,5406,6,0,-1,,,,
/content/Dataset/BACK/BACK-KGSGTYWI.jpg,1,BACK,5407,1,0,-1,,,,
/content/Dataset/DEB/DEB-WNMSPADS.jpg,2,DEB,5408,2,0,-1,,,,
/content/Dataset/TUM/TUM-YKQFDVPN.jpg,8,TUM,5409,8,0,-1,,,,
/content/Dataset/BACK/BACK-ARYHNVRK.jpg,1,BACK,5410,1,0,-1,,,,
/content/Dataset/MUC/MUC-YHATEHEQ.jpg,4,MUC,5411,4,0,-1,,,,
/content/Dataset/BACK/BACK-IDKKTGRD.jpg,1,BACK,5412,1,0,-1,,,,
/content/Dataset/LYM/LYM-KEVRCVCL.jpg,3,LYM,5413,3,0,-1,,,,
/content/Dataset/MUS/MUS-PCIHCTWG.jpg,5,MUS,5414,5,0,-1,,,,
/content/Dataset/MUC/MUC-MFMIPWYK.jpg,4,MUC,5415,4,0,-1,,,,
/content/Dataset/MUC/MUC-TISPWKNM.jpg,4,MUC,5416,4,0,-1,,,,
/content/Dataset/TUM/TUM-RPHIAWWC.jpg,8,TUM,5417,8,0,-1,,,,
/content/Dataset/ADI/ADI-EKWNGDVY.jpg,0,ADI,5418,0,0,-1,,,,
/content/Dataset/NORM/NORM-SHTAPFAN.jpg,6,NORM,5419,6,0,-1,,,,
/content/Dataset/MUC/MUC-TTKQAALF.jpg,4,MUC,5420,4,0,-1,,,,
/content/Dataset/NORM/NORM-SAWTNKNM.jpg,6,NORM,5421,6,0,-1,,,,
/content/Dataset/TUM/TUM-VCWHTCTD.jpg,8,TUM,5422,8,0,-1,,,,
/content/Dataset/MUC/MUC-QLPEDACQ.jpg,4,MUC,5423,4,0,-1,,,,
/content/Dataset/BACK/BACK-EFQDNKKQ.jpg,1,BACK,5424,1,0,-1,,,,
/content/Dataset/LYM/LYM-RGYPEMFD.jpg,3,LYM,5425,3,0,-1,,,,
/content/Dataset/STR/STR-RFLLWFNR.jpg,7,STR,5426,7,0,-1,,,,
/content/Dataset/MUC/MUC-RFDAIDYI.jpg,4,MUC,5427,4,0,-1,,,,
/content/Dataset/NORM/NORM-WNVGEVEI.jpg,6,NORM,5428,6,0,-1,,,,
/content/Dataset/ADI/ADI-FVVHVTAH.jpg,0,ADI,5429,0,0,-1,,,,
/content/Dataset/TUM/TUM-VCIFSLPG.jpg,8,TUM,5430,8,0,-1,,,,
/content/Dataset/MUS/MUS-SYVCTVMA.jpg,5,MUS,5431,5,0,-1,,,,
/content/Dataset/MUC/MUC-RLVQDAYD.jpg,4,MUC,5432,4,0,-1,,,,
/content/Dataset/DEB/DEB-WKETHYSC.jpg,2,DEB,5433,2,0,-1,,,,
/content/Dataset/NORM/NORM-NLHPFTVW.jpg,6,NORM,5434,6,0,-1,,,,
/content/Dataset/ADI/ADI-CIQRTWRS.jpg,0,ADI,5435,0,0,-1,,,,
/content/Dataset/STR/STR-PWHPYFEH.jpg,7,STR,5436,7,0,-1,,,,
/content/Dataset/MUC/MUC-DQFWWYTI.jpg,4,MUC,5437,4,0,-1,,,,
/content/Dataset/LYM/LYM-TIQVGAPT.jpg,3,LYM,5438,3,0,-1,,,,
/content/Dataset/MUS/MUS-PIHRSFNA.jpg,5,MUS,5439,5,0,-1,,,,
/content/Dataset/ADI/ADI-CTQFTKRL.jpg,0,ADI,5440,0,0,-1,,,,
/content/Dataset/STR/STR-QNMTEFTT.jpg,7,STR,5441,7,0,-1,,,,
/content/Dataset/MUS/MUS-ACIHIEIL.jpg,5,MUS,5442,5,0,-1,,,,
/content/Dataset/DEB/DEB-RTWNYNPN.jpg,2,DEB,5443,2,0,-1,,,,
/content/Dataset/NORM/NORM-SGIHPGDQ.jpg,6,NORM,5444,6,0,-1,,,,
/content/Dataset/MUS/MUS-VGDTMNVD.jpg,5,MUS,5445,5,0,-1,,,,
/content/Dataset/MUS/MUS-AGSPLYNI.jpg,5,MUS,5446,5,0,-1,,,,
/content/Dataset/NORM/NORM-ADNNEYSI.jpg,6,NORM,5447,6,0,-1,,,,
/content/Dataset/ADI/ADI-EMDNEEAQ.jpg,0,ADI,5448,0,0,-1,,,,
/content/Dataset/BACK/BACK-GWNKYWPQ.jpg,1,BACK,5449,1,0,-1,,,,
/content/Dataset/MUC/MUC-WICGFPTL.jpg,4,MUC,5450,4,0,-1,,,,
/content/Dataset/ADI/ADI-DKKKSHLM.jpg,0,ADI,5451,0,0,-1,,,,
/content/Dataset/BACK/BACK-EDANIWWA.jpg,1,BACK,5452,1,0,-1,,,,
/content/Dataset/ADI/ADI-DPAVGALR.jpg,0,ADI,5453,0,0,-1,,,,
/content/Dataset/ADI/ADI-GLTYMRAH.jpg,0,ADI,5454,0,0,-1,,,,
/content/Dataset/MUC/MUC-AQWPIIQN.jpg,4,MUC,5455,4,0,-1,,,,
/content/Dataset/MUC/MUC-AHDYDYEI.jpg,4,MUC,5456,4,0,-1,,,,
/content/Dataset/MUC/MUC-ASGFICDS.jpg,4,MUC,5457,4,0,-1,,,,
/content/Dataset/MUC/MUC-WVFCFFEW.jpg,4,MUC,5458,4,0,-1,,,,
/content/Dataset/MUC/MUC-RQSSPMND.jpg,4,MUC,5459,4,0,-1,,,,
/content/Dataset/TUM/TUM-SHLQQGFV.jpg,8,TUM,5460,8,0,-1,,,,
/content/Dataset/LYM/LYM-PVSKQCAQ.jpg,3,LYM,5461,3,0,-1,,,,
/content/Dataset/ADI/ADI-GEKREVGI.jpg,0,ADI,5462,0,0,-1,,,,
/content/Dataset/MUC/MUC-SYSTWNRD.jpg,4,MUC,5463,4,0,-1,,,,
/content/Dataset/NORM/NORM-SAAWLHEA.jpg,6,NORM,5464,6,0,-1,,,,
/content/Dataset/TUM/TUM-YYVQTASV.jpg,8,TUM,5465,8,0,-1,,,,
/content/Dataset/DEB/DEB-RCCELNRH.jpg,2,DEB,5466,2,0,-1,,,,
/content/Dataset/MUS/MUS-VGNSEMRC.jpg,5,MUS,5467,5,0,-1,,,,
/content/Dataset/MUC/MUC-RKESQPNA.jpg,4,MUC,5468,4,0,-1,,,,
/content/Dataset/STR/STR-PWLLLDST.jpg,7,STR,5469,7,0,-1,,,,
/content/Dataset/MUC/MUC-WKYDLLWR.jpg,4,MUC,5470,4,0,-1,,,,
/content/Dataset/STR/STR-RSYPKTPQ.jpg,7,STR,5471,7,0,-1,,,,
/content/Dataset/STR/STR-PSCFWVLL.jpg,7,STR,5472,7,0,-1,,,,
/content/Dataset/LYM/LYM-STCSDYYT.jpg,3,LYM,5473,3,0,-1,,,,
/content/Dataset/STR/STR-REKLWFHH.jpg,7,STR,5474,7,0,-1,,,,
/content/Dataset/NORM/NORM-AMYIYRMM.jpg,6,NORM,5475,6,0,-1,,,,
/content/Dataset/MUC/MUC-SLIDPPKN.jpg,4,MUC,5476,4,0,-1,,,,
/content/Dataset/TUM/TUM-WMFCVFFS.jpg,8,TUM,5477,8,0,-1,,,,
/content/Dataset/BACK/BACK-ITPLATLP.jpg,1,BACK,5478,1,0,-1,,,,
/content/Dataset/BACK/BACK-MQIYHQRP.jpg,1,BACK,5479,1,0,-1,,,,
/content/Dataset/NORM/NORM-NAAGNLFH.jpg,6,NORM,5480,6,0,-1,,,,
/content/Dataset/LYM/LYM-NDGYIPEP.jpg,3,LYM,5481,3,0,-1,,,,
/content/Dataset/TUM/TUM-TVMRWQAQ.jpg,8,TUM,5482,8,0,-1,,,,
/content/Dataset/STR/STR-PTACFRIK.jpg,7,STR,5483,7,0,-1,,,,
/content/Dataset/LYM/LYM-HFIEINWL.jpg,3,LYM,5484,3,0,-1,,,,
/content/Dataset/MUS/MUS-TCNKMMMK.jpg,5,MUS,5485,5,0,-1,,,,
/content/Dataset/DEB/DEB-QFKEDRLN.jpg,2,DEB,5486,2,0,-1,,,,
/content/Dataset/MUS/MUS-PVSGFNQE.jpg,5,MUS,5487,5,0,-1,,,,
/content/Dataset/STR/STR-SSKCNIEI.jpg,7,STR,5488,7,0,-1,,,,
/content/Dataset/NORM/NORM-TFSVPLTK.jpg,6,NORM,5489,6,0,-1,,,,
/content/Dataset/DEB/DEB-PHKMGVGH.jpg,2,DEB,5490,2,0,-1,,,,
/content/Dataset/DEB/DEB-VVVCMTPV.jpg,2,DEB,5491,2,0,-1,,,,
/content/Dataset/ADI/ADI-CWRCTQLL.jpg,0,ADI,5492,0,0,-1,,,,
/content/Dataset/ADI/ADI-FDRDWQYQ.jpg,0,ADI,5493,0,0,-1,,,,
/content/Dataset/DEB/DEB-SFVQYTFK.jpg,2,DEB,5494,2,0,-1,,,,
/content/Dataset/MUS/MUS-RNHRLSKF.jpg,5,MUS,5495,5,0,-1,,,,
/content/Dataset/NORM/NORM-YCVWTQKW.jpg,6,NORM,5496,6,0,-1,,,,
/content/Dataset/MUC/MUC-DMDSLQPD.jpg,4,MUC,5497,4,0,-1,,,,
/content/Dataset/LYM/LYM-QQKLRIAN.jpg,3,LYM,5498,3,0,-1,,,,
/content/Dataset/ADI/ADI-FYEWWRIA.jpg,0,ADI,5499,0,0,-1,,,,
/content/Dataset/NORM/NORM-PSRGYKIV.jpg,6,NORM,5500,6,0,-1,,,,
/content/Dataset/LYM/LYM-MSWDWPSP.jpg,3,LYM,5501,3,0,-1,,,,
/content/Dataset/STR/STR-SDWKMSCP.jpg,7,STR,5502,7,0,-1,,,,
/content/Dataset/BACK/BACK-EFFSTSIH.jpg,1,BACK,5503,1,0,-1,,,,
/content/Dataset/LYM/LYM-RFLLDWHH.jpg,3,LYM,5504,3,0,-1,,,,
/content/Dataset/MUS/MUS-CHFDRADM.jpg,5,MUS,5505,5,0,-1,,,,
/content/Dataset/BACK/BACK-LINEIHWN.jpg,1,BACK,5506,1,0,-1,,,,
/content/Dataset/ADI/ADI-CTSKHLGV.jpg,0,ADI,5507,0,0,-1,,,,
/content/Dataset/BACK/BACK-NRIFEHGH.jpg,1,BACK,5508,1,0,-1,,,,
/content/Dataset/NORM/NORM-PSQQADCM.jpg,6,NORM,5509,6,0,-1,,,,
/content/Dataset/BACK/BACK-AVWKHGAG.jpg,1,BACK,5510,1,0,-1,,,,
/content/Dataset/MUS/MUS-SRNMWVFQ.jpg,5,MUS,5511,5,0,-1,,,,
/content/Dataset/LYM/LYM-TMSDQHII.jpg,3,LYM,5512,3,0,-1,,,,
/content/Dataset/STR/STR-PHYTFCNP.jpg,7,STR,5513,7,0,-1,,,,
/content/Dataset/ADI/ADI-HNESGKLS.jpg,0,ADI,5514,0,0,-1,,,,
/content/Dataset/ADI/ADI-DQNKPAWF.jpg,0,ADI,5515,0,0,-1,,,,
/content/Dataset/NORM/NORM-YTVATMDG.jpg,6,NORM,5516,6,0,-1,,,,
/content/Dataset/STR/STR-TKEPFNKK.jpg,7,STR,5517,7,0,-1,,,,
/content/Dataset/DEB/DEB-TIDYRIIT.jpg,2,DEB,5518,2,0,-1,,,,
/content/Dataset/STR/STR-QWGPQRHG.jpg,7,STR,5519,7,0,-1,,,,
/content/Dataset/MUC/MUC-TFTFQTGK.jpg,4,MUC,5520,4,0,-1,,,,
/content/Dataset/MUC/MUC-AVCIPTQH.jpg,4,MUC,5521,4,0,-1,,,,
/content/Dataset/MUS/MUS-RIMTWACE.jpg,5,MUS,5522,5,0,-1,,,,
/content/Dataset/TUM/TUM-QYEERQTL.jpg,8,TUM,5523,8,0,-1,,,,
/content/Dataset/ADI/ADI-FADLMLRR.jpg,0,ADI,5524,0,0,-1,,,,
/content/Dataset/DEB/DEB-VAYMFHVC.jpg,2,DEB,5525,2,0,-1,,,,
/content/Dataset/MUC/MUC-TWEIQARH.jpg,4,MUC,5526,4,0,-1,,,,
/content/Dataset/STR/STR-SLPQQYWF.jpg,7,STR,5527,7,0,-1,,,,
/content/Dataset/MUC/MUC-PHFYHPVF.jpg,4,MUC,5528,4,0,-1,,,,
/content/Dataset/BACK/BACK-IALHVKAK.jpg,1,BACK,5529,1,0,-1,,,,
/content/Dataset/DEB/DEB-VQRKTGKH.jpg,2,DEB,5530,2,0,-1,,,,
/content/Dataset/TUM/TUM-TSQGKRGS.jpg,8,TUM,5531,8,0,-1,,,,
/content/Dataset/STR/STR-VFVEEDWM.jpg,7,STR,5532,7,0,-1,,,,
/content/Dataset/ADI/ADI-GWIKFVLM.jpg,0,ADI,5533,0,0,-1,,,,
/content/Dataset/ADI/ADI-GHLLFQIL.jpg,0,ADI,5534,0,0,-1,,,,
/content/Dataset/DEB/DEB-YGCHNMYP.jpg,2,DEB,5535,2,0,-1,,,,
/content/Dataset/NORM/NORM-WKMMTCDE.jpg,6,NORM,5536,6,0,-1,,,,
/content/Dataset/LYM/LYM-QPYDRPKP.jpg,3,LYM,5537,3,0,-1,,,,
/content/Dataset/TUM/TUM-SSAFETSF.jpg,8,TUM,5538,8,0,-1,,,,
/content/Dataset/TUM/TUM-WHGGPKWV.jpg,8,TUM,5539,8,0,-1,,,,
/content/Dataset/MUS/MUS-PMHYPRTV.jpg,5,MUS,5540,5,0,-1,,,,
/content/Dataset/BACK/BACK-KWWTECES.jpg,1,BACK,5541,1,0,-1,,,,
/content/Dataset/TUM/TUM-QNYGLMGY.jpg,8,TUM,5542,8,0,-1,,,,
/content/Dataset/ADI/ADI-FHKGPHPP.jpg,0,ADI,5543,0,0,-1,,,,
/content/Dataset/MUS/MUS-SAKFLMYP.jpg,5,MUS,5544,5,0,-1,,,,
/content/Dataset/DEB/DEB-TGWDSSYV.jpg,2,DEB,5545,2,0,-1,,,,
/content/Dataset/MUC/MUC-TRTFYGMD.jpg,4,MUC,5546,4,0,-1,,,,
/content/Dataset/MUC/MUC-THFQFTGF.jpg,4,MUC,5547,4,0,-1,,,,
/content/Dataset/LYM/LYM-QPGSPCNT.jpg,3,LYM,5548,3,0,-1,,,,
/content/Dataset/STR/STR-VRHPISIR.jpg,7,STR,5549,7,0,-1,,,,
/content/Dataset/TUM/TUM-RDRVLHWT.jpg,8,TUM,5550,8,0,-1,,,,
/content/Dataset/MUC/MUC-VMGKVLTM.jpg,4,MUC,5551,4,0,-1,,,,
/content/Dataset/TUM/TUM-VMGTHLVH.jpg,8,TUM,5552,8,0,-1,,,,
/content/Dataset/LYM/LYM-NGNIKDKF.jpg,3,LYM,5553,3,0,-1,,,,
/content/Dataset/TUM/TUM-WLVLACWC.jpg,8,TUM,5554,8,0,-1,,,,
/content/Dataset/LYM/LYM-DPNASFNR.jpg,3,LYM,5555,3,0,-1,,,,
/content/Dataset/NORM/NORM-RYGQAIRK.jpg,6,NORM,5556,6,0,-1,,,,
/content/Dataset/MUS/MUS-RRVVDKEL.jpg,5,MUS,5557,5,0,-1,,,,
/content/Dataset/LYM/LYM-YQFHGLNS.jpg,3,LYM,5558,3,0,-1,,,,
/content/Dataset/BACK/BACK-ACIIFEWN.jpg,1,BACK,5559,1,0,-1,,,,
/content/Dataset/BACK/BACK-KWSKWYNR.jpg,1,BACK,5560,1,0,-1,,,,
/content/Dataset/DEB/DEB-VRVAVLTF.jpg,2,DEB,5561,2,0,-1,,,,
/content/Dataset/TUM/TUM-RWSNPRFY.jpg,8,TUM,5562,8,0,-1,,,,
/content/Dataset/LYM/LYM-PWRKGYFK.jpg,3,LYM,5563,3,0,-1,,,,
/content/Dataset/STR/STR-NKLCTREH.jpg,7,STR,5564,7,0,-1,,,,
/content/Dataset/BACK/BACK-IMQMFYED.jpg,1,BACK,5565,1,0,-1,,,,
/content/Dataset/MUS/MUS-QCTVEWYW.jpg,5,MUS,5566,5,0,-1,,,,
/content/Dataset/STR/STR-VAKHQVNS.jpg,7,STR,5567,7,0,-1,,,,
/content/Dataset/NORM/NORM-VMGFFPNY.jpg,6,NORM,5568,6,0,-1,,,,
/content/Dataset/DEB/DEB-VKSGAQTR.jpg,2,DEB,5569,2,0,-1,,,,
/content/Dataset/LYM/LYM-TEWATGYT.jpg,3,LYM,5570,3,0,-1,,,,
/content/Dataset/BACK/BACK-IITILFDL.jpg,1,BACK,5571,1,0,-1,,,,
/content/Dataset/BACK/BACK-LDGFCAPW.jpg,1,BACK,5572,1,0,-1,,,,
/content/Dataset/STR/STR-VDTSGVFM.jpg,7,STR,5573,7,0,-1,,,,
/content/Dataset/TUM/TUM-TAWWRETF.jpg,8,TUM,5574,8,0,-1,,,,
/content/Dataset/DEB/DEB-AEKKSWWC.jpg,2,DEB,5575,2,0,-1,,,,
/content/Dataset/ADI/ADI-CYHKIWWQ.jpg,0,ADI,5576,0,0,-1,,,,
/content/Dataset/BACK/BACK-LHQQPLYH.jpg,1,BACK,5577,1,0,-1,,,,
/content/Dataset/NORM/NORM-TDHKMAMM.jpg,6,NORM,5578,6,0,-1,,,,
/content/Dataset/MUC/MUC-MEINERCT.jpg,4,MUC,5579,4,0,-1,,,,
/content/Dataset/BACK/BACK-LEKVQPIH.jpg,1,BACK,5580,1,0,-1,,,,
/content/Dataset/MUS/MUS-ARLGDLAY.jpg,5,MUS,5581,5,0,-1,,,,
/content/Dataset/DEB/DEB-VTMPRKSM.jpg,2,DEB,5582,2,0,-1,,,,
/content/Dataset/LYM/LYM-SIYCMWFG.jpg,3,LYM,5583,3,0,-1,,,,
/content/Dataset/DEB/DEB-RTWQFHPR.jpg,2,DEB,5584,2,0,-1,,,,
/content/Dataset/BACK/BACK-MCIATGDC.jpg,1,BACK,5585,1,0,-1,,,,
/content/Dataset/MUC/MUC-VPCFEAGT.jpg,4,MUC,5586,4,0,-1,,,,
/content/Dataset/TUM/TUM-WRLWLYSH.jpg,8,TUM,5587,8,0,-1,,,,
/content/Dataset/ADI/ADI-HMPFCRQW.jpg,0,ADI,5588,0,0,-1,,,,
/content/Dataset/TUM/TUM-TGHAFWTN.jpg,8,TUM,5589,8,0,-1,,,,
/content/Dataset/BACK/BACK-KKMYPAAH.jpg,1,BACK,5590,1,0,-1,,,,
/content/Dataset/TUM/TUM-QWWDQKQD.jpg,8,TUM,5591,8,0,-1,,,,
/content/Dataset/STR/STR-PIYKCPAC.jpg,7,STR,5592,7,0,-1,,,,
/content/Dataset/MUS/MUS-READFSRW.jpg,5,MUS,5593,5,0,-1,,,,
/content/Dataset/STR/STR-PAVSVARN.jpg,7,STR,5594,7,0,-1,,,,
/content/Dataset/NORM/NORM-WKNPRKCN.jpg,6,NORM,5595,6,0,-1,,,,
/content/Dataset/DEB/DEB-QSGPGYPQ.jpg,2,DEB,5596,2,0,-1,,,,
/content/Dataset/MUC/MUC-QMYHVMVP.jpg,4,MUC,5597,4,0,-1,,,,
/content/Dataset/LYM/LYM-SSDICLIQ.jpg,3,LYM,5598,3,0,-1,,,,
/content/Dataset/DEB/DEB-SWYNWKNN.jpg,2,DEB,5599,2,0,-1,,,,
/content/Dataset/NORM/NORM-QVCLTRRR.jpg,6,NORM,5600,6,0,-1,,,,
/content/Dataset/ADI/ADI-FTVWHHVK.jpg,0,ADI,5601,0,0,-1,,,,
/content/Dataset/DEB/DEB-TPGETGKF.jpg,2,DEB,5602,2,0,-1,,,,
/content/Dataset/TUM/TUM-VGETSHMW.jpg,8,TUM,5603,8,0,-1,,,,
/content/Dataset/LYM/LYM-NRMNEDLT.jpg,3,LYM,5604,3,0,-1,,,,
/content/Dataset/NORM/NORM-PNRKESGN.jpg,6,NORM,5605,6,0,-1,,,,
/content/Dataset/BACK/BACK-INGLNRLM.jpg,1,BACK,5606,1,0,-1,,,,
/content/Dataset/DEB/DEB-PYVIPIYT.jpg,2,DEB,5607,2,0,-1,,,,
/content/Dataset/NORM/NORM-PNVYTCLP.jpg,6,NORM,5608,6,0,-1,,,,
/content/Dataset/NORM/NORM-LSEYCGRE.jpg,6,NORM,5609,6,0,-1,,,,
/content/Dataset/BACK/BACK-NFLLMHDQ.jpg,1,BACK,5610,1,0,-1,,,,
/content/Dataset/MUS/MUS-SVCKKQMD.jpg,5,MUS,5611,5,0,-1,,,,
/content/Dataset/NORM/NORM-SMYMVVLC.jpg,6,NORM,5612,6,0,-1,,,,
/content/Dataset/ADI/ADI-ENGSYRWT.jpg,0,ADI,5613,0,0,-1,,,,
/content/Dataset/MUC/MUC-TKGILSAF.jpg,4,MUC,5614,4,0,-1,,,,
/content/Dataset/STR/STR-YKQMKRWN.jpg,7,STR,5615,7,0,-1,,,,
/content/Dataset/DEB/DEB-WYQETFPL.jpg,2,DEB,5616,2,0,-1,,,,
/content/Dataset/DEB/DEB-QDWKERST.jpg,2,DEB,5617,2,0,-1,,,,
/content/Dataset/NORM/NORM-VFQASWFW.jpg,6,NORM,5618,6,0,-1,,,,
/content/Dataset/ADI/ADI-FIASSPSR.jpg,0,ADI,5619,0,0,-1,,,,
/content/Dataset/MUS/MUS-VGIQYVEC.jpg,5,MUS,5620,5,0,-1,,,,
/content/Dataset/STR/STR-VKWWMAIS.jpg,7,STR,5621,7,0,-1,,,,
/content/Dataset/NORM/NORM-APYNIETA.jpg,6,NORM,5622,6,0,-1,,,,
/content/Dataset/TUM/TUM-WAKKISML.jpg,8,TUM,5623,8,0,-1,,,,
/content/Dataset/ADI/ADI-CSGQPPKH.jpg,0,ADI,5624,0,0,-1,,,,
/content/Dataset/MUS/MUS-QDKMYCDN.jpg,5,MUS,5625,5,0,-1,,,,
/content/Dataset/MUS/MUS-PDWWIGHC.jpg,5,MUS,5626,5,0,-1,,,,
/content/Dataset/LYM/LYM-VIHNDPVS.jpg,3,LYM,5627,3,0,-1,,,,
/content/Dataset/TUM/TUM-RWETTPDL.jpg,8,TUM,5628,8,0,-1,,,,
/content/Dataset/NORM/NORM-ACGYPDHF.jpg,6,NORM,5629,6,0,-1,,,,
/content/Dataset/TUM/TUM-RTKFWIEC.jpg,8,TUM,5630,8,0,-1,,,,
/content/Dataset/LYM/LYM-SMRHYHMM.jpg,3,LYM,5631,3,0,-1,,,,
/content/Dataset/LYM/LYM-DKYRVVHC.jpg,3,LYM,5632,3,0,-1,,,,
/content/Dataset/LYM/LYM-NWKTMFWI.jpg,3,LYM,5633,3,0,-1,,,,
/content/Dataset/TUM/TUM-SIVHFFIE.jpg,8,TUM,5634,8,0,-1,,,,
/content/Dataset/ADI/ADI-FISESKMT.jpg,0,ADI,5635,0,0,-1,,,,
/content/Dataset/MUC/MUC-QYIPFYYQ.jpg,4,MUC,5636,4,0,-1,,,,
/content/Dataset/MUC/MUC-NAMQMLKG.jpg,4,MUC,5637,4,0,-1,,,,
/content/Dataset/ADI/ADI-HCYTSRYF.jpg,0,ADI,5638,0,0,-1,,,,
/content/Dataset/BACK/BACK-LSDTRFYD.jpg,1,BACK,5639,1,0,-1,,,,
/content/Dataset/STR/STR-RKRDSKNR.jpg,7,STR,5640,7,0,-1,,,,
/content/Dataset/MUS/MUS-SRCGNQSP.jpg,5,MUS,5641,5,0,-1,,,,
/content/Dataset/DEB/DEB-VCIEIFWW.jpg,2,DEB,5642,2,0,-1,,,,
/content/Dataset/TUM/TUM-TLQTNFQA.jpg,8,TUM,5643,8,0,-1,,,,
/content/Dataset/NORM/NORM-VSFTKVNP.jpg,6,NORM,5644,6,0,-1,,,,
/content/Dataset/BACK/BACK-KWNQHPNP.jpg,1,BACK,5645,1,0,-1,,,,
/content/Dataset/MUS/MUS-PIEMAKFQ.jpg,5,MUS,5646,5,0,-1,,,,
/content/Dataset/LYM/LYM-SQYWQDSQ.jpg,3,LYM,5647,3,0,-1,,,,
/content/Dataset/DEB/DEB-NWRRSMAD.jpg,2,DEB,5648,2,0,-1,,,,
/content/Dataset/LYM/LYM-PNLAYVTQ.jpg,3,LYM,5649,3,0,-1,,,,
/content/Dataset/ADI/ADI-INQPGGRV.jpg,0,ADI,5650,0,0,-1,,,,
/content/Dataset/MUS/MUS-QNSMFEPF.jpg,5,MUS,5651,5,0,-1,,,,
/content/Dataset/MUS/MUS-SYRLMLIV.jpg,5,MUS,5652,5,0,-1,,,,
/content/Dataset/MUC/MUC-NYVLFSAR.jpg,4,MUC,5653,4,0,-1,,,,
/content/Dataset/BACK/BACK-AFNEEIPK.jpg,1,BACK,5654,1,0,-1,,,,
/content/Dataset/NORM/NORM-TSQRYENE.jpg,6,NORM,5655,6,0,-1,,,,
/content/Dataset/NORM/NORM-NCLGRNIG.jpg,6,NORM,5656,6,0,-1,,,,
/content/Dataset/DEB/DEB-SPHQMFAK.jpg,2,DEB,5657,2,0,-1,,,,
/content/Dataset/LYM/LYM-SPMCRMTR.jpg,3,LYM,5658,3,0,-1,,,,
/content/Dataset/MUS/MUS-QASQMCPM.jpg,5,MUS,5659,5,0,-1,,,,
/content/Dataset/MUC/MUC-WSMCNPHQ.jpg,4,MUC,5660,4,0,-1,,,,
/content/Dataset/NORM/NORM-RNECDCQR.jpg,6,NORM,5661,6,0,-1,,,,
/content/Dataset/STR/STR-YNLSHGRE.jpg,7,STR,5662,7,0,-1,,,,
/content/Dataset/LYM/LYM-SPMKSYGY.jpg,3,LYM,5663,3,0,-1,,,,
/content/Dataset/BACK/BACK-GTNPQGWS.jpg,1,BACK,5664,1,0,-1,,,,
/content/Dataset/BACK/BACK-PCRIRWVC.jpg,1,BACK,5665,1,0,-1,,,,
/content/Dataset/NORM/NORM-MSGLCPQC.jpg,6,NORM,5666,6,0,-1,,,,
/content/Dataset/DEB/DEB-QNKSEWCP.jpg,2,DEB,5667,2,0,-1,,,,
/content/Dataset/MUS/MUS-CFQKMMHA.jpg,5,MUS,5668,5,0,-1,,,,
/content/Dataset/STR/STR-MPCICTRW.jpg,7,STR,5669,7,0,-1,,,,
/content/Dataset/STR/STR-NCICSEGF.jpg,7,STR,5670,7,0,-1,,,,
/content/Dataset/LYM/LYM-PTKYAYVP.jpg,3,LYM,5671,3,0,-1,,,,
/content/Dataset/LYM/LYM-SRLGPIQN.jpg,3,LYM,5672,3,0,-1,,,,
/content/Dataset/MUC/MUC-AFTYGWME.jpg,4,MUC,5673,4,0,-1,,,,
/content/Dataset/ADI/ADI-GKYAEFEE.jpg,0,ADI,5674,0,0,-1,,,,
/content/Dataset/NORM/NORM-WIREQLTF.jpg,6,NORM,5675,6,0,-1,,,,
/content/Dataset/BACK/BACK-HTDGTLNQ.jpg,1,BACK,5676,1,0,-1,,,,
/content/Dataset/MUC/MUC-YLFWHEDD.jpg,4,MUC,5677,4,0,-1,,,,
/content/Dataset/STR/STR-SGEMLRLT.jpg,7,STR,5678,7,0,-1,,,,
/content/Dataset/TUM/TUM-SSWSISVT.jpg,8,TUM,5679,8,0,-1,,,,
/content/Dataset/MUC/MUC-VDLALEAN.jpg,4,MUC,5680,4,0,-1,,,,
/content/Dataset/MUS/MUS-VFNYIHCT.jpg,5,MUS,5681,5,0,-1,,,,
/content/Dataset/TUM/TUM-VKPQYMKT.jpg,8,TUM,5682,8,0,-1,,,,
/content/Dataset/LYM/LYM-TFHVRNSC.jpg,3,LYM,5683,3,0,-1,,,,
/content/Dataset/MUC/MUC-YAAQIVCK.jpg,4,MUC,5684,4,0,-1,,,,
/content/Dataset/LYM/LYM-VNSAVNFG.jpg,3,LYM,5685,3,0,-1,,,,
/content/Dataset/MUS/MUS-NYMYDALV.jpg,5,MUS,5686,5,0,-1,,,,
/content/Dataset/STR/STR-MYWDGSCD.jpg,7,STR,5687,7,0,-1,,,,
/content/Dataset/ADI/ADI-FRQTKGDF.jpg,0,ADI,5688,0,0,-1,,,,
/content/Dataset/LYM/LYM-YQHEMWMY.jpg,3,LYM,5689,3,0,-1,,,,
/content/Dataset/NORM/NORM-NIGYRVKL.jpg,6,NORM,5690,6,0,-1,,,,
/content/Dataset/DEB/DEB-PAVWASGY.jpg,2,DEB,5691,2,0,-1,,,,
/content/Dataset/MUC/MUC-RAQVHVPQ.jpg,4,MUC,5692,4,0,-1,,,,
/content/Dataset/MUS/MUS-SDVWLFYH.jpg,5,MUS,5693,5,0,-1,,,,
/content/Dataset/BACK/BACK-MDKKDVMT.jpg,1,BACK,5694,1,0,-1,,,,
/content/Dataset/BACK/BACK-KLTKREHS.jpg,1,BACK,5695,1,0,-1,,,,
/content/Dataset/STR/STR-SVAGDIYD.jpg,7,STR,5696,7,0,-1,,,,
/content/Dataset/MUC/MUC-RWIWLYST.jpg,4,MUC,5697,4,0,-1,,,,
/content/Dataset/BACK/BACK-LYWYDYAP.jpg,1,BACK,5698,1,0,-1,,,,
/content/Dataset/MUC/MUC-VCVCQGYV.jpg,4,MUC,5699,4,0,-1,,,,
/content/Dataset/TUM/TUM-WQSHCCNQ.jpg,8,TUM,5700,8,0,-1,,,,
/content/Dataset/LYM/LYM-LPSLMAHL.jpg,3,LYM,5701,3,0,-1,,,,
/content/Dataset/ADI/ADI-FVSTPKSI.jpg,0,ADI,5702,0,0,-1,,,,
/content/Dataset/BACK/BACK-KSDEYGRG.jpg,1,BACK,5703,1,0,-1,,,,
/content/Dataset/STR/STR-PHTTKEYL.jpg,7,STR,5704,7,0,-1,,,,
/content/Dataset/BACK/BACK-CADVHKYR.jpg,1,BACK,5705,1,0,-1,,,,
/content/Dataset/MUS/MUS-AYANLCDT.jpg,5,MUS,5706,5,0,-1,,,,
/content/Dataset/MUC/MUC-VRLSFQAI.jpg,4,MUC,5707,4,0,-1,,,,
/content/Dataset/NORM/NORM-YDGNGIPC.jpg,6,NORM,5708,6,0,-1,,,,
/content/Dataset/MUS/MUS-SLGSYADI.jpg,5,MUS,5709,5,0,-1,,,,
/content/Dataset/BACK/BACK-MKGEISQN.jpg,1,BACK,5710,1,0,-1,,,,
/content/Dataset/STR/STR-VVNHYCRY.jpg,7,STR,5711,7,0,-1,,,,
/content/Dataset/MUS/MUS-AIPPIVKT.jpg,5,MUS,5712,5,0,-1,,,,
/content/Dataset/STR/STR-PNALVARS.jpg,7,STR,5713,7,0,-1,,,,
/content/Dataset/BACK/BACK-KITSTSDQ.jpg,1,BACK,5714,1,0,-1,,,,
/content/Dataset/MUC/MUC-THRNYAIT.jpg,4,MUC,5715,4,0,-1,,,,
/content/Dataset/TUM/TUM-QATPMKCD.jpg,8,TUM,5716,8,0,-1,,,,
/content/Dataset/MUS/MUS-RTKDFFRA.jpg,5,MUS,5717,5,0,-1,,,,
/content/Dataset/TUM/TUM-SCDFCRLK.jpg,8,TUM,5718,8,0,-1,,,,
/content/Dataset/STR/STR-WEPCQPTI.jpg,7,STR,5719,7,0,-1,,,,
/content/Dataset/LYM/LYM-RASFYISF.jpg,3,LYM,5720,3,0,-1,,,,
/content/Dataset/TUM/TUM-SRRVQVYN.jpg,8,TUM,5721,8,0,-1,,,,
/content/Dataset/BACK/BACK-LCHKRSVW.jpg,1,BACK,5722,1,0,-1,,,,
/content/Dataset/BACK/BACK-KYECQNEE.jpg,1,BACK,5723,1,0,-1,,,,
/content/Dataset/BACK/BACK-KEIKKTMK.jpg,1,BACK,5724,1,0,-1,,,,
/content/Dataset/STR/STR-YYRTIHPT.jpg,7,STR,5725,7,0,-1,,,,
/content/Dataset/MUS/MUS-RVMYQYPW.jpg,5,MUS,5726,5,0,-1,,,,
/content/Dataset/DEB/DEB-SEWRPQVK.jpg,2,DEB,5727,2,0,-1,,,,
/content/Dataset/ADI/ADI-EKMAARRR.jpg,0,ADI,5728,0,0,-1,,,,
/content/Dataset/MUS/MUS-PQMDIMQD.jpg,5,MUS,5729,5,0,-1,,,,
/content/Dataset/STR/STR-YWCWSDGQ.jpg,7,STR,5730,7,0,-1,,,,
/content/Dataset/STR/STR-MMIPVYVY.jpg,7,STR,5731,7,0,-1,,,,
/content/Dataset/ADI/ADI-FARLMGII.jpg,0,ADI,5732,0,0,-1,,,,
/content/Dataset/BACK/BACK-AENQCLVR.jpg,1,BACK,5733,1,0,-1,,,,
/content/Dataset/ADI/ADI-DCNTPWDH.jpg,0,ADI,5734,0,0,-1,,,,
/content/Dataset/NORM/NORM-WDSKWNHW.jpg,6,NORM,5735,6,0,-1,,,,
/content/Dataset/MUC/MUC-VTPVEAAC.jpg,4,MUC,5736,4,0,-1,,,,
/content/Dataset/DEB/DEB-SYDEFGHP.jpg,2,DEB,5737,2,0,-1,,,,
/content/Dataset/BACK/BACK-LLQVEYWQ.jpg,1,BACK,5738,1,0,-1,,,,
/content/Dataset/ADI/ADI-HAVDDVMN.jpg,0,ADI,5739,0,0,-1,,,,
/content/Dataset/LYM/LYM-AHNHAYYT.jpg,3,LYM,5740,3,0,-1,,,,
/content/Dataset/DEB/DEB-TWHDEVFM.jpg,2,DEB,5741,2,0,-1,,,,
/content/Dataset/BACK/BACK-DPLWFYKQ.jpg,1,BACK,5742,1,0,-1,,,,
/content/Dataset/STR/STR-QENNICMA.jpg,7,STR,5743,7,0,-1,,,,
/content/Dataset/LYM/LYM-RCKRAQRA.jpg,3,LYM,5744,3,0,-1,,,,
/content/Dataset/MUC/MUC-TRWNCERP.jpg,4,MUC,5745,4,0,-1,,,,
/content/Dataset/BACK/BACK-MDNHWYLD.jpg,1,BACK,5746,1,0,-1,,,,
/content/Dataset/LYM/LYM-PEFDSVPF.jpg,3,LYM,5747,3,0,-1,,,,
/content/Dataset/MUS/MUS-TCMRIWKN.jpg,5,MUS,5748,5,0,-1,,,,
/content/Dataset/STR/STR-NNMANQLC.jpg,7,STR,5749,7,0,-1,,,,
/content/Dataset/NORM/NORM-PWNTWQSP.jpg,6,NORM,5750,6,0,-1,,,,
/content/Dataset/DEB/DEB-QLRKGAGA.jpg,2,DEB,5751,2,0,-1,,,,
/content/Dataset/BACK/BACK-LRLLYAVT.jpg,1,BACK,5752,1,0,-1,,,,
/content/Dataset/BACK/BACK-FNCNHMPT.jpg,1,BACK,5753,1,0,-1,,,,
/content/Dataset/BACK/BACK-KWFQTVWW.jpg,1,BACK,5754,1,0,-1,,,,
/content/Dataset/BACK/BACK-KQICSLNN.jpg,1,BACK,5755,1,0,-1,,,,
/content/Dataset/ADI/ADI-IAMIKNQL.jpg,0,ADI,5756,0,0,-1,,,,
/content/Dataset/BACK/BACK-HDKWWLCP.jpg,1,BACK,5757,1,0,-1,,,,
/content/Dataset/BACK/BACK-LGAWSISE.jpg,1,BACK,5758,1,0,-1,,,,
/content/Dataset/BACK/BACK-PASQHPVS.jpg,1,BACK,5759,1,0,-1,,,,
/content/Dataset/DEB/DEB-RSDDWTVS.jpg,2,DEB,5760,2,0,-1,,,,
/content/Dataset/MUC/MUC-YPKPYECR.jpg,4,MUC,5761,4,0,-1,,,,
/content/Dataset/DEB/DEB-YGGHMRQC.jpg,2,DEB,5762,2,0,-1,,,,
/content/Dataset/BACK/BACK-AEFDLNAF.jpg,1,BACK,5763,1,0,-1,,,,
/content/Dataset/LYM/LYM-QMNNYTWH.jpg,3,LYM,5764,3,0,-1,,,,
/content/Dataset/MUC/MUC-PWKCPCVW.jpg,4,MUC,5765,4,0,-1,,,,
/content/Dataset/LYM/LYM-YNMLSHVR.jpg,3,LYM,5766,3,0,-1,,,,
/content/Dataset/STR/STR-NAQVQDAR.jpg,7,STR,5767,7,0,-1,,,,
/content/Dataset/LYM/LYM-RTIMFKIG.jpg,3,LYM,5768,3,0,-1,,,,
/content/Dataset/DEB/DEB-RFTEILKK.jpg,2,DEB,5769,2,0,-1,,,,
/content/Dataset/STR/STR-RYTWMVIN.jpg,7,STR,5770,7,0,-1,,,,
/content/Dataset/ADI/ADI-FAHLMEWE.jpg,0,ADI,5771,0,0,-1,,,,
/content/Dataset/LYM/LYM-RRRDQYRN.jpg,3,LYM,5772,3,0,-1,,,,
/content/Dataset/TUM/TUM-VVHRWTLL.jpg,8,TUM,5773,8,0,-1,,,,
/content/Dataset/STR/STR-SCVKCWSK.jpg,7,STR,5774,7,0,-1,,,,
/content/Dataset/BACK/BACK-ISVKLHHE.jpg,1,BACK,5775,1,0,-1,,,,
/content/Dataset/DEB/DEB-QDSACCND.jpg,2,DEB,5776,2,0,-1,,,,
/content/Dataset/LYM/LYM-QLKITKGL.jpg,3,LYM,5777,3,0,-1,,,,
/content/Dataset/LYM/LYM-NLRDATLC.jpg,3,LYM,5778,3,0,-1,,,,
/content/Dataset/DEB/DEB-PANVVPCM.jpg,2,DEB,5779,2,0,-1,,,,
/content/Dataset/STR/STR-THMHPTAR.jpg,7,STR,5780,7,0,-1,,,,
/content/Dataset/DEB/DEB-YYWTMVGA.jpg,2,DEB,5781,2,0,-1,,,,
/content/Dataset/MUC/MUC-CACQSVMS.jpg,4,MUC,5782,4,0,-1,,,,
/content/Dataset/ADI/ADI-HPMEQYFR.jpg,0,ADI,5783,0,0,-1,,,,
/content/Dataset/MUS/MUS-PQWKHWQY.jpg,5,MUS,5784,5,0,-1,,,,
/content/Dataset/ADI/ADI-HGQQQCEP.jpg,0,ADI,5785,0,0,-1,,,,
/content/Dataset/STR/STR-RWPTRYVF.jpg,7,STR,5786,7,0,-1,,,,
/content/Dataset/LYM/LYM-NDTFQFPK.jpg,3,LYM,5787,3,0,-1,,,,
/content/Dataset/ADI/ADI-CSGATGSW.jpg,0,ADI,5788,0,0,-1,,,,
/content/Dataset/STR/STR-ACSFSCFG.jpg,7,STR,5789,7,0,-1,,,,
/content/Dataset/ADI/ADI-ERNKAWMP.jpg,0,ADI,5790,0,0,-1,,,,
/content/Dataset/MUS/MUS-CMSIWAFF.jpg,5,MUS,5791,5,0,-1,,,,
/content/Dataset/MUC/MUC-YHEKEPTS.jpg,4,MUC,5792,4,0,-1,,,,
/content/Dataset/MUS/MUS-CDKMPKIQ.jpg,5,MUS,5793,5,0,-1,,,,
/content/Dataset/LYM/LYM-SLGCYWIG.jpg,3,LYM,5794,3,0,-1,,,,
/content/Dataset/TUM/TUM-VMADDGGS.jpg,8,TUM,5795,8,0,-1,,,,
/content/Dataset/STR/STR-TFNMWEQP.jpg,7,STR,5796,7,0,-1,,,,
/content/Dataset/STR/STR-WPEHWQCC.jpg,7,STR,5797,7,0,-1,,,,
/content/Dataset/DEB/DEB-WFTRGRFK.jpg,2,DEB,5798,2,0,-1,,,,
/content/Dataset/STR/STR-RWQRTDYK.jpg,7,STR,5799,7,0,-1,,,,
/content/Dataset/MUS/MUS-PGQMWACD.jpg,5,MUS,5800,5,0,-1,,,,
/content/Dataset/MUC/MUC-CRREGDVY.jpg,4,MUC,5801,4,0,-1,,,,
/content/Dataset/TUM/TUM-QEYLIDRW.jpg,8,TUM,5802,8,0,-1,,,,
/content/Dataset/DEB/DEB-STSSSMPT.jpg,2,DEB,5803,2,0,-1,,,,
/content/Dataset/ADI/ADI-CFVYFSLE.jpg,0,ADI,5804,0,0,-1,,,,
/content/Dataset/BACK/BACK-NWLPQNAW.jpg,1,BACK,5805,1,0,-1,,,,
/content/Dataset/DEB/DEB-WFNEAVCR.jpg,2,DEB,5806,2,0,-1,,,,
/content/Dataset/DEB/DEB-QFVYSVAF.jpg,2,DEB,5807,2,0,-1,,,,
/content/Dataset/STR/STR-TNPKVFDR.jpg,7,STR,5808,7,0,-1,,,,
/content/Dataset/ADI/ADI-HKILKLWQ.jpg,0,ADI,5809,0,0,-1,,,,
/content/Dataset/BACK/BACK-AFDRALSV.jpg,1,BACK,5810,1,0,-1,,,,
/content/Dataset/ADI/ADI-GCFNIFLV.jpg,0,ADI,5811,0,0,-1,,,,
/content/Dataset/LYM/LYM-NHRPTKVW.jpg,3,LYM,5812,3,0,-1,,,,
/content/Dataset/DEB/DEB-ACIGGHEY.jpg,2,DEB,5813,2,0,-1,,,,
/content/Dataset/BACK/BACK-KYDLHPDE.jpg,1,BACK,5814,1,0,-1,,,,
/content/Dataset/NORM/NORM-SEPVGIVM.jpg,6,NORM,5815,6,0,-1,,,,
/content/Dataset/ADI/ADI-GCNDYAWL.jpg,0,ADI,5816,0,0,-1,,,,
/content/Dataset/NORM/NORM-WHFLVCQE.jpg,6,NORM,5817,6,0,-1,,,,
/content/Dataset/MUS/MUS-SEIMKDMT.jpg,5,MUS,5818,5,0,-1,,,,
/content/Dataset/TUM/TUM-TVSWDTHE.jpg,8,TUM,5819,8,0,-1,,,,
/content/Dataset/NORM/NORM-YHCIEMPK.jpg,6,NORM,5820,6,0,-1,,,,
/content/Dataset/ADI/ADI-GEVRTIDP.jpg,0,ADI,5821,0,0,-1,,,,
/content/Dataset/ADI/ADI-EFTANTQS.jpg,0,ADI,5822,0,0,-1,,,,
/content/Dataset/LYM/LYM-LHFFHPNV.jpg,3,LYM,5823,3,0,-1,,,,
/content/Dataset/BACK/BACK-CGQRTKHQ.jpg,1,BACK,5824,1,0,-1,,,,
/content/Dataset/MUS/MUS-PPMVTLTI.jpg,5,MUS,5825,5,0,-1,,,,
/content/Dataset/TUM/TUM-QIGVTLAM.jpg,8,TUM,5826,8,0,-1,,,,
/content/Dataset/ADI/ADI-DNPWIILG.jpg,0,ADI,5827,0,0,-1,,,,
/content/Dataset/MUC/MUC-VLGCYDYK.jpg,4,MUC,5828,4,0,-1,,,,
/content/Dataset/TUM/TUM-SQTVRILI.jpg,8,TUM,5829,8,0,-1,,,,
/content/Dataset/ADI/ADI-IQLISPDF.jpg,0,ADI,5830,0,0,-1,,,,
/content/Dataset/LYM/LYM-AAFQCRPY.jpg,3,LYM,5831,3,0,-1,,,,
/content/Dataset/ADI/ADI-FWGHPVIE.jpg,0,ADI,5832,0,0,-1,,,,
/content/Dataset/BACK/BACK-KKRHTERW.jpg,1,BACK,5833,1,0,-1,,,,
/content/Dataset/TUM/TUM-THIDCARY.jpg,8,TUM,5834,8,0,-1,,,,
/content/Dataset/TUM/TUM-RRKTWTLK.jpg,8,TUM,5835,8,0,-1,,,,
/content/Dataset/STR/STR-RERLYPDK.jpg,7,STR,5836,7,0,-1,,,,
/content/Dataset/DEB/DEB-YCPTCSNQ.jpg,2,DEB,5837,2,0,-1,,,,
/content/Dataset/LYM/LYM-HGEMLPFA.jpg,3,LYM,5838,3,0,-1,,,,
/content/Dataset/STR/STR-SYWRRPEE.jpg,7,STR,5839,7,0,-1,,,,
/content/Dataset/DEB/DEB-VYKGISTD.jpg,2,DEB,5840,2,0,-1,,,,
/content/Dataset/STR/STR-QLTCKKRH.jpg,7,STR,5841,7,0,-1,,,,
/content/Dataset/DEB/DEB-AEPEEHTL.jpg,2,DEB,5842,2,0,-1,,,,
/content/Dataset/MUC/MUC-QKFELGHK.jpg,4,MUC,5843,4,0,-1,,,,
/content/Dataset/NORM/NORM-YIAPTICN.jpg,6,NORM,5844,6,0,-1,,,,
/content/Dataset/ADI/ADI-DQKITRGN.jpg,0,ADI,5845,0,0,-1,,,,
/content/Dataset/LYM/LYM-TVTTPGTC.jpg,3,LYM,5846,3,0,-1,,,,
/content/Dataset/ADI/ADI-DIVKQSYH.jpg,0,ADI,5847,0,0,-1,,,,
/content/Dataset/STR/STR-QEWMGGKY.jpg,7,STR,5848,7,0,-1,,,,
/content/Dataset/MUS/MUS-QDQMSRCS.jpg,5,MUS,5849,5,0,-1,,,,
/content/Dataset/LYM/LYM-PHIVHHRF.jpg,3,LYM,5850,3,0,-1,,,,
/content/Dataset/NORM/NORM-RDMTQRVQ.jpg,6,NORM,5851,6,0,-1,,,,
/content/Dataset/TUM/TUM-STGCQFLW.jpg,8,TUM,5852,8,0,-1,,,,
/content/Dataset/TUM/TUM-VSLCTHGD.jpg,8,TUM,5853,8,0,-1,,,,
/content/Dataset/STR/STR-QSAIDVTN.jpg,7,STR,5854,7,0,-1,,,,
/content/Dataset/DEB/DEB-NVSFGFYQ.jpg,2,DEB,5855,2,0,-1,,,,
/content/Dataset/BACK/BACK-MRPWMYGY.jpg,1,BACK,5856,1,0,-1,,,,
/content/Dataset/NORM/NORM-YSNRNYMF.jpg,6,NORM,5857,6,0,-1,,,,
/content/Dataset/MUS/MUS-QTGEMCFP.jpg,5,MUS,5858,5,0,-1,,,,
/content/Dataset/ADI/ADI-ESDKWYMM.jpg,0,ADI,5859,0,0,-1,,,,
/content/Dataset/MUS/MUS-QCPYQQGN.jpg,5,MUS,5860,5,0,-1,,,,
/content/Dataset/NORM/NORM-VSFFDYTY.jpg,6,NORM,5861,6,0,-1,,,,
/content/Dataset/NORM/NORM-PERANKWF.jpg,6,NORM,5862,6,0,-1,,,,
/content/Dataset/LYM/LYM-MEVCHHWY.jpg,3,LYM,5863,3,0,-1,,,,
/content/Dataset/BACK/BACK-KHKSQKVV.jpg,1,BACK,5864,1,0,-1,,,,
/content/Dataset/LYM/LYM-YWTIFYSQ.jpg,3,LYM,5865,3,0,-1,,,,
/content/Dataset/MUC/MUC-PGGNHYVR.jpg,4,MUC,5866,4,0,-1,,,,
/content/Dataset/STR/STR-QNGDMMAI.jpg,7,STR,5867,7,0,-1,,,,
/content/Dataset/MUC/MUC-ANGKWSET.jpg,4,MUC,5868,4,0,-1,,,,
/content/Dataset/ADI/ADI-HTLMKIDS.jpg,0,ADI,5869,0,0,-1,,,,
/content/Dataset/LYM/LYM-MTFMKHYK.jpg,3,LYM,5870,3,0,-1,,,,
/content/Dataset/DEB/DEB-SNSYWIWQ.jpg,2,DEB,5871,2,0,-1,,,,
/content/Dataset/TUM/TUM-RMWFIVWL.jpg,8,TUM,5872,8,0,-1,,,,
/content/Dataset/BACK/BACK-KYWMYRKC.jpg,1,BACK,5873,1,0,-1,,,,
/content/Dataset/MUC/MUC-SLAYSIAR.jpg,4,MUC,5874,4,0,-1,,,,
/content/Dataset/MUS/MUS-PFFYEAHV.jpg,5,MUS,5875,5,0,-1,,,,
/content/Dataset/MUC/MUC-PAMGMWPD.jpg,4,MUC,5876,4,0,-1,,,,
/content/Dataset/LYM/LYM-VIDCRYQR.jpg,3,LYM,5877,3,0,-1,,,,
/content/Dataset/BACK/BACK-ISCTQTNT.jpg,1,BACK,5878,1,0,-1,,,,
/content/Dataset/TUM/TUM-YGMWEWEN.jpg,8,TUM,5879,8,0,-1,,,,
/content/Dataset/BACK/BACK-LSKPQRIQ.jpg,1,BACK,5880,1,0,-1,,,,
/content/Dataset/NORM/NORM-REMVSPNG.jpg,6,NORM,5881,6,0,-1,,,,
/content/Dataset/NORM/NORM-RDNGIIVI.jpg,6,NORM,5882,6,0,-1,,,,
/content/Dataset/STR/STR-SCRSETMV.jpg,7,STR,5883,7,0,-1,,,,
/content/Dataset/ADI/ADI-IGMPCRTV.jpg,0,ADI,5884,0,0,-1,,,,
/content/Dataset/MUC/MUC-WMGPGLHS.jpg,4,MUC,5885,4,0,-1,,,,
/content/Dataset/ADI/ADI-DEFMCALD.jpg,0,ADI,5886,0,0,-1,,,,
/content/Dataset/ADI/ADI-APDRHCGN.jpg,0,ADI,5887,0,0,-1,,,,
/content/Dataset/MUS/MUS-PMSHQNQS.jpg,5,MUS,5888,5,0,-1,,,,
/content/Dataset/TUM/TUM-TQSHKQEF.jpg,8,TUM,5889,8,0,-1,,,,
/content/Dataset/BACK/BACK-LNNFIFLN.jpg,1,BACK,5890,1,0,-1,,,,
/content/Dataset/NORM/NORM-LIDCSCKF.jpg,6,NORM,5891,6,0,-1,,,,
/content/Dataset/MUC/MUC-QLVCAHRN.jpg,4,MUC,5892,4,0,-1,,,,
/content/Dataset/STR/STR-SSDSESTF.jpg,7,STR,5893,7,0,-1,,,,
/content/Dataset/MUS/MUS-NTFFMWNP.jpg,5,MUS,5894,5,0,-1,,,,
/content/Dataset/STR/STR-SMWQRCAT.jpg,7,STR,5895,7,0,-1,,,,
/content/Dataset/NORM/NORM-NATTRYLC.jpg,6,NORM,5896,6,0,-1,,,,
/content/Dataset/STR/STR-TISYSRLT.jpg,7,STR,5897,7,0,-1,,,,
/content/Dataset/DEB/DEB-QGGTNYWI.jpg,2,DEB,5898,2,0,-1,,,,
/content/Dataset/BACK/BACK-NRIARHRK.jpg,1,BACK,5899,1,0,-1,,,,
/content/Dataset/DEB/DEB-VWPPKSFL.jpg,2,DEB,5900,2,0,-1,,,,
/content/Dataset/NORM/NORM-QCRAGCLV.jpg,6,NORM,5901,6,0,-1,,,,
/content/Dataset/MUC/MUC-WVDTLIAL.jpg,4,MUC,5902,4,0,-1,,,,
/content/Dataset/LYM/LYM-QNETTGWI.jpg,3,LYM,5903,3,0,-1,,,,
/content/Dataset/NORM/NORM-MRKQWTLM.jpg,6,NORM,5904,6,0,-1,,,,
/content/Dataset/TUM/TUM-WMKWWSCK.jpg,8,TUM,5905,8,0,-1,,,,
/content/Dataset/NORM/NORM-WMFDPEWY.jpg,6,NORM,5906,6,0,-1,,,,
/content/Dataset/MUC/MUC-NNRGDIKD.jpg,4,MUC,5907,4,0,-1,,,,
/content/Dataset/DEB/DEB-QLAEWVCC.jpg,2,DEB,5908,2,0,-1,,,,
/content/Dataset/NORM/NORM-WCILQRKL.jpg,6,NORM,5909,6,0,-1,,,,
/content/Dataset/TUM/TUM-SDDHQGRP.jpg,8,TUM,5910,8,0,-1,,,,
/content/Dataset/LYM/LYM-PPEHDVCR.jpg,3,LYM,5911,3,0,-1,,,,
/content/Dataset/NORM/NORM-QEFRLTQN.jpg,6,NORM,5912,6,0,-1,,,,
/content/Dataset/BACK/BACK-AEGCMCHI.jpg,1,BACK,5913,1,0,-1,,,,
/content/Dataset/BACK/BACK-LQGRKNDD.jpg,1,BACK,5914,1,0,-1,,,,
/content/Dataset/LYM/LYM-TDAGLTEY.jpg,3,LYM,5915,3,0,-1,,,,
/content/Dataset/TUM/TUM-YYVTDICP.jpg,8,TUM,5916,8,0,-1,,,,
/content/Dataset/LYM/LYM-MRRRITIP.jpg,3,LYM,5917,3,0,-1,,,,
/content/Dataset/LYM/LYM-QQAWTTIR.jpg,3,LYM,5918,3,0,-1,,,,
/content/Dataset/BACK/BACK-IFVGHNCP.jpg,1,BACK,5919,1,0,-1,,,,
/content/Dataset/DEB/DEB-PQAHAPVV.jpg,2,DEB,5920,2,0,-1,,,,
/content/Dataset/DEB/DEB-NYRQQNDA.jpg,2,DEB,5921,2,0,-1,,,,
/content/Dataset/NORM/NORM-YPFAYLCD.jpg,6,NORM,5922,6,0,-1,,,,
/content/Dataset/MUC/MUC-SVTNNWTT.jpg,4,MUC,5923,4,0,-1,,,,
/content/Dataset/MUS/MUS-NMVYNHAQ.jpg,5,MUS,5924,5,0,-1,,,,
/content/Dataset/STR/STR-MPCGHPSM.jpg,7,STR,5925,7,0,-1,,,,
/content/Dataset/ADI/ADI-GWAFEEMY.jpg,0,ADI,5926,0,0,-1,,,,
/content/Dataset/BACK/BACK-MPQQEYPH.jpg,1,BACK,5927,1,0,-1,,,,
/content/Dataset/TUM/TUM-SFWRAWNF.jpg,8,TUM,5928,8,0,-1,,,,
/content/Dataset/NORM/NORM-SQITLTWL.jpg,6,NORM,5929,6,0,-1,,,,
/content/Dataset/STR/STR-WICQPMNI.jpg,7,STR,5930,7,0,-1,,,,
/content/Dataset/TUM/TUM-RWQESQQL.jpg,8,TUM,5931,8,0,-1,,,,
/content/Dataset/STR/STR-MMLDISGA.jpg,7,STR,5932,7,0,-1,,,,
/content/Dataset/BACK/BACK-FRYRKQTV.jpg,1,BACK,5933,1,0,-1,,,,
/content/Dataset/ADI/ADI-IWQTQCIY.jpg,0,ADI,5934,0,0,-1,,,,
/content/Dataset/LYM/LYM-TPKAIYVT.jpg,3,LYM,5935,3,0,-1,,,,
/content/Dataset/ADI/ADI-CYCLEIQD.jpg,0,ADI,5936,0,0,-1,,,,
/content/Dataset/BACK/BACK-LSFARFPK.jpg,1,BACK,5937,1,0,-1,,,,
/content/Dataset/BACK/BACK-LHECGLCF.jpg,1,BACK,5938,1,0,-1,,,,
/content/Dataset/BACK/BACK-NWKCLMGW.jpg,1,BACK,5939,1,0,-1,,,,
/content/Dataset/TUM/TUM-YSVCYPHI.jpg,8,TUM,5940,8,0,-1,,,,
/content/Dataset/ADI/ADI-DNIIAHYE.jpg,0,ADI,5941,0,0,-1,,,,
/content/Dataset/LYM/LYM-MIPSNWFC.jpg,3,LYM,5942,3,0,-1,,,,
/content/Dataset/STR/STR-VTMWMDGK.jpg,7,STR,5943,7,0,-1,,,,
/content/Dataset/MUS/MUS-NPHKMSYY.jpg,5,MUS,5944,5,0,-1,,,,
/content/Dataset/BACK/BACK-ADLREGSG.jpg,1,BACK,5945,1,0,-1,,,,
/content/Dataset/MUC/MUC-QRSFLDLD.jpg,4,MUC,5946,4,0,-1,,,,
/content/Dataset/NORM/NORM-RNSHCWKC.jpg,6,NORM,5947,6,0,-1,,,,
/content/Dataset/LYM/LYM-NEMIVQHS.jpg,3,LYM,5948,3,0,-1,,,,
/content/Dataset/DEB/DEB-SLLAKQDP.jpg,2,DEB,5949,2,0,-1,,,,
/content/Dataset/NORM/NORM-LNRENRLD.jpg,6,NORM,5950,6,0,-1,,,,
/content/Dataset/MUC/MUC-ADYLLNAR.jpg,4,MUC,5951,4,0,-1,,,,
/content/Dataset/STR/STR-TYLPRVRT.jpg,7,STR,5952,7,0,-1,,,,
/content/Dataset/LYM/LYM-VHLEMEWI.jpg,3,LYM,5953,3,0,-1,,,,
/content/Dataset/MUC/MUC-WVLGPYCG.jpg,4,MUC,5954,4,0,-1,,,,
/content/Dataset/MUS/MUS-QTKWYHHW.jpg,5,MUS,5955,5,0,-1,,,,
/content/Dataset/MUC/MUC-PVNRCNSQ.jpg,4,MUC,5956,4,0,-1,,,,
/content/Dataset/NORM/NORM-STWYSGHK.jpg,6,NORM,5957,6,0,-1,,,,
/content/Dataset/MUC/MUC-WEAHFDSL.jpg,4,MUC,5958,4,0,-1,,,,
/content/Dataset/MUS/MUS-QYVEQTCS.jpg,5,MUS,5959,5,0,-1,,,,
/content/Dataset/TUM/TUM-WMRMNNRN.jpg,8,TUM,5960,8,0,-1,,,,
/content/Dataset/DEB/DEB-SATSHAWS.jpg,2,DEB,5961,2,0,-1,,,,
/content/Dataset/ADI/ADI-DAACYFPF.jpg,0,ADI,5962,0,0,-1,,,,
/content/Dataset/LYM/LYM-VAYTHMCK.jpg,3,LYM,5963,3,0,-1,,,,
/content/Dataset/NORM/NORM-TDCTAYFM.jpg,6,NORM,5964,6,0,-1,,,,
/content/Dataset/DEB/DEB-YQCPPSCY.jpg,2,DEB,5965,2,0,-1,,,,
/content/Dataset/BACK/BACK-PGDHNPID.jpg,1,BACK,5966,1,0,-1,,,,
/content/Dataset/LYM/LYM-FPPVQMGG.jpg,3,LYM,5967,3,0,-1,,,,
/content/Dataset/STR/STR-YAKTEYTL.jpg,7,STR,5968,7,0,-1,,,,
/content/Dataset/TUM/TUM-SDCMIGCH.jpg,8,TUM,5969,8,0,-1,,,,
/content/Dataset/DEB/DEB-YTKFHVHF.jpg,2,DEB,5970,2,0,-1,,,,
/content/Dataset/TUM/TUM-YEWGKAIW.jpg,8,TUM,5971,8,0,-1,,,,
/content/Dataset/BACK/BACK-FRLSRDDQ.jpg,1,BACK,5972,1,0,-1,,,,
/content/Dataset/MUC/MUC-TKHWRESH.jpg,4,MUC,5973,4,0,-1,,,,
/content/Dataset/MUS/MUS-RNGHHQKS.jpg,5,MUS,5974,5,0,-1,,,,
/content/Dataset/DEB/DEB-QCWQSLAF.jpg,2,DEB,5975,2,0,-1,,,,
/content/Dataset/LYM/LYM-RNNKSNPE.jpg,3,LYM,5976,3,0,-1,,,,
/content/Dataset/DEB/DEB-TCHCWPQP.jpg,2,DEB,5977,2,0,-1,,,,
/content/Dataset/MUS/MUS-PGEIKPKN.jpg,5,MUS,5978,5,0,-1,,,,
/content/Dataset/MUC/MUC-YPSPWSQL.jpg,4,MUC,5979,4,0,-1,,,,
/content/Dataset/ADI/ADI-CVQGRCTM.jpg,0,ADI,5980,0,0,-1,,,,
/content/Dataset/NORM/NORM-NGQMHSYL.jpg,6,NORM,5981,6,0,-1,,,,
/content/Dataset/TUM/TUM-YRITMRHE.jpg,8,TUM,5982,8,0,-1,,,,
/content/Dataset/DEB/DEB-RLHTAEEW.jpg,2,DEB,5983,2,0,-1,,,,
/content/Dataset/ADI/ADI-CHARPFFM.jpg,0,ADI,5984,0,0,-1,,,,
/content/Dataset/MUC/MUC-QMFFEPCT.jpg,4,MUC,5985,4,0,-1,,,,
/content/Dataset/DEB/DEB-QNIGPDNM.jpg,2,DEB,5986,2,0,-1,,,,
/content/Dataset/NORM/NORM-NFSGLYTI.jpg,6,NORM,5987,6,0,-1,,,,
/content/Dataset/MUC/MUC-TKGWWIVF.jpg,4,MUC,5988,4,0,-1,,,,
/content/Dataset/MUC/MUC-WIFHMYRY.jpg,4,MUC,5989,4,0,-1,,,,
/content/Dataset/BACK/BACK-KPLSVSHN.jpg,1,BACK,5990,1,0,-1,,,,
/content/Dataset/ADI/ADI-DMNVYMHT.jpg,0,ADI,5991,0,0,-1,,,,
/content/Dataset/STR/STR-WVSNRHTM.jpg,7,STR,5992,7,0,-1,,,,
/content/Dataset/STR/STR-QFETAYHT.jpg,7,STR,5993,7,0,-1,,,,
/content/Dataset/ADI/ADI-ERCMHHRR.jpg,0,ADI,5994,0,0,-1,,,,
/content/Dataset/DEB/DEB-RWAKQAPM.jpg,2,DEB,5995,2,0,-1,,,,
/content/Dataset/BACK/BACK-IAGIHISL.jpg,1,BACK,5996,1,0,-1,,,,
/content/Dataset/NORM/NORM-PLNCLKTW.jpg,6,NORM,5997,6,0,-1,,,,
/content/Dataset/MUC/MUC-QMLLTKMF.jpg,4,MUC,5998,4,0,-1,,,,
/content/Dataset/LYM/LYM-NRGWRTYI.jpg,3,LYM,5999,3,0,-1,,,,
/content/Dataset/DEB/DEB-TVYKRFIG.jpg,2,DEB,6000,2,0,-1,,,,
/content/Dataset/STR/STR-MPHTIPVP.jpg,7,STR,6001,7,0,-1,,,,
/content/Dataset/TUM/TUM-TNSACQSE.jpg,8,TUM,6002,8,0,-1,,,,
/content/Dataset/ADI/ADI-DNMGCNPA.jpg,0,ADI,6003,0,0,-1,,,,
/content/Dataset/BACK/BACK-NWYRNCLF.jpg,1,BACK,6004,1,0,-1,,,,
/content/Dataset/MUC/MUC-ALKNCGHH.jpg,4,MUC,6005,4,0,-1,,,,
/content/Dataset/DEB/DEB-WKSHDKTA.jpg,2,DEB,6006,2,0,-1,,,,
/content/Dataset/MUC/MUC-SRGIEFRR.jpg,4,MUC,6007,4,0,-1,,,,
/content/Dataset/DEB/DEB-QTGCVTYA.jpg,2,DEB,6008,2,0,-1,,,,
/content/Dataset/ADI/ADI-ICNVINHV.jpg,0,ADI,6009,0,0,-1,,,,
/content/Dataset/BACK/BACK-LFMELHLW.jpg,1,BACK,6010,1,0,-1,,,,
/content/Dataset/BACK/BACK-PEFIVDRV.jpg,1,BACK,6011,1,0,-1,,,,
/content/Dataset/NORM/NORM-NVFEPTQL.jpg,6,NORM,6012,6,0,-1,,,,
/content/Dataset/MUC/MUC-SWGPPDFM.jpg,4,MUC,6013,4,0,-1,,,,
/content/Dataset/ADI/ADI-HKASIELS.jpg,0,ADI,6014,0,0,-1,,,,
/content/Dataset/MUS/MUS-NTGIQEWA.jpg,5,MUS,6015,5,0,-1,,,,
/content/Dataset/MUS/MUS-CAIMSLPV.jpg,5,MUS,6016,5,0,-1,,,,
/content/Dataset/MUS/MUS-QRLWQGES.jpg,5,MUS,6017,5,0,-1,,,,
/content/Dataset/LYM/LYM-TPFYLNPH.jpg,3,LYM,6018,3,0,-1,,,,
/content/Dataset/LYM/LYM-ADYFCKIP.jpg,3,LYM,6019,3,0,-1,,,,
/content/Dataset/TUM/TUM-VMMIKTML.jpg,8,TUM,6020,8,0,-1,,,,
/content/Dataset/ADI/ADI-IIWWSMSH.jpg,0,ADI,6021,0,0,-1,,,,
/content/Dataset/ADI/ADI-FIYNPPKD.jpg,0,ADI,6022,0,0,-1,,,,
/content/Dataset/ADI/ADI-DEETLSCP.jpg,0,ADI,6023,0,0,-1,,,,
/content/Dataset/STR/STR-THLVRQIP.jpg,7,STR,6024,7,0,-1,,,,
/content/Dataset/MUC/MUC-THHSTIYI.jpg,4,MUC,6025,4,0,-1,,,,
/content/Dataset/ADI/ADI-EVDWTLFG.jpg,0,ADI,6026,0,0,-1,,,,
/content/Dataset/MUS/MUS-ATLNHHQP.jpg,5,MUS,6027,5,0,-1,,,,
/content/Dataset/MUC/MUC-NFGQMMFI.jpg,4,MUC,6028,4,0,-1,,,,
/content/Dataset/LYM/LYM-PVMKWERI.jpg,3,LYM,6029,3,0,-1,,,,
/content/Dataset/ADI/ADI-GQTDTTPY.jpg,0,ADI,6030,0,0,-1,,,,
/content/Dataset/TUM/TUM-SMCYRSPQ.jpg,8,TUM,6031,8,0,-1,,,,
/content/Dataset/LYM/LYM-PYQKKWMW.jpg,3,LYM,6032,3,0,-1,,,,
/content/Dataset/ADI/ADI-EKKRKIFS.jpg,0,ADI,6033,0,0,-1,,,,
/content/Dataset/TUM/TUM-VCAGLQYN.jpg,8,TUM,6034,8,0,-1,,,,
/content/Dataset/ADI/ADI-CHDAKGDS.jpg,0,ADI,6035,0,0,-1,,,,
/content/Dataset/BACK/BACK-KAVGSPQW.jpg,1,BACK,6036,1,0,-1,,,,
/content/Dataset/BACK/BACK-KKRDSTYE.jpg,1,BACK,6037,1,0,-1,,,,
/content/Dataset/STR/STR-YSMMSYMS.jpg,7,STR,6038,7,0,-1,,,,
/content/Dataset/BACK/BACK-NTTCTTAT.jpg,1,BACK,6039,1,0,-1,,,,
/content/Dataset/BACK/BACK-ADKVEDKI.jpg,1,BACK,6040,1,0,-1,,,,
/content/Dataset/MUC/MUC-NQMKRNSV.jpg,4,MUC,6041,4,0,-1,,,,
/content/Dataset/NORM/NORM-AETRINGC.jpg,6,NORM,6042,6,0,-1,,,,
/content/Dataset/BACK/BACK-ICFRDGCL.jpg,1,BACK,6043,1,0,-1,,,,
/content/Dataset/LYM/LYM-EQWSFKFF.jpg,3,LYM,6044,3,0,-1,,,,
/content/Dataset/DEB/DEB-PRGCDFQF.jpg,2,DEB,6045,2,0,-1,,,,
/content/Dataset/ADI/ADI-GASHNWIA.jpg,0,ADI,6046,0,0,-1,,,,
/content/Dataset/NORM/NORM-SFMQHRFL.jpg,6,NORM,6047,6,0,-1,,,,
/content/Dataset/ADI/ADI-DPKCEWMV.jpg,0,ADI,6048,0,0,-1,,,,
/content/Dataset/NORM/NORM-MVVVWFLW.jpg,6,NORM,6049,6,0,-1,,,,
/content/Dataset/BACK/BACK-PAACLSIL.jpg,1,BACK,6050,1,0,-1,,,,
/content/Dataset/ADI/ADI-DTSQCETT.jpg,0,ADI,6051,0,0,-1,,,,
/content/Dataset/ADI/ADI-GWGYSMYE.jpg,0,ADI,6052,0,0,-1,,,,
/content/Dataset/STR/STR-VTKISFRS.jpg,7,STR,6053,7,0,-1,,,,
/content/Dataset/LYM/LYM-TKDTEEFH.jpg,3,LYM,6054,3,0,-1,,,,
/content/Dataset/STR/STR-RNQYKMEM.jpg,7,STR,6055,7,0,-1,,,,
/content/Dataset/LYM/LYM-SHMKDFNG.jpg,3,LYM,6056,3,0,-1,,,,
/content/Dataset/TUM/TUM-TLHGYFKY.jpg,8,TUM,6057,8,0,-1,,,,
/content/Dataset/DEB/DEB-YELEFHEN.jpg,2,DEB,6058,2,0,-1,,,,
/content/Dataset/MUS/MUS-PHPNLHYI.jpg,5,MUS,6059,5,0,-1,,,,
/content/Dataset/MUS/MUS-PDIWGTYF.jpg,5,MUS,6060,5,0,-1,,,,
/content/Dataset/MUS/MUS-ARDAAGFT.jpg,5,MUS,6061,5,0,-1,,,,
/content/Dataset/LYM/LYM-TWGKLHHE.jpg,3,LYM,6062,3,0,-1,,,,
/content/Dataset/TUM/TUM-YSDRQYHM.jpg,8,TUM,6063,8,0,-1,,,,
/content/Dataset/MUC/MUC-VSWGMWNS.jpg,4,MUC,6064,4,0,-1,,,,
/content/Dataset/ADI/ADI-EFLIFIMT.jpg,0,ADI,6065,0,0,-1,,,,
/content/Dataset/STR/STR-RGKSAKMG.jpg,7,STR,6066,7,0,-1,,,,
/content/Dataset/NORM/NORM-NMFSCMQQ.jpg,6,NORM,6067,6,0,-1,,,,
/content/Dataset/DEB/DEB-QLAEYWQN.jpg,2,DEB,6068,2,0,-1,,,,
/content/Dataset/BACK/BACK-AFIGPIRS.jpg,1,BACK,6069,1,0,-1,,,,
/content/Dataset/DEB/DEB-WGGHQLCD.jpg,2,DEB,6070,2,0,-1,,,,
/content/Dataset/MUC/MUC-VKIYQQTR.jpg,4,MUC,6071,4,0,-1,,,,
/content/Dataset/DEB/DEB-SYKQAVEG.jpg,2,DEB,6072,2,0,-1,,,,
/content/Dataset/ADI/ADI-FSEHEIND.jpg,0,ADI,6073,0,0,-1,,,,
/content/Dataset/MUS/MUS-RGNYVERT.jpg,5,MUS,6074,5,0,-1,,,,
/content/Dataset/ADI/ADI-AHFENICF.jpg,0,ADI,6075,0,0,-1,,,,
/content/Dataset/TUM/TUM-VDVLVPYI.jpg,8,TUM,6076,8,0,-1,,,,
/content/Dataset/MUS/MUS-PHTGSSGI.jpg,5,MUS,6077,5,0,-1,,,,
/content/Dataset/ADI/ADI-EQDWLWYS.jpg,0,ADI,6078,0,0,-1,,,,
/content/Dataset/NORM/NORM-WWWSNMGK.jpg,6,NORM,6079,6,0,-1,,,,
/content/Dataset/MUS/MUS-NPRFHDKC.jpg,5,MUS,6080,5,0,-1,,,,
/content/Dataset/BACK/BACK-IIWALLRC.jpg,1,BACK,6081,1,0,-1,,,,
/content/Dataset/TUM/TUM-WTGSKWWD.jpg,8,TUM,6082,8,0,-1,,,,
/content/Dataset/MUC/MUC-WICDLLAR.jpg,4,MUC,6083,4,0,-1,,,,
/content/Dataset/BACK/BACK-ASEDNYLC.jpg,1,BACK,6084,1,0,-1,,,,
/content/Dataset/BACK/BACK-KIGGDVYG.jpg,1,BACK,6085,1,0,-1,,,,
/content/Dataset/NORM/NORM-YQFISHLF.jpg,6,NORM,6086,6,0,-1,,,,
/content/Dataset/MUC/MUC-RHSWEFKF.jpg,4,MUC,6087,4,0,-1,,,,
/content/Dataset/STR/STR-VYRIRFPN.jpg,7,STR,6088,7,0,-1,,,,
/content/Dataset/NORM/NORM-MTLSPHDA.jpg,6,NORM,6089,6,0,-1,,,,
/content/Dataset/LYM/LYM-QGCWIHQM.jpg,3,LYM,6090,3,0,-1,,,,
/content/Dataset/STR/STR-QTMWWMDQ.jpg,7,STR,6091,7,0,-1,,,,
/content/Dataset/STR/STR-PHITEDMF.jpg,7,STR,6092,7,0,-1,,,,
/content/Dataset/BACK/BACK-IKPGNHEA.jpg,1,BACK,6093,1,0,-1,,,,
/content/Dataset/NORM/NORM-SDAGLPHP.jpg,6,NORM,6094,6,0,-1,,,,
/content/Dataset/ADI/ADI-IGRWKACL.jpg,0,ADI,6095,0,0,-1,,,,
/content/Dataset/TUM/TUM-TFQACPWQ.jpg,8,TUM,6096,8,0,-1,,,,
/content/Dataset/NORM/NORM-NSLLQGVA.jpg,6,NORM,6097,6,0,-1,,,,
/content/Dataset/STR/STR-NDYLNERC.jpg,7,STR,6098,7,0,-1,,,,
/content/Dataset/MUC/MUC-TQGPYTVD.jpg,4,MUC,6099,4,0,-1,,,,
/content/Dataset/MUC/MUC-WQMYNVIA.jpg,4,MUC,6100,4,0,-1,,,,
/content/Dataset/TUM/TUM-RCIPDMVL.jpg,8,TUM,6101,8,0,-1,,,,
/content/Dataset/ADI/ADI-CATYHGGQ.jpg,0,ADI,6102,0,0,-1,,,,
/content/Dataset/MUC/MUC-PVGYGHHY.jpg,4,MUC,6103,4,0,-1,,,,
/content/Dataset/BACK/BACK-LKTFVWES.jpg,1,BACK,6104,1,0,-1,,,,
/content/Dataset/NORM/NORM-RVLWLQYQ.jpg,6,NORM,6105,6,0,-1,,,,
/content/Dataset/TUM/TUM-SDHGVGMV.jpg,8,TUM,6106,8,0,-1,,,,
/content/Dataset/LYM/LYM-MAMHKHWR.jpg,3,LYM,6107,3,0,-1,,,,
/content/Dataset/NORM/NORM-LRGHFQRD.jpg,6,NORM,6108,6,0,-1,,,,
/content/Dataset/MUS/MUS-RTINDYCH.jpg,5,MUS,6109,5,0,-1,,,,
/content/Dataset/ADI/ADI-CYEMVHRQ.jpg,0,ADI,6110,0,0,-1,,,,
/content/Dataset/STR/STR-QYLGILDW.jpg,7,STR,6111,7,0,-1,,,,
/content/Dataset/STR/STR-WYMIKPHC.jpg,7,STR,6112,7,0,-1,,,,
/content/Dataset/MUC/MUC-AFKEDKAH.jpg,4,MUC,6113,4,0,-1,,,,
/content/Dataset/MUC/MUC-TLREPSQT.jpg,4,MUC,6114,4,0,-1,,,,
/content/Dataset/ADI/ADI-HDEEELTN.jpg,0,ADI,6115,0,0,-1,,,,
/content/Dataset/TUM/TUM-VNWISIRI.jpg,8,TUM,6116,8,0,-1,,,,
/content/Dataset/BACK/BACK-PFRDPARN.jpg,1,BACK,6117,1,0,-1,,,,
/content/Dataset/DEB/DEB-PMRSLWED.jpg,2,DEB,6118,2,0,-1,,,,
/content/Dataset/TUM/TUM-RAIAPSKV.jpg,8,TUM,6119,8,0,-1,,,,
/content/Dataset/STR/STR-RVWNVIPP.jpg,7,STR,6120,7,0,-1,,,,
/content/Dataset/MUS/MUS-NSHSQVLD.jpg,5,MUS,6121,5,0,-1,,,,
/content/Dataset/LYM/LYM-SGWTQTWM.jpg,3,LYM,6122,3,0,-1,,,,
/content/Dataset/MUS/MUS-CFAYETRW.jpg,5,MUS,6123,5,0,-1,,,,
/content/Dataset/TUM/TUM-SREAWIET.jpg,8,TUM,6124,8,0,-1,,,,
/content/Dataset/STR/STR-REIYQDWC.jpg,7,STR,6125,7,0,-1,,,,
/content/Dataset/BACK/BACK-AHCWIYDG.jpg,1,BACK,6126,1,0,-1,,,,
/content/Dataset/BACK/BACK-IVCHNSSW.jpg,1,BACK,6127,1,0,-1,,,,
/content/Dataset/STR/STR-STTVMHHD.jpg,7,STR,6128,7,0,-1,,,,
/content/Dataset/MUS/MUS-NWGQSVAD.jpg,5,MUS,6129,5,0,-1,,,,
/content/Dataset/LYM/LYM-SPVSTSFG.jpg,3,LYM,6130,3,0,-1,,,,
/content/Dataset/NORM/NORM-ANCVDGMH.jpg,6,NORM,6131,6,0,-1,,,,
/content/Dataset/DEB/DEB-TMMWGVNC.jpg,2,DEB,6132,2,0,-1,,,,
/content/Dataset/MUC/MUC-RFKEADFW.jpg,4,MUC,6133,4,0,-1,,,,
/content/Dataset/ADI/ADI-FHTNRKGP.jpg,0,ADI,6134,0,0,-1,,,,
/content/Dataset/DEB/DEB-WICFFDSP.jpg,2,DEB,6135,2,0,-1,,,,
/content/Dataset/TUM/TUM-RGFPYDVW.jpg,8,TUM,6136,8,0,-1,,,,
/content/Dataset/TUM/TUM-QHQRYHAT.jpg,8,TUM,6137,8,0,-1,,,,
/content/Dataset/MUS/MUS-QIKLRYYA.jpg,5,MUS,6138,5,0,-1,,,,
/content/Dataset/BACK/BACK-LTNNIFGA.jpg,1,BACK,6139,1,0,-1,,,,
/content/Dataset/BACK/BACK-CNQHKGSP.jpg,1,BACK,6140,1,0,-1,,,,
/content/Dataset/NORM/NORM-RQSADRVH.jpg,6,NORM,6141,6,0,-1,,,,
/content/Dataset/MUS/MUS-SPFEVNHK.jpg,5,MUS,6142,5,0,-1,,,,
/content/Dataset/LYM/LYM-TKNLYNEW.jpg,3,LYM,6143,3,0,-1,,,,
/content/Dataset/DEB/DEB-PCCGPSTS.jpg,2,DEB,6144,2,0,-1,,,,
/content/Dataset/NORM/NORM-QLGDLPEF.jpg,6,NORM,6145,6,0,-1,,,,
/content/Dataset/MUS/MUS-SYKMKETE.jpg,5,MUS,6146,5,0,-1,,,,
/content/Dataset/NORM/NORM-AKMNGAKS.jpg,6,NORM,6147,6,0,-1,,,,
/content/Dataset/BACK/BACK-IGWMVKFY.jpg,1,BACK,6148,1,0,-1,,,,
/content/Dataset/MUS/MUS-NNCQSPMD.jpg,5,MUS,6149,5,0,-1,,,,
/content/Dataset/LYM/LYM-PEGSKCWA.jpg,3,LYM,6150,3,0,-1,,,,
/content/Dataset/STR/STR-PWMPMHPQ.jpg,7,STR,6151,7,0,-1,,,,
/content/Dataset/TUM/TUM-RDHQGAMY.jpg,8,TUM,6152,8,0,-1,,,,
/content/Dataset/MUC/MUC-VLNLKACM.jpg,4,MUC,6153,4,0,-1,,,,
/content/Dataset/STR/STR-VWRACNWW.jpg,7,STR,6154,7,0,-1,,,,
/content/Dataset/LYM/LYM-TWYFGQES.jpg,3,LYM,6155,3,0,-1,,,,
/content/Dataset/ADI/ADI-CTNLCTAR.jpg,0,ADI,6156,0,0,-1,,,,
/content/Dataset/NORM/NORM-QDYGMIMI.jpg,6,NORM,6157,6,0,-1,,,,
/content/Dataset/MUS/MUS-SFGKYNFC.jpg,5,MUS,6158,5,0,-1,,,,
/content/Dataset/MUC/MUC-CCHDLKVE.jpg,4,MUC,6159,4,0,-1,,,,
/content/Dataset/LYM/LYM-NTIHQTAS.jpg,3,LYM,6160,3,0,-1,,,,
/content/Dataset/NORM/NORM-LDQEEDGN.jpg,6,NORM,6161,6,0,-1,,,,
/content/Dataset/STR/STR-QRCYIIAY.jpg,7,STR,6162,7,0,-1,,,,
/content/Dataset/TUM/TUM-VEYSFDYM.jpg,8,TUM,6163,8,0,-1,,,,
/content/Dataset/MUC/MUC-NKKEVFFV.jpg,4,MUC,6164,4,0,-1,,,,
/content/Dataset/BACK/BACK-AFAENYMY.jpg,1,BACK,6165,1,0,-1,,,,
/content/Dataset/STR/STR-YVYIPSAC.jpg,7,STR,6166,7,0,-1,,,,
/content/Dataset/BACK/BACK-PFGSHKSR.jpg,1,BACK,6167,1,0,-1,,,,
/content/Dataset/MUS/MUS-SNSHRKYR.jpg,5,MUS,6168,5,0,-1,,,,
/content/Dataset/STR/STR-WILSYSFR.jpg,7,STR,6169,7,0,-1,,,,
/content/Dataset/STR/STR-SVQSTCWD.jpg,7,STR,6170,7,0,-1,,,,
/content/Dataset/TUM/TUM-VSNDHGNM.jpg,8,TUM,6171,8,0,-1,,,,
/content/Dataset/MUS/MUS-RWRCSVDA.jpg,5,MUS,6172,5,0,-1,,,,
/content/Dataset/LYM/LYM-VMCKGKPY.jpg,3,LYM,6173,3,0,-1,,,,
/content/Dataset/MUC/MUC-WPAYFCLF.jpg,4,MUC,6174,4,0,-1,,,,
/content/Dataset/MUC/MUC-TNIEPDKT.jpg,4,MUC,6175,4,0,-1,,,,
/content/Dataset/TUM/TUM-RCLGTWRC.jpg,8,TUM,6176,8,0,-1,,,,
/content/Dataset/ADI/ADI-EGPWSNNR.jpg,0,ADI,6177,0,0,-1,,,,
/content/Dataset/ADI/ADI-FVWWDQIQ.jpg,0,ADI,6178,0,0,-1,,,,
/content/Dataset/MUC/MUC-MLNLAGSH.jpg,4,MUC,6179,4,0,-1,,,,
/content/Dataset/BACK/BACK-LERLTPYA.jpg,1,BACK,6180,1,0,-1,,,,
/content/Dataset/TUM/TUM-RDYKLICA.jpg,8,TUM,6181,8,0,-1,,,,
/content/Dataset/ADI/ADI-CWCIWYFW.jpg,0,ADI,6182,0,0,-1,,,,
/content/Dataset/ADI/ADI-DSHQGWDW.jpg,0,ADI,6183,0,0,-1,,,,
/content/Dataset/MUS/MUS-VIRTTQMA.jpg,5,MUS,6184,5,0,-1,,,,
/content/Dataset/MUC/MUC-QIGQSWPD.jpg,4,MUC,6185,4,0,-1,,,,
/content/Dataset/STR/STR-PIDMYFEY.jpg,7,STR,6186,7,0,-1,,,,
/content/Dataset/BACK/BACK-LTRYPPCP.jpg,1,BACK,6187,1,0,-1,,,,
/content/Dataset/BACK/BACK-LTSPYNRK.jpg,1,BACK,6188,1,0,-1,,,,
/content/Dataset/NORM/NORM-MMLDYDQR.jpg,6,NORM,6189,6,0,-1,,,,
/content/Dataset/ADI/ADI-IPWRRMSV.jpg,0,ADI,6190,0,0,-1,,,,
/content/Dataset/LYM/LYM-RYTNFRIA.jpg,3,LYM,6191,3,0,-1,,,,
/content/Dataset/ADI/ADI-CVPNHKGD.jpg,0,ADI,6192,0,0,-1,,,,
/content/Dataset/BACK/BACK-KAKWNPTT.jpg,1,BACK,6193,1,0,-1,,,,
/content/Dataset/TUM/TUM-WNGRCSWQ.jpg,8,TUM,6194,8,0,-1,,,,
/content/Dataset/MUS/MUS-VLTEWDMM.jpg,5,MUS,6195,5,0,-1,,,,
/content/Dataset/LYM/LYM-PGYWCERN.jpg,3,LYM,6196,3,0,-1,,,,
/content/Dataset/MUC/MUC-WSDKHQVC.jpg,4,MUC,6197,4,0,-1,,,,
/content/Dataset/NORM/NORM-TNACWAEW.jpg,6,NORM,6198,6,0,-1,,,,
/content/Dataset/ADI/ADI-GHMVRGCH.jpg,0,ADI,6199,0,0,-1,,,,
/content/Dataset/STR/STR-VQRCTVVS.jpg,7,STR,6200,7,0,-1,,,,
/content/Dataset/ADI/ADI-CDGHMRVD.jpg,0,ADI,6201,0,0,-1,,,,
/content/Dataset/MUC/MUC-PATSEGTW.jpg,4,MUC,6202,4,0,-1,,,,
/content/Dataset/BACK/BACK-NNALKAWG.jpg,1,BACK,6203,1,0,-1,,,,
/content/Dataset/LYM/LYM-PRPKNHPG.jpg,3,LYM,6204,3,0,-1,,,,
/content/Dataset/DEB/DEB-RVATRVII.jpg,2,DEB,6205,2,0,-1,,,,
/content/Dataset/MUS/MUS-RCIYNAIY.jpg,5,MUS,6206,5,0,-1,,,,
/content/Dataset/MUS/MUS-QFRVWGHH.jpg,5,MUS,6207,5,0,-1,,,,
/content/Dataset/TUM/TUM-WEDFHMWL.jpg,8,TUM,6208,8,0,-1,,,,
/content/Dataset/STR/STR-NLDTVYKD.jpg,7,STR,6209,7,0,-1,,,,
/content/Dataset/MUS/MUS-RMHHCIRI.jpg,5,MUS,6210,5,0,-1,,,,
/content/Dataset/TUM/TUM-QNMALGTW.jpg,8,TUM,6211,8,0,-1,,,,
/content/Dataset/MUS/MUS-SNMFIGFT.jpg,5,MUS,6212,5,0,-1,,,,
/content/Dataset/MUS/MUS-RRMQSWTL.jpg,5,MUS,6213,5,0,-1,,,,
/content/Dataset/NORM/NORM-RRQDNVPI.jpg,6,NORM,6214,6,0,-1,,,,
/content/Dataset/TUM/TUM-SKHAQSYI.jpg,8,TUM,6215,8,0,-1,,,,
/content/Dataset/BACK/BACK-MLMTVADI.jpg,1,BACK,6216,1,0,-1,,,,
/content/Dataset/TUM/TUM-WVAFKPEL.jpg,8,TUM,6217,8,0,-1,,,,
/content/Dataset/ADI/ADI-DQRKFLHM.jpg,0,ADI,6218,0,0,-1,,,,
/content/Dataset/DEB/DEB-SIPRIFEL.jpg,2,DEB,6219,2,0,-1,,,,
/content/Dataset/TUM/TUM-VTILPREA.jpg,8,TUM,6220,8,0,-1,,,,
/content/Dataset/STR/STR-RIYDYLRE.jpg,7,STR,6221,7,0,-1,,,,
/content/Dataset/DEB/DEB-TWQSYLLI.jpg,2,DEB,6222,2,0,-1,,,,
/content/Dataset/MUS/MUS-RPGNMIQI.jpg,5,MUS,6223,5,0,-1,,,,
/content/Dataset/STR/STR-YIEGIWRQ.jpg,7,STR,6224,7,0,-1,,,,
/content/Dataset/ADI/ADI-IGWRQTPC.jpg,0,ADI,6225,0,0,-1,,,,
/content/Dataset/DEB/DEB-YYRWRTRQ.jpg,2,DEB,6226,2,0,-1,,,,
/content/Dataset/MUS/MUS-RWEICEQH.jpg,5,MUS,6227,5,0,-1,,,,
/content/Dataset/ADI/ADI-CRIPCDRH.jpg,0,ADI,6228,0,0,-1,,,,
/content/Dataset/MUS/MUS-QRSRRKTY.jpg,5,MUS,6229,5,0,-1,,,,
/content/Dataset/DEB/DEB-RWGLPCGS.jpg,2,DEB,6230,2,0,-1,,,,
/content/Dataset/NORM/NORM-LDRSSAYM.jpg,6,NORM,6231,6,0,-1,,,,
/content/Dataset/ADI/ADI-EPCCPVWY.jpg,0,ADI,6232,0,0,-1,,,,
/content/Dataset/MUS/MUS-QFSFIRDW.jpg,5,MUS,6233,5,0,-1,,,,
/content/Dataset/STR/STR-MWNPIKKP.jpg,7,STR,6234,7,0,-1,,,,
/content/Dataset/TUM/TUM-VAEYHIGM.jpg,8,TUM,6235,8,0,-1,,,,
/content/Dataset/BACK/BACK-HTKGTTCH.jpg,1,BACK,6236,1,0,-1,,,,
/content/Dataset/MUC/MUC-AMNNCKYE.jpg,4,MUC,6237,4,0,-1,,,,
/content/Dataset/TUM/TUM-SFDTYADW.jpg,8,TUM,6238,8,0,-1,,,,
/content/Dataset/BACK/BACK-APIRRCAP.jpg,1,BACK,6239,1,0,-1,,,,
/content/Dataset/MUC/MUC-YIQQITKK.jpg,4,MUC,6240,4,0,-1,,,,
/content/Dataset/DEB/DEB-RCYKLHCP.jpg,2,DEB,6241,2,0,-1,,,,
/content/Dataset/BACK/BACK-LWHDIRME.jpg,1,BACK,6242,1,0,-1,,,,
/content/Dataset/TUM/TUM-RKNSEYVT.jpg,8,TUM,6243,8,0,-1,,,,
/content/Dataset/MUC/MUC-VFILQQRS.jpg,4,MUC,6244,4,0,-1,,,,
/content/Dataset/BACK/BACK-MLHMFFES.jpg,1,BACK,6245,1,0,-1,,,,
/content/Dataset/BACK/BACK-AAPKHLQY.jpg,1,BACK,6246,1,0,-1,,,,
/content/Dataset/ADI/ADI-ATVPALSN.jpg,0,ADI,6247,0,0,-1,,,,
/content/Dataset/BACK/BACK-KMMLIVAY.jpg,1,BACK,6248,1,0,-1,,,,
/content/Dataset/ADI/ADI-DAQVSYIT.jpg,0,ADI,6249,0,0,-1,,,,
/content/Dataset/BACK/BACK-IWEPDKWK.jpg,1,BACK,6250,1,0,-1,,,,
/content/Dataset/TUM/TUM-YFLMALYA.jpg,8,TUM,6251,8,0,-1,,,,
/content/Dataset/DEB/DEB-SWFGYEWY.jpg,2,DEB,6252,2,0,-1,,,,
/content/Dataset/DEB/DEB-SFEPGYYT.jpg,2,DEB,6253,2,0,-1,,,,
/content/Dataset/MUS/MUS-RETNGKTG.jpg,5,MUS,6254,5,0,-1,,,,
/content/Dataset/STR/STR-MRNMPDGV.jpg,7,STR,6255,7,0,-1,,,,
/content/Dataset/NORM/NORM-MQMDAVQF.jpg,6,NORM,6256,6,0,-1,,,,
/content/Dataset/TUM/TUM-WDFPQPEQ.jpg,8,TUM,6257,8,0,-1,,,,
/content/Dataset/MUS/MUS-SRIPCLDC.jpg,5,MUS,6258,5,0,-1,,,,
/content/Dataset/DEB/DEB-QDKLYLFW.jpg,2,DEB,6259,2,0,-1,,,,
/content/Dataset/MUC/MUC-PYEPVGFW.jpg,4,MUC,6260,4,0,-1,,,,
/content/Dataset/TUM/TUM-QDLCHLIW.jpg,8,TUM,6261,8,0,-1,,,,
/content/Dataset/BACK/BACK-PCPATVVD.jpg,1,BACK,6262,1,0,-1,,,,
/content/Dataset/TUM/TUM-QYGNPFQR.jpg,8,TUM,6263,8,0,-1,,,,
/content/Dataset/TUM/TUM-RPMRWRKN.jpg,8,TUM,6264,8,0,-1,,,,
/content/Dataset/NORM/NORM-RLKVGMIV.jpg,6,NORM,6265,6,0,-1,,,,
/content/Dataset/STR/STR-YCPWWNTA.jpg,7,STR,6266,7,0,-1,,,,
/content/Dataset/MUS/MUS-STIIESYA.jpg,5,MUS,6267,5,0,-1,,,,
/content/Dataset/BACK/BACK-KFVTCTHE.jpg,1,BACK,6268,1,0,-1,,,,
/content/Dataset/MUC/MUC-YVALNVSE.jpg,4,MUC,6269,4,0,-1,,,,
/content/Dataset/TUM/TUM-TNMETLWI.jpg,8,TUM,6270,8,0,-1,,,,
/content/Dataset/BACK/BACK-CTDGQSYA.jpg,1,BACK,6271,1,0,-1,,,,
/content/Dataset/DEB/DEB-PKEGDHGY.jpg,2,DEB,6272,2,0,-1,,,,
/content/Dataset/DEB/DEB-SHGTMRLC.jpg,2,DEB,6273,2,0,-1,,,,
/content/Dataset/STR/STR-VKMVVSCF.jpg,7,STR,6274,7,0,-1,,,,
/content/Dataset/LYM/LYM-PCFRWQDK.jpg,3,LYM,6275,3,0,-1,,,,
/content/Dataset/BACK/BACK-GVFCWKFF.jpg,1,BACK,6276,1,0,-1,,,,
/content/Dataset/STR/STR-SDFCFYVP.jpg,7,STR,6277,7,0,-1,,,,
/content/Dataset/BACK/BACK-NQAFIIMW.jpg,1,BACK,6278,1,0,-1,,,,
/content/Dataset/MUC/MUC-RQPPKAVK.jpg,4,MUC,6279,4,0,-1,,,,
/content/Dataset/NORM/NORM-WACTQVFN.jpg,6,NORM,6280,6,0,-1,,,,
/content/Dataset/MUS/MUS-CNFEFSTE.jpg,5,MUS,6281,5,0,-1,,,,
/content/Dataset/DEB/DEB-YPSFTQQK.jpg,2,DEB,6282,2,0,-1,,,,
/content/Dataset/MUS/MUS-RPFEWQLD.jpg,5,MUS,6283,5,0,-1,,,,
/content/Dataset/STR/STR-RHHEMQTG.jpg,7,STR,6284,7,0,-1,,,,
/content/Dataset/DEB/DEB-YHKWKKDD.jpg,2,DEB,6285,2,0,-1,,,,
/content/Dataset/STR/STR-SRSWNNHV.jpg,7,STR,6286,7,0,-1,,,,
/content/Dataset/TUM/TUM-RFAEHTNM.jpg,8,TUM,6287,8,0,-1,,,,
/content/Dataset/DEB/DEB-PFFDDLNF.jpg,2,DEB,6288,2,0,-1,,,,
/content/Dataset/LYM/LYM-THSCQCFF.jpg,3,LYM,6289,3,0,-1,,,,
/content/Dataset/MUS/MUS-RGNHSTDE.jpg,5,MUS,6290,5,0,-1,,,,
/content/Dataset/MUS/MUS-VKQNASCS.jpg,5,MUS,6291,5,0,-1,,,,
/content/Dataset/ADI/ADI-DLPADPVD.jpg,0,ADI,6292,0,0,-1,,,,
/content/Dataset/MUS/MUS-AQEYPQCQ.jpg,5,MUS,6293,5,0,-1,,,,
/content/Dataset/NORM/NORM-YGITGNQS.jpg,6,NORM,6294,6,0,-1,,,,
/content/Dataset/STR/STR-NTCEVKSK.jpg,7,STR,6295,7,0,-1,,,,
/content/Dataset/TUM/TUM-RKGPRVDC.jpg,8,TUM,6296,8,0,-1,,,,
/content/Dataset/TUM/TUM-SCRHKDWS.jpg,8,TUM,6297,8,0,-1,,,,
/content/Dataset/TUM/TUM-YHQYNPAM.jpg,8,TUM,6298,8,0,-1,,,,
/content/Dataset/DEB/DEB-TNMQFWHL.jpg,2,DEB,6299,2,0,-1,,,,
/content/Dataset/ADI/ADI-EMFFLRWE.jpg,0,ADI,6300,0,0,-1,,,,
/content/Dataset/NORM/NORM-MSQIPYSM.jpg,6,NORM,6301,6,0,-1,,,,
/content/Dataset/BACK/BACK-CVLCSMSH.jpg,1,BACK,6302,1,0,-1,,,,
/content/Dataset/NORM/NORM-QTQNKHEQ.jpg,6,NORM,6303,6,0,-1,,,,
/content/Dataset/MUC/MUC-YSRHDFEV.jpg,4,MUC,6304,4,0,-1,,,,
/content/Dataset/STR/STR-NFAYCGCL.jpg,7,STR,6305,7,0,-1,,,,
/content/Dataset/MUC/MUC-ALVMNEPC.jpg,4,MUC,6306,4,0,-1,,,,
/content/Dataset/TUM/TUM-YAWRTVYH.jpg,8,TUM,6307,8,0,-1,,,,
/content/Dataset/ADI/ADI-HLWWLPMK.jpg,0,ADI,6308,0,0,-1,,,,
/content/Dataset/TUM/TUM-YLIRSLKI.jpg,8,TUM,6309,8,0,-1,,,,
/content/Dataset/STR/STR-SILVQEQV.jpg,7,STR,6310,7,0,-1,,,,
/content/Dataset/MUC/MUC-NPHHGDRE.jpg,4,MUC,6311,4,0,-1,,,,
/content/Dataset/BACK/BACK-KYYGYMTC.jpg,1,BACK,6312,1,0,-1,,,,
/content/Dataset/STR/STR-TSEIFCVH.jpg,7,STR,6313,7,0,-1,,,,
/content/Dataset/BACK/BACK-IVCSKAEP.jpg,1,BACK,6314,1,0,-1,,,,
/content/Dataset/TUM/TUM-WISEAHFD.jpg,8,TUM,6315,8,0,-1,,,,
/content/Dataset/ADI/ADI-ERFKFCYP.jpg,0,ADI,6316,0,0,-1,,,,
/content/Dataset/MUS/MUS-AFEPWTLT.jpg,5,MUS,6317,5,0,-1,,,,
/content/Dataset/MUS/MUS-QMVEYYNC.jpg,5,MUS,6318,5,0,-1,,,,
/content/Dataset/STR/STR-TLMHHGSD.jpg,7,STR,6319,7,0,-1,,,,
/content/Dataset/ADI/ADI-GCIIIVSD.jpg,0,ADI,6320,0,0,-1,,,,
/content/Dataset/DEB/DEB-TGVANTIH.jpg,2,DEB,6321,2,0,-1,,,,
/content/Dataset/ADI/ADI-GSRAKWKV.jpg,0,ADI,6322,0,0,-1,,,,
/content/Dataset/LYM/LYM-TFIYADHN.jpg,3,LYM,6323,3,0,-1,,,,
/content/Dataset/MUS/MUS-RWDIHSKW.jpg,5,MUS,6324,5,0,-1,,,,
/content/Dataset/TUM/TUM-SGMQHESQ.jpg,8,TUM,6325,8,0,-1,,,,
/content/Dataset/TUM/TUM-TQMQAYFY.jpg,8,TUM,6326,8,0,-1,,,,
/content/Dataset/LYM/LYM-QCHCNERL.jpg,3,LYM,6327,3,0,-1,,,,
/content/Dataset/STR/STR-RKALWSKD.jpg,7,STR,6328,7,0,-1,,,,
/content/Dataset/ADI/ADI-EGFHKDGG.jpg,0,ADI,6329,0,0,-1,,,,
/content/Dataset/NORM/NORM-VPQRHTLA.jpg,6,NORM,6330,6,0,-1,,,,
/content/Dataset/DEB/DEB-PYWTYKCA.jpg,2,DEB,6331,2,0,-1,,,,
/content/Dataset/TUM/TUM-SNRCKETS.jpg,8,TUM,6332,8,0,-1,,,,
/content/Dataset/NORM/NORM-MHFVFWEF.jpg,6,NORM,6333,6,0,-1,,,,
/content/Dataset/TUM/TUM-YTGVSVEL.jpg,8,TUM,6334,8,0,-1,,,,
/content/Dataset/ADI/ADI-IACFLHSQ.jpg,0,ADI,6335,0,0,-1,,,,
/content/Dataset/MUC/MUC-QARIGERT.jpg,4,MUC,6336,4,0,-1,,,,
/content/Dataset/BACK/BACK-KHLWNNAD.jpg,1,BACK,6337,1,0,-1,,,,
/content/Dataset/BACK/BACK-LPIATMNE.jpg,1,BACK,6338,1,0,-1,,,,
/content/Dataset/DEB/DEB-RIVYKTMV.jpg,2,DEB,6339,2,0,-1,,,,
/content/Dataset/MUS/MUS-RMEMNHVK.jpg,5,MUS,6340,5,0,-1,,,,
/content/Dataset/ADI/ADI-GPENQETI.jpg,0,ADI,6341,0,0,-1,,,,
/content/Dataset/NORM/NORM-AGYQICQW.jpg,6,NORM,6342,6,0,-1,,,,
/content/Dataset/MUC/MUC-WVSKIHMS.jpg,4,MUC,6343,4,0,-1,,,,
/content/Dataset/TUM/TUM-QHEADAFN.jpg,8,TUM,6344,8,0,-1,,,,
/content/Dataset/STR/STR-TPMTHLGA.jpg,7,STR,6345,7,0,-1,,,,
/content/Dataset/LYM/LYM-VLLDGVIV.jpg,3,LYM,6346,3,0,-1,,,,
/content/Dataset/MUS/MUS-RYQTDVRQ.jpg,5,MUS,6347,5,0,-1,,,,
/content/Dataset/NORM/NORM-QGCKRHGT.jpg,6,NORM,6348,6,0,-1,,,,
/content/Dataset/BACK/BACK-KTHDHCQL.jpg,1,BACK,6349,1,0,-1,,,,
/content/Dataset/MUC/MUC-AAWQYHPD.jpg,4,MUC,6350,4,0,-1,,,,
/content/Dataset/MUS/MUS-CKEIAPDG.jpg,5,MUS,6351,5,0,-1,,,,
/content/Dataset/DEB/DEB-QSRQKWWL.jpg,2,DEB,6352,2,0,-1,,,,
/content/Dataset/STR/STR-TRTNETGN.jpg,7,STR,6353,7,0,-1,,,,
/content/Dataset/DEB/DEB-QCRQENYV.jpg,2,DEB,6354,2,0,-1,,,,
/content/Dataset/DEB/DEB-SPCTTDIN.jpg,2,DEB,6355,2,0,-1,,,,
/content/Dataset/NORM/NORM-LLFSAVTY.jpg,6,NORM,6356,6,0,-1,,,,
/content/Dataset/DEB/DEB-RGPHDHGA.jpg,2,DEB,6357,2,0,-1,,,,
/content/Dataset/TUM/TUM-QFVIGEHE.jpg,8,TUM,6358,8,0,-1,,,,
/content/Dataset/MUC/MUC-AVNDTFWS.jpg,4,MUC,6359,4,0,-1,,,,
/content/Dataset/LYM/LYM-PNAERPLH.jpg,3,LYM,6360,3,0,-1,,,,
/content/Dataset/MUS/MUS-RQPWHTHR.jpg,5,MUS,6361,5,0,-1,,,,
/content/Dataset/LYM/LYM-SQCSWGKY.jpg,3,LYM,6362,3,0,-1,,,,
/content/Dataset/DEB/DEB-ACAFGCEG.jpg,2,DEB,6363,2,0,-1,,,,
/content/Dataset/NORM/NORM-PDNVHVYI.jpg,6,NORM,6364,6,0,-1,,,,
/content/Dataset/BACK/BACK-IQDQLHEQ.jpg,1,BACK,6365,1,0,-1,,,,
/content/Dataset/MUC/MUC-QRKYRDAC.jpg,4,MUC,6366,4,0,-1,,,,
/content/Dataset/MUS/MUS-TAYGNMEA.jpg,5,MUS,6367,5,0,-1,,,,
/content/Dataset/DEB/DEB-NQGFLADA.jpg,2,DEB,6368,2,0,-1,,,,
/content/Dataset/MUS/MUS-AQTLISMP.jpg,5,MUS,6369,5,0,-1,,,,
/content/Dataset/MUC/MUC-TFVPHVVH.jpg,4,MUC,6370,4,0,-1,,,,
/content/Dataset/DEB/DEB-PREISAIY.jpg,2,DEB,6371,2,0,-1,,,,
/content/Dataset/NORM/NORM-QHNKKWLC.jpg,6,NORM,6372,6,0,-1,,,,
/content/Dataset/NORM/NORM-RIANSNLC.jpg,6,NORM,6373,6,0,-1,,,,
/content/Dataset/LYM/LYM-GPCIIECC.jpg,3,LYM,6374,3,0,-1,,,,
/content/Dataset/LYM/LYM-QGLCGFNF.jpg,3,LYM,6375,3,0,-1,,,,
/content/Dataset/LYM/LYM-NGLKFFFQ.jpg,3,LYM,6376,3,0,-1,,,,
/content/Dataset/NORM/NORM-RVHVYYFH.jpg,6,NORM,6377,6,0,-1,,,,
/content/Dataset/BACK/BACK-KVMNERRC.jpg,1,BACK,6378,1,0,-1,,,,
/content/Dataset/DEB/DEB-VRRSMWCW.jpg,2,DEB,6379,2,0,-1,,,,
/content/Dataset/MUC/MUC-GVFKWMHW.jpg,4,MUC,6380,4,0,-1,,,,
/content/Dataset/MUC/MUC-TWEPCFFV.jpg,4,MUC,6381,4,0,-1,,,,
/content/Dataset/MUS/MUS-AIQYQGAP.jpg,5,MUS,6382,5,0,-1,,,,
/content/Dataset/MUC/MUC-NHNPFFMM.jpg,4,MUC,6383,4,0,-1,,,,
/content/Dataset/DEB/DEB-NVNNIGFQ.jpg,2,DEB,6384,2,0,-1,,,,
/content/Dataset/STR/STR-RRCCWVNF.jpg,7,STR,6385,7,0,-1,,,,
/content/Dataset/BACK/BACK-NRWRHHSY.jpg,1,BACK,6386,1,0,-1,,,,
/content/Dataset/BACK/BACK-MNQPVWGK.jpg,1,BACK,6387,1,0,-1,,,,
/content/Dataset/STR/STR-VTQKIVNQ.jpg,7,STR,6388,7,0,-1,,,,
/content/Dataset/DEB/DEB-VININWLA.jpg,2,DEB,6389,2,0,-1,,,,
/content/Dataset/TUM/TUM-VIESCLVQ.jpg,8,TUM,6390,8,0,-1,,,,
/content/Dataset/MUS/MUS-RHMYGANL.jpg,5,MUS,6391,5,0,-1,,,,
/content/Dataset/MUC/MUC-GNLIWKGY.jpg,4,MUC,6392,4,0,-1,,,,
/content/Dataset/TUM/TUM-TFIEFMEI.jpg,8,TUM,6393,8,0,-1,,,,
/content/Dataset/ADI/ADI-FDKAERER.jpg,0,ADI,6394,0,0,-1,,,,
/content/Dataset/LYM/LYM-PTCISTGV.jpg,3,LYM,6395,3,0,-1,,,,
/content/Dataset/MUS/MUS-RFSLFIDM.jpg,5,MUS,6396,5,0,-1,,,,
/content/Dataset/ADI/ADI-KLMWMYQF.jpg,0,ADI,6397,0,0,-1,,,,
/content/Dataset/DEB/DEB-QENPHTAN.jpg,2,DEB,6398,2,0,-1,,,,
/content/Dataset/MUS/MUS-RVPADDLL.jpg,5,MUS,6399,5,0,-1,,,,
/content/Dataset/DEB/DEB-STPNGRWM.jpg,2,DEB,6400,2,0,-1,,,,
/content/Dataset/LYM/LYM-PPTDNKAV.jpg,3,LYM,6401,3,0,-1,,,,
/content/Dataset/BACK/BACK-KGICMAVQ.jpg,1,BACK,6402,1,0,-1,,,,
/content/Dataset/TUM/TUM-RQHRIRSM.jpg,8,TUM,6403,8,0,-1,,,,
/content/Dataset/BACK/BACK-KHMKRNLA.jpg,1,BACK,6404,1,0,-1,,,,
/content/Dataset/MUS/MUS-SVAVWWYW.jpg,5,MUS,6405,5,0,-1,,,,
/content/Dataset/DEB/DEB-RWVKRFKT.jpg,2,DEB,6406,2,0,-1,,,,
/content/Dataset/MUS/MUS-SYCYKLQC.jpg,5,MUS,6407,5,0,-1,,,,
/content/Dataset/MUS/MUS-AFVRAMCF.jpg,5,MUS,6408,5,0,-1,,,,
/content/Dataset/DEB/DEB-VRKSEAHH.jpg,2,DEB,6409,2,0,-1,,,,
/content/Dataset/BACK/BACK-KKFHYVNH.jpg,1,BACK,6410,1,0,-1,,,,
/content/Dataset/MUS/MUS-PHCLRKSV.jpg,5,MUS,6411,5,0,-1,,,,
/content/Dataset/MUS/MUS-CKTGWEIF.jpg,5,MUS,6412,5,0,-1,,,,
/content/Dataset/STR/STR-PCCWRMRF.jpg,7,STR,6413,7,0,-1,,,,
/content/Dataset/TUM/TUM-WKQVLSTC.jpg,8,TUM,6414,8,0,-1,,,,
/content/Dataset/STR/STR-NYQANGQM.jpg,7,STR,6415,7,0,-1,,,,
/content/Dataset/MUS/MUS-PMFHTHYW.jpg,5,MUS,6416,5,0,-1,,,,
/content/Dataset/MUS/MUS-RYMLWNRM.jpg,5,MUS,6417,5,0,-1,,,,
/content/Dataset/DEB/DEB-QAQRSAQT.jpg,2,DEB,6418,2,0,-1,,,,
/content/Dataset/DEB/DEB-SDNMHNGP.jpg,2,DEB,6419,2,0,-1,,,,
/content/Dataset/NORM/NORM-AIYAFLGE.jpg,6,NORM,6420,6,0,-1,,,,
/content/Dataset/NORM/NORM-SNNLPQWY.jpg,6,NORM,6421,6,0,-1,,,,
/content/Dataset/STR/STR-QETHAHSM.jpg,7,STR,6422,7,0,-1,,,,
/content/Dataset/LYM/LYM-TIKRLYWI.jpg,3,LYM,6423,3,0,-1,,,,
/content/Dataset/MUC/MUC-RTFNSAKR.jpg,4,MUC,6424,4,0,-1,,,,
/content/Dataset/LYM/LYM-PFRMGDMM.jpg,3,LYM,6425,3,0,-1,,,,
/content/Dataset/ADI/ADI-FTALRAAA.jpg,0,ADI,6426,0,0,-1,,,,
/content/Dataset/BACK/BACK-NWSCSAKR.jpg,1,BACK,6427,1,0,-1,,,,
/content/Dataset/ADI/ADI-EFSFQIMH.jpg,0,ADI,6428,0,0,-1,,,,
/content/Dataset/MUC/MUC-AHQFNLEE.jpg,4,MUC,6429,4,0,-1,,,,
/content/Dataset/BACK/BACK-KELEECSG.jpg,1,BACK,6430,1,0,-1,,,,
/content/Dataset/TUM/TUM-YTTRSWSK.jpg,8,TUM,6431,8,0,-1,,,,
/content/Dataset/STR/STR-YTEWIIMW.jpg,7,STR,6432,7,0,-1,,,,
/content/Dataset/BACK/BACK-LYGHNTYM.jpg,1,BACK,6433,1,0,-1,,,,
/content/Dataset/NORM/NORM-WDHINWAC.jpg,6,NORM,6434,6,0,-1,,,,
/content/Dataset/TUM/TUM-SPRWRHQA.jpg,8,TUM,6435,8,0,-1,,,,
/content/Dataset/MUC/MUC-TIYTTFTW.jpg,4,MUC,6436,4,0,-1,,,,
/content/Dataset/MUC/MUC-RTHEVMEH.jpg,4,MUC,6437,4,0,-1,,,,
/content/Dataset/BACK/BACK-FFYCNVHS.jpg,1,BACK,6438,1,0,-1,,,,
/content/Dataset/STR/STR-WHGAQTYI.jpg,7,STR,6439,7,0,-1,,,,
/content/Dataset/BACK/BACK-KYFQKRYC.jpg,1,BACK,6440,1,0,-1,,,,
/content/Dataset/NORM/NORM-RHIDSVCV.jpg,6,NORM,6441,6,0,-1,,,,
/content/Dataset/ADI/ADI-GFTHESNV.jpg,0,ADI,6442,0,0,-1,,,,
/content/Dataset/TUM/TUM-QIKNYPPC.jpg,8,TUM,6443,8,0,-1,,,,
/content/Dataset/LYM/LYM-AEKAWSNN.jpg,3,LYM,6444,3,0,-1,,,,
/content/Dataset/STR/STR-YHYLRLAN.jpg,7,STR,6445,7,0,-1,,,,
/content/Dataset/BACK/BACK-KTFAIQKP.jpg,1,BACK,6446,1,0,-1,,,,
/content/Dataset/MUC/MUC-RIKGYSDI.jpg,4,MUC,6447,4,0,-1,,,,
/content/Dataset/ADI/ADI-FPCGETVQ.jpg,0,ADI,6448,0,0,-1,,,,
/content/Dataset/MUS/MUS-NTLQCKIM.jpg,5,MUS,6449,5,0,-1,,,,
/content/Dataset/LYM/LYM-QNMLTFGY.jpg,3,LYM,6450,3,0,-1,,,,
/content/Dataset/MUS/MUS-NPEHPDCN.jpg,5,MUS,6451,5,0,-1,,,,
/content/Dataset/LYM/LYM-RVGTQWHF.jpg,3,LYM,6452,3,0,-1,,,,
/content/Dataset/MUC/MUC-RIWKKSPP.jpg,4,MUC,6453,4,0,-1,,,,
/content/Dataset/LYM/LYM-YNLWWTEG.jpg,3,LYM,6454,3,0,-1,,,,
/content/Dataset/TUM/TUM-RCRFRSLM.jpg,8,TUM,6455,8,0,-1,,,,
/content/Dataset/STR/STR-VSLVYRIT.jpg,7,STR,6456,7,0,-1,,,,
/content/Dataset/LYM/LYM-RNVSHNCH.jpg,3,LYM,6457,3,0,-1,,,,
/content/Dataset/TUM/TUM-WEDIWNVW.jpg,8,TUM,6458,8,0,-1,,,,
/content/Dataset/MUS/MUS-AQCKTFIE.jpg,5,MUS,6459,5,0,-1,,,,
/content/Dataset/ADI/ADI-FKMWFWIN.jpg,0,ADI,6460,0,0,-1,,,,
/content/Dataset/TUM/TUM-VAKVYSDC.jpg,8,TUM,6461,8,0,-1,,,,
/content/Dataset/MUC/MUC-PPTDKFTL.jpg,4,MUC,6462,4,0,-1,,,,
/content/Dataset/TUM/TUM-SRHQTHCC.jpg,8,TUM,6463,8,0,-1,,,,
/content/Dataset/TUM/TUM-TAVNQLLQ.jpg,8,TUM,6464,8,0,-1,,,,
/content/Dataset/DEB/DEB-QLWYIFMI.jpg,2,DEB,6465,2,0,-1,,,,
/content/Dataset/ADI/ADI-FSEEHVYN.jpg,0,ADI,6466,0,0,-1,,,,
/content/Dataset/MUC/MUC-NMNRCVIF.jpg,4,MUC,6467,4,0,-1,,,,
/content/Dataset/TUM/TUM-WLFEAYSC.jpg,8,TUM,6468,8,0,-1,,,,
/content/Dataset/DEB/DEB-PNNHGLMA.jpg,2,DEB,6469,2,0,-1,,,,
/content/Dataset/MUS/MUS-QFRCMRGP.jpg,5,MUS,6470,5,0,-1,,,,
/content/Dataset/ADI/ADI-HASSATLC.jpg,0,ADI,6471,0,0,-1,,,,
/content/Dataset/MUC/MUC-QETTMDNN.jpg,4,MUC,6472,4,0,-1,,,,
/content/Dataset/ADI/ADI-HFDLMAIW.jpg,0,ADI,6473,0,0,-1,,,,
/content/Dataset/NORM/NORM-PGEWSTFT.jpg,6,NORM,6474,6,0,-1,,,,
/content/Dataset/MUS/MUS-RCIISNIK.jpg,5,MUS,6475,5,0,-1,,,,
/content/Dataset/LYM/LYM-REGYQYAN.jpg,3,LYM,6476,3,0,-1,,,,
/content/Dataset/MUC/MUC-PTWWKNKK.jpg,4,MUC,6477,4,0,-1,,,,
/content/Dataset/LYM/LYM-SNIMDWNT.jpg,3,LYM,6478,3,0,-1,,,,
/content/Dataset/MUC/MUC-AGKHADNQ.jpg,4,MUC,6479,4,0,-1,,,,
/content/Dataset/TUM/TUM-SPKQCIFF.jpg,8,TUM,6480,8,0,-1,,,,
/content/Dataset/MUC/MUC-YNLICTRS.jpg,4,MUC,6481,4,0,-1,,,,
/content/Dataset/MUC/MUC-WRLSDGAL.jpg,4,MUC,6482,4,0,-1,,,,
/content/Dataset/ADI/ADI-DFPCEQHR.jpg,0,ADI,6483,0,0,-1,,,,
/content/Dataset/MUS/MUS-RFRWMAKR.jpg,5,MUS,6484,5,0,-1,,,,
/content/Dataset/BACK/BACK-LMRGHQLL.jpg,1,BACK,6485,1,0,-1,,,,
/content/Dataset/MUC/MUC-YHNMINYV.jpg,4,MUC,6486,4,0,-1,,,,
/content/Dataset/TUM/TUM-YTKPYIYP.jpg,8,TUM,6487,8,0,-1,,,,
/content/Dataset/NORM/NORM-WWTIFIQK.jpg,6,NORM,6488,6,0,-1,,,,
/content/Dataset/DEB/DEB-VKWIFPEE.jpg,2,DEB,6489,2,0,-1,,,,
/content/Dataset/MUC/MUC-VYQTCTKF.jpg,4,MUC,6490,4,0,-1,,,,
/content/Dataset/DEB/DEB-TLVPDAPK.jpg,2,DEB,6491,2,0,-1,,,,
/content/Dataset/DEB/DEB-VHIPNLLR.jpg,2,DEB,6492,2,0,-1,,,,
/content/Dataset/NORM/NORM-YNSCTQHP.jpg,6,NORM,6493,6,0,-1,,,,
/content/Dataset/STR/STR-RCMQAGQV.jpg,7,STR,6494,7,0,-1,,,,
/content/Dataset/TUM/TUM-RTTHEESE.jpg,8,TUM,6495,8,0,-1,,,,
/content/Dataset/MUC/MUC-VQQGPEFR.jpg,4,MUC,6496,4,0,-1,,,,
/content/Dataset/MUC/MUC-YRGVETSM.jpg,4,MUC,6497,4,0,-1,,,,
/content/Dataset/MUS/MUS-CDHHQKQS.jpg,5,MUS,6498,5,0,-1,,,,
/content/Dataset/MUS/MUS-SYQRIQWG.jpg,5,MUS,6499,5,0,-1,,,,
/content/Dataset/MUC/MUC-NSLQPGGE.jpg,4,MUC,6500,4,0,-1,,,,
/content/Dataset/BACK/BACK-LAGFTEKG.jpg,1,BACK,6501,1,0,-1,,,,
/content/Dataset/STR/STR-SHEWHVPP.jpg,7,STR,6502,7,0,-1,,,,
/content/Dataset/MUS/MUS-SHYIIIYF.jpg,5,MUS,6503,5,0,-1,,,,
/content/Dataset/NORM/NORM-STFMGPIC.jpg,6,NORM,6504,6,0,-1,,,,
/content/Dataset/MUC/MUC-FSCCGTQT.jpg,4,MUC,6505,4,0,-1,,,,
/content/Dataset/TUM/TUM-SVWIWMGS.jpg,8,TUM,6506,8,0,-1,,,,
/content/Dataset/ADI/ADI-ACAGPPPK.jpg,0,ADI,6507,0,0,-1,,,,
/content/Dataset/MUC/MUC-RWQNYVCG.jpg,4,MUC,6508,4,0,-1,,,,
/content/Dataset/MUC/MUC-AARHSTAQ.jpg,4,MUC,6509,4,0,-1,,,,
/content/Dataset/NORM/NORM-NRFDGIVS.jpg,6,NORM,6510,6,0,-1,,,,
/content/Dataset/DEB/DEB-PKSKPALA.jpg,2,DEB,6511,2,0,-1,,,,
/content/Dataset/LYM/LYM-RAKFMVKE.jpg,3,LYM,6512,3,0,-1,,,,
/content/Dataset/TUM/TUM-QRIMVMCI.jpg,8,TUM,6513,8,0,-1,,,,
/content/Dataset/MUC/MUC-SSCGERAW.jpg,4,MUC,6514,4,0,-1,,,,
/content/Dataset/TUM/TUM-YTAGNNRT.jpg,8,TUM,6515,8,0,-1,,,,
/content/Dataset/DEB/DEB-PFAICTIY.jpg,2,DEB,6516,2,0,-1,,,,
/content/Dataset/STR/STR-YWFLAVYH.jpg,7,STR,6517,7,0,-1,,,,
/content/Dataset/ADI/ADI-GDHTRVLL.jpg,0,ADI,6518,0,0,-1,,,,
/content/Dataset/TUM/TUM-SATCSSWY.jpg,8,TUM,6519,8,0,-1,,,,
/content/Dataset/ADI/ADI-FCASKFMP.jpg,0,ADI,6520,0,0,-1,,,,
/content/Dataset/DEB/DEB-VQCQVVRT.jpg,2,DEB,6521,2,0,-1,,,,
/content/Dataset/MUS/MUS-AKATAAVP.jpg,5,MUS,6522,5,0,-1,,,,
/content/Dataset/STR/STR-QKNTFKDM.jpg,7,STR,6523,7,0,-1,,,,
/content/Dataset/TUM/TUM-WKRTLMFS.jpg,8,TUM,6524,8,0,-1,,,,
/content/Dataset/DEB/DEB-TACTMVDI.jpg,2,DEB,6525,2,0,-1,,,,
/content/Dataset/DEB/DEB-RLWHFFQV.jpg,2,DEB,6526,2,0,-1,,,,
/content/Dataset/MUC/MUC-AEHQAGGW.jpg,4,MUC,6527,4,0,-1,,,,
/content/Dataset/LYM/LYM-AHLYVTFD.jpg,3,LYM,6528,3,0,-1,,,,
/content/Dataset/LYM/LYM-AKWRECRW.jpg,3,LYM,6529,3,0,-1,,,,
/content/Dataset/TUM/TUM-SLCQGNGN.jpg,8,TUM,6530,8,0,-1,,,,
/content/Dataset/STR/STR-PNPLCLNW.jpg,7,STR,6531,7,0,-1,,,,
/content/Dataset/BACK/BACK-MPCMNAHR.jpg,1,BACK,6532,1,0,-1,,,,
/content/Dataset/LYM/LYM-NEPATHLN.jpg,3,LYM,6533,3,0,-1,,,,
/content/Dataset/BACK/BACK-PALSATLF.jpg,1,BACK,6534,1,0,-1,,,,
/content/Dataset/STR/STR-QAPKFIGF.jpg,7,STR,6535,7,0,-1,,,,
/content/Dataset/LYM/LYM-VPMFLETQ.jpg,3,LYM,6536,3,0,-1,,,,
/content/Dataset/MUS/MUS-PPFYWPWV.jpg,5,MUS,6537,5,0,-1,,,,
/content/Dataset/ADI/ADI-EIKWCLLD.jpg,0,ADI,6538,0,0,-1,,,,
/content/Dataset/NORM/NORM-YDHLNYFV.jpg,6,NORM,6539,6,0,-1,,,,
/content/Dataset/MUS/MUS-CKGKCNRC.jpg,5,MUS,6540,5,0,-1,,,,
/content/Dataset/BACK/BACK-ICQTAHCP.jpg,1,BACK,6541,1,0,-1,,,,
/content/Dataset/TUM/TUM-RSELGSSP.jpg,8,TUM,6542,8,0,-1,,,,
/content/Dataset/TUM/TUM-YWGRMIHP.jpg,8,TUM,6543,8,0,-1,,,,
/content/Dataset/ADI/ADI-HLRDHGPT.jpg,0,ADI,6544,0,0,-1,,,,
/content/Dataset/NORM/NORM-PKFNMCGL.jpg,6,NORM,6545,6,0,-1,,,,
/content/Dataset/MUS/MUS-PNLTQWQM.jpg,5,MUS,6546,5,0,-1,,,,
/content/Dataset/TUM/TUM-SCHAYCFV.jpg,8,TUM,6547,8,0,-1,,,,
/content/Dataset/NORM/NORM-PHRVNQNS.jpg,6,NORM,6548,6,0,-1,,,,
/content/Dataset/MUS/MUS-CDVSPDIH.jpg,5,MUS,6549,5,0,-1,,,,
/content/Dataset/MUC/MUC-TYRKRHWC.jpg,4,MUC,6550,4,0,-1,,,,
/content/Dataset/BACK/BACK-MCCEDCVD.jpg,1,BACK,6551,1,0,-1,,,,
/content/Dataset/ADI/ADI-GWCTLYFL.jpg,0,ADI,6552,0,0,-1,,,,
/content/Dataset/TUM/TUM-SESYDKYY.jpg,8,TUM,6553,8,0,-1,,,,
/content/Dataset/LYM/LYM-KWPGMGRS.jpg,3,LYM,6554,3,0,-1,,,,
/content/Dataset/MUC/MUC-GGSWMWVD.jpg,4,MUC,6555,4,0,-1,,,,
/content/Dataset/BACK/BACK-MRTNCFCK.jpg,1,BACK,6556,1,0,-1,,,,
/content/Dataset/BACK/BACK-KADKLHHV.jpg,1,BACK,6557,1,0,-1,,,,
/content/Dataset/STR/STR-VLGQAPEW.jpg,7,STR,6558,7,0,-1,,,,
/content/Dataset/ADI/ADI-CIFNCHFI.jpg,0,ADI,6559,0,0,-1,,,,
/content/Dataset/TUM/TUM-RHVYCIMD.jpg,8,TUM,6560,8,0,-1,,,,
/content/Dataset/ADI/ADI-DHNTWFSD.jpg,0,ADI,6561,0,0,-1,,,,
/content/Dataset/ADI/ADI-DVEHPFQL.jpg,0,ADI,6562,0,0,-1,,,,
/content/Dataset/DEB/DEB-WRQPMFVC.jpg,2,DEB,6563,2,0,-1,,,,
/content/Dataset/BACK/BACK-LMPIWELT.jpg,1,BACK,6564,1,0,-1,,,,
/content/Dataset/DEB/DEB-WGHILRTA.jpg,2,DEB,6565,2,0,-1,,,,
/content/Dataset/MUS/MUS-AVRMTSSY.jpg,5,MUS,6566,5,0,-1,,,,
/content/Dataset/BACK/BACK-KWYGYGNH.jpg,1,BACK,6567,1,0,-1,,,,
/content/Dataset/MUC/MUC-SNQGDYPF.jpg,4,MUC,6568,4,0,-1,,,,
/content/Dataset/BACK/BACK-IGVNKYMI.jpg,1,BACK,6569,1,0,-1,,,,
/content/Dataset/STR/STR-TVGNADPY.jpg,7,STR,6570,7,0,-1,,,,
/content/Dataset/ADI/ADI-CDNKLPDN.jpg,0,ADI,6571,0,0,-1,,,,
/content/Dataset/STR/STR-PIIMEAHK.jpg,7,STR,6572,7,0,-1,,,,
/content/Dataset/BACK/BACK-LQEVEGNC.jpg,1,BACK,6573,1,0,-1,,,,
/content/Dataset/STR/STR-NRYETQGN.jpg,7,STR,6574,7,0,-1,,,,
/content/Dataset/NORM/NORM-MESKIKIT.jpg,6,NORM,6575,6,0,-1,,,,
/content/Dataset/NORM/NORM-QHLFLNNA.jpg,6,NORM,6576,6,0,-1,,,,
/content/Dataset/NORM/NORM-VNGSTKMR.jpg,6,NORM,6577,6,0,-1,,,,
/content/Dataset/MUS/MUS-SRSNWTNL.jpg,5,MUS,6578,5,0,-1,,,,
/content/Dataset/STR/STR-PCCWNIRP.jpg,7,STR,6579,7,0,-1,,,,
/content/Dataset/DEB/DEB-WREEPFPD.jpg,2,DEB,6580,2,0,-1,,,,
/content/Dataset/MUC/MUC-RQAAFGAI.jpg,4,MUC,6581,4,0,-1,,,,
/content/Dataset/LYM/LYM-YVCRFTTY.jpg,3,LYM,6582,3,0,-1,,,,
/content/Dataset/LYM/LYM-GFCTCSIG.jpg,3,LYM,6583,3,0,-1,,,,
/content/Dataset/ADI/ADI-FCLDCDRS.jpg,0,ADI,6584,0,0,-1,,,,
/content/Dataset/STR/STR-NKNPGNIN.jpg,7,STR,6585,7,0,-1,,,,
/content/Dataset/NORM/NORM-NSHIIPCK.jpg,6,NORM,6586,6,0,-1,,,,
/content/Dataset/NORM/NORM-LYWTVWIR.jpg,6,NORM,6587,6,0,-1,,,,
/content/Dataset/STR/STR-PYSHVQVQ.jpg,7,STR,6588,7,0,-1,,,,
/content/Dataset/ADI/ADI-HRSYARRH.jpg,0,ADI,6589,0,0,-1,,,,
/content/Dataset/MUC/MUC-TMLVKPVW.jpg,4,MUC,6590,4,0,-1,,,,
/content/Dataset/LYM/LYM-QIVYLISK.jpg,3,LYM,6591,3,0,-1,,,,
/content/Dataset/LYM/LYM-NYPQRIKP.jpg,3,LYM,6592,3,0,-1,,,,
/content/Dataset/DEB/DEB-TYRGWGSN.jpg,2,DEB,6593,2,0,-1,,,,
/content/Dataset/STR/STR-SSDVFHTP.jpg,7,STR,6594,7,0,-1,,,,
/content/Dataset/TUM/TUM-WCNYNRTK.jpg,8,TUM,6595,8,0,-1,,,,
/content/Dataset/BACK/BACK-MLSSVFMM.jpg,1,BACK,6596,1,0,-1,,,,
/content/Dataset/NORM/NORM-MAVSQNSY.jpg,6,NORM,6597,6,0,-1,,,,
/content/Dataset/STR/STR-PSSLHMYK.jpg,7,STR,6598,7,0,-1,,,,
/content/Dataset/STR/STR-VWWRNNKF.jpg,7,STR,6599,7,0,-1,,,,
/content/Dataset/LYM/LYM-AAFRNWGS.jpg,3,LYM,6600,3,0,-1,,,,
/content/Dataset/STR/STR-NNASPQHQ.jpg,7,STR,6601,7,0,-1,,,,
/content/Dataset/NORM/NORM-PCLNRRVP.jpg,6,NORM,6602,6,0,-1,,,,
/content/Dataset/NORM/NORM-WLCLWQAE.jpg,6,NORM,6603,6,0,-1,,,,
/content/Dataset/BACK/BACK-KPYLVVVM.jpg,1,BACK,6604,1,0,-1,,,,
/content/Dataset/NORM/NORM-ANPYVGFV.jpg,6,NORM,6605,6,0,-1,,,,
/content/Dataset/NORM/NORM-MVWRPCWY.jpg,6,NORM,6606,6,0,-1,,,,
/content/Dataset/NORM/NORM-YFRMSEGF.jpg,6,NORM,6607,6,0,-1,,,,
/content/Dataset/MUC/MUC-WYFYSFDT.jpg,4,MUC,6608,4,0,-1,,,,
/content/Dataset/MUS/MUS-PIAVYLRD.jpg,5,MUS,6609,5,0,-1,,,,
/content/Dataset/ADI/ADI-FLTMLVIV.jpg,0,ADI,6610,0,0,-1,,,,
/content/Dataset/TUM/TUM-TEAQWHPE.jpg,8,TUM,6611,8,0,-1,,,,
/content/Dataset/NORM/NORM-WWMGSRIG.jpg,6,NORM,6612,6,0,-1,,,,
/content/Dataset/DEB/DEB-SVRRLAPP.jpg,2,DEB,6613,2,0,-1,,,,
/content/Dataset/MUC/MUC-QYNPQISF.jpg,4,MUC,6614,4,0,-1,,,,
/content/Dataset/BACK/BACK-MDMWGWKT.jpg,1,BACK,6615,1,0,-1,,,,
/content/Dataset/MUS/MUS-ASFDSCCQ.jpg,5,MUS,6616,5,0,-1,,,,
/content/Dataset/MUS/MUS-PFFEYKEL.jpg,5,MUS,6617,5,0,-1,,,,
/content/Dataset/LYM/LYM-SALDVHTM.jpg,3,LYM,6618,3,0,-1,,,,
/content/Dataset/STR/STR-RIQWPKDA.jpg,7,STR,6619,7,0,-1,,,,
/content/Dataset/MUS/MUS-CKQKWHVW.jpg,5,MUS,6620,5,0,-1,,,,
/content/Dataset/DEB/DEB-NNTCHLYE.jpg,2,DEB,6621,2,0,-1,,,,
/content/Dataset/LYM/LYM-MGCQLQSN.jpg,3,LYM,6622,3,0,-1,,,,
/content/Dataset/LYM/LYM-SNWKWWNW.jpg,3,LYM,6623,3,0,-1,,,,
/content/Dataset/TUM/TUM-YINQTHIV.jpg,8,TUM,6624,8,0,-1,,,,
/content/Dataset/MUS/MUS-PNGGLCDL.jpg,5,MUS,6625,5,0,-1,,,,
/content/Dataset/STR/STR-YYPYFRQY.jpg,7,STR,6626,7,0,-1,,,,
/content/Dataset/MUS/MUS-SRIEPKFW.jpg,5,MUS,6627,5,0,-1,,,,
/content/Dataset/BACK/BACK-IILEDTGT.jpg,1,BACK,6628,1,0,-1,,,,
/content/Dataset/DEB/DEB-VHACSDAT.jpg,2,DEB,6629,2,0,-1,,,,
/content/Dataset/BACK/BACK-EWVQNEVQ.jpg,1,BACK,6630,1,0,-1,,,,
/content/Dataset/LYM/LYM-CFFSMHLK.jpg,3,LYM,6631,3,0,-1,,,,
/content/Dataset/NORM/NORM-VWEHNPQY.jpg,6,NORM,6632,6,0,-1,,,,
/content/Dataset/MUS/MUS-NNNNYEMG.jpg,5,MUS,6633,5,0,-1,,,,
/content/Dataset/MUS/MUS-AFSNGCTE.jpg,5,MUS,6634,5,0,-1,,,,
/content/Dataset/DEB/DEB-YLFSFLCQ.jpg,2,DEB,6635,2,0,-1,,,,
/content/Dataset/LYM/LYM-NCPVVLFW.jpg,3,LYM,6636,3,0,-1,,,,
/content/Dataset/DEB/DEB-YCFCVDGS.jpg,2,DEB,6637,2,0,-1,,,,
/content/Dataset/TUM/TUM-QYDQAWTT.jpg,8,TUM,6638,8,0,-1,,,,
/content/Dataset/ADI/ADI-HACQLCEP.jpg,0,ADI,6639,0,0,-1,,,,
/content/Dataset/STR/STR-AAPRWGFL.jpg,7,STR,6640,7,0,-1,,,,
/content/Dataset/BACK/BACK-KQETWLGW.jpg,1,BACK,6641,1,0,-1,,,,
/content/Dataset/ADI/ADI-DMVEHLRK.jpg,0,ADI,6642,0,0,-1,,,,
/content/Dataset/MUC/MUC-WWCHRFTD.jpg,4,MUC,6643,4,0,-1,,,,
/content/Dataset/LYM/LYM-NNQMTGPI.jpg,3,LYM,6644,3,0,-1,,,,
/content/Dataset/DEB/DEB-RQTVHTQV.jpg,2,DEB,6645,2,0,-1,,,,
/content/Dataset/TUM/TUM-THDVMREG.jpg,8,TUM,6646,8,0,-1,,,,
/content/Dataset/NORM/NORM-SSQASFDD.jpg,6,NORM,6647,6,0,-1,,,,
/content/Dataset/BACK/BACK-NNMIQVNL.jpg,1,BACK,6648,1,0,-1,,,,
/content/Dataset/LYM/LYM-SNSLPSVD.jpg,3,LYM,6649,3,0,-1,,,,
/content/Dataset/BACK/BACK-LAWARSDK.jpg,1,BACK,6650,1,0,-1,,,,
/content/Dataset/NORM/NORM-NDTQEQTR.jpg,6,NORM,6651,6,0,-1,,,,
/content/Dataset/MUC/MUC-TAVWFNQR.jpg,4,MUC,6652,4,0,-1,,,,
/content/Dataset/LYM/LYM-SFIFIQPN.jpg,3,LYM,6653,3,0,-1,,,,
/content/Dataset/NORM/NORM-MDMLVNIE.jpg,6,NORM,6654,6,0,-1,,,,
/content/Dataset/TUM/TUM-RHCPAESF.jpg,8,TUM,6655,8,0,-1,,,,
/content/Dataset/NORM/NORM-TKNADLWA.jpg,6,NORM,6656,6,0,-1,,,,
/content/Dataset/MUC/MUC-TCIMHGWP.jpg,4,MUC,6657,4,0,-1,,,,
/content/Dataset/ADI/ADI-GRKPYIEQ.jpg,0,ADI,6658,0,0,-1,,,,
/content/Dataset/ADI/ADI-HRSYLTQV.jpg,0,ADI,6659,0,0,-1,,,,
/content/Dataset/LYM/LYM-SLTTGWTR.jpg,3,LYM,6660,3,0,-1,,,,
/content/Dataset/NORM/NORM-VACNTYNT.jpg,6,NORM,6661,6,0,-1,,,,
/content/Dataset/NORM/NORM-WTDMPFPI.jpg,6,NORM,6662,6,0,-1,,,,
/content/Dataset/TUM/TUM-YNLDTNTG.jpg,8,TUM,6663,8,0,-1,,,,
/content/Dataset/LYM/LYM-RWLYTSLK.jpg,3,LYM,6664,3,0,-1,,,,
/content/Dataset/BACK/BACK-NNIQKWHD.jpg,1,BACK,6665,1,0,-1,,,,
/content/Dataset/DEB/DEB-VEQHPQVG.jpg,2,DEB,6666,2,0,-1,,,,
/content/Dataset/MUS/MUS-CAYDIEFS.jpg,5,MUS,6667,5,0,-1,,,,
/content/Dataset/TUM/TUM-QICRFWDL.jpg,8,TUM,6668,8,0,-1,,,,
/content/Dataset/STR/STR-NWWDMAEI.jpg,7,STR,6669,7,0,-1,,,,
/content/Dataset/ADI/ADI-FMKAKRLM.jpg,0,ADI,6670,0,0,-1,,,,
/content/Dataset/MUC/MUC-DNWRMCVL.jpg,4,MUC,6671,4,0,-1,,,,
/content/Dataset/ADI/ADI-AFQRGMEM.jpg,0,ADI,6672,0,0,-1,,,,
/content/Dataset/DEB/DEB-SQPTDNAP.jpg,2,DEB,6673,2,0,-1,,,,
/content/Dataset/LYM/LYM-VATYSCNP.jpg,3,LYM,6674,3,0,-1,,,,
/content/Dataset/NORM/NORM-RSYMQEEF.jpg,6,NORM,6675,6,0,-1,,,,
/content/Dataset/NORM/NORM-PPILCCCA.jpg,6,NORM,6676,6,0,-1,,,,
/content/Dataset/DEB/DEB-SHESTKFD.jpg,2,DEB,6677,2,0,-1,,,,
/content/Dataset/MUC/MUC-VPCLCLKT.jpg,4,MUC,6678,4,0,-1,,,,
/content/Dataset/MUC/MUC-QFLFDTRM.jpg,4,MUC,6679,4,0,-1,,,,
/content/Dataset/DEB/DEB-TWKVDPAG.jpg,2,DEB,6680,2,0,-1,,,,
/content/Dataset/DEB/DEB-PRITCAPK.jpg,2,DEB,6681,2,0,-1,,,,
/content/Dataset/ADI/ADI-CLGWQTKP.jpg,0,ADI,6682,0,0,-1,,,,
/content/Dataset/BACK/BACK-LYDVISQL.jpg,1,BACK,6683,1,0,-1,,,,
/content/Dataset/DEB/DEB-RWRYILER.jpg,2,DEB,6684,2,0,-1,,,,
/content/Dataset/ADI/ADI-HIMSTYVE.jpg,0,ADI,6685,0,0,-1,,,,
/content/Dataset/TUM/TUM-RAFSSDWI.jpg,8,TUM,6686,8,0,-1,,,,
/content/Dataset/BACK/BACK-HFNTHMVE.jpg,1,BACK,6687,1,0,-1,,,,
/content/Dataset/NORM/NORM-THGNWSLG.jpg,6,NORM,6688,6,0,-1,,,,
/content/Dataset/STR/STR-NLPEMWDS.jpg,7,STR,6689,7,0,-1,,,,
/content/Dataset/BACK/BACK-KDWMREQP.jpg,1,BACK,6690,1,0,-1,,,,
/content/Dataset/ADI/ADI-GWAVAIGF.jpg,0,ADI,6691,0,0,-1,,,,
/content/Dataset/ADI/ADI-AYPIEEFE.jpg,0,ADI,6692,0,0,-1,,,,
/content/Dataset/TUM/TUM-SDFFHHML.jpg,8,TUM,6693,8,0,-1,,,,
/content/Dataset/MUS/MUS-RLEDAMWF.jpg,5,MUS,6694,5,0,-1,,,,
/content/Dataset/ADI/ADI-AGWGPPCY.jpg,0,ADI,6695,0,0,-1,,,,
/content/Dataset/DEB/DEB-AAEPCYID.jpg,2,DEB,6696,2,0,-1,,,,
/content/Dataset/TUM/TUM-WGEQKGIV.jpg,8,TUM,6697,8,0,-1,,,,
/content/Dataset/NORM/NORM-WDNHTLEY.jpg,6,NORM,6698,6,0,-1,,,,
/content/Dataset/STR/STR-YTYRQFRD.jpg,7,STR,6699,7,0,-1,,,,
/content/Dataset/DEB/DEB-QPTNDFPC.jpg,2,DEB,6700,2,0,-1,,,,
/content/Dataset/STR/STR-QNWWTIRM.jpg,7,STR,6701,7,0,-1,,,,
/content/Dataset/LYM/LYM-VEWEDLKA.jpg,3,LYM,6702,3,0,-1,,,,
/content/Dataset/MUS/MUS-PLLITSHW.jpg,5,MUS,6703,5,0,-1,,,,
/content/Dataset/MUS/MUS-PQCGPLPT.jpg,5,MUS,6704,5,0,-1,,,,
/content/Dataset/BACK/BACK-KRNKDMRK.jpg,1,BACK,6705,1,0,-1,,,,
/content/Dataset/BACK/BACK-NKQIQLSC.jpg,1,BACK,6706,1,0,-1,,,,
/content/Dataset/NORM/NORM-LSQGYNQK.jpg,6,NORM,6707,6,0,-1,,,,
/content/Dataset/LYM/LYM-TVIIYGHP.jpg,3,LYM,6708,3,0,-1,,,,
/content/Dataset/MUC/MUC-QNEAHIFS.jpg,4,MUC,6709,4,0,-1,,,,
/content/Dataset/TUM/TUM-QDHLGHHP.jpg,8,TUM,6710,8,0,-1,,,,
/content/Dataset/NORM/NORM-LERCFRYW.jpg,6,NORM,6711,6,0,-1,,,,
/content/Dataset/BACK/BACK-LKRAKYAN.jpg,1,BACK,6712,1,0,-1,,,,
/content/Dataset/LYM/LYM-PNDEKICG.jpg,3,LYM,6713,3,0,-1,,,,
/content/Dataset/NORM/NORM-AKIWSATK.jpg,6,NORM,6714,6,0,-1,,,,
/content/Dataset/TUM/TUM-RDTPMTRD.jpg,8,TUM,6715,8,0,-1,,,,
/content/Dataset/ADI/ADI-HNAWEFFD.jpg,0,ADI,6716,0,0,-1,,,,
/content/Dataset/LYM/LYM-NEWRPLLI.jpg,3,LYM,6717,3,0,-1,,,,
/content/Dataset/LYM/LYM-SKDAHRSK.jpg,3,LYM,6718,3,0,-1,,,,
/content/Dataset/MUC/MUC-VPFMKKCN.jpg,4,MUC,6719,4,0,-1,,,,
/content/Dataset/LYM/LYM-VGYCPLYN.jpg,3,LYM,6720,3,0,-1,,,,
/content/Dataset/MUC/MUC-AYVLQRFC.jpg,4,MUC,6721,4,0,-1,,,,
/content/Dataset/BACK/BACK-LDLSYCVA.jpg,1,BACK,6722,1,0,-1,,,,
/content/Dataset/MUS/MUS-PSNVRNKV.jpg,5,MUS,6723,5,0,-1,,,,
/content/Dataset/MUS/MUS-QQSAQMSE.jpg,5,MUS,6724,5,0,-1,,,,
/content/Dataset/BACK/BACK-LKTVIADY.jpg,1,BACK,6725,1,0,-1,,,,
/content/Dataset/LYM/LYM-NTISKAQT.jpg,3,LYM,6726,3,0,-1,,,,
/content/Dataset/MUS/MUS-RLPAKMHI.jpg,5,MUS,6727,5,0,-1,,,,
/content/Dataset/BACK/BACK-IGSGVPEN.jpg,1,BACK,6728,1,0,-1,,,,
/content/Dataset/STR/STR-RTCPGHLH.jpg,7,STR,6729,7,0,-1,,,,
/content/Dataset/LYM/LYM-AHGSMMWT.jpg,3,LYM,6730,3,0,-1,,,,
/content/Dataset/NORM/NORM-LMEHTATV.jpg,6,NORM,6731,6,0,-1,,,,
/content/Dataset/TUM/TUM-SRMDKHNM.jpg,8,TUM,6732,8,0,-1,,,,
/content/Dataset/STR/STR-RNSQANIY.jpg,7,STR,6733,7,0,-1,,,,
/content/Dataset/DEB/DEB-RRKTVFNC.jpg,2,DEB,6734,2,0,-1,,,,
/content/Dataset/MUC/MUC-WPILPLIN.jpg,4,MUC,6735,4,0,-1,,,,
/content/Dataset/TUM/TUM-WWLRNRWK.jpg,8,TUM,6736,8,0,-1,,,,
/content/Dataset/MUS/MUS-AIFWCQEV.jpg,5,MUS,6737,5,0,-1,,,,
/content/Dataset/NORM/NORM-SVAIPEIH.jpg,6,NORM,6738,6,0,-1,,,,
/content/Dataset/LYM/LYM-TSWEPTFK.jpg,3,LYM,6739,3,0,-1,,,,
/content/Dataset/STR/STR-RIFNYQQK.jpg,7,STR,6740,7,0,-1,,,,
/content/Dataset/DEB/DEB-QYPCDSQP.jpg,2,DEB,6741,2,0,-1,,,,
/content/Dataset/NORM/NORM-TSNHLIEE.jpg,6,NORM,6742,6,0,-1,,,,
/content/Dataset/DEB/DEB-PGNMEVMD.jpg,2,DEB,6743,2,0,-1,,,,
/content/Dataset/LYM/LYM-NKIICPKY.jpg,3,LYM,6744,3,0,-1,,,,
/content/Dataset/NORM/NORM-PPVAFPRR.jpg,6,NORM,6745,6,0,-1,,,,
/content/Dataset/BACK/BACK-ICHQYTDK.jpg,1,BACK,6746,1,0,-1,,,,
/content/Dataset/TUM/TUM-SYTVFLWF.jpg,8,TUM,6747,8,0,-1,,,,
/content/Dataset/NORM/NORM-VEVPILPL.jpg,6,NORM,6748,6,0,-1,,,,
/content/Dataset/STR/STR-ACFRNHAC.jpg,7,STR,6749,7,0,-1,,,,
/content/Dataset/ADI/ADI-CLIGFPTL.jpg,0,ADI,6750,0,0,-1,,,,
/content/Dataset/TUM/TUM-WDSNMIMP.jpg,8,TUM,6751,8,0,-1,,,,
/content/Dataset/MUS/MUS-NPLNVFAD.jpg,5,MUS,6752,5,0,-1,,,,
/content/Dataset/MUS/MUS-VINVACPW.jpg,5,MUS,6753,5,0,-1,,,,
/content/Dataset/LYM/LYM-LMPWQAAG.jpg,3,LYM,6754,3,0,-1,,,,
/content/Dataset/NORM/NORM-TLQKKYPN.jpg,6,NORM,6755,6,0,-1,,,,
/content/Dataset/LYM/LYM-QDNIWAMS.jpg,3,LYM,6756,3,0,-1,,,,
/content/Dataset/LYM/LYM-DFWLVSKG.jpg,3,LYM,6757,3,0,-1,,,,
/content/Dataset/DEB/DEB-TEQNAWCQ.jpg,2,DEB,6758,2,0,-1,,,,
/content/Dataset/MUC/MUC-NVKCAHNG.jpg,4,MUC,6759,4,0,-1,,,,
/content/Dataset/STR/STR-VLKWKMGW.jpg,7,STR,6760,7,0,-1,,,,
/content/Dataset/MUS/MUS-RRGTFIHT.jpg,5,MUS,6761,5,0,-1,,,,
/content/Dataset/NORM/NORM-SCGEMAGN.jpg,6,NORM,6762,6,0,-1,,,,
/content/Dataset/ADI/ADI-EAGPMPQR.jpg,0,ADI,6763,0,0,-1,,,,
/content/Dataset/MUC/MUC-NMNEADCI.jpg,4,MUC,6764,4,0,-1,,,,
/content/Dataset/BACK/BACK-NGENMSFY.jpg,1,BACK,6765,1,0,-1,,,,
/content/Dataset/MUS/MUS-QYKPFAIW.jpg,5,MUS,6766,5,0,-1,,,,
/content/Dataset/LYM/LYM-TVKNPTRD.jpg,3,LYM,6767,3,0,-1,,,,
/content/Dataset/MUS/MUS-TCNKLEQI.jpg,5,MUS,6768,5,0,-1,,,,
/content/Dataset/STR/STR-SHYEDIYK.jpg,7,STR,6769,7,0,-1,,,,
/content/Dataset/NORM/NORM-MAKMQYDQ.jpg,6,NORM,6770,6,0,-1,,,,
/content/Dataset/LYM/LYM-TVNSQITI.jpg,3,LYM,6771,3,0,-1,,,,
/content/Dataset/ADI/ADI-DFWSCGGQ.jpg,0,ADI,6772,0,0,-1,,,,
/content/Dataset/ADI/ADI-NVKPLKRY.jpg,0,ADI,6773,0,0,-1,,,,
/content/Dataset/DEB/DEB-PWDYGCHS.jpg,2,DEB,6774,2,0,-1,,,,
/content/Dataset/ADI/ADI-DGEYTMWC.jpg,0,ADI,6775,0,0,-1,,,,
/content/Dataset/BACK/BACK-KNYADEFD.jpg,1,BACK,6776,1,0,-1,,,,
/content/Dataset/ADI/ADI-FKHQPSWF.jpg,0,ADI,6777,0,0,-1,,,,
/content/Dataset/LYM/LYM-AEQTFPVC.jpg,3,LYM,6778,3,0,-1,,,,
/content/Dataset/DEB/DEB-TLGDYEAD.jpg,2,DEB,6779,2,0,-1,,,,
/content/Dataset/TUM/TUM-VYNSKTCL.jpg,8,TUM,6780,8,0,-1,,,,
/content/Dataset/ADI/ADI-FVPPQWNG.jpg,0,ADI,6781,0,0,-1,,,,
/content/Dataset/ADI/ADI-EYAVWWDT.jpg,0,ADI,6782,0,0,-1,,,,
/content/Dataset/MUS/MUS-QWQNVGPT.jpg,5,MUS,6783,5,0,-1,,,,
/content/Dataset/NORM/NORM-WLWSSLNF.jpg,6,NORM,6784,6,0,-1,,,,
/content/Dataset/BACK/BACK-EKDYIACN.jpg,1,BACK,6785,1,0,-1,,,,
/content/Dataset/NORM/NORM-RVPWRWLI.jpg,6,NORM,6786,6,0,-1,,,,
/content/Dataset/BACK/BACK-KFPPMKDC.jpg,1,BACK,6787,1,0,-1,,,,
/content/Dataset/STR/STR-SAREACDW.jpg,7,STR,6788,7,0,-1,,,,
/content/Dataset/NORM/NORM-PACFSKLV.jpg,6,NORM,6789,6,0,-1,,,,
/content/Dataset/DEB/DEB-WCPRIDHT.jpg,2,DEB,6790,2,0,-1,,,,
/content/Dataset/DEB/DEB-WGIWTTVD.jpg,2,DEB,6791,2,0,-1,,,,
/content/Dataset/NORM/NORM-TDRCFHTE.jpg,6,NORM,6792,6,0,-1,,,,
/content/Dataset/ADI/ADI-CECWSCQW.jpg,0,ADI,6793,0,0,-1,,,,
/content/Dataset/TUM/TUM-YIFCGIFE.jpg,8,TUM,6794,8,0,-1,,,,
/content/Dataset/BACK/BACK-LGYGCPKS.jpg,1,BACK,6795,1,0,-1,,,,
/content/Dataset/MUC/MUC-PSTASFEV.jpg,4,MUC,6796,4,0,-1,,,,
/content/Dataset/MUC/MUC-PYHLWHLC.jpg,4,MUC,6797,4,0,-1,,,,
/content/Dataset/LYM/LYM-NGLHYPEC.jpg,3,LYM,6798,3,0,-1,,,,
/content/Dataset/NORM/NORM-YAQCRKWS.jpg,6,NORM,6799,6,0,-1,,,,
/content/Dataset/TUM/TUM-TEQRRKLL.jpg,8,TUM,6800,8,0,-1,,,,
/content/Dataset/MUC/MUC-NHYGSAWI.jpg,4,MUC,6801,4,0,-1,,,,
/content/Dataset/MUS/MUS-SCFIMRLS.jpg,5,MUS,6802,5,0,-1,,,,
/content/Dataset/NORM/NORM-NVQVKMHY.jpg,6,NORM,6803,6,0,-1,,,,
/content/Dataset/BACK/BACK-ESYAHIHV.jpg,1,BACK,6804,1,0,-1,,,,
/content/Dataset/MUS/MUS-SVLETIFG.jpg,5,MUS,6805,5,0,-1,,,,
/content/Dataset/MUC/MUC-TRHLSKQY.jpg,4,MUC,6806,4,0,-1,,,,
/content/Dataset/BACK/BACK-KDPNCIRR.jpg,1,BACK,6807,1,0,-1,,,,
/content/Dataset/MUS/MUS-AEHFKVDK.jpg,5,MUS,6808,5,0,-1,,,,
/content/Dataset/NORM/NORM-RSEDVAGF.jpg,6,NORM,6809,6,0,-1,,,,
/content/Dataset/MUS/MUS-SWNKPRDS.jpg,5,MUS,6810,5,0,-1,,,,
/content/Dataset/TUM/TUM-WSFQKTYG.jpg,8,TUM,6811,8,0,-1,,,,
/content/Dataset/MUC/MUC-YRWYFDDF.jpg,4,MUC,6812,4,0,-1,,,,
/content/Dataset/MUC/MUC-AMLWADPH.jpg,4,MUC,6813,4,0,-1,,,,
/content/Dataset/STR/STR-STSHQQLA.jpg,7,STR,6814,7,0,-1,,,,
/content/Dataset/MUS/MUS-VKWFGHLK.jpg,5,MUS,6815,5,0,-1,,,,
/content/Dataset/LYM/LYM-FIWVNLCV.jpg,3,LYM,6816,3,0,-1,,,,
/content/Dataset/MUS/MUS-CACIHHTR.jpg,5,MUS,6817,5,0,-1,,,,
/content/Dataset/STR/STR-VRHLCAQS.jpg,7,STR,6818,7,0,-1,,,,
/content/Dataset/DEB/DEB-VEGISIYI.jpg,2,DEB,6819,2,0,-1,,,,
/content/Dataset/TUM/TUM-YHWDLAML.jpg,8,TUM,6820,8,0,-1,,,,
/content/Dataset/MUC/MUC-QSEQQHAW.jpg,4,MUC,6821,4,0,-1,,,,
/content/Dataset/NORM/NORM-VWKRQQIF.jpg,6,NORM,6822,6,0,-1,,,,
/content/Dataset/ADI/ADI-GKMHDSLV.jpg,0,ADI,6823,0,0,-1,,,,
/content/Dataset/STR/STR-THDAECYN.jpg,7,STR,6824,7,0,-1,,,,
/content/Dataset/MUC/MUC-YCVHNKAL.jpg,4,MUC,6825,4,0,-1,,,,
/content/Dataset/NORM/NORM-LDVDDHPI.jpg,6,NORM,6826,6,0,-1,,,,
/content/Dataset/TUM/TUM-SHHPFAKD.jpg,8,TUM,6827,8,0,-1,,,,
/content/Dataset/NORM/NORM-NLHSTYRK.jpg,6,NORM,6828,6,0,-1,,,,
/content/Dataset/ADI/ADI-FNFLRYWN.jpg,0,ADI,6829,0,0,-1,,,,
/content/Dataset/BACK/BACK-MPASNHPK.jpg,1,BACK,6830,1,0,-1,,,,
/content/Dataset/DEB/DEB-QHVACGAD.jpg,2,DEB,6831,2,0,-1,,,,
/content/Dataset/ADI/ADI-CACAHLHD.jpg,0,ADI,6832,0,0,-1,,,,
/content/Dataset/LYM/LYM-VGIGTESR.jpg,3,LYM,6833,3,0,-1,,,,
/content/Dataset/NORM/NORM-RINQKCGG.jpg,6,NORM,6834,6,0,-1,,,,
/content/Dataset/ADI/ADI-CKVQGYKM.jpg,0,ADI,6835,0,0,-1,,,,
/content/Dataset/STR/STR-TYIIYGPR.jpg,7,STR,6836,7,0,-1,,,,
/content/Dataset/STR/STR-NDCHHALV.jpg,7,STR,6837,7,0,-1,,,,
/content/Dataset/STR/STR-NVAVNPLH.jpg,7,STR,6838,7,0,-1,,,,
/content/Dataset/TUM/TUM-YSQGPTHH.jpg,8,TUM,6839,8,0,-1,,,,
/content/Dataset/NORM/NORM-MDHRLHIE.jpg,6,NORM,6840,6,0,-1,,,,
/content/Dataset/STR/STR-NIDTGPCY.jpg,7,STR,6841,7,0,-1,,,,
/content/Dataset/LYM/LYM-EIESGWVT.jpg,3,LYM,6842,3,0,-1,,,,
/content/Dataset/BACK/BACK-MMQKLHCP.jpg,1,BACK,6843,1,0,-1,,,,
/content/Dataset/ADI/ADI-DHPTSELR.jpg,0,ADI,6844,0,0,-1,,,,
/content/Dataset/STR/STR-PMFTYSWN.jpg,7,STR,6845,7,0,-1,,,,
/content/Dataset/TUM/TUM-WTGGKSKP.jpg,8,TUM,6846,8,0,-1,,,,
/content/Dataset/LYM/LYM-PSESWQTV.jpg,3,LYM,6847,3,0,-1,,,,
/content/Dataset/STR/STR-TEMGDCVM.jpg,7,STR,6848,7,0,-1,,,,
/content/Dataset/STR/STR-QEAFPCFL.jpg,7,STR,6849,7,0,-1,,,,
/content/Dataset/DEB/DEB-QVQMHWKP.jpg,2,DEB,6850,2,0,-1,,,,
/content/Dataset/ADI/ADI-IFLQLMPD.jpg,0,ADI,6851,0,0,-1,,,,
/content/Dataset/MUS/MUS-NTPCHMVH.jpg,5,MUS,6852,5,0,-1,,,,
/content/Dataset/MUC/MUC-RSCKHSMA.jpg,4,MUC,6853,4,0,-1,,,,
/content/Dataset/BACK/BACK-IWTNFTHC.jpg,1,BACK,6854,1,0,-1,,,,
/content/Dataset/ADI/ADI-GNMHSAVQ.jpg,0,ADI,6855,0,0,-1,,,,
/content/Dataset/DEB/DEB-VQRHWRWN.jpg,2,DEB,6856,2,0,-1,,,,
/content/Dataset/LYM/LYM-QALGYWYR.jpg,3,LYM,6857,3,0,-1,,,,
/content/Dataset/BACK/BACK-IPFMWQMG.jpg,1,BACK,6858,1,0,-1,,,,
/content/Dataset/MUC/MUC-QWHLVGMF.jpg,4,MUC,6859,4,0,-1,,,,
/content/Dataset/ADI/ADI-CHYLNLWH.jpg,0,ADI,6860,0,0,-1,,,,
/content/Dataset/DEB/DEB-QKDHRWFG.jpg,2,DEB,6861,2,0,-1,,,,
/content/Dataset/MUS/MUS-NYINSAQH.jpg,5,MUS,6862,5,0,-1,,,,
/content/Dataset/NORM/NORM-VLNFVTTI.jpg,6,NORM,6863,6,0,-1,,,,
/content/Dataset/STR/STR-YTSGTMCT.jpg,7,STR,6864,7,0,-1,,,,
/content/Dataset/NORM/NORM-WQWNLNPR.jpg,6,NORM,6865,6,0,-1,,,,
/content/Dataset/LYM/LYM-TVEMYSDI.jpg,3,LYM,6866,3,0,-1,,,,
/content/Dataset/STR/STR-VEIIQADF.jpg,7,STR,6867,7,0,-1,,,,
/content/Dataset/STR/STR-SNACNKCA.jpg,7,STR,6868,7,0,-1,,,,
/content/Dataset/ADI/ADI-CMPHCYGN.jpg,0,ADI,6869,0,0,-1,,,,
/content/Dataset/ADI/ADI-IQAKCGGC.jpg,0,ADI,6870,0,0,-1,,,,
/content/Dataset/NORM/NORM-QRWMGWWL.jpg,6,NORM,6871,6,0,-1,,,,
/content/Dataset/MUC/MUC-QIILGWLD.jpg,4,MUC,6872,4,0,-1,,,,
/content/Dataset/MUC/MUC-WNASMFHI.jpg,4,MUC,6873,4,0,-1,,,,
/content/Dataset/TUM/TUM-YIQKRFLC.jpg,8,TUM,6874,8,0,-1,,,,
/content/Dataset/NORM/NORM-LITYYKTC.jpg,6,NORM,6875,6,0,-1,,,,
/content/Dataset/TUM/TUM-TPQMTIQI.jpg,8,TUM,6876,8,0,-1,,,,
/content/Dataset/MUS/MUS-PVWRYQVF.jpg,5,MUS,6877,5,0,-1,,,,
/content/Dataset/NORM/NORM-PVFSKKKS.jpg,6,NORM,6878,6,0,-1,,,,
/content/Dataset/NORM/NORM-TNVHLSEG.jpg,6,NORM,6879,6,0,-1,,,,
/content/Dataset/TUM/TUM-WHNHNGKG.jpg,8,TUM,6880,8,0,-1,,,,
/content/Dataset/BACK/BACK-ANQSNLCD.jpg,1,BACK,6881,1,0,-1,,,,
/content/Dataset/ADI/ADI-AIQQLLRI.jpg,0,ADI,6882,0,0,-1,,,,
/content/Dataset/TUM/TUM-SEQQARTQ.jpg,8,TUM,6883,8,0,-1,,,,
/content/Dataset/MUS/MUS-RPESSAIE.jpg,5,MUS,6884,5,0,-1,,,,
/content/Dataset/MUS/MUS-RQMGLQWV.jpg,5,MUS,6885,5,0,-1,,,,
/content/Dataset/DEB/DEB-TDFAEYDT.jpg,2,DEB,6886,2,0,-1,,,,
/content/Dataset/ADI/ADI-CYIMYEGS.jpg,0,ADI,6887,0,0,-1,,,,
/content/Dataset/ADI/ADI-FFGSQCSW.jpg,0,ADI,6888,0,0,-1,,,,
/content/Dataset/MUS/MUS-AGTIGDAS.jpg,5,MUS,6889,5,0,-1,,,,
/content/Dataset/DEB/DEB-VTECSAIV.jpg,2,DEB,6890,2,0,-1,,,,
/content/Dataset/MUC/MUC-PDVKWVPQ.jpg,4,MUC,6891,4,0,-1,,,,
/content/Dataset/MUS/MUS-RLSMNTSC.jpg,5,MUS,6892,5,0,-1,,,,
/content/Dataset/TUM/TUM-SDWLGLNV.jpg,8,TUM,6893,8,0,-1,,,,
/content/Dataset/MUC/MUC-YYYLCTYQ.jpg,4,MUC,6894,4,0,-1,,,,
/content/Dataset/LYM/LYM-MTNICYMH.jpg,3,LYM,6895,3,0,-1,,,,
/content/Dataset/MUC/MUC-QMREPFCV.jpg,4,MUC,6896,4,0,-1,,,,
/content/Dataset/LYM/LYM-GSTFIHYM.jpg,3,LYM,6897,3,0,-1,,,,
/content/Dataset/LYM/LYM-PLADQGTG.jpg,3,LYM,6898,3,0,-1,,,,
/content/Dataset/DEB/DEB-QMLPTHHR.jpg,2,DEB,6899,2,0,-1,,,,
/content/Dataset/LYM/LYM-NVCDGVKR.jpg,3,LYM,6900,3,0,-1,,,,
/content/Dataset/LYM/LYM-ACGIMPFA.jpg,3,LYM,6901,3,0,-1,,,,
/content/Dataset/STR/STR-SMCRPTEC.jpg,7,STR,6902,7,0,-1,,,,
/content/Dataset/ADI/ADI-CGWDLPWE.jpg,0,ADI,6903,0,0,-1,,,,
/content/Dataset/STR/STR-YDWQMCSE.jpg,7,STR,6904,7,0,-1,,,,
/content/Dataset/LYM/LYM-QHHRQQCI.jpg,3,LYM,6905,3,0,-1,,,,
/content/Dataset/TUM/TUM-WEDIFEWI.jpg,8,TUM,6906,8,0,-1,,,,
/content/Dataset/LYM/LYM-QFFKRPIE.jpg,3,LYM,6907,3,0,-1,,,,
/content/Dataset/MUC/MUC-TYQSHYWV.jpg,4,MUC,6908,4,0,-1,,,,
/content/Dataset/NORM/NORM-TFCRMFVP.jpg,6,NORM,6909,6,0,-1,,,,
/content/Dataset/DEB/DEB-WYDKSKVC.jpg,2,DEB,6910,2,0,-1,,,,
/content/Dataset/DEB/DEB-RIKLIQDK.jpg,2,DEB,6911,2,0,-1,,,,
/content/Dataset/NORM/NORM-NCCFNHYV.jpg,6,NORM,6912,6,0,-1,,,,
/content/Dataset/STR/STR-RWCMCQKT.jpg,7,STR,6913,7,0,-1,,,,
/content/Dataset/LYM/LYM-TRETTCHG.jpg,3,LYM,6914,3,0,-1,,,,
/content/Dataset/ADI/ADI-FVEPSDKR.jpg,0,ADI,6915,0,0,-1,,,,
/content/Dataset/BACK/BACK-GAAGPNPW.jpg,1,BACK,6916,1,0,-1,,,,
/content/Dataset/LYM/LYM-MKVCTIGE.jpg,3,LYM,6917,3,0,-1,,,,
/content/Dataset/DEB/DEB-WWIHNHGD.jpg,2,DEB,6918,2,0,-1,,,,
/content/Dataset/DEB/DEB-TYEGNTRC.jpg,2,DEB,6919,2,0,-1,,,,
/content/Dataset/MUC/MUC-PTHIQKHE.jpg,4,MUC,6920,4,0,-1,,,,
/content/Dataset/MUS/MUS-PNCWYWPH.jpg,5,MUS,6921,5,0,-1,,,,
/content/Dataset/STR/STR-WMLESARD.jpg,7,STR,6922,7,0,-1,,,,
/content/Dataset/STR/STR-YEYWDSCL.jpg,7,STR,6923,7,0,-1,,,,
/content/Dataset/ADI/ADI-IGSNIHIQ.jpg,0,ADI,6924,0,0,-1,,,,
/content/Dataset/STR/STR-VYVSNTGI.jpg,7,STR,6925,7,0,-1,,,,
/content/Dataset/NORM/NORM-SRRPLHTE.jpg,6,NORM,6926,6,0,-1,,,,
/content/Dataset/ADI/ADI-FTQNEGDY.jpg,0,ADI,6927,0,0,-1,,,,
/content/Dataset/MUS/MUS-NNQHKYSE.jpg,5,MUS,6928,5,0,-1,,,,
/content/Dataset/DEB/DEB-QFSKKNPR.jpg,2,DEB,6929,2,0,-1,,,,
/content/Dataset/STR/STR-ACTGCNEQ.jpg,7,STR,6930,7,0,-1,,,,
/content/Dataset/LYM/LYM-QKAQNLVI.jpg,3,LYM,6931,3,0,-1,,,,
/content/Dataset/NORM/NORM-TVFSYAEW.jpg,6,NORM,6932,6,0,-1,,,,
/content/Dataset/STR/STR-THSEKGIS.jpg,7,STR,6933,7,0,-1,,,,
/content/Dataset/TUM/TUM-RWDVDDYD.jpg,8,TUM,6934,8,0,-1,,,,
/content/Dataset/ADI/ADI-DASEPNDA.jpg,0,ADI,6935,0,0,-1,,,,
/content/Dataset/MUC/MUC-YANPPLPG.jpg,4,MUC,6936,4,0,-1,,,,
/content/Dataset/MUS/MUS-NWRPGNAG.jpg,5,MUS,6937,5,0,-1,,,,
/content/Dataset/BACK/BACK-INPYNDHS.jpg,1,BACK,6938,1,0,-1,,,,
/content/Dataset/MUC/MUC-PDHDPQVM.jpg,4,MUC,6939,4,0,-1,,,,
/content/Dataset/TUM/TUM-RADAEAQF.jpg,8,TUM,6940,8,0,-1,,,,
/content/Dataset/NORM/NORM-TAKYWWCQ.jpg,6,NORM,6941,6,0,-1,,,,
/content/Dataset/MUC/MUC-TNWEEYEQ.jpg,4,MUC,6942,4,0,-1,,,,
/content/Dataset/STR/STR-NENKGWYY.jpg,7,STR,6943,7,0,-1,,,,
/content/Dataset/NORM/NORM-TQVLRPEL.jpg,6,NORM,6944,6,0,-1,,,,
/content/Dataset/BACK/BACK-MICGFGSG.jpg,1,BACK,6945,1,0,-1,,,,
/content/Dataset/MUC/MUC-YAHFEKFS.jpg,4,MUC,6946,4,0,-1,,,,
/content/Dataset/LYM/LYM-THIIHEFY.jpg,3,LYM,6947,3,0,-1,,,,
/content/Dataset/ADI/ADI-CDNCYTEV.jpg,0,ADI,6948,0,0,-1,,,,
/content/Dataset/LYM/LYM-VMACCAWI.jpg,3,LYM,6949,3,0,-1,,,,
/content/Dataset/BACK/BACK-MQYGMTEV.jpg,1,BACK,6950,1,0,-1,,,,
/content/Dataset/TUM/TUM-TTIETWVF.jpg,8,TUM,6951,8,0,-1,,,,
/content/Dataset/DEB/DEB-REVPPHQK.jpg,2,DEB,6952,2,0,-1,,,,
/content/Dataset/STR/STR-RCFQSTYF.jpg,7,STR,6953,7,0,-1,,,,
/content/Dataset/ADI/ADI-CHVTFDWP.jpg,0,ADI,6954,0,0,-1,,,,
/content/Dataset/STR/STR-VVMVPELM.jpg,7,STR,6955,7,0,-1,,,,
/content/Dataset/NORM/NORM-AFGVIFYI.jpg,6,NORM,6956,6,0,-1,,,,
/content/Dataset/BACK/BACK-MPAAGHKA.jpg,1,BACK,6957,1,0,-1,,,,
/content/Dataset/STR/STR-VMIRPADR.jpg,7,STR,6958,7,0,-1,,,,
/content/Dataset/DEB/DEB-VGPSALCA.jpg,2,DEB,6959,2,0,-1,,,,
/content/Dataset/DEB/DEB-SMARFNRI.jpg,2,DEB,6960,2,0,-1,,,,
/content/Dataset/MUC/MUC-YINIIGLY.jpg,4,MUC,6961,4,0,-1,,,,
/content/Dataset/NORM/NORM-QDWHLLCC.jpg,6,NORM,6962,6,0,-1,,,,
/content/Dataset/STR/STR-NYHNDWFY.jpg,7,STR,6963,7,0,-1,,,,
/content/Dataset/STR/STR-WTSWANAA.jpg,7,STR,6964,7,0,-1,,,,
/content/Dataset/LYM/LYM-SSFHKIPY.jpg,3,LYM,6965,3,0,-1,,,,
/content/Dataset/MUC/MUC-AWMFVIRM.jpg,4,MUC,6966,4,0,-1,,,,
/content/Dataset/DEB/DEB-TGIKPGHD.jpg,2,DEB,6967,2,0,-1,,,,
/content/Dataset/MUS/MUS-QWEMERYD.jpg,5,MUS,6968,5,0,-1,,,,
/content/Dataset/TUM/TUM-QVPAIPHI.jpg,8,TUM,6969,8,0,-1,,,,
/content/Dataset/MUC/MUC-WLNSSVCE.jpg,4,MUC,6970,4,0,-1,,,,
/content/Dataset/LYM/LYM-SMGRMLIY.jpg,3,LYM,6971,3,0,-1,,,,
/content/Dataset/BACK/BACK-HYGNRDNS.jpg,1,BACK,6972,1,0,-1,,,,
/content/Dataset/MUS/MUS-AAIVTSEF.jpg,5,MUS,6973,5,0,-1,,,,
/content/Dataset/BACK/BACK-MHAEWRQL.jpg,1,BACK,6974,1,0,-1,,,,
/content/Dataset/TUM/TUM-VYNKQGFN.jpg,8,TUM,6975,8,0,-1,,,,
/content/Dataset/MUS/MUS-SHKVATLV.jpg,5,MUS,6976,5,0,-1,,,,
/content/Dataset/STR/STR-MVWCIITG.jpg,7,STR,6977,7,0,-1,,,,
/content/Dataset/MUS/MUS-AGAQSNNV.jpg,5,MUS,6978,5,0,-1,,,,
/content/Dataset/LYM/LYM-QKKKIPNS.jpg,3,LYM,6979,3,0,-1,,,,
/content/Dataset/TUM/TUM-VFSMAWAL.jpg,8,TUM,6980,8,0,-1,,,,
/content/Dataset/DEB/DEB-TSNCWYRR.jpg,2,DEB,6981,2,0,-1,,,,
/content/Dataset/ADI/ADI-CGWSETKN.jpg,0,ADI,6982,0,0,-1,,,,
/content/Dataset/ADI/ADI-IGFWQQRD.jpg,0,ADI,6983,0,0,-1,,,,
/content/Dataset/NORM/NORM-LYCFLQPN.jpg,6,NORM,6984,6,0,-1,,,,
/content/Dataset/BACK/BACK-MITAQDVG.jpg,1,BACK,6985,1,0,-1,,,,
/content/Dataset/TUM/TUM-SYDFRFWC.jpg,8,TUM,6986,8,0,-1,,,,
/content/Dataset/MUC/MUC-SHGYCHDM.jpg,4,MUC,6987,4,0,-1,,,,
/content/Dataset/LYM/LYM-HMKLEQLF.jpg,3,LYM,6988,3,0,-1,,,,
/content/Dataset/NORM/NORM-AAGYAITA.jpg,6,NORM,6989,6,0,-1,,,,
/content/Dataset/ADI/ADI-ECQLGTVE.jpg,0,ADI,6990,0,0,-1,,,,
/content/Dataset/MUC/MUC-VSKHGWSP.jpg,4,MUC,6991,4,0,-1,,,,
/content/Dataset/TUM/TUM-SQQVCHPW.jpg,8,TUM,6992,8,0,-1,,,,
/content/Dataset/TUM/TUM-QRDNWVHH.jpg,8,TUM,6993,8,0,-1,,,,
/content/Dataset/MUS/MUS-RVVWMQPN.jpg,5,MUS,6994,5,0,-1,,,,
/content/Dataset/STR/STR-SQGIFECR.jpg,7,STR,6995,7,0,-1,,,,
/content/Dataset/NORM/NORM-MHVQCSPQ.jpg,6,NORM,6996,6,0,-1,,,,
/content/Dataset/MUC/MUC-SAIWDQVC.jpg,4,MUC,6997,4,0,-1,,,,
/content/Dataset/ADI/ADI-ECQVFDVV.jpg,0,ADI,6998,0,0,-1,,,,
/content/Dataset/TUM/TUM-TMSLKGGM.jpg,8,TUM,6999,8,0,-1,,,,
/content/Dataset/BACK/BACK-MQMRFTPV.jpg,1,BACK,7000,1,0,-1,,,,
/content/Dataset/MUS/MUS-QDKVCPWF.jpg,5,MUS,7001,5,0,-1,,,,
/content/Dataset/ADI/ADI-AECRHRYI.jpg,0,ADI,7002,0,0,-1,,,,
/content/Dataset/BACK/BACK-MMAPDTIM.jpg,1,BACK,7003,1,0,-1,,,,
/content/Dataset/STR/STR-WPNIFYQW.jpg,7,STR,7004,7,0,-1,,,,
/content/Dataset/MUS/MUS-RPKWCKIA.jpg,5,MUS,7005,5,0,-1,,,,
/content/Dataset/STR/STR-TPVGFHEL.jpg,7,STR,7006,7,0,-1,,,,
/content/Dataset/LYM/LYM-PLKHQMYG.jpg,3,LYM,7007,3,0,-1,,,,
/content/Dataset/MUS/MUS-QMDLPCEM.jpg,5,MUS,7008,5,0,-1,,,,
/content/Dataset/NORM/NORM-WPMSIAIS.jpg,6,NORM,7009,6,0,-1,,,,
/content/Dataset/LYM/LYM-PHHKVCAF.jpg,3,LYM,7010,3,0,-1,,,,
/content/Dataset/TUM/TUM-TWPWQTVT.jpg,8,TUM,7011,8,0,-1,,,,
/content/Dataset/LYM/LYM-VHLHPLKR.jpg,3,LYM,7012,3,0,-1,,,,
/content/Dataset/LYM/LYM-VLDKIHVK.jpg,3,LYM,7013,3,0,-1,,,,
/content/Dataset/BACK/BACK-IYNFTFWV.jpg,1,BACK,7014,1,0,-1,,,,
/content/Dataset/MUC/MUC-ATHYGTEW.jpg,4,MUC,7015,4,0,-1,,,,
/content/Dataset/MUC/MUC-YHQFEVQC.jpg,4,MUC,7016,4,0,-1,,,,
/content/Dataset/BACK/BACK-KMAEVMKE.jpg,1,BACK,7017,1,0,-1,,,,
/content/Dataset/NORM/NORM-QWSPSATL.jpg,6,NORM,7018,6,0,-1,,,,
/content/Dataset/BACK/BACK-IYFHDKWP.jpg,1,BACK,7019,1,0,-1,,,,
/content/Dataset/TUM/TUM-RTLKESQC.jpg,8,TUM,7020,8,0,-1,,,,
/content/Dataset/MUS/MUS-AFHYCYIQ.jpg,5,MUS,7021,5,0,-1,,,,
/content/Dataset/NORM/NORM-NDHCATPV.jpg,6,NORM,7022,6,0,-1,,,,
/content/Dataset/DEB/DEB-AEQQYPPN.jpg,2,DEB,7023,2,0,-1,,,,
/content/Dataset/DEB/DEB-YMLIPRCE.jpg,2,DEB,7024,2,0,-1,,,,
/content/Dataset/TUM/TUM-RTELFCNM.jpg,8,TUM,7025,8,0,-1,,,,
/content/Dataset/NORM/NORM-PPWAIGDV.jpg,6,NORM,7026,6,0,-1,,,,
/content/Dataset/ADI/ADI-IIMTATSQ.jpg,0,ADI,7027,0,0,-1,,,,
/content/Dataset/BACK/BACK-ETEPDQKK.jpg,1,BACK,7028,1,0,-1,,,,
/content/Dataset/DEB/DEB-PGTRWWLV.jpg,2,DEB,7029,2,0,-1,,,,
/content/Dataset/LYM/LYM-RIRWTRIF.jpg,3,LYM,7030,3,0,-1,,,,
/content/Dataset/NORM/NORM-MAVMACVY.jpg,6,NORM,7031,6,0,-1,,,,
/content/Dataset/MUC/MUC-ATGHWDFD.jpg,4,MUC,7032,4,0,-1,,,,
/content/Dataset/MUS/MUS-VGPVNRGL.jpg,5,MUS,7033,5,0,-1,,,,
/content/Dataset/TUM/TUM-VYPDFIDA.jpg,8,TUM,7034,8,0,-1,,,,
/content/Dataset/BACK/BACK-KHLSWITP.jpg,1,BACK,7035,1,0,-1,,,,
/content/Dataset/DEB/DEB-PKTNMNKE.jpg,2,DEB,7036,2,0,-1,,,,
/content/Dataset/MUC/MUC-CYALCVWQ.jpg,4,MUC,7037,4,0,-1,,,,
/content/Dataset/MUS/MUS-QSCIENVF.jpg,5,MUS,7038,5,0,-1,,,,
/content/Dataset/TUM/TUM-RIHPFVES.jpg,8,TUM,7039,8,0,-1,,,,
/content/Dataset/LYM/LYM-TPQIVLMI.jpg,3,LYM,7040,3,0,-1,,,,
/content/Dataset/BACK/BACK-PEFVTPAR.jpg,1,BACK,7041,1,0,-1,,,,
/content/Dataset/LYM/LYM-ALLYFCYR.jpg,3,LYM,7042,3,0,-1,,,,
/content/Dataset/MUC/MUC-PCCRYPKP.jpg,4,MUC,7043,4,0,-1,,,,
/content/Dataset/MUS/MUS-SPPTHSRA.jpg,5,MUS,7044,5,0,-1,,,,
/content/Dataset/BACK/BACK-AKVAPDAV.jpg,1,BACK,7045,1,0,-1,,,,
/content/Dataset/BACK/BACK-MESQDNVY.jpg,1,BACK,7046,1,0,-1,,,,
/content/Dataset/ADI/ADI-HFCDCWAG.jpg,0,ADI,7047,0,0,-1,,,,
/content/Dataset/NORM/NORM-PKNNPCRL.jpg,6,NORM,7048,6,0,-1,,,,
/content/Dataset/DEB/DEB-VNDTAVIL.jpg,2,DEB,7049,2,0,-1,,,,
/content/Dataset/TUM/TUM-RDNHKMIS.jpg,8,TUM,7050,8,0,-1,,,,
/content/Dataset/ADI/ADI-EKIHPDTN.jpg,0,ADI,7051,0,0,-1,,,,
/content/Dataset/DEB/DEB-PAMKHQVM.jpg,2,DEB,7052,2,0,-1,,,,
/content/Dataset/LYM/LYM-VPCTVDLP.jpg,3,LYM,7053,3,0,-1,,,,
/content/Dataset/ADI/ADI-GGYVPCRI.jpg,0,ADI,7054,0,0,-1,,,,
/content/Dataset/NORM/NORM-ALMQHEQH.jpg,6,NORM,7055,6,0,-1,,,,
/content/Dataset/TUM/TUM-RKMVLLDE.jpg,8,TUM,7056,8,0,-1,,,,
/content/Dataset/NORM/NORM-WGDNFEVK.jpg,6,NORM,7057,6,0,-1,,,,
/content/Dataset/STR/STR-PGYDIWHD.jpg,7,STR,7058,7,0,-1,,,,
/content/Dataset/MUS/MUS-PAWPYHNA.jpg,5,MUS,7059,5,0,-1,,,,
/content/Dataset/ADI/ADI-DPSITKYG.jpg,0,ADI,7060,0,0,-1,,,,
/content/Dataset/DEB/DEB-TGTSAYVK.jpg,2,DEB,7061,2,0,-1,,,,
/content/Dataset/MUS/MUS-RYNLIFTG.jpg,5,MUS,7062,5,0,-1,,,,
/content/Dataset/STR/STR-QVRVINIT.jpg,7,STR,7063,7,0,-1,,,,
/content/Dataset/MUC/MUC-FDTQFFPM.jpg,4,MUC,7064,4,0,-1,,,,
/content/Dataset/NORM/NORM-NPWHTFNF.jpg,6,NORM,7065,6,0,-1,,,,
/content/Dataset/MUC/MUC-TDMKHIED.jpg,4,MUC,7066,4,0,-1,,,,
/content/Dataset/MUC/MUC-QNNTSIYF.jpg,4,MUC,7067,4,0,-1,,,,
/content/Dataset/DEB/DEB-TFFKEDGR.jpg,2,DEB,7068,2,0,-1,,,,
/content/Dataset/ADI/ADI-KFFFIQCI.jpg,0,ADI,7069,0,0,-1,,,,
/content/Dataset/ADI/ADI-FYPQDQFI.jpg,0,ADI,7070,0,0,-1,,,,
/content/Dataset/BACK/BACK-HWSDWPCK.jpg,1,BACK,7071,1,0,-1,,,,
/content/Dataset/MUC/MUC-WKLCGQIW.jpg,4,MUC,7072,4,0,-1,,,,
/content/Dataset/ADI/ADI-GLTPHFIK.jpg,0,ADI,7073,0,0,-1,,,,
/content/Dataset/DEB/DEB-RCRPKHEF.jpg,2,DEB,7074,2,0,-1,,,,
/content/Dataset/NORM/NORM-PRMKRWYF.jpg,6,NORM,7075,6,0,-1,,,,
/content/Dataset/BACK/BACK-MEYIGVNI.jpg,1,BACK,7076,1,0,-1,,,,
/content/Dataset/DEB/DEB-PDFWDDNT.jpg,2,DEB,7077,2,0,-1,,,,
/content/Dataset/MUS/MUS-RLGGWTEN.jpg,5,MUS,7078,5,0,-1,,,,
/content/Dataset/MUC/MUC-PLQWKMCV.jpg,4,MUC,7079,4,0,-1,,,,
/content/Dataset/STR/STR-TPGLSIWY.jpg,7,STR,7080,7,0,-1,,,,
/content/Dataset/NORM/NORM-LYWSEFRR.jpg,6,NORM,7081,6,0,-1,,,,
/content/Dataset/ADI/ADI-CFFRCGWS.jpg,0,ADI,7082,0,0,-1,,,,
/content/Dataset/DEB/DEB-AATAGAYM.jpg,2,DEB,7083,2,0,-1,,,,
/content/Dataset/LYM/LYM-QFFFMFCV.jpg,3,LYM,7084,3,0,-1,,,,
/content/Dataset/ADI/ADI-EAEQKCAN.jpg,0,ADI,7085,0,0,-1,,,,
/content/Dataset/LYM/LYM-IRFVFIYQ.jpg,3,LYM,7086,3,0,-1,,,,
/content/Dataset/MUS/MUS-PLTVTCHQ.jpg,5,MUS,7087,5,0,-1,,,,
/content/Dataset/MUS/MUS-QKLNRNSA.jpg,5,MUS,7088,5,0,-1,,,,
/content/Dataset/DEB/DEB-TCAVEWWW.jpg,2,DEB,7089,2,0,-1,,,,
/content/Dataset/ADI/ADI-HVVKPMEV.jpg,0,ADI,7090,0,0,-1,,,,
/content/Dataset/MUC/MUC-WCNIEQCS.jpg,4,MUC,7091,4,0,-1,,,,
/content/Dataset/MUC/MUC-PYFANPLP.jpg,4,MUC,7092,4,0,-1,,,,
/content/Dataset/NORM/NORM-SYYDPQPK.jpg,6,NORM,7093,6,0,-1,,,,
/content/Dataset/MUS/MUS-QLWTAWFF.jpg,5,MUS,7094,5,0,-1,,,,
/content/Dataset/TUM/TUM-SSGMDQDL.jpg,8,TUM,7095,8,0,-1,,,,
/content/Dataset/TUM/TUM-QEVALLSD.jpg,8,TUM,7096,8,0,-1,,,,
/content/Dataset/STR/STR-YVFYPSMD.jpg,7,STR,7097,7,0,-1,,,,
/content/Dataset/MUS/MUS-RFNNTMLD.jpg,5,MUS,7098,5,0,-1,,,,
/content/Dataset/NORM/NORM-WSHYGKSK.jpg,6,NORM,7099,6,0,-1,,,,
/content/Dataset/ADI/ADI-FLGVTAPM.jpg,0,ADI,7100,0,0,-1,,,,
/content/Dataset/TUM/TUM-YLDGIYPW.jpg,8,TUM,7101,8,0,-1,,,,
/content/Dataset/TUM/TUM-WQKVRARC.jpg,8,TUM,7102,8,0,-1,,,,
/content/Dataset/DEB/DEB-QYKQEGED.jpg,2,DEB,7103,2,0,-1,,,,
/content/Dataset/STR/STR-YFRRYGRH.jpg,7,STR,7104,7,0,-1,,,,
/content/Dataset/STR/STR-TIYYCNVW.jpg,7,STR,7105,7,0,-1,,,,
/content/Dataset/TUM/TUM-SQMLNNDA.jpg,8,TUM,7106,8,0,-1,,,,
/content/Dataset/DEB/DEB-YWNYMDMQ.jpg,2,DEB,7107,2,0,-1,,,,
/content/Dataset/MUC/MUC-YYVKIGHG.jpg,4,MUC,7108,4,0,-1,,,,
/content/Dataset/DEB/DEB-VNYPWEYF.jpg,2,DEB,7109,2,0,-1,,,,
/content/Dataset/NORM/NORM-AENRIGQL.jpg,6,NORM,7110,6,0,-1,,,,
/content/Dataset/TUM/TUM-TCDASKEK.jpg,8,TUM,7111,8,0,-1,,,,
/content/Dataset/NORM/NORM-WRCGGYVH.jpg,6,NORM,7112,6,0,-1,,,,
/content/Dataset/BACK/BACK-LMSQAREK.jpg,1,BACK,7113,1,0,-1,,,,
/content/Dataset/NORM/NORM-RWFECERD.jpg,6,NORM,7114,6,0,-1,,,,
/content/Dataset/TUM/TUM-TYKNCCKG.jpg,8,TUM,7115,8,0,-1,,,,
/content/Dataset/MUS/MUS-NNGLHEIQ.jpg,5,MUS,7116,5,0,-1,,,,
/content/Dataset/DEB/DEB-VNTYCTLI.jpg,2,DEB,7117,2,0,-1,,,,
/content/Dataset/MUC/MUC-AMDCAKEV.jpg,4,MUC,7118,4,0,-1,,,,
/content/Dataset/MUC/MUC-YMAHINVF.jpg,4,MUC,7119,4,0,-1,,,,
/content/Dataset/MUC/MUC-NHYKPKHW.jpg,4,MUC,7120,4,0,-1,,,,
/content/Dataset/TUM/TUM-TEDLTEWW.jpg,8,TUM,7121,8,0,-1,,,,
/content/Dataset/DEB/DEB-AGMNKMKY.jpg,2,DEB,7122,2,0,-1,,,,
/content/Dataset/MUS/MUS-QRVCYCQQ.jpg,5,MUS,7123,5,0,-1,,,,
/content/Dataset/TUM/TUM-WTYYPNGG.jpg,8,TUM,7124,8,0,-1,,,,
/content/Dataset/TUM/TUM-WQNWGIYV.jpg,8,TUM,7125,8,0,-1,,,,
/content/Dataset/STR/STR-TFHNPQST.jpg,7,STR,7126,7,0,-1,,,,
/content/Dataset/DEB/DEB-SREGGLRG.jpg,2,DEB,7127,2,0,-1,,,,
/content/Dataset/ADI/ADI-ERLTSYEG.jpg,0,ADI,7128,0,0,-1,,,,
/content/Dataset/NORM/NORM-VIYNGKRN.jpg,6,NORM,7129,6,0,-1,,,,
/content/Dataset/BACK/BACK-NNASHDDF.jpg,1,BACK,7130,1,0,-1,,,,
/content/Dataset/MUS/MUS-SIMYPVRW.jpg,5,MUS,7131,5,0,-1,,,,
/content/Dataset/ADI/ADI-CNMVNDAT.jpg,0,ADI,7132,0,0,-1,,,,
/content/Dataset/STR/STR-PMYTEYSR.jpg,7,STR,7133,7,0,-1,,,,
/content/Dataset/ADI/ADI-DCLSWYQW.jpg,0,ADI,7134,0,0,-1,,,,
/content/Dataset/STR/STR-NDHSGDWD.jpg,7,STR,7135,7,0,-1,,,,
/content/Dataset/MUC/MUC-RFEGNILP.jpg,4,MUC,7136,4,0,-1,,,,
/content/Dataset/DEB/DEB-WYVIKIDI.jpg,2,DEB,7137,2,0,-1,,,,
/content/Dataset/MUC/MUC-YEHGMLPV.jpg,4,MUC,7138,4,0,-1,,,,
/content/Dataset/MUC/MUC-SNYTPRLC.jpg,4,MUC,7139,4,0,-1,,,,
/content/Dataset/DEB/DEB-QKAYRGGD.jpg,2,DEB,7140,2,0,-1,,,,
/content/Dataset/TUM/TUM-SMGILTMA.jpg,8,TUM,7141,8,0,-1,,,,
/content/Dataset/MUS/MUS-NPLVFGGF.jpg,5,MUS,7142,5,0,-1,,,,
/content/Dataset/MUC/MUC-GWAHREKW.jpg,4,MUC,7143,4,0,-1,,,,
/content/Dataset/DEB/DEB-NQYMANDH.jpg,2,DEB,7144,2,0,-1,,,,
/content/Dataset/BACK/BACK-GSWQFMYH.jpg,1,BACK,7145,1,0,-1,,,,
/content/Dataset/STR/STR-RRTGWVTR.jpg,7,STR,7146,7,0,-1,,,,
/content/Dataset/MUC/MUC-QCDAMDNY.jpg,4,MUC,7147,4,0,-1,,,,
/content/Dataset/ADI/ADI-NTVSYMIA.jpg,0,ADI,7148,0,0,-1,,,,
/content/Dataset/MUC/MUC-CFSYCGGV.jpg,4,MUC,7149,4,0,-1,,,,
/content/Dataset/NORM/NORM-WQISNILD.jpg,6,NORM,7150,6,0,-1,,,,
/content/Dataset/MUC/MUC-AENGSQHC.jpg,4,MUC,7151,4,0,-1,,,,
/content/Dataset/STR/STR-MTPWCNLS.jpg,7,STR,7152,7,0,-1,,,,
/content/Dataset/BACK/BACK-HPAGLAES.jpg,1,BACK,7153,1,0,-1,,,,
/content/Dataset/NORM/NORM-YVETTGYW.jpg,6,NORM,7154,6,0,-1,,,,
/content/Dataset/ADI/ADI-ICSQAMCS.jpg,0,ADI,7155,0,0,-1,,,,
/content/Dataset/STR/STR-SWMIVGLH.jpg,7,STR,7156,7,0,-1,,,,
/content/Dataset/MUC/MUC-NLQFNVRL.jpg,4,MUC,7157,4,0,-1,,,,
/content/Dataset/DEB/DEB-RKLRCNQF.jpg,2,DEB,7158,2,0,-1,,,,
/content/Dataset/DEB/DEB-TYCIWDKG.jpg,2,DEB,7159,2,0,-1,,,,
/content/Dataset/NORM/NORM-PVLAWQTW.jpg,6,NORM,7160,6,0,-1,,,,
/content/Dataset/MUC/MUC-YWGVMPQD.jpg,4,MUC,7161,4,0,-1,,,,
/content/Dataset/LYM/LYM-NHWMLRHF.jpg,3,LYM,7162,3,0,-1,,,,
/content/Dataset/STR/STR-YFSCHDHS.jpg,7,STR,7163,7,0,-1,,,,
/content/Dataset/ADI/ADI-ACVNCCFY.jpg,0,ADI,7164,0,0,-1,,,,
/content/Dataset/MUC/MUC-WMITMLTV.jpg,4,MUC,7165,4,0,-1,,,,
/content/Dataset/DEB/DEB-QMAQDPHR.jpg,2,DEB,7166,2,0,-1,,,,
/content/Dataset/NORM/NORM-RGIAGKTI.jpg,6,NORM,7167,6,0,-1,,,,
/content/Dataset/STR/STR-SWFYPLVI.jpg,7,STR,7168,7,0,-1,,,,
/content/Dataset/BACK/BACK-NQIMCCMW.jpg,1,BACK,7169,1,0,-1,,,,
/content/Dataset/LYM/LYM-YYVVDHWN.jpg,3,LYM,7170,3,0,-1,,,,
/content/Dataset/STR/STR-VFFKYVRM.jpg,7,STR,7171,7,0,-1,,,,
/content/Dataset/MUS/MUS-RGNDPCQN.jpg,5,MUS,7172,5,0,-1,,,,
/content/Dataset/LYM/LYM-SWLWKHGQ.jpg,3,LYM,7173,3,0,-1,,,,
/content/Dataset/MUC/MUC-NWRHNNPW.jpg,4,MUC,7174,4,0,-1,,,,
/content/Dataset/NORM/NORM-QVPGDWHN.jpg,6,NORM,7175,6,0,-1,,,,
/content/Dataset/MUS/MUS-SYWMGETN.jpg,5,MUS,7176,5,0,-1,,,,
/content/Dataset/LYM/LYM-RYMQEEMH.jpg,3,LYM,7177,3,0,-1,,,,
/content/Dataset/TUM/TUM-WVWSMKNW.jpg,8,TUM,7178,8,0,-1,,,,
/content/Dataset/STR/STR-VWIFCNCG.jpg,7,STR,7179,7,0,-1,,,,
/content/Dataset/STR/STR-YMDMNCPW.jpg,7,STR,7180,7,0,-1,,,,
/content/Dataset/DEB/DEB-QKSKDWCH.jpg,2,DEB,7181,2,0,-1,,,,
/content/Dataset/DEB/DEB-YVNFDHRS.jpg,2,DEB,7182,2,0,-1,,,,
/content/Dataset/STR/STR-NMQGRVVA.jpg,7,STR,7183,7,0,-1,,,,
/content/Dataset/BACK/BACK-MGPPTWNE.jpg,1,BACK,7184,1,0,-1,,,,
/content/Dataset/ADI/ADI-CPTMNDGP.jpg,0,ADI,7185,0,0,-1,,,,
/content/Dataset/TUM/TUM-RFEDCNCN.jpg,8,TUM,7186,8,0,-1,,,,
/content/Dataset/DEB/DEB-PSYIHCQY.jpg,2,DEB,7187,2,0,-1,,,,
/content/Dataset/NORM/NORM-NDAMYVLC.jpg,6,NORM,7188,6,0,-1,,,,
/content/Dataset/DEB/DEB-SSIILSPD.jpg,2,DEB,7189,2,0,-1,,,,
/content/Dataset/LYM/LYM-PQIMLGEE.jpg,3,LYM,7190,3,0,-1,,,,
/content/Dataset/MUC/MUC-WPCQIPDI.jpg,4,MUC,7191,4,0,-1,,,,
/content/Dataset/STR/STR-NNDWFCHL.jpg,7,STR,7192,7,0,-1,,,,
/content/Dataset/NORM/NORM-MPISIQFE.jpg,6,NORM,7193,6,0,-1,,,,
/content/Dataset/NORM/NORM-NMSTVICI.jpg,6,NORM,7194,6,0,-1,,,,
/content/Dataset/MUS/MUS-CDGPMLSL.jpg,5,MUS,7195,5,0,-1,,,,
/content/Dataset/DEB/DEB-SCDEGMHT.jpg,2,DEB,7196,2,0,-1,,,,
/content/Dataset/LYM/LYM-TEAHEQNT.jpg,3,LYM,7197,3,0,-1,,,,
/content/Dataset/STR/STR-QSTEVWVI.jpg,7,STR,7198,7,0,-1,,,,
/content/Dataset/DEB/DEB-YHIVLIRC.jpg,2,DEB,7199,2,0,-1,,,,
/content/Dataset/ADI/ADI-GISQFAIS.jpg,0,ADI,7200,0,0,-1,,,,
/content/Dataset/NORM/NORM-QLALFSIP.jpg,6,NORM,7201,6,0,-1,,,,
/content/Dataset/BACK/BACK-HAKIFRKQ.jpg,1,BACK,7202,1,0,-1,,,,
/content/Dataset/DEB/DEB-SLLTGEVS.jpg,2,DEB,7203,2,0,-1,,,,
/content/Dataset/MUS/MUS-TAWNKGSW.jpg,5,MUS,7204,5,0,-1,,,,
/content/Dataset/STR/STR-PYHMYILV.jpg,7,STR,7205,7,0,-1,,,,
/content/Dataset/NORM/NORM-TICGNAPQ.jpg,6,NORM,7206,6,0,-1,,,,
/content/Dataset/STR/STR-RDGKRIMW.jpg,7,STR,7207,7,0,-1,,,,
/content/Dataset/ADI/ADI-CAEQKGDG.jpg,0,ADI,7208,0,0,-1,,,,
/content/Dataset/MUC/MUC-NHTKMSWR.jpg,4,MUC,7209,4,0,-1,,,,
/content/Dataset/STR/STR-PVASMGKG.jpg,7,STR,7210,7,0,-1,,,,
/content/Dataset/MUS/MUS-PEIIIWIG.jpg,5,MUS,7211,5,0,-1,,,,
/content/Dataset/DEB/DEB-VHDKECHV.jpg,2,DEB,7212,2,0,-1,,,,
/content/Dataset/NORM/NORM-SNGKRACG.jpg,6,NORM,7213,6,0,-1,,,,
/content/Dataset/DEB/DEB-TCPTSIWW.jpg,2,DEB,7214,2,0,-1,,,,
/content/Dataset/MUC/MUC-PNTVDGKQ.jpg,4,MUC,7215,4,0,-1,,,,
/content/Dataset/STR/STR-NGPIWCSA.jpg,7,STR,7216,7,0,-1,,,,
/content/Dataset/NORM/NORM-PCTALKAF.jpg,6,NORM,7217,6,0,-1,,,,
/content/Dataset/DEB/DEB-WTTPMVLA.jpg,2,DEB,7218,2,0,-1,,,,
/content/Dataset/TUM/TUM-RTKLKFNW.jpg,8,TUM,7219,8,0,-1,,,,
/content/Dataset/TUM/TUM-RVGIQMIW.jpg,8,TUM,7220,8,0,-1,,,,
/content/Dataset/NORM/NORM-LELFCTIW.jpg,6,NORM,7221,6,0,-1,,,,
/content/Dataset/ADI/ADI-DSRRQDDM.jpg,0,ADI,7222,0,0,-1,,,,
/content/Dataset/LYM/LYM-PWCKWCEV.jpg,3,LYM,7223,3,0,-1,,,,
/content/Dataset/NORM/NORM-MLWCIRKM.jpg,6,NORM,7224,6,0,-1,,,,
/content/Dataset/LYM/LYM-SNWHRHKD.jpg,3,LYM,7225,3,0,-1,,,,
/content/Dataset/ADI/ADI-IPMESVFA.jpg,0,ADI,7226,0,0,-1,,,,
/content/Dataset/LYM/LYM-YSKKHYNS.jpg,3,LYM,7227,3,0,-1,,,,
/content/Dataset/ADI/ADI-HRGITETK.jpg,0,ADI,7228,0,0,-1,,,,
/content/Dataset/MUS/MUS-RDSTKDCE.jpg,5,MUS,7229,5,0,-1,,,,
/content/Dataset/BACK/BACK-MHPNVDRW.jpg,1,BACK,7230,1,0,-1,,,,
/content/Dataset/MUS/MUS-PIWGSCPH.jpg,5,MUS,7231,5,0,-1,,,,
/content/Dataset/LYM/LYM-PQTTPIRV.jpg,3,LYM,7232,3,0,-1,,,,
/content/Dataset/ADI/ADI-DNSSQFVN.jpg,0,ADI,7233,0,0,-1,,,,
/content/Dataset/MUC/MUC-DCCMNGKT.jpg,4,MUC,7234,4,0,-1,,,,
/content/Dataset/MUC/MUC-PCRRDYWW.jpg,4,MUC,7235,4,0,-1,,,,
/content/Dataset/STR/STR-RFFKWYNI.jpg,7,STR,7236,7,0,-1,,,,
/content/Dataset/STR/STR-YKRNWMEE.jpg,7,STR,7237,7,0,-1,,,,
/content/Dataset/MUS/MUS-AQHDYGVC.jpg,5,MUS,7238,5,0,-1,,,,
/content/Dataset/LYM/LYM-SVSSKGDG.jpg,3,LYM,7239,3,0,-1,,,,
/content/Dataset/DEB/DEB-WFHWWGVS.jpg,2,DEB,7240,2,0,-1,,,,
/content/Dataset/BACK/BACK-INRCLTWY.jpg,1,BACK,7241,1,0,-1,,,,
/content/Dataset/NORM/NORM-PGQAHDNI.jpg,6,NORM,7242,6,0,-1,,,,
/content/Dataset/MUS/MUS-SRMVPPRF.jpg,5,MUS,7243,5,0,-1,,,,
/content/Dataset/MUS/MUS-PHCPTCFN.jpg,5,MUS,7244,5,0,-1,,,,
/content/Dataset/BACK/BACK-ISKKKAIA.jpg,1,BACK,7245,1,0,-1,,,,
/content/Dataset/LYM/LYM-YQCCYFIP.jpg,3,LYM,7246,3,0,-1,,,,
/content/Dataset/DEB/DEB-QWSVICPF.jpg,2,DEB,7247,2,0,-1,,,,
/content/Dataset/ADI/ADI-DITMFMPW.jpg,0,ADI,7248,0,0,-1,,,,
/content/Dataset/LYM/LYM-VCFHEIHS.jpg,3,LYM,7249,3,0,-1,,,,
/content/Dataset/ADI/ADI-AAKMYPEI.jpg,0,ADI,7250,0,0,-1,,,,
/content/Dataset/TUM/TUM-RNPGECVH.jpg,8,TUM,7251,8,0,-1,,,,
/content/Dataset/BACK/BACK-NLYYVIPS.jpg,1,BACK,7252,1,0,-1,,,,
/content/Dataset/LYM/LYM-ALVHTLYC.jpg,3,LYM,7253,3,0,-1,,,,
/content/Dataset/MUS/MUS-PPFMFNHG.jpg,5,MUS,7254,5,0,-1,,,,
/content/Dataset/STR/STR-SKNWKFVH.jpg,7,STR,7255,7,0,-1,,,,
/content/Dataset/DEB/DEB-SKVMREAY.jpg,2,DEB,7256,2,0,-1,,,,
/content/Dataset/BACK/BACK-LFRILNQH.jpg,1,BACK,7257,1,0,-1,,,,
/content/Dataset/STR/STR-AAKQMDRI.jpg,7,STR,7258,7,0,-1,,,,
/content/Dataset/LYM/LYM-TCYWAYEP.jpg,3,LYM,7259,3,0,-1,,,,
/content/Dataset/MUC/MUC-VHQYCFDP.jpg,4,MUC,7260,4,0,-1,,,,
/content/Dataset/MUC/MUC-WFHHMQIT.jpg,4,MUC,7261,4,0,-1,,,,
/content/Dataset/ADI/ADI-GFDDTFRF.jpg,0,ADI,7262,0,0,-1,,,,
/content/Dataset/BACK/BACK-KYNLRLSL.jpg,1,BACK,7263,1,0,-1,,,,
/content/Dataset/BACK/BACK-HVQGCNCM.jpg,1,BACK,7264,1,0,-1,,,,
/content/Dataset/DEB/DEB-VDIRMACT.jpg,2,DEB,7265,2,0,-1,,,,
/content/Dataset/BACK/BACK-EIGCWESG.jpg,1,BACK,7266,1,0,-1,,,,
/content/Dataset/MUC/MUC-VAFAMKPC.jpg,4,MUC,7267,4,0,-1,,,,
/content/Dataset/TUM/TUM-YMFKPYNS.jpg,8,TUM,7268,8,0,-1,,,,
/content/Dataset/STR/STR-RERRYPEP.jpg,7,STR,7269,7,0,-1,,,,
/content/Dataset/BACK/BACK-LPYDFCWF.jpg,1,BACK,7270,1,0,-1,,,,
/content/Dataset/STR/STR-NFECHKCA.jpg,7,STR,7271,7,0,-1,,,,
/content/Dataset/MUS/MUS-SIPHGGVI.jpg,5,MUS,7272,5,0,-1,,,,
/content/Dataset/TUM/TUM-WAKWDGSD.jpg,8,TUM,7273,8,0,-1,,,,
/content/Dataset/MUC/MUC-NYMESFTG.jpg,4,MUC,7274,4,0,-1,,,,
/content/Dataset/ADI/ADI-FKPSRMNP.jpg,0,ADI,7275,0,0,-1,,,,
/content/Dataset/ADI/ADI-GIEIEKVF.jpg,0,ADI,7276,0,0,-1,,,,
/content/Dataset/NORM/NORM-VYTKVKKG.jpg,6,NORM,7277,6,0,-1,,,,
/content/Dataset/BACK/BACK-GYQVQIWI.jpg,1,BACK,7278,1,0,-1,,,,
/content/Dataset/DEB/DEB-QAIQILDV.jpg,2,DEB,7279,2,0,-1,,,,
/content/Dataset/DEB/DEB-RPAHEFIM.jpg,2,DEB,7280,2,0,-1,,,,
/content/Dataset/LYM/LYM-FPYYWKRR.jpg,3,LYM,7281,3,0,-1,,,,
/content/Dataset/BACK/BACK-ACKPCYKS.jpg,1,BACK,7282,1,0,-1,,,,
/content/Dataset/DEB/DEB-WGTYAARD.jpg,2,DEB,7283,2,0,-1,,,,
/content/Dataset/STR/STR-SQRHSVYS.jpg,7,STR,7284,7,0,-1,,,,
/content/Dataset/ADI/ADI-GTCSFASY.jpg,0,ADI,7285,0,0,-1,,,,
/content/Dataset/LYM/LYM-SCMWEHWM.jpg,3,LYM,7286,3,0,-1,,,,
/content/Dataset/DEB/DEB-WKTLTPFE.jpg,2,DEB,7287,2,0,-1,,,,
/content/Dataset/ADI/ADI-HCPRDYKF.jpg,0,ADI,7288,0,0,-1,,,,
/content/Dataset/DEB/DEB-RYEWTDIG.jpg,2,DEB,7289,2,0,-1,,,,
/content/Dataset/TUM/TUM-VCFEHHCV.jpg,8,TUM,7290,8,0,-1,,,,
/content/Dataset/ADI/ADI-DGFCYPEI.jpg,0,ADI,7291,0,0,-1,,,,
/content/Dataset/BACK/BACK-MDNFEFEE.jpg,1,BACK,7292,1,0,-1,,,,
/content/Dataset/MUC/MUC-SCFNCTGN.jpg,4,MUC,7293,4,0,-1,,,,
/content/Dataset/BACK/BACK-GIMKCKTL.jpg,1,BACK,7294,1,0,-1,,,,
/content/Dataset/TUM/TUM-WTFLQKMQ.jpg,8,TUM,7295,8,0,-1,,,,
/content/Dataset/BACK/BACK-AGRPKRIP.jpg,1,BACK,7296,1,0,-1,,,,
/content/Dataset/BACK/BACK-MMWISCSH.jpg,1,BACK,7297,1,0,-1,,,,
/content/Dataset/STR/STR-SPVDSNIE.jpg,7,STR,7298,7,0,-1,,,,
/content/Dataset/DEB/DEB-VNQNWSEV.jpg,2,DEB,7299,2,0,-1,,,,
/content/Dataset/LYM/LYM-YNPDFTSG.jpg,3,LYM,7300,3,0,-1,,,,
/content/Dataset/NORM/NORM-PKLVWCEK.jpg,6,NORM,7301,6,0,-1,,,,
/content/Dataset/TUM/TUM-VAMEMETD.jpg,8,TUM,7302,8,0,-1,,,,
/content/Dataset/ADI/ADI-AWKMGVCY.jpg,0,ADI,7303,0,0,-1,,,,
/content/Dataset/MUC/MUC-EKHSQEDE.jpg,4,MUC,7304,4,0,-1,,,,
/content/Dataset/LYM/LYM-GKDHCYGQ.jpg,3,LYM,7305,3,0,-1,,,,
/content/Dataset/MUC/MUC-YAFHAPHH.jpg,4,MUC,7306,4,0,-1,,,,
/content/Dataset/ADI/ADI-ECKIQHLS.jpg,0,ADI,7307,0,0,-1,,,,
/content/Dataset/NORM/NORM-VQKTVPQS.jpg,6,NORM,7308,6,0,-1,,,,
/content/Dataset/ADI/ADI-FMNRHYNA.jpg,0,ADI,7309,0,0,-1,,,,
/content/Dataset/NORM/NORM-QQEHRFWS.jpg,6,NORM,7310,6,0,-1,,,,
/content/Dataset/LYM/LYM-VQWYVSCF.jpg,3,LYM,7311,3,0,-1,,,,
/content/Dataset/NORM/NORM-NYCSICFV.jpg,6,NORM,7312,6,0,-1,,,,
/content/Dataset/TUM/TUM-WFMCWSNA.jpg,8,TUM,7313,8,0,-1,,,,
/content/Dataset/TUM/TUM-SMTAFQRC.jpg,8,TUM,7314,8,0,-1,,,,
/content/Dataset/LYM/LYM-YPALNVQF.jpg,3,LYM,7315,3,0,-1,,,,
/content/Dataset/MUC/MUC-TTVFLEDD.jpg,4,MUC,7316,4,0,-1,,,,
/content/Dataset/BACK/BACK-IGEGNWRI.jpg,1,BACK,7317,1,0,-1,,,,
/content/Dataset/MUS/MUS-NWWRTDDR.jpg,5,MUS,7318,5,0,-1,,,,
/content/Dataset/TUM/TUM-QKHPGCDG.jpg,8,TUM,7319,8,0,-1,,,,
/content/Dataset/MUS/MUS-QRGYNYTL.jpg,5,MUS,7320,5,0,-1,,,,
/content/Dataset/MUC/MUC-WPKCIDPF.jpg,4,MUC,7321,4,0,-1,,,,
/content/Dataset/MUC/MUC-QWCVKYWR.jpg,4,MUC,7322,4,0,-1,,,,
/content/Dataset/MUC/MUC-ANVEWNVC.jpg,4,MUC,7323,4,0,-1,,,,
/content/Dataset/LYM/LYM-STNCWAPS.jpg,3,LYM,7324,3,0,-1,,,,
/content/Dataset/TUM/TUM-RNEKWDFC.jpg,8,TUM,7325,8,0,-1,,,,
/content/Dataset/NORM/NORM-PTHIIGQR.jpg,6,NORM,7326,6,0,-1,,,,
/content/Dataset/TUM/TUM-RMWEDFDT.jpg,8,TUM,7327,8,0,-1,,,,
/content/Dataset/NORM/NORM-QNSLPDLS.jpg,6,NORM,7328,6,0,-1,,,,
/content/Dataset/MUC/MUC-TRSSKTLT.jpg,4,MUC,7329,4,0,-1,,,,
/content/Dataset/NORM/NORM-TAKPYQAS.jpg,6,NORM,7330,6,0,-1,,,,
/content/Dataset/NORM/NORM-AHWCAQYP.jpg,6,NORM,7331,6,0,-1,,,,
/content/Dataset/STR/STR-WTRKNNWE.jpg,7,STR,7332,7,0,-1,,,,
/content/Dataset/TUM/TUM-YHSCTPGV.jpg,8,TUM,7333,8,0,-1,,,,
/content/Dataset/LYM/LYM-PMRPFVMR.jpg,3,LYM,7334,3,0,-1,,,,
/content/Dataset/BACK/BACK-HTIANPRF.jpg,1,BACK,7335,1,0,-1,,,,
/content/Dataset/ADI/ADI-HNHEGTWD.jpg,0,ADI,7336,0,0,-1,,,,
/content/Dataset/TUM/TUM-YRANCITT.jpg,8,TUM,7337,8,0,-1,,,,
/content/Dataset/BACK/BACK-NPGQRRIR.jpg,1,BACK,7338,1,0,-1,,,,
/content/Dataset/BACK/BACK-HWADAEHP.jpg,1,BACK,7339,1,0,-1,,,,
/content/Dataset/ADI/ADI-HNDSVHLV.jpg,0,ADI,7340,0,0,-1,,,,
/content/Dataset/NORM/NORM-PLKEYDND.jpg,6,NORM,7341,6,0,-1,,,,
/content/Dataset/MUC/MUC-MDKQDFGT.jpg,4,MUC,7342,4,0,-1,,,,
/content/Dataset/MUS/MUS-RFCMKTEQ.jpg,5,MUS,7343,5,0,-1,,,,
/content/Dataset/BACK/BACK-AELWWTHP.jpg,1,BACK,7344,1,0,-1,,,,
/content/Dataset/BACK/BACK-LDLVRRDE.jpg,1,BACK,7345,1,0,-1,,,,
/content/Dataset/DEB/DEB-STGCLRII.jpg,2,DEB,7346,2,0,-1,,,,
/content/Dataset/MUS/MUS-SYYKCDHY.jpg,5,MUS,7347,5,0,-1,,,,
/content/Dataset/STR/STR-VLMIGNCM.jpg,7,STR,7348,7,0,-1,,,,
/content/Dataset/MUC/MUC-LEPDPIEK.jpg,4,MUC,7349,4,0,-1,,,,
/content/Dataset/LYM/LYM-HDNVIICC.jpg,3,LYM,7350,3,0,-1,,,,
/content/Dataset/STR/STR-RWWWSFEI.jpg,7,STR,7351,7,0,-1,,,,
/content/Dataset/MUS/MUS-SAHYYCIV.jpg,5,MUS,7352,5,0,-1,,,,
/content/Dataset/DEB/DEB-YQVAIFPT.jpg,2,DEB,7353,2,0,-1,,,,
/content/Dataset/STR/STR-YRAEYAPK.jpg,7,STR,7354,7,0,-1,,,,
/content/Dataset/MUC/MUC-YYAKSFTQ.jpg,4,MUC,7355,4,0,-1,,,,
/content/Dataset/TUM/TUM-WHWMDCYD.jpg,8,TUM,7356,8,0,-1,,,,
/content/Dataset/ADI/ADI-GRWEWCRC.jpg,0,ADI,7357,0,0,-1,,,,
/content/Dataset/BACK/BACK-KACWAAWL.jpg,1,BACK,7358,1,0,-1,,,,
/content/Dataset/TUM/TUM-WQMSRSSP.jpg,8,TUM,7359,8,0,-1,,,,
/content/Dataset/MUC/MUC-AWADQVEE.jpg,4,MUC,7360,4,0,-1,,,,
/content/Dataset/BACK/BACK-KHQTWDYI.jpg,1,BACK,7361,1,0,-1,,,,
/content/Dataset/TUM/TUM-RQANNYDL.jpg,8,TUM,7362,8,0,-1,,,,
/content/Dataset/TUM/TUM-RANDPTHN.jpg,8,TUM,7363,8,0,-1,,,,
/content/Dataset/DEB/DEB-QKPSFYFA.jpg,2,DEB,7364,2,0,-1,,,,
/content/Dataset/MUC/MUC-NLQIHEAE.jpg,4,MUC,7365,4,0,-1,,,,
/content/Dataset/LYM/LYM-QGIGPVRM.jpg,3,LYM,7366,3,0,-1,,,,
/content/Dataset/TUM/TUM-YDHAYNMR.jpg,8,TUM,7367,8,0,-1,,,,
/content/Dataset/DEB/DEB-AEYRDACR.jpg,2,DEB,7368,2,0,-1,,,,
/content/Dataset/DEB/DEB-PPSDLCEF.jpg,2,DEB,7369,2,0,-1,,,,
/content/Dataset/DEB/DEB-VIRAIHHL.jpg,2,DEB,7370,2,0,-1,,,,
/content/Dataset/ADI/ADI-CSPHNPVE.jpg,0,ADI,7371,0,0,-1,,,,
/content/Dataset/ADI/ADI-CNPFSWQK.jpg,0,ADI,7372,0,0,-1,,,,
/content/Dataset/ADI/ADI-HVHSLWYS.jpg,0,ADI,7373,0,0,-1,,,,
/content/Dataset/DEB/DEB-RMVWPLVC.jpg,2,DEB,7374,2,0,-1,,,,
/content/Dataset/NORM/NORM-VKTELPHV.jpg,6,NORM,7375,6,0,-1,,,,
/content/Dataset/LYM/LYM-TTVFCKIM.jpg,3,LYM,7376,3,0,-1,,,,
/content/Dataset/MUC/MUC-WMIGSPLH.jpg,4,MUC,7377,4,0,-1,,,,
/content/Dataset/NORM/NORM-RYKVFSPM.jpg,6,NORM,7378,6,0,-1,,,,
/content/Dataset/STR/STR-MTQHAGFH.jpg,7,STR,7379,7,0,-1,,,,
/content/Dataset/STR/STR-YTNDVMEP.jpg,7,STR,7380,7,0,-1,,,,
/content/Dataset/STR/STR-QNAQPAHC.jpg,7,STR,7381,7,0,-1,,,,
/content/Dataset/NORM/NORM-NFANNRIE.jpg,6,NORM,7382,6,0,-1,,,,
/content/Dataset/BACK/BACK-KTRCRIAV.jpg,1,BACK,7383,1,0,-1,,,,
/content/Dataset/TUM/TUM-TLYIGMVG.jpg,8,TUM,7384,8,0,-1,,,,
/content/Dataset/NORM/NORM-MVKKFTEQ.jpg,6,NORM,7385,6,0,-1,,,,
/content/Dataset/LYM/LYM-IYFETHCD.jpg,3,LYM,7386,3,0,-1,,,,
/content/Dataset/LYM/LYM-SCCARHDA.jpg,3,LYM,7387,3,0,-1,,,,
/content/Dataset/ADI/ADI-FCQNESWP.jpg,0,ADI,7388,0,0,-1,,,,
/content/Dataset/MUS/MUS-QDMQIWFA.jpg,5,MUS,7389,5,0,-1,,,,
/content/Dataset/MUC/MUC-TPTSIMGF.jpg,4,MUC,7390,4,0,-1,,,,
/content/Dataset/MUS/MUS-PLASPKPG.jpg,5,MUS,7391,5,0,-1,,,,
/content/Dataset/LYM/LYM-AGPNKDYK.jpg,3,LYM,7392,3,0,-1,,,,
/content/Dataset/MUC/MUC-TMYDRLSY.jpg,4,MUC,7393,4,0,-1,,,,
/content/Dataset/NORM/NORM-VGEGRERS.jpg,6,NORM,7394,6,0,-1,,,,
/content/Dataset/DEB/DEB-TWTSIENW.jpg,2,DEB,7395,2,0,-1,,,,
/content/Dataset/MUC/MUC-TRPAFGNQ.jpg,4,MUC,7396,4,0,-1,,,,
/content/Dataset/ADI/ADI-NTWESWWA.jpg,0,ADI,7397,0,0,-1,,,,
/content/Dataset/STR/STR-PEKGMPVY.jpg,7,STR,7398,7,0,-1,,,,
/content/Dataset/STR/STR-RHWHYGFM.jpg,7,STR,7399,7,0,-1,,,,
/content/Dataset/BACK/BACK-KRGMNQMM.jpg,1,BACK,7400,1,0,-1,,,,
/content/Dataset/TUM/TUM-YVGPMAGH.jpg,8,TUM,7401,8,0,-1,,,,
/content/Dataset/MUC/MUC-RHYCTLDH.jpg,4,MUC,7402,4,0,-1,,,,
/content/Dataset/NORM/NORM-MRLCDCRR.jpg,6,NORM,7403,6,0,-1,,,,
/content/Dataset/BACK/BACK-NWIVPMNR.jpg,1,BACK,7404,1,0,-1,,,,
/content/Dataset/LYM/LYM-SIVIDKMR.jpg,3,LYM,7405,3,0,-1,,,,
/content/Dataset/ADI/ADI-HIHFNMMY.jpg,0,ADI,7406,0,0,-1,,,,
/content/Dataset/STR/STR-ADLEMTWD.jpg,7,STR,7407,7,0,-1,,,,
/content/Dataset/BACK/BACK-KWTETHGE.jpg,1,BACK,7408,1,0,-1,,,,
/content/Dataset/ADI/ADI-DKNWQDHL.jpg,0,ADI,7409,0,0,-1,,,,
/content/Dataset/MUS/MUS-SHACLTDY.jpg,5,MUS,7410,5,0,-1,,,,
/content/Dataset/STR/STR-YYVTYFGM.jpg,7,STR,7411,7,0,-1,,,,
/content/Dataset/MUS/MUS-QIYKPHCP.jpg,5,MUS,7412,5,0,-1,,,,
/content/Dataset/DEB/DEB-SAESMMQL.jpg,2,DEB,7413,2,0,-1,,,,
/content/Dataset/STR/STR-WCYTMCNK.jpg,7,STR,7414,7,0,-1,,,,
/content/Dataset/BACK/BACK-IKFSVTGA.jpg,1,BACK,7415,1,0,-1,,,,
/content/Dataset/ADI/ADI-AVKQGESA.jpg,0,ADI,7416,0,0,-1,,,,
/content/Dataset/ADI/ADI-HWPCSQQA.jpg,0,ADI,7417,0,0,-1,,,,
/content/Dataset/MUS/MUS-VMKSISTL.jpg,5,MUS,7418,5,0,-1,,,,
/content/Dataset/LYM/LYM-TGKGQMPL.jpg,3,LYM,7419,3,0,-1,,,,
/content/Dataset/MUS/MUS-PTQYTVCP.jpg,5,MUS,7420,5,0,-1,,,,
/content/Dataset/ADI/ADI-IDEQTFEK.jpg,0,ADI,7421,0,0,-1,,,,
/content/Dataset/NORM/NORM-SADKSKVQ.jpg,6,NORM,7422,6,0,-1,,,,
/content/Dataset/TUM/TUM-SYKAVCTQ.jpg,8,TUM,7423,8,0,-1,,,,
/content/Dataset/TUM/TUM-VKYYGGMT.jpg,8,TUM,7424,8,0,-1,,,,
/content/Dataset/TUM/TUM-TRYHLIMT.jpg,8,TUM,7425,8,0,-1,,,,
/content/Dataset/LYM/LYM-NEAESTRP.jpg,3,LYM,7426,3,0,-1,,,,
/content/Dataset/BACK/BACK-AEARLKAN.jpg,1,BACK,7427,1,0,-1,,,,
/content/Dataset/MUC/MUC-SCGEFTAV.jpg,4,MUC,7428,4,0,-1,,,,
/content/Dataset/LYM/LYM-QWRCPSCL.jpg,3,LYM,7429,3,0,-1,,,,
/content/Dataset/TUM/TUM-THNGSYIG.jpg,8,TUM,7430,8,0,-1,,,,
/content/Dataset/MUC/MUC-NKRLNVEA.jpg,4,MUC,7431,4,0,-1,,,,
/content/Dataset/STR/STR-YDWWVKEN.jpg,7,STR,7432,7,0,-1,,,,
/content/Dataset/STR/STR-YPQQSELD.jpg,7,STR,7433,7,0,-1,,,,
/content/Dataset/LYM/LYM-PKDKHCPW.jpg,3,LYM,7434,3,0,-1,,,,
/content/Dataset/BACK/BACK-INAYYFCN.jpg,1,BACK,7435,1,0,-1,,,,
/content/Dataset/DEB/DEB-WITFDRMP.jpg,2,DEB,7436,2,0,-1,,,,
/content/Dataset/NORM/NORM-NDCPEWFP.jpg,6,NORM,7437,6,0,-1,,,,
/content/Dataset/STR/STR-RYSDKRGF.jpg,7,STR,7438,7,0,-1,,,,
/content/Dataset/BACK/BACK-NTIPRNLN.jpg,1,BACK,7439,1,0,-1,,,,
/content/Dataset/MUS/MUS-SQPCHRHE.jpg,5,MUS,7440,5,0,-1,,,,
/content/Dataset/MUC/MUC-NMASAQIA.jpg,4,MUC,7441,4,0,-1,,,,
/content/Dataset/TUM/TUM-TKNYHCKD.jpg,8,TUM,7442,8,0,-1,,,,
/content/Dataset/MUC/MUC-PVAGERHL.jpg,4,MUC,7443,4,0,-1,,,,
/content/Dataset/TUM/TUM-REKNSDDK.jpg,8,TUM,7444,8,0,-1,,,,
/content/Dataset/NORM/NORM-QDGVKNYY.jpg,6,NORM,7445,6,0,-1,,,,
/content/Dataset/TUM/TUM-WHCACVSW.jpg,8,TUM,7446,8,0,-1,,,,
/content/Dataset/DEB/DEB-VQSEQQEI.jpg,2,DEB,7447,2,0,-1,,,,
/content/Dataset/ADI/ADI-IMDEPGVA.jpg,0,ADI,7448,0,0,-1,,,,
/content/Dataset/MUS/MUS-CDTEIYND.jpg,5,MUS,7449,5,0,-1,,,,
/content/Dataset/STR/STR-VSQRKVMG.jpg,7,STR,7450,7,0,-1,,,,
/content/Dataset/NORM/NORM-PHNGWMAL.jpg,6,NORM,7451,6,0,-1,,,,
/content/Dataset/STR/STR-RHVCQEMM.jpg,7,STR,7452,7,0,-1,,,,
/content/Dataset/ADI/ADI-HCQRCELN.jpg,0,ADI,7453,0,0,-1,,,,
/content/Dataset/STR/STR-NECAICSV.jpg,7,STR,7454,7,0,-1,,,,
/content/Dataset/LYM/LYM-PYTVQHVD.jpg,3,LYM,7455,3,0,-1,,,,
/content/Dataset/NORM/NORM-VCDRNRGK.jpg,6,NORM,7456,6,0,-1,,,,
/content/Dataset/TUM/TUM-YIHVGDPV.jpg,8,TUM,7457,8,0,-1,,,,
/content/Dataset/LYM/LYM-RNYHHGEF.jpg,3,LYM,7458,3,0,-1,,,,
/content/Dataset/BACK/BACK-HSPYEEKC.jpg,1,BACK,7459,1,0,-1,,,,
/content/Dataset/STR/STR-PYIVPWHV.jpg,7,STR,7460,7,0,-1,,,,
/content/Dataset/STR/STR-THRYVTKQ.jpg,7,STR,7461,7,0,-1,,,,
/content/Dataset/MUS/MUS-ACYYTEML.jpg,5,MUS,7462,5,0,-1,,,,
/content/Dataset/STR/STR-YPSPEFCD.jpg,7,STR,7463,7,0,-1,,,,
/content/Dataset/TUM/TUM-QKQNGNNF.jpg,8,TUM,7464,8,0,-1,,,,
/content/Dataset/DEB/DEB-AFMQWDHD.jpg,2,DEB,7465,2,0,-1,,,,
/content/Dataset/LYM/LYM-NFLYEEIG.jpg,3,LYM,7466,3,0,-1,,,,
/content/Dataset/BACK/BACK-PCGNDQRD.jpg,1,BACK,7467,1,0,-1,,,,
/content/Dataset/MUS/MUS-CETCDTYH.jpg,5,MUS,7468,5,0,-1,,,,
/content/Dataset/STR/STR-TKECPGPH.jpg,7,STR,7469,7,0,-1,,,,
/content/Dataset/MUC/MUC-NSACPMPV.jpg,4,MUC,7470,4,0,-1,,,,
/content/Dataset/ADI/ADI-FLEYCLPQ.jpg,0,ADI,7471,0,0,-1,,,,
/content/Dataset/ADI/ADI-NTVPPCPR.jpg,0,ADI,7472,0,0,-1,,,,
/content/Dataset/DEB/DEB-NYRCPLSI.jpg,2,DEB,7473,2,0,-1,,,,
/content/Dataset/NORM/NORM-WDSTDNYY.jpg,6,NORM,7474,6,0,-1,,,,
/content/Dataset/BACK/BACK-KSMKFMWQ.jpg,1,BACK,7475,1,0,-1,,,,
/content/Dataset/ADI/ADI-CTEPDPRP.jpg,0,ADI,7476,0,0,-1,,,,
/content/Dataset/NORM/NORM-VRGIQYLG.jpg,6,NORM,7477,6,0,-1,,,,
/content/Dataset/BACK/BACK-ISGCCNNW.jpg,1,BACK,7478,1,0,-1,,,,
/content/Dataset/LYM/LYM-TYTGSSDD.jpg,3,LYM,7479,3,0,-1,,,,
/content/Dataset/NORM/NORM-TATNRLMY.jpg,6,NORM,7480,6,0,-1,,,,
/content/Dataset/NORM/NORM-TVVGYLDG.jpg,6,NORM,7481,6,0,-1,,,,
/content/Dataset/MUC/MUC-TPFKNLWQ.jpg,4,MUC,7482,4,0,-1,,,,
/content/Dataset/LYM/LYM-VIDGLFQW.jpg,3,LYM,7483,3,0,-1,,,,
/content/Dataset/MUC/MUC-WFLAKSLS.jpg,4,MUC,7484,4,0,-1,,,,
/content/Dataset/MUS/MUS-QNWKMRIM.jpg,5,MUS,7485,5,0,-1,,,,
/content/Dataset/NORM/NORM-MQALQVQL.jpg,6,NORM,7486,6,0,-1,,,,
/content/Dataset/ADI/ADI-FTVWGRKF.jpg,0,ADI,7487,0,0,-1,,,,
/content/Dataset/BACK/BACK-IIWHSMDA.jpg,1,BACK,7488,1,0,-1,,,,
/content/Dataset/DEB/DEB-QSPHAFEV.jpg,2,DEB,7489,2,0,-1,,,,
/content/Dataset/LYM/LYM-NMQLWGYN.jpg,3,LYM,7490,3,0,-1,,,,
/content/Dataset/DEB/DEB-RGKPHTPC.jpg,2,DEB,7491,2,0,-1,,,,
/content/Dataset/BACK/BACK-NPDKCSHK.jpg,1,BACK,7492,1,0,-1,,,,
/content/Dataset/STR/STR-WLSHSDWG.jpg,7,STR,7493,7,0,-1,,,,
/content/Dataset/LYM/LYM-QGKVFQRQ.jpg,3,LYM,7494,3,0,-1,,,,
/content/Dataset/DEB/DEB-PLCEKNLS.jpg,2,DEB,7495,2,0,-1,,,,
/content/Dataset/LYM/LYM-RMWGPEMN.jpg,3,LYM,7496,3,0,-1,,,,
/content/Dataset/BACK/BACK-PDIVKMYI.jpg,1,BACK,7497,1,0,-1,,,,
/content/Dataset/MUC/MUC-QQKATGIG.jpg,4,MUC,7498,4,0,-1,,,,
/content/Dataset/BACK/BACK-IWPILIHQ.jpg,1,BACK,7499,1,0,-1,,,,
/content/Dataset/DEB/DEB-NQTSKGSE.jpg,2,DEB,7500,2,0,-1,,,,
/content/Dataset/MUS/MUS-TAEWEIVT.jpg,5,MUS,7501,5,0,-1,,,,
/content/Dataset/BACK/BACK-IAHTLEAR.jpg,1,BACK,7502,1,0,-1,,,,
/content/Dataset/BACK/BACK-IWGDLEHR.jpg,1,BACK,7503,1,0,-1,,,,
/content/Dataset/NORM/NORM-VDTEFVLP.jpg,6,NORM,7504,6,0,-1,,,,
/content/Dataset/DEB/DEB-VSGHWTAI.jpg,2,DEB,7505,2,0,-1,,,,
/content/Dataset/STR/STR-NGLCQDIM.jpg,7,STR,7506,7,0,-1,,,,
/content/Dataset/NORM/NORM-VHDETGWV.jpg,6,NORM,7507,6,0,-1,,,,
/content/Dataset/NORM/NORM-TLFYCPGM.jpg,6,NORM,7508,6,0,-1,,,,
/content/Dataset/ADI/ADI-FCSPLRRL.jpg,0,ADI,7509,0,0,-1,,,,
/content/Dataset/ADI/ADI-HRSMLKEP.jpg,0,ADI,7510,0,0,-1,,,,
/content/Dataset/DEB/DEB-RPDEPPAG.jpg,2,DEB,7511,2,0,-1,,,,
/content/Dataset/BACK/BACK-NNMTDRDL.jpg,1,BACK,7512,1,0,-1,,,,
/content/Dataset/LYM/LYM-DIGRHGPF.jpg,3,LYM,7513,3,0,-1,,,,
/content/Dataset/STR/STR-MYPNQRLC.jpg,7,STR,7514,7,0,-1,,,,
/content/Dataset/DEB/DEB-YDFNKHTW.jpg,2,DEB,7515,2,0,-1,,,,
/content/Dataset/STR/STR-SSMCQWGA.jpg,7,STR,7516,7,0,-1,,,,
/content/Dataset/DEB/DEB-RKWHKVDD.jpg,2,DEB,7517,2,0,-1,,,,
/content/Dataset/STR/STR-TQNKWCNI.jpg,7,STR,7518,7,0,-1,,,,
/content/Dataset/MUS/MUS-SHVTCFGY.jpg,5,MUS,7519,5,0,-1,,,,
/content/Dataset/LYM/LYM-TNNFSDYI.jpg,3,LYM,7520,3,0,-1,,,,
/content/Dataset/TUM/TUM-RCEQWEQR.jpg,8,TUM,7521,8,0,-1,,,,
/content/Dataset/ADI/ADI-CQVKLDRR.jpg,0,ADI,7522,0,0,-1,,,,
/content/Dataset/MUC/MUC-PQVEQYVR.jpg,4,MUC,7523,4,0,-1,,,,
/content/Dataset/BACK/BACK-KVMFQNGT.jpg,1,BACK,7524,1,0,-1,,,,
/content/Dataset/STR/STR-PISAVTYC.jpg,7,STR,7525,7,0,-1,,,,
/content/Dataset/BACK/BACK-MDPPEKKV.jpg,1,BACK,7526,1,0,-1,,,,
/content/Dataset/NORM/NORM-TWAYEFWS.jpg,6,NORM,7527,6,0,-1,,,,
/content/Dataset/MUS/MUS-PQHGCFSD.jpg,5,MUS,7528,5,0,-1,,,,
/content/Dataset/ADI/ADI-CEKKCGEP.jpg,0,ADI,7529,0,0,-1,,,,
/content/Dataset/STR/STR-VQLPRYGY.jpg,7,STR,7530,7,0,-1,,,,
/content/Dataset/TUM/TUM-SDLMYNFA.jpg,8,TUM,7531,8,0,-1,,,,
/content/Dataset/MUS/MUS-SILPIWAQ.jpg,5,MUS,7532,5,0,-1,,,,
/content/Dataset/STR/STR-SEQDHIYM.jpg,7,STR,7533,7,0,-1,,,,
/content/Dataset/LYM/LYM-IVLEEWNE.jpg,3,LYM,7534,3,0,-1,,,,
/content/Dataset/TUM/TUM-QKVVSSQL.jpg,8,TUM,7535,8,0,-1,,,,
/content/Dataset/DEB/DEB-NVHMEGYQ.jpg,2,DEB,7536,2,0,-1,,,,
/content/Dataset/STR/STR-PLMHQVPP.jpg,7,STR,7537,7,0,-1,,,,
/content/Dataset/MUC/MUC-PSHCAIDE.jpg,4,MUC,7538,4,0,-1,,,,
/content/Dataset/MUC/MUC-YRCIMKFF.jpg,4,MUC,7539,4,0,-1,,,,
/content/Dataset/ADI/ADI-EFICTCPF.jpg,0,ADI,7540,0,0,-1,,,,
/content/Dataset/STR/STR-TDSIIMSW.jpg,7,STR,7541,7,0,-1,,,,
/content/Dataset/BACK/BACK-LVWVVMCP.jpg,1,BACK,7542,1,0,-1,,,,
/content/Dataset/MUC/MUC-RSEPHASC.jpg,4,MUC,7543,4,0,-1,,,,
/content/Dataset/ADI/ADI-GLNSEIMG.jpg,0,ADI,7544,0,0,-1,,,,
/content/Dataset/LYM/LYM-NMKTLLLY.jpg,3,LYM,7545,3,0,-1,,,,
/content/Dataset/BACK/BACK-IMFFCFID.jpg,1,BACK,7546,1,0,-1,,,,
/content/Dataset/TUM/TUM-VWVDDMPP.jpg,8,TUM,7547,8,0,-1,,,,
/content/Dataset/ADI/ADI-FLDHPHTY.jpg,0,ADI,7548,0,0,-1,,,,
/content/Dataset/MUS/MUS-PGKKDIVV.jpg,5,MUS,7549,5,0,-1,,,,
/content/Dataset/DEB/DEB-PPWLGYES.jpg,2,DEB,7550,2,0,-1,,,,
/content/Dataset/LYM/LYM-PAYKYSFM.jpg,3,LYM,7551,3,0,-1,,,,
/content/Dataset/LYM/LYM-NHNWEQFV.jpg,3,LYM,7552,3,0,-1,,,,
/content/Dataset/STR/STR-YGSRNEHW.jpg,7,STR,7553,7,0,-1,,,,
/content/Dataset/LYM/LYM-EDEFADQF.jpg,3,LYM,7554,3,0,-1,,,,
/content/Dataset/TUM/TUM-VINSVFFS.jpg,8,TUM,7555,8,0,-1,,,,
/content/Dataset/STR/STR-NMRYENTH.jpg,7,STR,7556,7,0,-1,,,,
/content/Dataset/NORM/NORM-YCAQDCLI.jpg,6,NORM,7557,6,0,-1,,,,
/content/Dataset/MUS/MUS-PHQTVHCH.jpg,5,MUS,7558,5,0,-1,,,,
/content/Dataset/TUM/TUM-SDRPTVYH.jpg,8,TUM,7559,8,0,-1,,,,
/content/Dataset/DEB/DEB-TASWRLIR.jpg,2,DEB,7560,2,0,-1,,,,
/content/Dataset/ADI/ADI-GGKWDMGH.jpg,0,ADI,7561,0,0,-1,,,,
/content/Dataset/DEB/DEB-WCHGFPEF.jpg,2,DEB,7562,2,0,-1,,,,
/content/Dataset/LYM/LYM-GRDYTWSN.jpg,3,LYM,7563,3,0,-1,,,,
/content/Dataset/DEB/DEB-YRPLMNMH.jpg,2,DEB,7564,2,0,-1,,,,
/content/Dataset/LYM/LYM-SPVYWIYD.jpg,3,LYM,7565,3,0,-1,,,,
/content/Dataset/STR/STR-NQMLARRW.jpg,7,STR,7566,7,0,-1,,,,
/content/Dataset/DEB/DEB-TIVWDQWN.jpg,2,DEB,7567,2,0,-1,,,,
/content/Dataset/NORM/NORM-TNQFHSCH.jpg,6,NORM,7568,6,0,-1,,,,
/content/Dataset/NORM/NORM-PYWVVHIL.jpg,6,NORM,7569,6,0,-1,,,,
/content/Dataset/MUS/MUS-NNAGADTT.jpg,5,MUS,7570,5,0,-1,,,,
/content/Dataset/NORM/NORM-PPMRKFNR.jpg,6,NORM,7571,6,0,-1,,,,
/content/Dataset/BACK/BACK-GPKLEQHF.jpg,1,BACK,7572,1,0,-1,,,,
/content/Dataset/DEB/DEB-QRFYCLKI.jpg,2,DEB,7573,2,0,-1,,,,
/content/Dataset/ADI/ADI-ELHSLYNY.jpg,0,ADI,7574,0,0,-1,,,,
/content/Dataset/TUM/TUM-WCMPMWDC.jpg,8,TUM,7575,8,0,-1,,,,
/content/Dataset/MUS/MUS-CKSISIGQ.jpg,5,MUS,7576,5,0,-1,,,,
/content/Dataset/MUS/MUS-QYAFDFIF.jpg,5,MUS,7577,5,0,-1,,,,
/content/Dataset/TUM/TUM-TWHPQVYN.jpg,8,TUM,7578,8,0,-1,,,,
/content/Dataset/NORM/NORM-TEDGIPWD.jpg,6,NORM,7579,6,0,-1,,,,
/content/Dataset/MUS/MUS-QGGPQTIH.jpg,5,MUS,7580,5,0,-1,,,,
/content/Dataset/BACK/BACK-IPPVYDMV.jpg,1,BACK,7581,1,0,-1,,,,
/content/Dataset/MUC/MUC-YGHTPISA.jpg,4,MUC,7582,4,0,-1,,,,
/content/Dataset/ADI/ADI-GEIHGQCR.jpg,0,ADI,7583,0,0,-1,,,,
/content/Dataset/BACK/BACK-MAKCVHCA.jpg,1,BACK,7584,1,0,-1,,,,
/content/Dataset/ADI/ADI-GQTRQKMH.jpg,0,ADI,7585,0,0,-1,,,,
/content/Dataset/BACK/BACK-KQTQVYSM.jpg,1,BACK,7586,1,0,-1,,,,
/content/Dataset/ADI/ADI-FHNSLRYW.jpg,0,ADI,7587,0,0,-1,,,,
/content/Dataset/NORM/NORM-ALATIWMQ.jpg,6,NORM,7588,6,0,-1,,,,
/content/Dataset/ADI/ADI-HWKKFWRC.jpg,0,ADI,7589,0,0,-1,,,,
/content/Dataset/NORM/NORM-YQIVYWWI.jpg,6,NORM,7590,6,0,-1,,,,
/content/Dataset/MUC/MUC-NQIPHFFN.jpg,4,MUC,7591,4,0,-1,,,,
/content/Dataset/TUM/TUM-TLIGCNSP.jpg,8,TUM,7592,8,0,-1,,,,
/content/Dataset/MUC/MUC-GYKCADYE.jpg,4,MUC,7593,4,0,-1,,,,
/content/Dataset/MUS/MUS-RPTTGMCV.jpg,5,MUS,7594,5,0,-1,,,,
/content/Dataset/NORM/NORM-MSMFIFFC.jpg,6,NORM,7595,6,0,-1,,,,
/content/Dataset/ADI/ADI-IPDMGSCG.jpg,0,ADI,7596,0,0,-1,,,,
/content/Dataset/MUS/MUS-RQRTKINV.jpg,5,MUS,7597,5,0,-1,,,,
/content/Dataset/DEB/DEB-WDADFGKL.jpg,2,DEB,7598,2,0,-1,,,,
/content/Dataset/ADI/ADI-GETQWDGE.jpg,0,ADI,7599,0,0,-1,,,,
/content/Dataset/ADI/ADI-FHPSVKKM.jpg,0,ADI,7600,0,0,-1,,,,
/content/Dataset/DEB/DEB-RDNGFLPH.jpg,2,DEB,7601,2,0,-1,,,,
/content/Dataset/NORM/NORM-WYVAYRFW.jpg,6,NORM,7602,6,0,-1,,,,
/content/Dataset/ADI/ADI-HSTAIAPQ.jpg,0,ADI,7603,0,0,-1,,,,
/content/Dataset/ADI/ADI-GQQVAFLN.jpg,0,ADI,7604,0,0,-1,,,,
/content/Dataset/BACK/BACK-MDKNVQYL.jpg,1,BACK,7605,1,0,-1,,,,
/content/Dataset/TUM/TUM-RMDMSQRW.jpg,8,TUM,7606,8,0,-1,,,,
/content/Dataset/STR/STR-YGDTDKVS.jpg,7,STR,7607,7,0,-1,,,,
/content/Dataset/BACK/BACK-LFLEAMSA.jpg,1,BACK,7608,1,0,-1,,,,
/content/Dataset/NORM/NORM-SETAFHAM.jpg,6,NORM,7609,6,0,-1,,,,
/content/Dataset/STR/STR-PTSDFDEF.jpg,7,STR,7610,7,0,-1,,,,
/content/Dataset/MUC/MUC-ACSIFTFC.jpg,4,MUC,7611,4,0,-1,,,,
/content/Dataset/MUC/MUC-PLMSAFEC.jpg,4,MUC,7612,4,0,-1,,,,
/content/Dataset/LYM/LYM-PYSRRRPA.jpg,3,LYM,7613,3,0,-1,,,,
/content/Dataset/BACK/BACK-MRKLWWMW.jpg,1,BACK,7614,1,0,-1,,,,
/content/Dataset/STR/STR-SPGYEEVQ.jpg,7,STR,7615,7,0,-1,,,,
/content/Dataset/STR/STR-SLSPDKCP.jpg,7,STR,7616,7,0,-1,,,,
/content/Dataset/NORM/NORM-NRTLAQIG.jpg,6,NORM,7617,6,0,-1,,,,
/content/Dataset/LYM/LYM-TRTPWNAS.jpg,3,LYM,7618,3,0,-1,,,,
/content/Dataset/STR/STR-TTNSAART.jpg,7,STR,7619,7,0,-1,,,,
/content/Dataset/MUS/MUS-SNSMHARC.jpg,5,MUS,7620,5,0,-1,,,,
/content/Dataset/ADI/ADI-ECHVCHAV.jpg,0,ADI,7621,0,0,-1,,,,
/content/Dataset/MUC/MUC-QNEQCAER.jpg,4,MUC,7622,4,0,-1,,,,
/content/Dataset/MUS/MUS-QVNSNASH.jpg,5,MUS,7623,5,0,-1,,,,
/content/Dataset/DEB/DEB-YFHWQAQT.jpg,2,DEB,7624,2,0,-1,,,,
/content/Dataset/NORM/NORM-TYTGCWGG.jpg,6,NORM,7625,6,0,-1,,,,
/content/Dataset/NORM/NORM-LKLIVTFH.jpg,6,NORM,7626,6,0,-1,,,,
/content/Dataset/LYM/LYM-RAWTCYAR.jpg,3,LYM,7627,3,0,-1,,,,
/content/Dataset/STR/STR-QWLYCTQD.jpg,7,STR,7628,7,0,-1,,,,
/content/Dataset/LYM/LYM-QDAPELKT.jpg,3,LYM,7629,3,0,-1,,,,
/content/Dataset/BACK/BACK-NVAHHQDG.jpg,1,BACK,7630,1,0,-1,,,,
/content/Dataset/STR/STR-MRDGNDCC.jpg,7,STR,7631,7,0,-1,,,,
/content/Dataset/LYM/LYM-SKRNDFSW.jpg,3,LYM,7632,3,0,-1,,,,
/content/Dataset/LYM/LYM-PAMTHWDS.jpg,3,LYM,7633,3,0,-1,,,,
/content/Dataset/LYM/LYM-RLDSFTFT.jpg,3,LYM,7634,3,0,-1,,,,
/content/Dataset/STR/STR-VYWMYWHR.jpg,7,STR,7635,7,0,-1,,,,
/content/Dataset/MUS/MUS-AHCMHSMK.jpg,5,MUS,7636,5,0,-1,,,,
/content/Dataset/DEB/DEB-NRMQLFDY.jpg,2,DEB,7637,2,0,-1,,,,
/content/Dataset/BACK/BACK-LHDISWMY.jpg,1,BACK,7638,1,0,-1,,,,
/content/Dataset/TUM/TUM-WICMQWDC.jpg,8,TUM,7639,8,0,-1,,,,
/content/Dataset/MUS/MUS-CFSALIRA.jpg,5,MUS,7640,5,0,-1,,,,
/content/Dataset/MUC/MUC-SRCESAMG.jpg,4,MUC,7641,4,0,-1,,,,
/content/Dataset/NORM/NORM-SSMHCFSC.jpg,6,NORM,7642,6,0,-1,,,,
/content/Dataset/BACK/BACK-ISHNLLDG.jpg,1,BACK,7643,1,0,-1,,,,
/content/Dataset/MUC/MUC-VRKLMYQR.jpg,4,MUC,7644,4,0,-1,,,,
/content/Dataset/BACK/BACK-HTKWKEGC.jpg,1,BACK,7645,1,0,-1,,,,
/content/Dataset/ADI/ADI-CRRAEKTM.jpg,0,ADI,7646,0,0,-1,,,,
/content/Dataset/TUM/TUM-YSSDKHVF.jpg,8,TUM,7647,8,0,-1,,,,
/content/Dataset/MUC/MUC-TLQICLFY.jpg,4,MUC,7648,4,0,-1,,,,
/content/Dataset/STR/STR-YAQVNPDF.jpg,7,STR,7649,7,0,-1,,,,
/content/Dataset/NORM/NORM-MYANRGTM.jpg,6,NORM,7650,6,0,-1,,,,
/content/Dataset/MUS/MUS-QLCGACPS.jpg,5,MUS,7651,5,0,-1,,,,
/content/Dataset/BACK/BACK-KPCWKPGK.jpg,1,BACK,7652,1,0,-1,,,,
/content/Dataset/MUS/MUS-QWMMIFIY.jpg,5,MUS,7653,5,0,-1,,,,
/content/Dataset/BACK/BACK-KLAWVSLQ.jpg,1,BACK,7654,1,0,-1,,,,
/content/Dataset/STR/STR-TGKYQMFV.jpg,7,STR,7655,7,0,-1,,,,
/content/Dataset/BACK/BACK-KKTIVWMA.jpg,1,BACK,7656,1,0,-1,,,,
/content/Dataset/NORM/NORM-RCESSWFP.jpg,6,NORM,7657,6,0,-1,,,,
/content/Dataset/STR/STR-TRLIREEN.jpg,7,STR,7658,7,0,-1,,,,
/content/Dataset/NORM/NORM-NQAAEEEI.jpg,6,NORM,7659,6,0,-1,,,,
/content/Dataset/STR/STR-SLGQDCKR.jpg,7,STR,7660,7,0,-1,,,,
/content/Dataset/BACK/BACK-IVMQFPYV.jpg,1,BACK,7661,1,0,-1,,,,
/content/Dataset/DEB/DEB-WAWMNRME.jpg,2,DEB,7662,2,0,-1,,,,
/content/Dataset/STR/STR-SQFAACEG.jpg,7,STR,7663,7,0,-1,,,,
/content/Dataset/ADI/ADI-HAYDIVCV.jpg,0,ADI,7664,0,0,-1,,,,
/content/Dataset/LYM/LYM-QCLPKLIH.jpg,3,LYM,7665,3,0,-1,,,,
/content/Dataset/LYM/LYM-TCTRRKGC.jpg,3,LYM,7666,3,0,-1,,,,
/content/Dataset/DEB/DEB-PVNGNCYQ.jpg,2,DEB,7667,2,0,-1,,,,
/content/Dataset/BACK/BACK-IHNKGYDY.jpg,1,BACK,7668,1,0,-1,,,,
/content/Dataset/ADI/ADI-HEHSTGNA.jpg,0,ADI,7669,0,0,-1,,,,
/content/Dataset/MUS/MUS-VKYGCFYW.jpg,5,MUS,7670,5,0,-1,,,,
/content/Dataset/ADI/ADI-CQTRADFM.jpg,0,ADI,7671,0,0,-1,,,,
/content/Dataset/BACK/BACK-MHCQSRVA.jpg,1,BACK,7672,1,0,-1,,,,
/content/Dataset/LYM/LYM-SEGPINYS.jpg,3,LYM,7673,3,0,-1,,,,
/content/Dataset/ADI/ADI-IHWPWKKG.jpg,0,ADI,7674,0,0,-1,,,,
/content/Dataset/LYM/LYM-RDYWRNNM.jpg,3,LYM,7675,3,0,-1,,,,
/content/Dataset/MUC/MUC-VIWYYMMN.jpg,4,MUC,7676,4,0,-1,,,,
/content/Dataset/DEB/DEB-VSAAKDQG.jpg,2,DEB,7677,2,0,-1,,,,
/content/Dataset/STR/STR-QGVHSNRI.jpg,7,STR,7678,7,0,-1,,,,
/content/Dataset/MUC/MUC-WGWMETYH.jpg,4,MUC,7679,4,0,-1,,,,
/content/Dataset/MUS/MUS-RSINKNGW.jpg,5,MUS,7680,5,0,-1,,,,
/content/Dataset/STR/STR-QWACRANQ.jpg,7,STR,7681,7,0,-1,,,,
/content/Dataset/BACK/BACK-IVTRTNGK.jpg,1,BACK,7682,1,0,-1,,,,
/content/Dataset/NORM/NORM-RFPQWVWN.jpg,6,NORM,7683,6,0,-1,,,,
/content/Dataset/NORM/NORM-TAPEAVKF.jpg,6,NORM,7684,6,0,-1,,,,
/content/Dataset/STR/STR-TDVATWAD.jpg,7,STR,7685,7,0,-1,,,,
/content/Dataset/TUM/TUM-QLTTISFD.jpg,8,TUM,7686,8,0,-1,,,,
/content/Dataset/STR/STR-VLLDHWFN.jpg,7,STR,7687,7,0,-1,,,,
/content/Dataset/BACK/BACK-MEAHIRSK.jpg,1,BACK,7688,1,0,-1,,,,
/content/Dataset/ADI/ADI-FCWGFMNC.jpg,0,ADI,7689,0,0,-1,,,,
/content/Dataset/MUC/MUC-VLWGAKAI.jpg,4,MUC,7690,4,0,-1,,,,
/content/Dataset/NORM/NORM-STRSNYDA.jpg,6,NORM,7691,6,0,-1,,,,
/content/Dataset/LYM/LYM-TAMECKSL.jpg,3,LYM,7692,3,0,-1,,,,
/content/Dataset/DEB/DEB-YDKLLTQP.jpg,2,DEB,7693,2,0,-1,,,,
/content/Dataset/DEB/DEB-AAFQPLWK.jpg,2,DEB,7694,2,0,-1,,,,
/content/Dataset/BACK/BACK-LNVCPTEM.jpg,1,BACK,7695,1,0,-1,,,,
/content/Dataset/ADI/ADI-HESAPNSF.jpg,0,ADI,7696,0,0,-1,,,,
/content/Dataset/BACK/BACK-MMMNACYW.jpg,1,BACK,7697,1,0,-1,,,,
/content/Dataset/BACK/BACK-ICMNRDSK.jpg,1,BACK,7698,1,0,-1,,,,
/content/Dataset/STR/STR-TWHYIHWR.jpg,7,STR,7699,7,0,-1,,,,
/content/Dataset/MUS/MUS-QEEPWCQK.jpg,5,MUS,7700,5,0,-1,,,,
/content/Dataset/ADI/ADI-FSPGFDPA.jpg,0,ADI,7701,0,0,-1,,,,
/content/Dataset/MUC/MUC-WAPAIPWN.jpg,4,MUC,7702,4,0,-1,,,,
/content/Dataset/MUC/MUC-PKINEKEA.jpg,4,MUC,7703,4,0,-1,,,,
/content/Dataset/MUS/MUS-SYMIGMLP.jpg,5,MUS,7704,5,0,-1,,,,
/content/Dataset/LYM/LYM-VEDCYEDH.jpg,3,LYM,7705,3,0,-1,,,,
/content/Dataset/BACK/BACK-IKCCFLQE.jpg,1,BACK,7706,1,0,-1,,,,
/content/Dataset/STR/STR-RYEVGTHT.jpg,7,STR,7707,7,0,-1,,,,
/content/Dataset/LYM/LYM-LREFFEVW.jpg,3,LYM,7708,3,0,-1,,,,
/content/Dataset/LYM/LYM-VFAMWRNK.jpg,3,LYM,7709,3,0,-1,,,,
/content/Dataset/MUS/MUS-QQEFITPD.jpg,5,MUS,7710,5,0,-1,,,,
/content/Dataset/BACK/BACK-FTSFVIAG.jpg,1,BACK,7711,1,0,-1,,,,
/content/Dataset/MUC/MUC-QKGAQSWD.jpg,4,MUC,7712,4,0,-1,,,,
/content/Dataset/DEB/DEB-SAFYASCS.jpg,2,DEB,7713,2,0,-1,,,,
/content/Dataset/MUS/MUS-CGNYQQAV.jpg,5,MUS,7714,5,0,-1,,,,
/content/Dataset/BACK/BACK-KGYDDETL.jpg,1,BACK,7715,1,0,-1,,,,
/content/Dataset/ADI/ADI-ETWCYAND.jpg,0,ADI,7716,0,0,-1,,,,
/content/Dataset/BACK/BACK-MECMCYPG.jpg,1,BACK,7717,1,0,-1,,,,
/content/Dataset/STR/STR-QKMAGACT.jpg,7,STR,7718,7,0,-1,,,,
/content/Dataset/MUS/MUS-APPRVMYI.jpg,5,MUS,7719,5,0,-1,,,,
/content/Dataset/STR/STR-YLAHTWNG.jpg,7,STR,7720,7,0,-1,,,,
/content/Dataset/DEB/DEB-QCVMCIFS.jpg,2,DEB,7721,2,0,-1,,,,
/content/Dataset/DEB/DEB-QVNHVMFN.jpg,2,DEB,7722,2,0,-1,,,,
/content/Dataset/TUM/TUM-TGNPFNPA.jpg,8,TUM,7723,8,0,-1,,,,
/content/Dataset/NORM/NORM-WNPWTCTA.jpg,6,NORM,7724,6,0,-1,,,,
/content/Dataset/STR/STR-YSDPCAKK.jpg,7,STR,7725,7,0,-1,,,,
/content/Dataset/LYM/LYM-RHYPHAEA.jpg,3,LYM,7726,3,0,-1,,,,
/content/Dataset/DEB/DEB-SQPHSQKW.jpg,2,DEB,7727,2,0,-1,,,,
/content/Dataset/TUM/TUM-SWRFVMMV.jpg,8,TUM,7728,8,0,-1,,,,
/content/Dataset/ADI/ADI-IDGCWRWM.jpg,0,ADI,7729,0,0,-1,,,,
/content/Dataset/TUM/TUM-TCSNFQCP.jpg,8,TUM,7730,8,0,-1,,,,
/content/Dataset/MUC/MUC-QTDRPASE.jpg,4,MUC,7731,4,0,-1,,,,
/content/Dataset/ADI/ADI-FATPVSMN.jpg,0,ADI,7732,0,0,-1,,,,
/content/Dataset/MUS/MUS-CIVWVYYP.jpg,5,MUS,7733,5,0,-1,,,,
/content/Dataset/STR/STR-QIWCYLWH.jpg,7,STR,7734,7,0,-1,,,,
/content/Dataset/STR/STR-WNDRKHLD.jpg,7,STR,7735,7,0,-1,,,,
/content/Dataset/ADI/ADI-GSACFASF.jpg,0,ADI,7736,0,0,-1,,,,
/content/Dataset/STR/STR-WKYHLCRA.jpg,7,STR,7737,7,0,-1,,,,
/content/Dataset/BACK/BACK-MNEVLKSD.jpg,1,BACK,7738,1,0,-1,,,,
/content/Dataset/NORM/NORM-YMFLTING.jpg,6,NORM,7739,6,0,-1,,,,
/content/Dataset/BACK/BACK-FWIMGGYI.jpg,1,BACK,7740,1,0,-1,,,,
/content/Dataset/MUC/MUC-SEWDYINQ.jpg,4,MUC,7741,4,0,-1,,,,
/content/Dataset/BACK/BACK-NYFISLHN.jpg,1,BACK,7742,1,0,-1,,,,
/content/Dataset/TUM/TUM-RWCQCCMC.jpg,8,TUM,7743,8,0,-1,,,,
/content/Dataset/BACK/BACK-PFQYRWLT.jpg,1,BACK,7744,1,0,-1,,,,
/content/Dataset/NORM/NORM-PMCSKQDA.jpg,6,NORM,7745,6,0,-1,,,,
/content/Dataset/STR/STR-QTDNLQKN.jpg,7,STR,7746,7,0,-1,,,,
/content/Dataset/MUC/MUC-VCHQKNPH.jpg,4,MUC,7747,4,0,-1,,,,
/content/Dataset/TUM/TUM-RWMRPARW.jpg,8,TUM,7748,8,0,-1,,,,
/content/Dataset/MUC/MUC-TECLTLHT.jpg,4,MUC,7749,4,0,-1,,,,
/content/Dataset/NORM/NORM-RFCDGIQD.jpg,6,NORM,7750,6,0,-1,,,,
/content/Dataset/MUC/MUC-WRQWTKIV.jpg,4,MUC,7751,4,0,-1,,,,
/content/Dataset/BACK/BACK-LAPEHMQC.jpg,1,BACK,7752,1,0,-1,,,,
/content/Dataset/MUS/MUS-AMHGKSRE.jpg,5,MUS,7753,5,0,-1,,,,
/content/Dataset/BACK/BACK-IAFTSQCE.jpg,1,BACK,7754,1,0,-1,,,,
/content/Dataset/TUM/TUM-QVKWALWQ.jpg,8,TUM,7755,8,0,-1,,,,
/content/Dataset/MUS/MUS-CLPSFRIA.jpg,5,MUS,7756,5,0,-1,,,,
/content/Dataset/MUC/MUC-RPWHQWVI.jpg,4,MUC,7757,4,0,-1,,,,
/content/Dataset/TUM/TUM-RCLEGDFR.jpg,8,TUM,7758,8,0,-1,,,,
/content/Dataset/NORM/NORM-MKVIFNDY.jpg,6,NORM,7759,6,0,-1,,,,
/content/Dataset/NORM/NORM-TIGKIWYL.jpg,6,NORM,7760,6,0,-1,,,,
/content/Dataset/BACK/BACK-DDWRGMWD.jpg,1,BACK,7761,1,0,-1,,,,
/content/Dataset/TUM/TUM-YCYKRRAN.jpg,8,TUM,7762,8,0,-1,,,,
/content/Dataset/ADI/ADI-FSIRFHIT.jpg,0,ADI,7763,0,0,-1,,,,
/content/Dataset/BACK/BACK-LNSAHEFQ.jpg,1,BACK,7764,1,0,-1,,,,
/content/Dataset/BACK/BACK-KHFVCCHL.jpg,1,BACK,7765,1,0,-1,,,,
/content/Dataset/ADI/ADI-EHPRARDS.jpg,0,ADI,7766,0,0,-1,,,,
/content/Dataset/MUS/MUS-RPPNNWIQ.jpg,5,MUS,7767,5,0,-1,,,,
/content/Dataset/BACK/BACK-MQSMIVMQ.jpg,1,BACK,7768,1,0,-1,,,,
/content/Dataset/MUS/MUS-SWHRSGPA.jpg,5,MUS,7769,5,0,-1,,,,
/content/Dataset/MUS/MUS-RDYGKVET.jpg,5,MUS,7770,5,0,-1,,,,
/content/Dataset/LYM/LYM-QRHTTNRT.jpg,3,LYM,7771,3,0,-1,,,,
/content/Dataset/DEB/DEB-RWNKCPVF.jpg,2,DEB,7772,2,0,-1,,,,
/content/Dataset/MUC/MUC-NFTGYTCR.jpg,4,MUC,7773,4,0,-1,,,,
/content/Dataset/LYM/LYM-SIKCIMHV.jpg,3,LYM,7774,3,0,-1,,,,
/content/Dataset/DEB/DEB-WHQADYLM.jpg,2,DEB,7775,2,0,-1,,,,
/content/Dataset/MUS/MUS-PHCFFRDW.jpg,5,MUS,7776,5,0,-1,,,,
/content/Dataset/STR/STR-TQGFNMVC.jpg,7,STR,7777,7,0,-1,,,,
/content/Dataset/BACK/BACK-GRDMGPII.jpg,1,BACK,7778,1,0,-1,,,,
/content/Dataset/STR/STR-SRDFWGTQ.jpg,7,STR,7779,7,0,-1,,,,
/content/Dataset/MUS/MUS-SVNMKRYD.jpg,5,MUS,7780,5,0,-1,,,,
/content/Dataset/DEB/DEB-PDYTCETC.jpg,2,DEB,7781,2,0,-1,,,,
/content/Dataset/NORM/NORM-LVDVHTDL.jpg,6,NORM,7782,6,0,-1,,,,
/content/Dataset/BACK/BACK-GEYEPDFK.jpg,1,BACK,7783,1,0,-1,,,,
/content/Dataset/MUS/MUS-QWKHPCNT.jpg,5,MUS,7784,5,0,-1,,,,
/content/Dataset/MUS/MUS-SNSQLHMA.jpg,5,MUS,7785,5,0,-1,,,,
/content/Dataset/MUS/MUS-ATEQPQSK.jpg,5,MUS,7786,5,0,-1,,,,
/content/Dataset/NORM/NORM-THTHKSTR.jpg,6,NORM,7787,6,0,-1,,,,
/content/Dataset/NORM/NORM-PVAFNMDA.jpg,6,NORM,7788,6,0,-1,,,,
/content/Dataset/TUM/TUM-VMHGCMYR.jpg,8,TUM,7789,8,0,-1,,,,
/content/Dataset/STR/STR-RDGVNQDW.jpg,7,STR,7790,7,0,-1,,,,
/content/Dataset/DEB/DEB-PLKVAQAA.jpg,2,DEB,7791,2,0,-1,,,,
/content/Dataset/NORM/NORM-YMMHAVKI.jpg,6,NORM,7792,6,0,-1,,,,
/content/Dataset/DEB/DEB-WHMWTPLI.jpg,2,DEB,7793,2,0,-1,,,,
/content/Dataset/NORM/NORM-RECTIHGY.jpg,6,NORM,7794,6,0,-1,,,,
/content/Dataset/NORM/NORM-SHYDTGRE.jpg,6,NORM,7795,6,0,-1,,,,
/content/Dataset/NORM/NORM-MNGWVMMC.jpg,6,NORM,7796,6,0,-1,,,,
/content/Dataset/NORM/NORM-VNSQYQLY.jpg,6,NORM,7797,6,0,-1,,,,
/content/Dataset/BACK/BACK-MNRIEIDS.jpg,1,BACK,7798,1,0,-1,,,,
/content/Dataset/LYM/LYM-SDGFHWGI.jpg,3,LYM,7799,3,0,-1,,,,
/content/Dataset/STR/STR-YGAQKQCP.jpg,7,STR,7800,7,0,-1,,,,
/content/Dataset/LYM/LYM-TSMFQDTE.jpg,3,LYM,7801,3,0,-1,,,,
/content/Dataset/NORM/NORM-TWNKQKWE.jpg,6,NORM,7802,6,0,-1,,,,
/content/Dataset/BACK/BACK-KKAYREFL.jpg,1,BACK,7803,1,0,-1,,,,
/content/Dataset/DEB/DEB-TTWTWEQM.jpg,2,DEB,7804,2,0,-1,,,,
/content/Dataset/MUC/MUC-VYTKIMNL.jpg,4,MUC,7805,4,0,-1,,,,
/content/Dataset/STR/STR-TRQCSWWP.jpg,7,STR,7806,7,0,-1,,,,
/content/Dataset/ADI/ADI-ASSRPARS.jpg,0,ADI,7807,0,0,-1,,,,
/content/Dataset/BACK/BACK-ECKDYFFQ.jpg,1,BACK,7808,1,0,-1,,,,
/content/Dataset/NORM/NORM-SGWESATR.jpg,6,NORM,7809,6,0,-1,,,,
/content/Dataset/STR/STR-SWKQTTKH.jpg,7,STR,7810,7,0,-1,,,,
/content/Dataset/NORM/NORM-WHVGDRKW.jpg,6,NORM,7811,6,0,-1,,,,
/content/Dataset/DEB/DEB-PQWECTNW.jpg,2,DEB,7812,2,0,-1,,,,
/content/Dataset/LYM/LYM-SFTWWNKC.jpg,3,LYM,7813,3,0,-1,,,,
/content/Dataset/LYM/LYM-YSCKFVGA.jpg,3,LYM,7814,3,0,-1,,,,
/content/Dataset/NORM/NORM-SMASPERP.jpg,6,NORM,7815,6,0,-1,,,,
/content/Dataset/LYM/LYM-QPSHANKM.jpg,3,LYM,7816,3,0,-1,,,,
/content/Dataset/NORM/NORM-SHCTPHWK.jpg,6,NORM,7817,6,0,-1,,,,
/content/Dataset/TUM/TUM-YPFSEDMV.jpg,8,TUM,7818,8,0,-1,,,,
/content/Dataset/LYM/LYM-QIYTQRVY.jpg,3,LYM,7819,3,0,-1,,,,
/content/Dataset/MUC/MUC-RQGCEIWP.jpg,4,MUC,7820,4,0,-1,,,,
/content/Dataset/BACK/BACK-CDSTGCDR.jpg,1,BACK,7821,1,0,-1,,,,
/content/Dataset/DEB/DEB-RDRANMWY.jpg,2,DEB,7822,2,0,-1,,,,
/content/Dataset/ADI/ADI-GSQMWCIN.jpg,0,ADI,7823,0,0,-1,,,,
/content/Dataset/DEB/DEB-SIARALIL.jpg,2,DEB,7824,2,0,-1,,,,
/content/Dataset/TUM/TUM-WRIPHFPK.jpg,8,TUM,7825,8,0,-1,,,,
/content/Dataset/MUC/MUC-NAQEFSEG.jpg,4,MUC,7826,4,0,-1,,,,
/content/Dataset/ADI/ADI-CSPNGTPF.jpg,0,ADI,7827,0,0,-1,,,,
/content/Dataset/TUM/TUM-SIAFGRVR.jpg,8,TUM,7828,8,0,-1,,,,
/content/Dataset/NORM/NORM-QTMHSGDN.jpg,6,NORM,7829,6,0,-1,,,,
/content/Dataset/DEB/DEB-WTNMFLAN.jpg,2,DEB,7830,2,0,-1,,,,
/content/Dataset/MUC/MUC-QTKVNRVE.jpg,4,MUC,7831,4,0,-1,,,,
/content/Dataset/MUS/MUS-SMKIWLYM.jpg,5,MUS,7832,5,0,-1,,,,
/content/Dataset/DEB/DEB-TGHITMSI.jpg,2,DEB,7833,2,0,-1,,,,
/content/Dataset/NORM/NORM-RFDPQCEH.jpg,6,NORM,7834,6,0,-1,,,,
/content/Dataset/ADI/ADI-GVECYFHH.jpg,0,ADI,7835,0,0,-1,,,,
/content/Dataset/LYM/LYM-NKCNDFGD.jpg,3,LYM,7836,3,0,-1,,,,
/content/Dataset/BACK/BACK-KYTPFAFT.jpg,1,BACK,7837,1,0,-1,,,,
/content/Dataset/STR/STR-PFLHGGSE.jpg,7,STR,7838,7,0,-1,,,,
/content/Dataset/TUM/TUM-WDQGSTAS.jpg,8,TUM,7839,8,0,-1,,,,
/content/Dataset/LYM/LYM-QHAVMRYS.jpg,3,LYM,7840,3,0,-1,,,,
/content/Dataset/BACK/BACK-ACCYDQNM.jpg,1,BACK,7841,1,0,-1,,,,
/content/Dataset/MUS/MUS-SEQVNQHL.jpg,5,MUS,7842,5,0,-1,,,,
/content/Dataset/NORM/NORM-LKVPWWDQ.jpg,6,NORM,7843,6,0,-1,,,,
/content/Dataset/STR/STR-VCMFGKHY.jpg,7,STR,7844,7,0,-1,,,,
/content/Dataset/NORM/NORM-RWACCWRR.jpg,6,NORM,7845,6,0,-1,,,,
/content/Dataset/DEB/DEB-QCCMMACR.jpg,2,DEB,7846,2,0,-1,,,,
/content/Dataset/NORM/NORM-MDSWSFGG.jpg,6,NORM,7847,6,0,-1,,,,
/content/Dataset/MUC/MUC-QNWIHYLV.jpg,4,MUC,7848,4,0,-1,,,,
/content/Dataset/MUC/MUC-ANQLFGAA.jpg,4,MUC,7849,4,0,-1,,,,
/content/Dataset/MUC/MUC-WDHMLLAN.jpg,4,MUC,7850,4,0,-1,,,,
/content/Dataset/MUC/MUC-VTFDHSCS.jpg,4,MUC,7851,4,0,-1,,,,
/content/Dataset/TUM/TUM-WGTSMCME.jpg,8,TUM,7852,8,0,-1,,,,
/content/Dataset/TUM/TUM-AAGHMFGN.jpg,8,TUM,7853,8,0,-1,,,,
/content/Dataset/DEB/DEB-VWRSHVFE.jpg,2,DEB,7854,2,0,-1,,,,
/content/Dataset/BACK/BACK-NIRNTLRD.jpg,1,BACK,7855,1,0,-1,,,,
/content/Dataset/NORM/NORM-VNLECDFM.jpg,6,NORM,7856,6,0,-1,,,,
/content/Dataset/DEB/DEB-VSNYWVPN.jpg,2,DEB,7857,2,0,-1,,,,
/content/Dataset/TUM/TUM-TIVHHQLW.jpg,8,TUM,7858,8,0,-1,,,,
/content/Dataset/ADI/ADI-CFWRVATT.jpg,0,ADI,7859,0,0,-1,,,,
/content/Dataset/DEB/DEB-VFECPTEI.jpg,2,DEB,7860,2,0,-1,,,,
/content/Dataset/MUC/MUC-AANEGTAN.jpg,4,MUC,7861,4,0,-1,,,,
/content/Dataset/ADI/ADI-GWMVQQWE.jpg,0,ADI,7862,0,0,-1,,,,
/content/Dataset/STR/STR-VGSFSMCI.jpg,7,STR,7863,7,0,-1,,,,
/content/Dataset/NORM/NORM-LFIANQSY.jpg,6,NORM,7864,6,0,-1,,,,
/content/Dataset/TUM/TUM-VCGTQYKQ.jpg,8,TUM,7865,8,0,-1,,,,
/content/Dataset/DEB/DEB-TDCSWEDY.jpg,2,DEB,7866,2,0,-1,,,,
/content/Dataset/STR/STR-TTCPKMFW.jpg,7,STR,7867,7,0,-1,,,,
/content/Dataset/DEB/DEB-VTELPDSC.jpg,2,DEB,7868,2,0,-1,,,,
/content/Dataset/MUS/MUS-QHQGIWEP.jpg,5,MUS,7869,5,0,-1,,,,
/content/Dataset/MUC/MUC-VHGYHNKQ.jpg,4,MUC,7870,4,0,-1,,,,
/content/Dataset/DEB/DEB-TETHQDLV.jpg,2,DEB,7871,2,0,-1,,,,
/content/Dataset/LYM/LYM-STYYSDNR.jpg,3,LYM,7872,3,0,-1,,,,
/content/Dataset/TUM/TUM-VCTEHDAQ.jpg,8,TUM,7873,8,0,-1,,,,
/content/Dataset/ADI/ADI-DCDKDFWF.jpg,0,ADI,7874,0,0,-1,,,,
/content/Dataset/BACK/BACK-LQGWQGMI.jpg,1,BACK,7875,1,0,-1,,,,
/content/Dataset/MUS/MUS-PISKPYDS.jpg,5,MUS,7876,5,0,-1,,,,
/content/Dataset/TUM/TUM-WPCTCVQH.jpg,8,TUM,7877,8,0,-1,,,,
/content/Dataset/TUM/TUM-VVEQCGIP.jpg,8,TUM,7878,8,0,-1,,,,
/content/Dataset/STR/STR-REHQPQCS.jpg,7,STR,7879,7,0,-1,,,,
/content/Dataset/LYM/LYM-VRDDCSRH.jpg,3,LYM,7880,3,0,-1,,,,
/content/Dataset/ADI/ADI-ATNYYNWH.jpg,0,ADI,7881,0,0,-1,,,,
/content/Dataset/NORM/NORM-PQLDYLEI.jpg,6,NORM,7882,6,0,-1,,,,
/content/Dataset/LYM/LYM-NCPVKMAG.jpg,3,LYM,7883,3,0,-1,,,,
/content/Dataset/ADI/ADI-IALVPGKK.jpg,0,ADI,7884,0,0,-1,,,,
/content/Dataset/NORM/NORM-SRDYFSPA.jpg,6,NORM,7885,6,0,-1,,,,
/content/Dataset/MUC/MUC-VNMGACPR.jpg,4,MUC,7886,4,0,-1,,,,
/content/Dataset/NORM/NORM-QNVCWLVN.jpg,6,NORM,7887,6,0,-1,,,,
/content/Dataset/NORM/NORM-TWEQWVHN.jpg,6,NORM,7888,6,0,-1,,,,
/content/Dataset/ADI/ADI-DYHMSFAL.jpg,0,ADI,7889,0,0,-1,,,,
/content/Dataset/STR/STR-WAMQFYVN.jpg,7,STR,7890,7,0,-1,,,,
/content/Dataset/MUS/MUS-RGRHKNCP.jpg,5,MUS,7891,5,0,-1,,,,
/content/Dataset/MUS/MUS-ANAAFHTF.jpg,5,MUS,7892,5,0,-1,,,,
/content/Dataset/BACK/BACK-LKDFKEID.jpg,1,BACK,7893,1,0,-1,,,,
/content/Dataset/NORM/NORM-YNASMDNV.jpg,6,NORM,7894,6,0,-1,,,,
/content/Dataset/LYM/LYM-SCHLCSGT.jpg,3,LYM,7895,3,0,-1,,,,
/content/Dataset/DEB/DEB-VQVSVNVR.jpg,2,DEB,7896,2,0,-1,,,,
/content/Dataset/MUS/MUS-CEGGCLPK.jpg,5,MUS,7897,5,0,-1,,,,
/content/Dataset/TUM/TUM-QTVMLRAF.jpg,8,TUM,7898,8,0,-1,,,,
/content/Dataset/ADI/ADI-INHRPEKF.jpg,0,ADI,7899,0,0,-1,,,,
/content/Dataset/TUM/TUM-VHLNPSNV.jpg,8,TUM,7900,8,0,-1,,,,
/content/Dataset/LYM/LYM-KIMFVTPM.jpg,3,LYM,7901,3,0,-1,,,,
/content/Dataset/LYM/LYM-YNVPGNKR.jpg,3,LYM,7902,3,0,-1,,,,
/content/Dataset/ADI/ADI-GIDWWVST.jpg,0,ADI,7903,0,0,-1,,,,
/content/Dataset/ADI/ADI-IDFQQHEC.jpg,0,ADI,7904,0,0,-1,,,,
/content/Dataset/MUC/MUC-AEQHMKMF.jpg,4,MUC,7905,4,0,-1,,,,
/content/Dataset/NORM/NORM-QHGCREDG.jpg,6,NORM,7906,6,0,-1,,,,
/content/Dataset/DEB/DEB-SLQKMPTR.jpg,2,DEB,7907,2,0,-1,,,,
/content/Dataset/MUS/MUS-SRQSYSLI.jpg,5,MUS,7908,5,0,-1,,,,
/content/Dataset/MUS/MUS-NMHCFQAE.jpg,5,MUS,7909,5,0,-1,,,,
/content/Dataset/ADI/ADI-FCVRHVIM.jpg,0,ADI,7910,0,0,-1,,,,
/content/Dataset/MUC/MUC-YPFNPPAP.jpg,4,MUC,7911,4,0,-1,,,,
/content/Dataset/ADI/ADI-GWFEMWNA.jpg,0,ADI,7912,0,0,-1,,,,
/content/Dataset/DEB/DEB-TGHMEAML.jpg,2,DEB,7913,2,0,-1,,,,
/content/Dataset/BACK/BACK-LQGLQYTC.jpg,1,BACK,7914,1,0,-1,,,,
/content/Dataset/DEB/DEB-RFSSVYPG.jpg,2,DEB,7915,2,0,-1,,,,
/content/Dataset/STR/STR-PVLCLKYT.jpg,7,STR,7916,7,0,-1,,,,
/content/Dataset/NORM/NORM-AKQARWDQ.jpg,6,NORM,7917,6,0,-1,,,,
/content/Dataset/MUC/MUC-VCHSFNFF.jpg,4,MUC,7918,4,0,-1,,,,
/content/Dataset/ADI/ADI-ILMEHLLQ.jpg,0,ADI,7919,0,0,-1,,,,
/content/Dataset/LYM/LYM-AGKFPCCF.jpg,3,LYM,7920,3,0,-1,,,,
/content/Dataset/TUM/TUM-QLGRNPPW.jpg,8,TUM,7921,8,0,-1,,,,
/content/Dataset/BACK/BACK-MERQEQRA.jpg,1,BACK,7922,1,0,-1,,,,
/content/Dataset/TUM/TUM-WYCQTCTV.jpg,8,TUM,7923,8,0,-1,,,,
/content/Dataset/MUC/MUC-ANGLIYQA.jpg,4,MUC,7924,4,0,-1,,,,
/content/Dataset/TUM/TUM-VRQRFPGQ.jpg,8,TUM,7925,8,0,-1,,,,
/content/Dataset/DEB/DEB-QHHRVVRQ.jpg,2,DEB,7926,2,0,-1,,,,
/content/Dataset/MUC/MUC-RMFFNYVV.jpg,4,MUC,7927,4,0,-1,,,,
/content/Dataset/TUM/TUM-QTDVWTRP.jpg,8,TUM,7928,8,0,-1,,,,
/content/Dataset/ADI/ADI-DFGDHTQF.jpg,0,ADI,7929,0,0,-1,,,,
/content/Dataset/STR/STR-VHCALHGG.jpg,7,STR,7930,7,0,-1,,,,
/content/Dataset/TUM/TUM-RKIAPSSP.jpg,8,TUM,7931,8,0,-1,,,,
/content/Dataset/STR/STR-TPAFIDCD.jpg,7,STR,7932,7,0,-1,,,,
/content/Dataset/ADI/ADI-HNEFLPMR.jpg,0,ADI,7933,0,0,-1,,,,
/content/Dataset/ADI/ADI-DVWIHNYA.jpg,0,ADI,7934,0,0,-1,,,,
/content/Dataset/MUS/MUS-AVDGYRTH.jpg,5,MUS,7935,5,0,-1,,,,
/content/Dataset/MUS/MUS-QEHCYEVI.jpg,5,MUS,7936,5,0,-1,,,,
/content/Dataset/ADI/ADI-CPNKFYSN.jpg,0,ADI,7937,0,0,-1,,,,
/content/Dataset/TUM/TUM-YVEPVIGE.jpg,8,TUM,7938,8,0,-1,,,,
/content/Dataset/MUS/MUS-NPFGYAWS.jpg,5,MUS,7939,5,0,-1,,,,
/content/Dataset/TUM/TUM-QKFYVFQP.jpg,8,TUM,7940,8,0,-1,,,,
/content/Dataset/ADI/ADI-GSVWERWT.jpg,0,ADI,7941,0,0,-1,,,,
/content/Dataset/ADI/ADI-GLEYTDKV.jpg,0,ADI,7942,0,0,-1,,,,
/content/Dataset/TUM/TUM-YWNNAFVA.jpg,8,TUM,7943,8,0,-1,,,,
/content/Dataset/NORM/NORM-YFKKQNWC.jpg,6,NORM,7944,6,0,-1,,,,
/content/Dataset/MUS/MUS-VLDDNWPN.jpg,5,MUS,7945,5,0,-1,,,,
/content/Dataset/NORM/NORM-TCALRHPA.jpg,6,NORM,7946,6,0,-1,,,,
/content/Dataset/STR/STR-QNPSVYLK.jpg,7,STR,7947,7,0,-1,,,,
/content/Dataset/MUS/MUS-SCNAYNPM.jpg,5,MUS,7948,5,0,-1,,,,
/content/Dataset/LYM/LYM-FSWDEYPQ.jpg,3,LYM,7949,3,0,-1,,,,
/content/Dataset/TUM/TUM-YHYCQPMP.jpg,8,TUM,7950,8,0,-1,,,,
/content/Dataset/MUC/MUC-RFFMINRK.jpg,4,MUC,7951,4,0,-1,,,,
/content/Dataset/ADI/ADI-FPDRYKAQ.jpg,0,ADI,7952,0,0,-1,,,,
/content/Dataset/STR/STR-MPQCLNRI.jpg,7,STR,7953,7,0,-1,,,,
/content/Dataset/BACK/BACK-IDTKKMQE.jpg,1,BACK,7954,1,0,-1,,,,
/content/Dataset/MUS/MUS-SNSQPAQY.jpg,5,MUS,7955,5,0,-1,,,,
/content/Dataset/ADI/ADI-INHWVAYY.jpg,0,ADI,7956,0,0,-1,,,,
/content/Dataset/ADI/ADI-GEPPKQHC.jpg,0,ADI,7957,0,0,-1,,,,
/content/Dataset/ADI/ADI-FNHFLLST.jpg,0,ADI,7958,0,0,-1,,,,
/content/Dataset/LYM/LYM-ADKQMLNM.jpg,3,LYM,7959,3,0,-1,,,,
/content/Dataset/LYM/LYM-QNMPLIFP.jpg,3,LYM,7960,3,0,-1,,,,
/content/Dataset/TUM/TUM-VDLKLNNH.jpg,8,TUM,7961,8,0,-1,,,,
/content/Dataset/ADI/ADI-INEDKFER.jpg,0,ADI,7962,0,0,-1,,,,
/content/Dataset/MUC/MUC-SHEADKST.jpg,4,MUC,7963,4,0,-1,,,,
/content/Dataset/BACK/BACK-EWRMFHPY.jpg,1,BACK,7964,1,0,-1,,,,
/content/Dataset/STR/STR-SLYQVMCM.jpg,7,STR,7965,7,0,-1,,,,
/content/Dataset/TUM/TUM-YFKKPEMF.jpg,8,TUM,7966,8,0,-1,,,,
/content/Dataset/STR/STR-WALQLASE.jpg,7,STR,7967,7,0,-1,,,,
/content/Dataset/BACK/BACK-ILPWTGSP.jpg,1,BACK,7968,1,0,-1,,,,
/content/Dataset/STR/STR-WNCHHVGS.jpg,7,STR,7969,7,0,-1,,,,
/content/Dataset/MUC/MUC-PSRCRLQI.jpg,4,MUC,7970,4,0,-1,,,,
/content/Dataset/MUC/MUC-PDKDSRTA.jpg,4,MUC,7971,4,0,-1,,,,
/content/Dataset/MUC/MUC-AAKQLWCP.jpg,4,MUC,7972,4,0,-1,,,,
/content/Dataset/MUC/MUC-LQIFYAWI.jpg,4,MUC,7973,4,0,-1,,,,
/content/Dataset/ADI/ADI-GVHQAAAR.jpg,0,ADI,7974,0,0,-1,,,,
/content/Dataset/BACK/BACK-MQTKISGS.jpg,1,BACK,7975,1,0,-1,,,,
/content/Dataset/BACK/BACK-KNLLIYTY.jpg,1,BACK,7976,1,0,-1,,,,
/content/Dataset/DEB/DEB-VHRAWIDF.jpg,2,DEB,7977,2,0,-1,,,,
/content/Dataset/BACK/BACK-AHVDMFQP.jpg,1,BACK,7978,1,0,-1,,,,
/content/Dataset/MUS/MUS-RYTLYTHA.jpg,5,MUS,7979,5,0,-1,,,,
/content/Dataset/BACK/BACK-DWKWTICE.jpg,1,BACK,7980,1,0,-1,,,,
/content/Dataset/STR/STR-NPSCAWAT.jpg,7,STR,7981,7,0,-1,,,,
/content/Dataset/LYM/LYM-TNMAIPHP.jpg,3,LYM,7982,3,0,-1,,,,
/content/Dataset/ADI/ADI-FMHMAHES.jpg,0,ADI,7983,0,0,-1,,,,
/content/Dataset/STR/STR-PIIQKDFG.jpg,7,STR,7984,7,0,-1,,,,
/content/Dataset/ADI/ADI-AWEDVCQY.jpg,0,ADI,7985,0,0,-1,,,,
/content/Dataset/NORM/NORM-MNNCQWCN.jpg,6,NORM,7986,6,0,-1,,,,
/content/Dataset/MUC/MUC-QSDWNKHV.jpg,4,MUC,7987,4,0,-1,,,,
/content/Dataset/DEB/DEB-QMPQNLQD.jpg,2,DEB,7988,2,0,-1,,,,
/content/Dataset/MUS/MUS-QNCTPFCY.jpg,5,MUS,7989,5,0,-1,,,,
/content/Dataset/MUS/MUS-SRVYCNLL.jpg,5,MUS,7990,5,0,-1,,,,
/content/Dataset/MUS/MUS-PEWKMTLC.jpg,5,MUS,7991,5,0,-1,,,,
/content/Dataset/TUM/TUM-VLLIRYDE.jpg,8,TUM,7992,8,0,-1,,,,
/content/Dataset/STR/STR-WFWIEKVW.jpg,7,STR,7993,7,0,-1,,,,
/content/Dataset/MUS/MUS-CAHYKAPG.jpg,5,MUS,7994,5,0,-1,,,,
/content/Dataset/LYM/LYM-PYFMVWGQ.jpg,3,LYM,7995,3,0,-1,,,,
/content/Dataset/DEB/DEB-PFICGQSC.jpg,2,DEB,7996,2,0,-1,,,,
/content/Dataset/ADI/ADI-AWHANWYN.jpg,0,ADI,7997,0,0,-1,,,,
/content/Dataset/DEB/DEB-NTKQPMLW.jpg,2,DEB,7998,2,0,-1,,,,
/content/Dataset/MUS/MUS-PEQNPYPC.jpg,5,MUS,7999,5,0,-1,,,,
/content/Dataset/MUS/MUS-QVYWRSNH.jpg,5,MUS,8000,5,0,-1,,,,
/content/Dataset/DEB/DEB-TAKPTIGI.jpg,2,DEB,8001,2,0,-1,,,,
/content/Dataset/MUS/MUS-VGSCPLIM.jpg,5,MUS,8002,5,0,-1,,,,
/content/Dataset/NORM/NORM-VYKYKHYG.jpg,6,NORM,8003,6,0,-1,,,,
/content/Dataset/BACK/BACK-KWWCNLVC.jpg,1,BACK,8004,1,0,-1,,,,
/content/Dataset/TUM/TUM-SPVFGDWP.jpg,8,TUM,8005,8,0,-1,,,,
/content/Dataset/DEB/DEB-RNDECWER.jpg,2,DEB,8006,2,0,-1,,,,
/content/Dataset/BACK/BACK-PDNYWEEP.jpg,1,BACK,8007,1,0,-1,,,,
/content/Dataset/ADI/ADI-CDIPRVHM.jpg,0,ADI,8008,0,0,-1,,,,
/content/Dataset/TUM/TUM-RAPARHYI.jpg,8,TUM,8009,8,0,-1,,,,
/content/Dataset/ADI/ADI-HMRYMNPG.jpg,0,ADI,8010,0,0,-1,,,,
/content/Dataset/NORM/NORM-NDPQNAAK.jpg,6,NORM,8011,6,0,-1,,,,
/content/Dataset/MUC/MUC-TWPVYYQA.jpg,4,MUC,8012,4,0,-1,,,,
/content/Dataset/STR/STR-STQQKVHY.jpg,7,STR,8013,7,0,-1,,,,
/content/Dataset/BACK/BACK-ALRHWCHC.jpg,1,BACK,8014,1,0,-1,,,,
/content/Dataset/MUC/MUC-RCCCRNQV.jpg,4,MUC,8015,4,0,-1,,,,
/content/Dataset/LYM/LYM-SQRLYIWL.jpg,3,LYM,8016,3,0,-1,,,,
/content/Dataset/BACK/BACK-MDFVKVDP.jpg,1,BACK,8017,1,0,-1,,,,
/content/Dataset/TUM/TUM-SNFYSRKC.jpg,8,TUM,8018,8,0,-1,,,,
/content/Dataset/STR/STR-RQDVWAHA.jpg,7,STR,8019,7,0,-1,,,,
/content/Dataset/BACK/BACK-AALMELQQ.jpg,1,BACK,8020,1,0,-1,,,,
/content/Dataset/NORM/NORM-AENISPLH.jpg,6,NORM,8021,6,0,-1,,,,
/content/Dataset/DEB/DEB-SDAGTFPR.jpg,2,DEB,8022,2,0,-1,,,,
/content/Dataset/STR/STR-YGMYCAWV.jpg,7,STR,8023,7,0,-1,,,,
/content/Dataset/NORM/NORM-RLCMGCKH.jpg,6,NORM,8024,6,0,-1,,,,
/content/Dataset/BACK/BACK-AALWNPHD.jpg,1,BACK,8025,1,0,-1,,,,
/content/Dataset/ADI/ADI-HFCRCDPV.jpg,0,ADI,8026,0,0,-1,,,,
/content/Dataset/MUS/MUS-RFNSMACA.jpg,5,MUS,8027,5,0,-1,,,,
/content/Dataset/ADI/ADI-DEPKNKMF.jpg,0,ADI,8028,0,0,-1,,,,
/content/Dataset/ADI/ADI-ENKCCCPW.jpg,0,ADI,8029,0,0,-1,,,,
/content/Dataset/BACK/BACK-LSGYTIDC.jpg,1,BACK,8030,1,0,-1,,,,
/content/Dataset/TUM/TUM-YWVFVMAI.jpg,8,TUM,8031,8,0,-1,,,,
/content/Dataset/NORM/NORM-VPYFCWRV.jpg,6,NORM,8032,6,0,-1,,,,
/content/Dataset/TUM/TUM-TDAVWYRT.jpg,8,TUM,8033,8,0,-1,,,,
/content/Dataset/MUC/MUC-QCQGIEDY.jpg,4,MUC,8034,4,0,-1,,,,
/content/Dataset/BACK/BACK-AVAFGGTL.jpg,1,BACK,8035,1,0,-1,,,,
/content/Dataset/BACK/BACK-ACACAWIC.jpg,1,BACK,8036,1,0,-1,,,,
/content/Dataset/ADI/ADI-ATNNMFED.jpg,0,ADI,8037,0,0,-1,,,,
/content/Dataset/LYM/LYM-VDDFQAQR.jpg,3,LYM,8038,3,0,-1,,,,
/content/Dataset/ADI/ADI-GPGAYRGN.jpg,0,ADI,8039,0,0,-1,,,,
/content/Dataset/TUM/TUM-WRWHDNEN.jpg,8,TUM,8040,8,0,-1,,,,
/content/Dataset/DEB/DEB-TEEDYTTE.jpg,2,DEB,8041,2,0,-1,,,,
/content/Dataset/DEB/DEB-TPYPNRAV.jpg,2,DEB,8042,2,0,-1,,,,
/content/Dataset/NORM/NORM-WSNIAFGC.jpg,6,NORM,8043,6,0,-1,,,,
/content/Dataset/MUC/MUC-TQYIYSTP.jpg,4,MUC,8044,4,0,-1,,,,
/content/Dataset/NORM/NORM-YCDLAPPM.jpg,6,NORM,8045,6,0,-1,,,,
/content/Dataset/TUM/TUM-TVTYSTGK.jpg,8,TUM,8046,8,0,-1,,,,
/content/Dataset/NORM/NORM-VAMCRLCE.jpg,6,NORM,8047,6,0,-1,,,,
/content/Dataset/DEB/DEB-NVPAHQVE.jpg,2,DEB,8048,2,0,-1,,,,
/content/Dataset/MUC/MUC-RWKMIACN.jpg,4,MUC,8049,4,0,-1,,,,
/content/Dataset/TUM/TUM-WWGWVMAI.jpg,8,TUM,8050,8,0,-1,,,,
/content/Dataset/LYM/LYM-VNWYEFFS.jpg,3,LYM,8051,3,0,-1,,,,
/content/Dataset/ADI/ADI-HLHAFQKG.jpg,0,ADI,8052,0,0,-1,,,,
/content/Dataset/NORM/NORM-PHKHFTVW.jpg,6,NORM,8053,6,0,-1,,,,
/content/Dataset/BACK/BACK-KQDYRACS.jpg,1,BACK,8054,1,0,-1,,,,
/content/Dataset/TUM/TUM-QYEFNENG.jpg,8,TUM,8055,8,0,-1,,,,
/content/Dataset/DEB/DEB-SSETNKFD.jpg,2,DEB,8056,2,0,-1,,,,
/content/Dataset/LYM/LYM-RWTCEKCS.jpg,3,LYM,8057,3,0,-1,,,,
/content/Dataset/STR/STR-PDYQWDMA.jpg,7,STR,8058,7,0,-1,,,,
/content/Dataset/MUS/MUS-PHECHQLL.jpg,5,MUS,8059,5,0,-1,,,,
/content/Dataset/ADI/ADI-FKNRLLSP.jpg,0,ADI,8060,0,0,-1,,,,
/content/Dataset/LYM/LYM-VHTGISDP.jpg,3,LYM,8061,3,0,-1,,,,
/content/Dataset/TUM/TUM-TAMWFYNI.jpg,8,TUM,8062,8,0,-1,,,,
/content/Dataset/NORM/NORM-TGILSMLS.jpg,6,NORM,8063,6,0,-1,,,,
/content/Dataset/BACK/BACK-MHPCCGVS.jpg,1,BACK,8064,1,0,-1,,,,
/content/Dataset/LYM/LYM-HQWSTSCY.jpg,3,LYM,8065,3,0,-1,,,,
/content/Dataset/MUC/MUC-QVYGPLAS.jpg,4,MUC,8066,4,0,-1,,,,
/content/Dataset/ADI/ADI-DLLDILDM.jpg,0,ADI,8067,0,0,-1,,,,
/content/Dataset/DEB/DEB-RTNRQYST.jpg,2,DEB,8068,2,0,-1,,,,
/content/Dataset/TUM/TUM-QWSRALGK.jpg,8,TUM,8069,8,0,-1,,,,
/content/Dataset/BACK/BACK-PDTYVGIQ.jpg,1,BACK,8070,1,0,-1,,,,
/content/Dataset/MUS/MUS-VHMDPGRE.jpg,5,MUS,8071,5,0,-1,,,,
/content/Dataset/BACK/BACK-IIADHGFV.jpg,1,BACK,8072,1,0,-1,,,,
/content/Dataset/MUC/MUC-TEYNAHPA.jpg,4,MUC,8073,4,0,-1,,,,
/content/Dataset/ADI/ADI-GQDGQRNI.jpg,0,ADI,8074,0,0,-1,,,,
/content/Dataset/DEB/DEB-VVGRATRG.jpg,2,DEB,8075,2,0,-1,,,,
/content/Dataset/LYM/LYM-YLKWKKQE.jpg,3,LYM,8076,3,0,-1,,,,
/content/Dataset/BACK/BACK-IKIDFQFG.jpg,1,BACK,8077,1,0,-1,,,,
/content/Dataset/NORM/NORM-QNSYRWSE.jpg,6,NORM,8078,6,0,-1,,,,
/content/Dataset/DEB/DEB-WMCDKMFS.jpg,2,DEB,8079,2,0,-1,,,,
/content/Dataset/DEB/DEB-PKIEYGQA.jpg,2,DEB,8080,2,0,-1,,,,
/content/Dataset/LYM/LYM-GICTIDEM.jpg,3,LYM,8081,3,0,-1,,,,
/content/Dataset/ADI/ADI-EYEAKFPV.jpg,0,ADI,8082,0,0,-1,,,,
/content/Dataset/MUC/MUC-PAMADFMV.jpg,4,MUC,8083,4,0,-1,,,,
/content/Dataset/NORM/NORM-VKGNAAIV.jpg,6,NORM,8084,6,0,-1,,,,
/content/Dataset/MUC/MUC-YDCIHARC.jpg,4,MUC,8085,4,0,-1,,,,
/content/Dataset/TUM/TUM-TKSSLCVY.jpg,8,TUM,8086,8,0,-1,,,,
/content/Dataset/STR/STR-RWKAGNYC.jpg,7,STR,8087,7,0,-1,,,,
/content/Dataset/LYM/LYM-PCHPMHFN.jpg,3,LYM,8088,3,0,-1,,,,
/content/Dataset/TUM/TUM-YMPDENHI.jpg,8,TUM,8089,8,0,-1,,,,
/content/Dataset/MUC/MUC-NSASLRFP.jpg,4,MUC,8090,4,0,-1,,,,
/content/Dataset/MUS/MUS-SSKVTTME.jpg,5,MUS,8091,5,0,-1,,,,
/content/Dataset/LYM/LYM-QMIHRNSQ.jpg,3,LYM,8092,3,0,-1,,,,
/content/Dataset/NORM/NORM-TYYQFHDV.jpg,6,NORM,8093,6,0,-1,,,,
/content/Dataset/MUC/MUC-PMNTYEEH.jpg,4,MUC,8094,4,0,-1,,,,
/content/Dataset/MUC/MUC-NDNKCNVC.jpg,4,MUC,8095,4,0,-1,,,,
/content/Dataset/ADI/ADI-GHRKWCRD.jpg,0,ADI,8096,0,0,-1,,,,
/content/Dataset/ADI/ADI-EFHYRDMC.jpg,0,ADI,8097,0,0,-1,,,,
/content/Dataset/TUM/TUM-QWAHTDKP.jpg,8,TUM,8098,8,0,-1,,,,
/content/Dataset/MUC/MUC-CDDIEIEL.jpg,4,MUC,8099,4,0,-1,,,,
/content/Dataset/MUS/MUS-RMKQFETM.jpg,5,MUS,8100,5,0,-1,,,,
/content/Dataset/MUC/MUC-RMHRWGGC.jpg,4,MUC,8101,4,0,-1,,,,
/content/Dataset/NORM/NORM-TGFSWAMV.jpg,6,NORM,8102,6,0,-1,,,,
/content/Dataset/BACK/BACK-HWSHQHMV.jpg,1,BACK,8103,1,0,-1,,,,
/content/Dataset/TUM/TUM-WLYNEFSF.jpg,8,TUM,8104,8,0,-1,,,,
/content/Dataset/STR/STR-NWYHELEY.jpg,7,STR,8105,7,0,-1,,,,
/content/Dataset/TUM/TUM-YNMCYGAK.jpg,8,TUM,8106,8,0,-1,,,,
/content/Dataset/STR/STR-WVTIARCF.jpg,7,STR,8107,7,0,-1,,,,
/content/Dataset/ADI/ADI-GIKNYMDK.jpg,0,ADI,8108,0,0,-1,,,,
/content/Dataset/DEB/DEB-YWKNHTIC.jpg,2,DEB,8109,2,0,-1,,,,
/content/Dataset/NORM/NORM-VWQLRSNW.jpg,6,NORM,8110,6,0,-1,,,,
/content/Dataset/BACK/BACK-PFLMSRGR.jpg,1,BACK,8111,1,0,-1,,,,
/content/Dataset/BACK/BACK-KFMHIFYV.jpg,1,BACK,8112,1,0,-1,,,,
/content/Dataset/TUM/TUM-SNWVFHHK.jpg,8,TUM,8113,8,0,-1,,,,
/content/Dataset/BACK/BACK-HWKGNRMD.jpg,1,BACK,8114,1,0,-1,,,,
/content/Dataset/NORM/NORM-VRQYGGKN.jpg,6,NORM,8115,6,0,-1,,,,
/content/Dataset/NORM/NORM-YNWCQVMP.jpg,6,NORM,8116,6,0,-1,,,,
/content/Dataset/DEB/DEB-WHCGNTIG.jpg,2,DEB,8117,2,0,-1,,,,
/content/Dataset/TUM/TUM-WSNTQFFI.jpg,8,TUM,8118,8,0,-1,,,,
/content/Dataset/TUM/TUM-TEFQMDHD.jpg,8,TUM,8119,8,0,-1,,,,
/content/Dataset/BACK/BACK-AHVPTQDS.jpg,1,BACK,8120,1,0,-1,,,,
/content/Dataset/LYM/LYM-QQDLTKNE.jpg,3,LYM,8121,3,0,-1,,,,
/content/Dataset/STR/STR-VESGPRYA.jpg,7,STR,8122,7,0,-1,,,,
/content/Dataset/MUS/MUS-SDFPVCDM.jpg,5,MUS,8123,5,0,-1,,,,
/content/Dataset/TUM/TUM-QWDDFNVA.jpg,8,TUM,8124,8,0,-1,,,,
/content/Dataset/MUS/MUS-CCQRLLAS.jpg,5,MUS,8125,5,0,-1,,,,
/content/Dataset/STR/STR-WVGMHFTC.jpg,7,STR,8126,7,0,-1,,,,
/content/Dataset/TUM/TUM-VISCKVQY.jpg,8,TUM,8127,8,0,-1,,,,
/content/Dataset/LYM/LYM-SCRLLIDR.jpg,3,LYM,8128,3,0,-1,,,,
/content/Dataset/MUC/MUC-PHDNINFL.jpg,4,MUC,8129,4,0,-1,,,,
/content/Dataset/ADI/ADI-HGGQDNAS.jpg,0,ADI,8130,0,0,-1,,,,
/content/Dataset/DEB/DEB-NWENRVYG.jpg,2,DEB,8131,2,0,-1,,,,
/content/Dataset/BACK/BACK-LYIKKFGE.jpg,1,BACK,8132,1,0,-1,,,,
/content/Dataset/MUC/MUC-SGEKGINC.jpg,4,MUC,8133,4,0,-1,,,,
/content/Dataset/STR/STR-PPEVTWRI.jpg,7,STR,8134,7,0,-1,,,,
/content/Dataset/MUC/MUC-PTRWGDEH.jpg,4,MUC,8135,4,0,-1,,,,
/content/Dataset/MUC/MUC-RDNISGGL.jpg,4,MUC,8136,4,0,-1,,,,
/content/Dataset/NORM/NORM-SSGLSLYL.jpg,6,NORM,8137,6,0,-1,,,,
/content/Dataset/TUM/TUM-VNMQNYRC.jpg,8,TUM,8138,8,0,-1,,,,
/content/Dataset/MUS/MUS-PFVCWSYW.jpg,5,MUS,8139,5,0,-1,,,,
/content/Dataset/ADI/ADI-FEHKFWEH.jpg,0,ADI,8140,0,0,-1,,,,
/content/Dataset/TUM/TUM-WGCCPART.jpg,8,TUM,8141,8,0,-1,,,,
/content/Dataset/MUS/MUS-VIVDGLMH.jpg,5,MUS,8142,5,0,-1,,,,
/content/Dataset/ADI/ADI-DSGTPPVG.jpg,0,ADI,8143,0,0,-1,,,,
/content/Dataset/DEB/DEB-WKCLEDET.jpg,2,DEB,8144,2,0,-1,,,,
/content/Dataset/MUS/MUS-QRFYNVWG.jpg,5,MUS,8145,5,0,-1,,,,
/content/Dataset/MUS/MUS-AQTNTKPK.jpg,5,MUS,8146,5,0,-1,,,,
/content/Dataset/BACK/BACK-IHPNCQQS.jpg,1,BACK,8147,1,0,-1,,,,
/content/Dataset/MUS/MUS-AHPARRMG.jpg,5,MUS,8148,5,0,-1,,,,
/content/Dataset/STR/STR-PSFDTAAE.jpg,7,STR,8149,7,0,-1,,,,
/content/Dataset/STR/STR-TVDCYAII.jpg,7,STR,8150,7,0,-1,,,,
/content/Dataset/MUC/MUC-QDYVHNYL.jpg,4,MUC,8151,4,0,-1,,,,
/content/Dataset/STR/STR-AAMAYWIW.jpg,7,STR,8152,7,0,-1,,,,
/content/Dataset/STR/STR-PPRHYMLD.jpg,7,STR,8153,7,0,-1,,,,
/content/Dataset/DEB/DEB-SEHGTISR.jpg,2,DEB,8154,2,0,-1,,,,
/content/Dataset/NORM/NORM-RHNWGDEE.jpg,6,NORM,8155,6,0,-1,,,,
/content/Dataset/MUC/MUC-YYLVPCKP.jpg,4,MUC,8156,4,0,-1,,,,
/content/Dataset/MUS/MUS-AQFGASSE.jpg,5,MUS,8157,5,0,-1,,,,
/content/Dataset/DEB/DEB-PFQVWPGS.jpg,2,DEB,8158,2,0,-1,,,,
/content/Dataset/STR/STR-QGWKKAGQ.jpg,7,STR,8159,7,0,-1,,,,
/content/Dataset/LYM/LYM-HDFDSIRV.jpg,3,LYM,8160,3,0,-1,,,,
/content/Dataset/ADI/ADI-DHKGMALL.jpg,0,ADI,8161,0,0,-1,,,,
/content/Dataset/STR/STR-YPIKKIDA.jpg,7,STR,8162,7,0,-1,,,,
/content/Dataset/LYM/LYM-IGMGQGRQ.jpg,3,LYM,8163,3,0,-1,,,,
/content/Dataset/MUC/MUC-ASHWNWAA.jpg,4,MUC,8164,4,0,-1,,,,
/content/Dataset/LYM/LYM-SHKEQDCP.jpg,3,LYM,8165,3,0,-1,,,,
/content/Dataset/DEB/DEB-VWYCKATV.jpg,2,DEB,8166,2,0,-1,,,,
/content/Dataset/MUC/MUC-HSWSDLEK.jpg,4,MUC,8167,4,0,-1,,,,
/content/Dataset/MUS/MUS-RYLPYCVE.jpg,5,MUS,8168,5,0,-1,,,,
/content/Dataset/LYM/LYM-QHESTSTE.jpg,3,LYM,8169,3,0,-1,,,,
/content/Dataset/NORM/NORM-RKTPLELQ.jpg,6,NORM,8170,6,0,-1,,,,
/content/Dataset/ADI/ADI-FDGMSRYS.jpg,0,ADI,8171,0,0,-1,,,,
/content/Dataset/STR/STR-TMVPFFPS.jpg,7,STR,8172,7,0,-1,,,,
/content/Dataset/STR/STR-VWCDPWAA.jpg,7,STR,8173,7,0,-1,,,,
/content/Dataset/LYM/LYM-PCYDQLSW.jpg,3,LYM,8174,3,0,-1,,,,
/content/Dataset/NORM/NORM-NSVWEQQQ.jpg,6,NORM,8175,6,0,-1,,,,
/content/Dataset/STR/STR-YFFCVNKL.jpg,7,STR,8176,7,0,-1,,,,
/content/Dataset/STR/STR-PQWNNLFA.jpg,7,STR,8177,7,0,-1,,,,
/content/Dataset/MUC/MUC-WDTRCYMH.jpg,4,MUC,8178,4,0,-1,,,,
/content/Dataset/ADI/ADI-HLNQNRST.jpg,0,ADI,8179,0,0,-1,,,,
/content/Dataset/MUS/MUS-NVMIPTCL.jpg,5,MUS,8180,5,0,-1,,,,
/content/Dataset/LYM/LYM-AYNVQFLE.jpg,3,LYM,8181,3,0,-1,,,,
/content/Dataset/STR/STR-WDYIKICK.jpg,7,STR,8182,7,0,-1,,,,
/content/Dataset/BACK/BACK-LNIRFAMH.jpg,1,BACK,8183,1,0,-1,,,,
/content/Dataset/NORM/NORM-YDNMLVWG.jpg,6,NORM,8184,6,0,-1,,,,
/content/Dataset/MUC/MUC-STAWGWLT.jpg,4,MUC,8185,4,0,-1,,,,
/content/Dataset/ADI/ADI-EKQEKCFM.jpg,0,ADI,8186,0,0,-1,,,,
/content/Dataset/MUS/MUS-QNQHNAKI.jpg,5,MUS,8187,5,0,-1,,,,
/content/Dataset/TUM/TUM-SPNTEWCK.jpg,8,TUM,8188,8,0,-1,,,,
/content/Dataset/ADI/ADI-GLPWEFVR.jpg,0,ADI,8189,0,0,-1,,,,
/content/Dataset/ADI/ADI-IDHKETNQ.jpg,0,ADI,8190,0,0,-1,,,,
/content/Dataset/DEB/DEB-YMSWHFSD.jpg,2,DEB,8191,2,0,-1,,,,
/content/Dataset/LYM/LYM-SLKGKVVH.jpg,3,LYM,8192,3,0,-1,,,,
/content/Dataset/MUC/MUC-NTILLDMF.jpg,4,MUC,8193,4,0,-1,,,,
/content/Dataset/DEB/DEB-VCFDEQSH.jpg,2,DEB,8194,2,0,-1,,,,
/content/Dataset/STR/STR-NTNIWGFE.jpg,7,STR,8195,7,0,-1,,,,
/content/Dataset/BACK/BACK-MLSVPTEG.jpg,1,BACK,8196,1,0,-1,,,,
/content/Dataset/TUM/TUM-WFDVFNPF.jpg,8,TUM,8197,8,0,-1,,,,
/content/Dataset/TUM/TUM-YYDGGAMK.jpg,8,TUM,8198,8,0,-1,,,,
/content/Dataset/TUM/TUM-RGLDWPRQ.jpg,8,TUM,8199,8,0,-1,,,,
/content/Dataset/STR/STR-YRGTHDYT.jpg,7,STR,8200,7,0,-1,,,,
/content/Dataset/ADI/ADI-DQWWIMPN.jpg,0,ADI,8201,0,0,-1,,,,
/content/Dataset/MUS/MUS-AIFLYKGW.jpg,5,MUS,8202,5,0,-1,,,,
/content/Dataset/NORM/NORM-VQLLWHAF.jpg,6,NORM,8203,6,0,-1,,,,
/content/Dataset/DEB/DEB-RQPRDLVW.jpg,2,DEB,8204,2,0,-1,,,,
/content/Dataset/MUC/MUC-WVLTELHC.jpg,4,MUC,8205,4,0,-1,,,,
/content/Dataset/DEB/DEB-TKWFMNRH.jpg,2,DEB,8206,2,0,-1,,,,
/content/Dataset/NORM/NORM-SNFASIDS.jpg,6,NORM,8207,6,0,-1,,,,
/content/Dataset/MUC/MUC-RKFDPLMK.jpg,4,MUC,8208,4,0,-1,,,,
/content/Dataset/STR/STR-PQRQVKEN.jpg,7,STR,8209,7,0,-1,,,,
/content/Dataset/BACK/BACK-MGDIHPTI.jpg,1,BACK,8210,1,0,-1,,,,
/content/Dataset/TUM/TUM-TPMPTITR.jpg,8,TUM,8211,8,0,-1,,,,
/content/Dataset/LYM/LYM-PTGESRFP.jpg,3,LYM,8212,3,0,-1,,,,
/content/Dataset/ADI/ADI-GWQQYWGS.jpg,0,ADI,8213,0,0,-1,,,,
/content/Dataset/ADI/ADI-DAVGSRIK.jpg,0,ADI,8214,0,0,-1,,,,
/content/Dataset/MUS/MUS-PQHRGFTA.jpg,5,MUS,8215,5,0,-1,,,,
/content/Dataset/MUC/MUC-YMYWPQKV.jpg,4,MUC,8216,4,0,-1,,,,
/content/Dataset/LYM/LYM-VMLIISQD.jpg,3,LYM,8217,3,0,-1,,,,
/content/Dataset/DEB/DEB-WLNWMNYN.jpg,2,DEB,8218,2,0,-1,,,,
/content/Dataset/NORM/NORM-TGNTVISC.jpg,6,NORM,8219,6,0,-1,,,,
/content/Dataset/LYM/LYM-RDTCNDIC.jpg,3,LYM,8220,3,0,-1,,,,
/content/Dataset/MUS/MUS-AEFVHSSY.jpg,5,MUS,8221,5,0,-1,,,,
/content/Dataset/ADI/ADI-FPVDACNK.jpg,0,ADI,8222,0,0,-1,,,,
/content/Dataset/NORM/NORM-AAVACQRN.jpg,6,NORM,8223,6,0,-1,,,,
/content/Dataset/TUM/TUM-SVHTFVTD.jpg,8,TUM,8224,8,0,-1,,,,
/content/Dataset/DEB/DEB-TPINNNMY.jpg,2,DEB,8225,2,0,-1,,,,
/content/Dataset/BACK/BACK-AEFMCIWL.jpg,1,BACK,8226,1,0,-1,,,,
/content/Dataset/STR/STR-MLPHESTD.jpg,7,STR,8227,7,0,-1,,,,
/content/Dataset/ADI/ADI-DPFQPDQE.jpg,0,ADI,8228,0,0,-1,,,,
/content/Dataset/MUS/MUS-SWLARCNV.jpg,5,MUS,8229,5,0,-1,,,,
/content/Dataset/MUS/MUS-NPQDYIPY.jpg,5,MUS,8230,5,0,-1,,,,
/content/Dataset/BACK/BACK-IASRPTYK.jpg,1,BACK,8231,1,0,-1,,,,
/content/Dataset/LYM/LYM-RQRWPIFN.jpg,3,LYM,8232,3,0,-1,,,,
/content/Dataset/LYM/LYM-QTWFERVE.jpg,3,LYM,8233,3,0,-1,,,,
/content/Dataset/TUM/TUM-YEELTTDF.jpg,8,TUM,8234,8,0,-1,,,,
/content/Dataset/BACK/BACK-KYGTYESS.jpg,1,BACK,8235,1,0,-1,,,,
/content/Dataset/BACK/BACK-CLVPHKSN.jpg,1,BACK,8236,1,0,-1,,,,
/content/Dataset/TUM/TUM-QDTLMMIE.jpg,8,TUM,8237,8,0,-1,,,,
/content/Dataset/LYM/LYM-NVFKPDHK.jpg,3,LYM,8238,3,0,-1,,,,
/content/Dataset/DEB/DEB-RFEMWWTQ.jpg,2,DEB,8239,2,0,-1,,,,
/content/Dataset/LYM/LYM-FKNFTPIR.jpg,3,LYM,8240,3,0,-1,,,,
/content/Dataset/NORM/NORM-AKFPCHGS.jpg,6,NORM,8241,6,0,-1,,,,
/content/Dataset/BACK/BACK-IMPNQDQT.jpg,1,BACK,8242,1,0,-1,,,,
/content/Dataset/DEB/DEB-PWSYYTTC.jpg,2,DEB,8243,2,0,-1,,,,
/content/Dataset/MUC/MUC-WRKQCAEG.jpg,4,MUC,8244,4,0,-1,,,,
/content/Dataset/MUS/MUS-AADGLEEQ.jpg,5,MUS,8245,5,0,-1,,,,
/content/Dataset/TUM/TUM-RLVVPECR.jpg,8,TUM,8246,8,0,-1,,,,
/content/Dataset/NORM/NORM-MCGLGAWC.jpg,6,NORM,8247,6,0,-1,,,,
/content/Dataset/MUS/MUS-QDMKVDAL.jpg,5,MUS,8248,5,0,-1,,,,
/content/Dataset/ADI/ADI-NTYWMKLA.jpg,0,ADI,8249,0,0,-1,,,,
/content/Dataset/LYM/LYM-RCAMNTAC.jpg,3,LYM,8250,3,0,-1,,,,
/content/Dataset/DEB/DEB-VANHMVVS.jpg,2,DEB,8251,2,0,-1,,,,
/content/Dataset/LYM/LYM-RRFLHTPN.jpg,3,LYM,8252,3,0,-1,,,,
/content/Dataset/NORM/NORM-RRTTAYYP.jpg,6,NORM,8253,6,0,-1,,,,
/content/Dataset/STR/STR-SSPMFNML.jpg,7,STR,8254,7,0,-1,,,,
/content/Dataset/TUM/TUM-SYASSAQN.jpg,8,TUM,8255,8,0,-1,,,,
/content/Dataset/STR/STR-QDPHQCGF.jpg,7,STR,8256,7,0,-1,,,,
/content/Dataset/STR/STR-WIICEYTM.jpg,7,STR,8257,7,0,-1,,,,
/content/Dataset/ADI/ADI-CWEEEPFP.jpg,0,ADI,8258,0,0,-1,,,,
/content/Dataset/MUS/MUS-AVACQECV.jpg,5,MUS,8259,5,0,-1,,,,
/content/Dataset/BACK/BACK-GNRRFFPF.jpg,1,BACK,8260,1,0,-1,,,,
/content/Dataset/NORM/NORM-YFPLWFTA.jpg,6,NORM,8261,6,0,-1,,,,
/content/Dataset/TUM/TUM-SGAPEFFW.jpg,8,TUM,8262,8,0,-1,,,,
/content/Dataset/LYM/LYM-TGHMTESC.jpg,3,LYM,8263,3,0,-1,,,,
/content/Dataset/MUS/MUS-PYAMMFFL.jpg,5,MUS,8264,5,0,-1,,,,
/content/Dataset/STR/STR-PKPITCIA.jpg,7,STR,8265,7,0,-1,,,,
/content/Dataset/MUC/MUC-EMLCMTFP.jpg,4,MUC,8266,4,0,-1,,,,
/content/Dataset/MUC/MUC-NVWGMNQF.jpg,4,MUC,8267,4,0,-1,,,,
/content/Dataset/NORM/NORM-LMLERWDD.jpg,6,NORM,8268,6,0,-1,,,,
/content/Dataset/MUC/MUC-WQYFMEEF.jpg,4,MUC,8269,4,0,-1,,,,
/content/Dataset/STR/STR-PEAPVQHC.jpg,7,STR,8270,7,0,-1,,,,
/content/Dataset/STR/STR-RSFWPGGE.jpg,7,STR,8271,7,0,-1,,,,
/content/Dataset/MUS/MUS-AQDYEWWN.jpg,5,MUS,8272,5,0,-1,,,,
/content/Dataset/NORM/NORM-RCASACWF.jpg,6,NORM,8273,6,0,-1,,,,
/content/Dataset/STR/STR-MYQHKHID.jpg,7,STR,8274,7,0,-1,,,,
/content/Dataset/STR/STR-NGSGQHLI.jpg,7,STR,8275,7,0,-1,,,,
/content/Dataset/NORM/NORM-PWRPYILL.jpg,6,NORM,8276,6,0,-1,,,,
/content/Dataset/BACK/BACK-LTSRPVPT.jpg,1,BACK,8277,1,0,-1,,,,
/content/Dataset/DEB/DEB-VVAMWSAI.jpg,2,DEB,8278,2,0,-1,,,,
/content/Dataset/ADI/ADI-HFDDVVYE.jpg,0,ADI,8279,0,0,-1,,,,
/content/Dataset/TUM/TUM-REALKWDH.jpg,8,TUM,8280,8,0,-1,,,,
/content/Dataset/ADI/ADI-CWMATNCG.jpg,0,ADI,8281,0,0,-1,,,,
/content/Dataset/BACK/BACK-MCRDANGQ.jpg,1,BACK,8282,1,0,-1,,,,
/content/Dataset/STR/STR-YCRRWNFV.jpg,7,STR,8283,7,0,-1,,,,
/content/Dataset/DEB/DEB-QTCQYHCR.jpg,2,DEB,8284,2,0,-1,,,,
/content/Dataset/MUS/MUS-NQLSMAIY.jpg,5,MUS,8285,5,0,-1,,,,
/content/Dataset/LYM/LYM-RQRICIGC.jpg,3,LYM,8286,3,0,-1,,,,
/content/Dataset/TUM/TUM-TWRCDGPP.jpg,8,TUM,8287,8,0,-1,,,,
/content/Dataset/NORM/NORM-RMTMPDHM.jpg,6,NORM,8288,6,0,-1,,,,
/content/Dataset/ADI/ADI-AQEAWVYV.jpg,0,ADI,8289,0,0,-1,,,,
/content/Dataset/STR/STR-QIGWSQTQ.jpg,7,STR,8290,7,0,-1,,,,
/content/Dataset/MUS/MUS-PRPWECSH.jpg,5,MUS,8291,5,0,-1,,,,
/content/Dataset/TUM/TUM-WYRGHIVD.jpg,8,TUM,8292,8,0,-1,,,,
/content/Dataset/ADI/ADI-AWGNGNRA.jpg,0,ADI,8293,0,0,-1,,,,
/content/Dataset/MUC/MUC-STRVDEGF.jpg,4,MUC,8294,4,0,-1,,,,
/content/Dataset/TUM/TUM-YIVKTCIG.jpg,8,TUM,8295,8,0,-1,,,,
/content/Dataset/ADI/ADI-AIQAVQTS.jpg,0,ADI,8296,0,0,-1,,,,
/content/Dataset/LYM/LYM-QHLAYHVK.jpg,3,LYM,8297,3,0,-1,,,,
/content/Dataset/LYM/LYM-VFSGNKQH.jpg,3,LYM,8298,3,0,-1,,,,
/content/Dataset/DEB/DEB-PKARPMVY.jpg,2,DEB,8299,2,0,-1,,,,
/content/Dataset/LYM/LYM-PRRQVTWN.jpg,3,LYM,8300,3,0,-1,,,,
/content/Dataset/TUM/TUM-YSMMESMR.jpg,8,TUM,8301,8,0,-1,,,,
/content/Dataset/MUC/MUC-SFKVTRRG.jpg,4,MUC,8302,4,0,-1,,,,
/content/Dataset/DEB/DEB-VWSAPWEL.jpg,2,DEB,8303,2,0,-1,,,,
/content/Dataset/BACK/BACK-MRHTNPGL.jpg,1,BACK,8304,1,0,-1,,,,
/content/Dataset/TUM/TUM-QVCRSGVL.jpg,8,TUM,8305,8,0,-1,,,,
/content/Dataset/MUS/MUS-QIFKIAQG.jpg,5,MUS,8306,5,0,-1,,,,
/content/Dataset/TUM/TUM-RQNNVHEM.jpg,8,TUM,8307,8,0,-1,,,,
/content/Dataset/BACK/BACK-ETRSTRLM.jpg,1,BACK,8308,1,0,-1,,,,
/content/Dataset/DEB/DEB-WILGRRMI.jpg,2,DEB,8309,2,0,-1,,,,
/content/Dataset/TUM/TUM-YKNGYRLM.jpg,8,TUM,8310,8,0,-1,,,,
/content/Dataset/NORM/NORM-MNKSERPV.jpg,6,NORM,8311,6,0,-1,,,,
/content/Dataset/NORM/NORM-PKTLSSKW.jpg,6,NORM,8312,6,0,-1,,,,
/content/Dataset/NORM/NORM-QHSFSHCL.jpg,6,NORM,8313,6,0,-1,,,,
/content/Dataset/MUC/MUC-NKFTNCDC.jpg,4,MUC,8314,4,0,-1,,,,
/content/Dataset/ADI/ADI-IFCDWACS.jpg,0,ADI,8315,0,0,-1,,,,
/content/Dataset/NORM/NORM-NMCQKSVW.jpg,6,NORM,8316,6,0,-1,,,,
/content/Dataset/LYM/LYM-VCSMYPMI.jpg,3,LYM,8317,3,0,-1,,,,
/content/Dataset/MUC/MUC-IGYQERIP.jpg,4,MUC,8318,4,0,-1,,,,
/content/Dataset/MUC/MUC-SFYAWFVY.jpg,4,MUC,8319,4,0,-1,,,,
/content/Dataset/DEB/DEB-WFFAYNGT.jpg,2,DEB,8320,2,0,-1,,,,
/content/Dataset/MUS/MUS-PYAWAAWM.jpg,5,MUS,8321,5,0,-1,,,,
/content/Dataset/LYM/LYM-PGHTTCVH.jpg,3,LYM,8322,3,0,-1,,,,
/content/Dataset/TUM/TUM-AACHTSSN.jpg,8,TUM,8323,8,0,-1,,,,
/content/Dataset/MUC/MUC-RTKTPFGS.jpg,4,MUC,8324,4,0,-1,,,,
/content/Dataset/STR/STR-NCDFYAIA.jpg,7,STR,8325,7,0,-1,,,,
/content/Dataset/DEB/DEB-VYYIWGGV.jpg,2,DEB,8326,2,0,-1,,,,
/content/Dataset/ADI/ADI-ECCLEDFV.jpg,0,ADI,8327,0,0,-1,,,,
/content/Dataset/MUC/MUC-NPVPRELT.jpg,4,MUC,8328,4,0,-1,,,,
/content/Dataset/TUM/TUM-QPFNRCEG.jpg,8,TUM,8329,8,0,-1,,,,
/content/Dataset/TUM/TUM-VTKTFGCN.jpg,8,TUM,8330,8,0,-1,,,,
/content/Dataset/STR/STR-WGKVNLWH.jpg,7,STR,8331,7,0,-1,,,,
/content/Dataset/MUS/MUS-QAPMCCAP.jpg,5,MUS,8332,5,0,-1,,,,
/content/Dataset/STR/STR-PVDPDVSN.jpg,7,STR,8333,7,0,-1,,,,
/content/Dataset/LYM/LYM-PLEMMHVW.jpg,3,LYM,8334,3,0,-1,,,,
/content/Dataset/TUM/TUM-QNRYCPNC.jpg,8,TUM,8335,8,0,-1,,,,
/content/Dataset/MUC/MUC-NMHVPSAL.jpg,4,MUC,8336,4,0,-1,,,,
/content/Dataset/MUC/MUC-NKNGAHQP.jpg,4,MUC,8337,4,0,-1,,,,
/content/Dataset/DEB/DEB-TFPGGLSR.jpg,2,DEB,8338,2,0,-1,,,,
/content/Dataset/BACK/BACK-KATRIPTR.jpg,1,BACK,8339,1,0,-1,,,,
/content/Dataset/MUS/MUS-QFWPQDCQ.jpg,5,MUS,8340,5,0,-1,,,,
/content/Dataset/BACK/BACK-KYGKSSTY.jpg,1,BACK,8341,1,0,-1,,,,
/content/Dataset/MUC/MUC-QNTVFPLC.jpg,4,MUC,8342,4,0,-1,,,,
/content/Dataset/MUS/MUS-ASCPQTFM.jpg,5,MUS,8343,5,0,-1,,,,
/content/Dataset/NORM/NORM-RLQTMHVL.jpg,6,NORM,8344,6,0,-1,,,,
/content/Dataset/STR/STR-PSYTYDFC.jpg,7,STR,8345,7,0,-1,,,,
/content/Dataset/TUM/TUM-TPNQLEPV.jpg,8,TUM,8346,8,0,-1,,,,
/content/Dataset/MUC/MUC-VILRVWNG.jpg,4,MUC,8347,4,0,-1,,,,
/content/Dataset/BACK/BACK-EVAHCRWG.jpg,1,BACK,8348,1,0,-1,,,,
/content/Dataset/DEB/DEB-WFVLFFTL.jpg,2,DEB,8349,2,0,-1,,,,
/content/Dataset/LYM/LYM-AALKPLVP.jpg,3,LYM,8350,3,0,-1,,,,
/content/Dataset/MUC/MUC-DILLGYCQ.jpg,4,MUC,8351,4,0,-1,,,,
/content/Dataset/MUS/MUS-SFWEHHPR.jpg,5,MUS,8352,5,0,-1,,,,
/content/Dataset/LYM/LYM-FSCQASKD.jpg,3,LYM,8353,3,0,-1,,,,
/content/Dataset/BACK/BACK-HCMIDHMV.jpg,1,BACK,8354,1,0,-1,,,,
/content/Dataset/STR/STR-TVQKDMWQ.jpg,7,STR,8355,7,0,-1,,,,
/content/Dataset/MUS/MUS-SADWMFAR.jpg,5,MUS,8356,5,0,-1,,,,
/content/Dataset/DEB/DEB-SARHGEFP.jpg,2,DEB,8357,2,0,-1,,,,
/content/Dataset/MUS/MUS-QIEMHLWW.jpg,5,MUS,8358,5,0,-1,,,,
/content/Dataset/MUC/MUC-ITEEGDHK.jpg,4,MUC,8359,4,0,-1,,,,
/content/Dataset/NORM/NORM-VYSDKDFI.jpg,6,NORM,8360,6,0,-1,,,,
/content/Dataset/MUC/MUC-NWRSFICP.jpg,4,MUC,8361,4,0,-1,,,,
/content/Dataset/NORM/NORM-NHEHMCAR.jpg,6,NORM,8362,6,0,-1,,,,
/content/Dataset/NORM/NORM-TRIWIYHD.jpg,6,NORM,8363,6,0,-1,,,,
/content/Dataset/ADI/ADI-HWCTGAPD.jpg,0,ADI,8364,0,0,-1,,,,
/content/Dataset/NORM/NORM-YCDKKEPF.jpg,6,NORM,8365,6,0,-1,,,,
/content/Dataset/TUM/TUM-SIIVMGQH.jpg,8,TUM,8366,8,0,-1,,,,
/content/Dataset/LYM/LYM-RMMMKGGY.jpg,3,LYM,8367,3,0,-1,,,,
/content/Dataset/MUS/MUS-SPTIDMMG.jpg,5,MUS,8368,5,0,-1,,,,
/content/Dataset/BACK/BACK-HTDVACAA.jpg,1,BACK,8369,1,0,-1,,,,
/content/Dataset/BACK/BACK-KKSGMMGG.jpg,1,BACK,8370,1,0,-1,,,,
/content/Dataset/MUC/MUC-AHYMRDYT.jpg,4,MUC,8371,4,0,-1,,,,
/content/Dataset/TUM/TUM-TNRANYWD.jpg,8,TUM,8372,8,0,-1,,,,
/content/Dataset/BACK/BACK-IIWWKWTN.jpg,1,BACK,8373,1,0,-1,,,,
/content/Dataset/TUM/TUM-VMWRKIYN.jpg,8,TUM,8374,8,0,-1,,,,
/content/Dataset/NORM/NORM-PWASYPFA.jpg,6,NORM,8375,6,0,-1,,,,
/content/Dataset/TUM/TUM-TNIRQKFH.jpg,8,TUM,8376,8,0,-1,,,,
/content/Dataset/BACK/BACK-MDIPKVYN.jpg,1,BACK,8377,1,0,-1,,,,
/content/Dataset/LYM/LYM-YVLLWTAA.jpg,3,LYM,8378,3,0,-1,,,,
/content/Dataset/LYM/LYM-SMCIMLLA.jpg,3,LYM,8379,3,0,-1,,,,
/content/Dataset/LYM/LYM-RTCSNWCK.jpg,3,LYM,8380,3,0,-1,,,,
/content/Dataset/DEB/DEB-THHVCLQM.jpg,2,DEB,8381,2,0,-1,,,,
/content/Dataset/MUS/MUS-RNAQRFLI.jpg,5,MUS,8382,5,0,-1,,,,
/content/Dataset/DEB/DEB-PPTETIVC.jpg,2,DEB,8383,2,0,-1,,,,
/content/Dataset/ADI/ADI-FSQNCVMP.jpg,0,ADI,8384,0,0,-1,,,,
/content/Dataset/DEB/DEB-PYEEYCGL.jpg,2,DEB,8385,2,0,-1,,,,
/content/Dataset/DEB/DEB-REGKMDSN.jpg,2,DEB,8386,2,0,-1,,,,
/content/Dataset/MUS/MUS-ACHPWKPS.jpg,5,MUS,8387,5,0,-1,,,,
/content/Dataset/MUS/MUS-RHWNYPHD.jpg,5,MUS,8388,5,0,-1,,,,
/content/Dataset/MUS/MUS-SGSNVYRL.jpg,5,MUS,8389,5,0,-1,,,,
/content/Dataset/NORM/NORM-PWFAFPHH.jpg,6,NORM,8390,6,0,-1,,,,
/content/Dataset/DEB/DEB-TVCYGGPG.jpg,2,DEB,8391,2,0,-1,,,,
/content/Dataset/NORM/NORM-TKCDCFQN.jpg,6,NORM,8392,6,0,-1,,,,
/content/Dataset/TUM/TUM-YSGLLGRY.jpg,8,TUM,8393,8,0,-1,,,,
/content/Dataset/STR/STR-QCHYMTWD.jpg,7,STR,8394,7,0,-1,,,,
/content/Dataset/MUS/MUS-CMPCQQFM.jpg,5,MUS,8395,5,0,-1,,,,
/content/Dataset/MUC/MUC-AEKINRIK.jpg,4,MUC,8396,4,0,-1,,,,
/content/Dataset/BACK/BACK-LWLHTVMC.jpg,1,BACK,8397,1,0,-1,,,,
/content/Dataset/DEB/DEB-VTECWHRY.jpg,2,DEB,8398,2,0,-1,,,,
/content/Dataset/STR/STR-TDMMIMRC.jpg,7,STR,8399,7,0,-1,,,,
/content/Dataset/NORM/NORM-NAHFHHDL.jpg,6,NORM,8400,6,0,-1,,,,
/content/Dataset/DEB/DEB-AAPAALWT.jpg,2,DEB,8401,2,0,-1,,,,
/content/Dataset/DEB/DEB-TYRGWPQK.jpg,2,DEB,8402,2,0,-1,,,,
/content/Dataset/STR/STR-NCTVGNDL.jpg,7,STR,8403,7,0,-1,,,,
/content/Dataset/ADI/ADI-CHHWPGDL.jpg,0,ADI,8404,0,0,-1,,,,
/content/Dataset/LYM/LYM-SHLFLRFT.jpg,3,LYM,8405,3,0,-1,,,,
/content/Dataset/STR/STR-MPYVYIGQ.jpg,7,STR,8406,7,0,-1,,,,
/content/Dataset/LYM/LYM-SENICYPQ.jpg,3,LYM,8407,3,0,-1,,,,
/content/Dataset/MUS/MUS-RFIEYQAF.jpg,5,MUS,8408,5,0,-1,,,,
/content/Dataset/MUS/MUS-RNPNQRDF.jpg,5,MUS,8409,5,0,-1,,,,
/content/Dataset/MUS/MUS-PPTFYYSW.jpg,5,MUS,8410,5,0,-1,,,,
/content/Dataset/ADI/ADI-GSYNFRHY.jpg,0,ADI,8411,0,0,-1,,,,
/content/Dataset/MUS/MUS-SLFQGWRM.jpg,5,MUS,8412,5,0,-1,,,,
/content/Dataset/BACK/BACK-MLALTQSV.jpg,1,BACK,8413,1,0,-1,,,,
/content/Dataset/STR/STR-NEPNSMQE.jpg,7,STR,8414,7,0,-1,,,,
/content/Dataset/MUC/MUC-RACFIHDE.jpg,4,MUC,8415,4,0,-1,,,,
/content/Dataset/TUM/TUM-RCEMLPQY.jpg,8,TUM,8416,8,0,-1,,,,
/content/Dataset/LYM/LYM-PLYYEVPK.jpg,3,LYM,8417,3,0,-1,,,,
/content/Dataset/NORM/NORM-VYRQDEAQ.jpg,6,NORM,8418,6,0,-1,,,,
/content/Dataset/DEB/DEB-VKFIIHAV.jpg,2,DEB,8419,2,0,-1,,,,
/content/Dataset/BACK/BACK-LGNTFISC.jpg,1,BACK,8420,1,0,-1,,,,
/content/Dataset/BACK/BACK-LRYDEICY.jpg,1,BACK,8421,1,0,-1,,,,
/content/Dataset/TUM/TUM-VKCYGVDV.jpg,8,TUM,8422,8,0,-1,,,,
/content/Dataset/DEB/DEB-NTKRMTRY.jpg,2,DEB,8423,2,0,-1,,,,
/content/Dataset/DEB/DEB-QLMPENCC.jpg,2,DEB,8424,2,0,-1,,,,
/content/Dataset/NORM/NORM-TTTMLGNN.jpg,6,NORM,8425,6,0,-1,,,,
/content/Dataset/LYM/LYM-SIGNQSHQ.jpg,3,LYM,8426,3,0,-1,,,,
/content/Dataset/MUS/MUS-CCDGNIDK.jpg,5,MUS,8427,5,0,-1,,,,
/content/Dataset/TUM/TUM-RSPNCFKM.jpg,8,TUM,8428,8,0,-1,,,,
/content/Dataset/DEB/DEB-AFQPQSLV.jpg,2,DEB,8429,2,0,-1,,,,
/content/Dataset/NORM/NORM-QIMQMCKQ.jpg,6,NORM,8430,6,0,-1,,,,
/content/Dataset/ADI/ADI-HMYHVTIY.jpg,0,ADI,8431,0,0,-1,,,,
/content/Dataset/TUM/TUM-YSRVHIYL.jpg,8,TUM,8432,8,0,-1,,,,
/content/Dataset/STR/STR-WKCRFGLP.jpg,7,STR,8433,7,0,-1,,,,
/content/Dataset/LYM/LYM-QATKSYNL.jpg,3,LYM,8434,3,0,-1,,,,
/content/Dataset/TUM/TUM-VPFCYSFD.jpg,8,TUM,8435,8,0,-1,,,,
/content/Dataset/MUC/MUC-RQCGYILC.jpg,4,MUC,8436,4,0,-1,,,,
/content/Dataset/STR/STR-PWWMHAMF.jpg,7,STR,8437,7,0,-1,,,,
/content/Dataset/TUM/TUM-TKHMPTQM.jpg,8,TUM,8438,8,0,-1,,,,
/content/Dataset/TUM/TUM-SCIHLNKT.jpg,8,TUM,8439,8,0,-1,,,,
/content/Dataset/TUM/TUM-VPELNWHW.jpg,8,TUM,8440,8,0,-1,,,,
/content/Dataset/STR/STR-TRWHDRWN.jpg,7,STR,8441,7,0,-1,,,,
/content/Dataset/DEB/DEB-VAGGQDGG.jpg,2,DEB,8442,2,0,-1,,,,
/content/Dataset/MUS/MUS-QDHQGFTQ.jpg,5,MUS,8443,5,0,-1,,,,
/content/Dataset/ADI/ADI-EQRQCPPA.jpg,0,ADI,8444,0,0,-1,,,,
/content/Dataset/LYM/LYM-QCCIHRFD.jpg,3,LYM,8445,3,0,-1,,,,
/content/Dataset/DEB/DEB-WYNQTQHN.jpg,2,DEB,8446,2,0,-1,,,,
/content/Dataset/ADI/ADI-DDYMNFIS.jpg,0,ADI,8447,0,0,-1,,,,
/content/Dataset/MUS/MUS-QEKYRPHP.jpg,5,MUS,8448,5,0,-1,,,,
/content/Dataset/BACK/BACK-IDGSDMIV.jpg,1,BACK,8449,1,0,-1,,,,
/content/Dataset/LYM/LYM-KDLTKEKT.jpg,3,LYM,8450,3,0,-1,,,,
/content/Dataset/MUS/MUS-SNSEIPAA.jpg,5,MUS,8451,5,0,-1,,,,
/content/Dataset/BACK/BACK-NQGSWHIP.jpg,1,BACK,8452,1,0,-1,,,,
/content/Dataset/NORM/NORM-RGSYIFRV.jpg,6,NORM,8453,6,0,-1,,,,
/content/Dataset/TUM/TUM-RGAIDKRI.jpg,8,TUM,8454,8,0,-1,,,,
/content/Dataset/MUS/MUS-QPENEHCH.jpg,5,MUS,8455,5,0,-1,,,,
/content/Dataset/MUS/MUS-SRQIDKAC.jpg,5,MUS,8456,5,0,-1,,,,
/content/Dataset/DEB/DEB-YTDMPDWQ.jpg,2,DEB,8457,2,0,-1,,,,
/content/Dataset/TUM/TUM-WHEDPEWF.jpg,8,TUM,8458,8,0,-1,,,,
/content/Dataset/BACK/BACK-AVKVHAFK.jpg,1,BACK,8459,1,0,-1,,,,
/content/Dataset/MUC/MUC-GNGFMCAT.jpg,4,MUC,8460,4,0,-1,,,,
/content/Dataset/MUC/MUC-TPMVQAIK.jpg,4,MUC,8461,4,0,-1,,,,
/content/Dataset/TUM/TUM-TRLHNERL.jpg,8,TUM,8462,8,0,-1,,,,
/content/Dataset/ADI/ADI-FCKVENPY.jpg,0,ADI,8463,0,0,-1,,,,
/content/Dataset/ADI/ADI-FAWIYAFS.jpg,0,ADI,8464,0,0,-1,,,,
/content/Dataset/TUM/TUM-SIWIHNET.jpg,8,TUM,8465,8,0,-1,,,,
/content/Dataset/BACK/BACK-KLGPLFRG.jpg,1,BACK,8466,1,0,-1,,,,
/content/Dataset/STR/STR-NCRLRFTI.jpg,7,STR,8467,7,0,-1,,,,
/content/Dataset/NORM/NORM-MHAKRYMF.jpg,6,NORM,8468,6,0,-1,,,,
/content/Dataset/ADI/ADI-DCVFNTPP.jpg,0,ADI,8469,0,0,-1,,,,
/content/Dataset/NORM/NORM-QSYFSNCT.jpg,6,NORM,8470,6,0,-1,,,,
/content/Dataset/DEB/DEB-WNSAAAAL.jpg,2,DEB,8471,2,0,-1,,,,
/content/Dataset/DEB/DEB-QGFQNMPQ.jpg,2,DEB,8472,2,0,-1,,,,
/content/Dataset/BACK/BACK-IYKTGLVD.jpg,1,BACK,8473,1,0,-1,,,,
/content/Dataset/ADI/ADI-DANQSHNP.jpg,0,ADI,8474,0,0,-1,,,,
/content/Dataset/TUM/TUM-WPIGHWTC.jpg,8,TUM,8475,8,0,-1,,,,
/content/Dataset/MUS/MUS-SDITQIKW.jpg,5,MUS,8476,5,0,-1,,,,
/content/Dataset/TUM/TUM-VTHLGSGL.jpg,8,TUM,8477,8,0,-1,,,,
/content/Dataset/NORM/NORM-TMIGMNGG.jpg,6,NORM,8478,6,0,-1,,,,
/content/Dataset/NORM/NORM-PDNFQLRK.jpg,6,NORM,8479,6,0,-1,,,,
/content/Dataset/MUC/MUC-YAMAIFWE.jpg,4,MUC,8480,4,0,-1,,,,
/content/Dataset/DEB/DEB-QKDRIYGW.jpg,2,DEB,8481,2,0,-1,,,,
/content/Dataset/TUM/TUM-STVYVGET.jpg,8,TUM,8482,8,0,-1,,,,
/content/Dataset/DEB/DEB-RTDTFRLK.jpg,2,DEB,8483,2,0,-1,,,,
/content/Dataset/MUS/MUS-SYFLGYNT.jpg,5,MUS,8484,5,0,-1,,,,
/content/Dataset/DEB/DEB-WMVSQRGR.jpg,2,DEB,8485,2,0,-1,,,,
/content/Dataset/DEB/DEB-PEIFSSEA.jpg,2,DEB,8486,2,0,-1,,,,
/content/Dataset/STR/STR-VHNTKWHE.jpg,7,STR,8487,7,0,-1,,,,
/content/Dataset/NORM/NORM-SLWSQEQC.jpg,6,NORM,8488,6,0,-1,,,,
/content/Dataset/DEB/DEB-NRMTSWNK.jpg,2,DEB,8489,2,0,-1,,,,
/content/Dataset/BACK/BACK-KSIWHRFG.jpg,1,BACK,8490,1,0,-1,,,,
/content/Dataset/MUC/MUC-SRNCGIGC.jpg,4,MUC,8491,4,0,-1,,,,
/content/Dataset/MUC/MUC-INVLNNTK.jpg,4,MUC,8492,4,0,-1,,,,
/content/Dataset/NORM/NORM-LYPQKLSR.jpg,6,NORM,8493,6,0,-1,,,,
/content/Dataset/TUM/TUM-TEGFNEFD.jpg,8,TUM,8494,8,0,-1,,,,
/content/Dataset/TUM/TUM-VAENELPM.jpg,8,TUM,8495,8,0,-1,,,,
/content/Dataset/MUS/MUS-TCLPVSFY.jpg,5,MUS,8496,5,0,-1,,,,
/content/Dataset/ADI/ADI-CFGHYTGP.jpg,0,ADI,8497,0,0,-1,,,,
/content/Dataset/MUS/MUS-QSIQLLWT.jpg,5,MUS,8498,5,0,-1,,,,
/content/Dataset/STR/STR-NCATDDRY.jpg,7,STR,8499,7,0,-1,,,,
/content/Dataset/MUS/MUS-QNAHPHSW.jpg,5,MUS,8500,5,0,-1,,,,
/content/Dataset/MUS/MUS-QDPQFKWM.jpg,5,MUS,8501,5,0,-1,,,,
/content/Dataset/ADI/ADI-CLSQIVHY.jpg,0,ADI,8502,0,0,-1,,,,
/content/Dataset/DEB/DEB-SPQQWVFE.jpg,2,DEB,8503,2,0,-1,,,,
/content/Dataset/STR/STR-NYNCQRWL.jpg,7,STR,8504,7,0,-1,,,,
/content/Dataset/NORM/NORM-QTTKQPLC.jpg,6,NORM,8505,6,0,-1,,,,
/content/Dataset/NORM/NORM-TIELMPIN.jpg,6,NORM,8506,6,0,-1,,,,
/content/Dataset/DEB/DEB-YIFYPEHN.jpg,2,DEB,8507,2,0,-1,,,,
/content/Dataset/NORM/NORM-YAKMPMNM.jpg,6,NORM,8508,6,0,-1,,,,
/content/Dataset/LYM/LYM-NMELTDRE.jpg,3,LYM,8509,3,0,-1,,,,
/content/Dataset/MUS/MUS-PPYNRFVI.jpg,5,MUS,8510,5,0,-1,,,,
/content/Dataset/STR/STR-RCFMMIPV.jpg,7,STR,8511,7,0,-1,,,,
/content/Dataset/MUS/MUS-CKKSYHGT.jpg,5,MUS,8512,5,0,-1,,,,
/content/Dataset/MUS/MUS-CLFSKLDD.jpg,5,MUS,8513,5,0,-1,,,,
/content/Dataset/TUM/TUM-TKALALGI.jpg,8,TUM,8514,8,0,-1,,,,
/content/Dataset/LYM/LYM-RAEADSRQ.jpg,3,LYM,8515,3,0,-1,,,,
/content/Dataset/ADI/ADI-CCYFRIDW.jpg,0,ADI,8516,0,0,-1,,,,
/content/Dataset/TUM/TUM-YSVQCAWR.jpg,8,TUM,8517,8,0,-1,,,,
/content/Dataset/BACK/BACK-HYRDDNVE.jpg,1,BACK,8518,1,0,-1,,,,
/content/Dataset/BACK/BACK-MEQMLTNH.jpg,1,BACK,8519,1,0,-1,,,,
/content/Dataset/LYM/LYM-YQHEEHWH.jpg,3,LYM,8520,3,0,-1,,,,
/content/Dataset/DEB/DEB-RERLRKKW.jpg,2,DEB,8521,2,0,-1,,,,
/content/Dataset/NORM/NORM-NCSSVTYM.jpg,6,NORM,8522,6,0,-1,,,,
/content/Dataset/BACK/BACK-LSYGFGRG.jpg,1,BACK,8523,1,0,-1,,,,
/content/Dataset/MUS/MUS-NMQTLQRI.jpg,5,MUS,8524,5,0,-1,,,,
/content/Dataset/DEB/DEB-WCLFQVSY.jpg,2,DEB,8525,2,0,-1,,,,
/content/Dataset/MUC/MUC-AEHKHRLH.jpg,4,MUC,8526,4,0,-1,,,,
/content/Dataset/STR/STR-SLETECDR.jpg,7,STR,8527,7,0,-1,,,,
/content/Dataset/NORM/NORM-MCSMYRHC.jpg,6,NORM,8528,6,0,-1,,,,
/content/Dataset/LYM/LYM-ACCYYPEY.jpg,3,LYM,8529,3,0,-1,,,,
/content/Dataset/BACK/BACK-KYTCYSYY.jpg,1,BACK,8530,1,0,-1,,,,
/content/Dataset/LYM/LYM-GCNIHGDH.jpg,3,LYM,8531,3,0,-1,,,,
/content/Dataset/MUS/MUS-AFMVMTYR.jpg,5,MUS,8532,5,0,-1,,,,
/content/Dataset/MUC/MUC-TWFPCSYI.jpg,4,MUC,8533,4,0,-1,,,,
/content/Dataset/TUM/TUM-QTYDITNQ.jpg,8,TUM,8534,8,0,-1,,,,
/content/Dataset/MUC/MUC-PADINMFW.jpg,4,MUC,8535,4,0,-1,,,,
/content/Dataset/NORM/NORM-LMCKFHEC.jpg,6,NORM,8536,6,0,-1,,,,
/content/Dataset/NORM/NORM-NLIGNIND.jpg,6,NORM,8537,6,0,-1,,,,
/content/Dataset/STR/STR-NMFGTHPN.jpg,7,STR,8538,7,0,-1,,,,
/content/Dataset/ADI/ADI-ATFYTKSW.jpg,0,ADI,8539,0,0,-1,,,,
/content/Dataset/BACK/BACK-DHCVEKIY.jpg,1,BACK,8540,1,0,-1,,,,
/content/Dataset/STR/STR-YREVHLGF.jpg,7,STR,8541,7,0,-1,,,,
/content/Dataset/MUS/MUS-CLQDTRDL.jpg,5,MUS,8542,5,0,-1,,,,
/content/Dataset/ADI/ADI-DGMHRLPK.jpg,0,ADI,8543,0,0,-1,,,,
/content/Dataset/BACK/BACK-EQQKPWNT.jpg,1,BACK,8544,1,0,-1,,,,
/content/Dataset/BACK/BACK-IDYHAAGN.jpg,1,BACK,8545,1,0,-1,,,,
/content/Dataset/BACK/BACK-MICRCTVW.jpg,1,BACK,8546,1,0,-1,,,,
/content/Dataset/ADI/ADI-FSFPIFAT.jpg,0,ADI,8547,0,0,-1,,,,
/content/Dataset/LYM/LYM-QWPFALRH.jpg,3,LYM,8548,3,0,-1,,,,
/content/Dataset/ADI/ADI-IDGWPHYR.jpg,0,ADI,8549,0,0,-1,,,,
/content/Dataset/MUC/MUC-SYSMGLIM.jpg,4,MUC,8550,4,0,-1,,,,
/content/Dataset/TUM/TUM-VTINIDAE.jpg,8,TUM,8551,8,0,-1,,,,
/content/Dataset/MUS/MUS-SVKLRVAK.jpg,5,MUS,8552,5,0,-1,,,,
/content/Dataset/MUS/MUS-SPATMTKN.jpg,5,MUS,8553,5,0,-1,,,,
/content/Dataset/ADI/ADI-FVRVSKMD.jpg,0,ADI,8554,0,0,-1,,,,
/content/Dataset/TUM/TUM-RTPLDSDV.jpg,8,TUM,8555,8,0,-1,,,,
/content/Dataset/MUC/MUC-SKMMTMIS.jpg,4,MUC,8556,4,0,-1,,,,
/content/Dataset/MUC/MUC-VFGGCMCP.jpg,4,MUC,8557,4,0,-1,,,,
/content/Dataset/ADI/ADI-HFYHPQSH.jpg,0,ADI,8558,0,0,-1,,,,
/content/Dataset/MUC/MUC-VDWEKYKC.jpg,4,MUC,8559,4,0,-1,,,,
/content/Dataset/TUM/TUM-YKYAGKSL.jpg,8,TUM,8560,8,0,-1,,,,
/content/Dataset/DEB/DEB-VKNFHPPY.jpg,2,DEB,8561,2,0,-1,,,,
/content/Dataset/STR/STR-YECGGWWQ.jpg,7,STR,8562,7,0,-1,,,,
/content/Dataset/STR/STR-RIYEYLVA.jpg,7,STR,8563,7,0,-1,,,,
/content/Dataset/STR/STR-NYWCYHQA.jpg,7,STR,8564,7,0,-1,,,,
/content/Dataset/TUM/TUM-WVPDNQCF.jpg,8,TUM,8565,8,0,-1,,,,
/content/Dataset/BACK/BACK-IPVVACPM.jpg,1,BACK,8566,1,0,-1,,,,
/content/Dataset/DEB/DEB-WDPKFRHV.jpg,2,DEB,8567,2,0,-1,,,,
/content/Dataset/MUC/MUC-SWTNPITV.jpg,4,MUC,8568,4,0,-1,,,,
/content/Dataset/BACK/BACK-LKMIPPWY.jpg,1,BACK,8569,1,0,-1,,,,
/content/Dataset/STR/STR-RDCYWCIM.jpg,7,STR,8570,7,0,-1,,,,
/content/Dataset/NORM/NORM-SHFLHKVV.jpg,6,NORM,8571,6,0,-1,,,,
/content/Dataset/DEB/DEB-QHRVKQIR.jpg,2,DEB,8572,2,0,-1,,,,
/content/Dataset/DEB/DEB-QEVDNCTE.jpg,2,DEB,8573,2,0,-1,,,,
/content/Dataset/BACK/BACK-IREFFWVS.jpg,1,BACK,8574,1,0,-1,,,,
/content/Dataset/MUS/MUS-RWLRFCRH.jpg,5,MUS,8575,5,0,-1,,,,
/content/Dataset/LYM/LYM-VEMSQNPA.jpg,3,LYM,8576,3,0,-1,,,,
/content/Dataset/MUS/MUS-RLVQCETN.jpg,5,MUS,8577,5,0,-1,,,,
/content/Dataset/LYM/LYM-TQDADVWS.jpg,3,LYM,8578,3,0,-1,,,,
/content/Dataset/NORM/NORM-YKFVPVDC.jpg,6,NORM,8579,6,0,-1,,,,
/content/Dataset/MUS/MUS-CHMTYALL.jpg,5,MUS,8580,5,0,-1,,,,
/content/Dataset/STR/STR-PHHTQALY.jpg,7,STR,8581,7,0,-1,,,,
/content/Dataset/STR/STR-QLVWRATV.jpg,7,STR,8582,7,0,-1,,,,
/content/Dataset/DEB/DEB-NSLKSFKM.jpg,2,DEB,8583,2,0,-1,,,,
/content/Dataset/STR/STR-RTHNIFCC.jpg,7,STR,8584,7,0,-1,,,,
/content/Dataset/MUS/MUS-RRHNIGLS.jpg,5,MUS,8585,5,0,-1,,,,
/content/Dataset/MUC/MUC-WKPSDYPV.jpg,4,MUC,8586,4,0,-1,,,,
/content/Dataset/NORM/NORM-MFTRAYWR.jpg,6,NORM,8587,6,0,-1,,,,
/content/Dataset/ADI/ADI-FRGMPKNP.jpg,0,ADI,8588,0,0,-1,,,,
/content/Dataset/STR/STR-WNGMKDFY.jpg,7,STR,8589,7,0,-1,,,,
/content/Dataset/DEB/DEB-PPDFPPYK.jpg,2,DEB,8590,2,0,-1,,,,
/content/Dataset/STR/STR-WTKKLNGE.jpg,7,STR,8591,7,0,-1,,,,
/content/Dataset/DEB/DEB-STILLVLW.jpg,2,DEB,8592,2,0,-1,,,,
/content/Dataset/LYM/LYM-SDNFSKPH.jpg,3,LYM,8593,3,0,-1,,,,
/content/Dataset/ADI/ADI-GPEYTSQW.jpg,0,ADI,8594,0,0,-1,,,,
/content/Dataset/STR/STR-QPMDTPIG.jpg,7,STR,8595,7,0,-1,,,,
/content/Dataset/LYM/LYM-TTREQGNP.jpg,3,LYM,8596,3,0,-1,,,,
/content/Dataset/BACK/BACK-IGQTSWHD.jpg,1,BACK,8597,1,0,-1,,,,
/content/Dataset/DEB/DEB-WCHLKFFE.jpg,2,DEB,8598,2,0,-1,,,,
/content/Dataset/BACK/BACK-KEHGPACE.jpg,1,BACK,8599,1,0,-1,,,,
/content/Dataset/DEB/DEB-YPMNNNIF.jpg,2,DEB,8600,2,0,-1,,,,
/content/Dataset/STR/STR-TEEYDTCP.jpg,7,STR,8601,7,0,-1,,,,
/content/Dataset/TUM/TUM-SFYPSADH.jpg,8,TUM,8602,8,0,-1,,,,
/content/Dataset/LYM/LYM-NLPIARMS.jpg,3,LYM,8603,3,0,-1,,,,
/content/Dataset/ADI/ADI-HCGGYFRA.jpg,0,ADI,8604,0,0,-1,,,,
/content/Dataset/TUM/TUM-YPRLIKLL.jpg,8,TUM,8605,8,0,-1,,,,
/content/Dataset/LYM/LYM-SERLDGID.jpg,3,LYM,8606,3,0,-1,,,,
/content/Dataset/BACK/BACK-LVQLHNAK.jpg,1,BACK,8607,1,0,-1,,,,
/content/Dataset/ADI/ADI-AGYDLECP.jpg,0,ADI,8608,0,0,-1,,,,
/content/Dataset/MUS/MUS-QLPKIYML.jpg,5,MUS,8609,5,0,-1,,,,
/content/Dataset/MUS/MUS-NRFLYEAN.jpg,5,MUS,8610,5,0,-1,,,,
/content/Dataset/MUC/MUC-WRLQHLHT.jpg,4,MUC,8611,4,0,-1,,,,
/content/Dataset/NORM/NORM-WPFSLTEE.jpg,6,NORM,8612,6,0,-1,,,,
/content/Dataset/NORM/NORM-PFWFHQRY.jpg,6,NORM,8613,6,0,-1,,,,
/content/Dataset/BACK/BACK-KPDWIYHV.jpg,1,BACK,8614,1,0,-1,,,,
/content/Dataset/BACK/BACK-MAQKAVLW.jpg,1,BACK,8615,1,0,-1,,,,
/content/Dataset/LYM/LYM-SVVHGQMG.jpg,3,LYM,8616,3,0,-1,,,,
/content/Dataset/ADI/ADI-DCCYSLRI.jpg,0,ADI,8617,0,0,-1,,,,
/content/Dataset/NORM/NORM-AHHCSTAE.jpg,6,NORM,8618,6,0,-1,,,,
/content/Dataset/BACK/BACK-LWMAPASG.jpg,1,BACK,8619,1,0,-1,,,,
/content/Dataset/DEB/DEB-NRPRSSWI.jpg,2,DEB,8620,2,0,-1,,,,
/content/Dataset/LYM/LYM-ECAWTYML.jpg,3,LYM,8621,3,0,-1,,,,
/content/Dataset/TUM/TUM-RTANEAKQ.jpg,8,TUM,8622,8,0,-1,,,,
/content/Dataset/MUS/MUS-CFQSEFSV.jpg,5,MUS,8623,5,0,-1,,,,
/content/Dataset/BACK/BACK-AFQETSDW.jpg,1,BACK,8624,1,0,-1,,,,
/content/Dataset/BACK/BACK-KESHKYSC.jpg,1,BACK,8625,1,0,-1,,,,
/content/Dataset/NORM/NORM-LFKCCMDY.jpg,6,NORM,8626,6,0,-1,,,,
/content/Dataset/TUM/TUM-RNPAPLPI.jpg,8,TUM,8627,8,0,-1,,,,
/content/Dataset/BACK/BACK-NGLFADHK.jpg,1,BACK,8628,1,0,-1,,,,
/content/Dataset/BACK/BACK-CHGSVEAQ.jpg,1,BACK,8629,1,0,-1,,,,
/content/Dataset/NORM/NORM-YMWPIQWA.jpg,6,NORM,8630,6,0,-1,,,,
/content/Dataset/LYM/LYM-SVKDQIKF.jpg,3,LYM,8631,3,0,-1,,,,
/content/Dataset/TUM/TUM-TTYNNRSR.jpg,8,TUM,8632,8,0,-1,,,,
/content/Dataset/STR/STR-WWFAPLIH.jpg,7,STR,8633,7,0,-1,,,,
/content/Dataset/TUM/TUM-VVQALQSN.jpg,8,TUM,8634,8,0,-1,,,,
/content/Dataset/MUS/MUS-REWKDSWG.jpg,5,MUS,8635,5,0,-1,,,,
/content/Dataset/STR/STR-PIIRWNND.jpg,7,STR,8636,7,0,-1,,,,
/content/Dataset/ADI/ADI-FLQAFIEH.jpg,0,ADI,8637,0,0,-1,,,,
/content/Dataset/BACK/BACK-KSAIADAY.jpg,1,BACK,8638,1,0,-1,,,,
/content/Dataset/ADI/ADI-FPGFPVGT.jpg,0,ADI,8639,0,0,-1,,,,
/content/Dataset/TUM/TUM-QHQDEDWR.jpg,8,TUM,8640,8,0,-1,,,,
/content/Dataset/DEB/DEB-WLDSVPFI.jpg,2,DEB,8641,2,0,-1,,,,
/content/Dataset/LYM/LYM-NNPEEPST.jpg,3,LYM,8642,3,0,-1,,,,
/content/Dataset/DEB/DEB-YMDIQENW.jpg,2,DEB,8643,2,0,-1,,,,
/content/Dataset/LYM/LYM-PGPPVWHA.jpg,3,LYM,8644,3,0,-1,,,,
/content/Dataset/NORM/NORM-RFYFWWWE.jpg,6,NORM,8645,6,0,-1,,,,
/content/Dataset/MUS/MUS-CADDSKRG.jpg,5,MUS,8646,5,0,-1,,,,
/content/Dataset/LYM/LYM-ASFDIGLM.jpg,3,LYM,8647,3,0,-1,,,,
/content/Dataset/ADI/ADI-HQKFPPAM.jpg,0,ADI,8648,0,0,-1,,,,
/content/Dataset/MUS/MUS-SCKPRNTY.jpg,5,MUS,8649,5,0,-1,,,,
/content/Dataset/MUS/MUS-AIPKTSKH.jpg,5,MUS,8650,5,0,-1,,,,
/content/Dataset/TUM/TUM-QPVNWQEA.jpg,8,TUM,8651,8,0,-1,,,,
/content/Dataset/LYM/LYM-DDHECWCC.jpg,3,LYM,8652,3,0,-1,,,,
/content/Dataset/ADI/ADI-GIDHFGEI.jpg,0,ADI,8653,0,0,-1,,,,
/content/Dataset/STR/STR-RHFQPWFR.jpg,7,STR,8654,7,0,-1,,,,
/content/Dataset/DEB/DEB-WTRQCHYR.jpg,2,DEB,8655,2,0,-1,,,,
/content/Dataset/DEB/DEB-QHPAPNVP.jpg,2,DEB,8656,2,0,-1,,,,
/content/Dataset/BACK/BACK-LKVTIPML.jpg,1,BACK,8657,1,0,-1,,,,
/content/Dataset/NORM/NORM-ADSMYSLP.jpg,6,NORM,8658,6,0,-1,,,,
/content/Dataset/TUM/TUM-VIAWEMVM.jpg,8,TUM,8659,8,0,-1,,,,
/content/Dataset/BACK/BACK-ANGRDKGQ.jpg,1,BACK,8660,1,0,-1,,,,
/content/Dataset/MUC/MUC-CEAYISWN.jpg,4,MUC,8661,4,0,-1,,,,
/content/Dataset/BACK/BACK-KDVILPIG.jpg,1,BACK,8662,1,0,-1,,,,
/content/Dataset/DEB/DEB-ACAPFPQL.jpg,2,DEB,8663,2,0,-1,,,,
/content/Dataset/MUS/MUS-RSREHQCT.jpg,5,MUS,8664,5,0,-1,,,,
/content/Dataset/MUC/MUC-NHLAIIKH.jpg,4,MUC,8665,4,0,-1,,,,
/content/Dataset/STR/STR-MMNLEKLL.jpg,7,STR,8666,7,0,-1,,,,
/content/Dataset/LYM/LYM-NTYYLWNM.jpg,3,LYM,8667,3,0,-1,,,,
/content/Dataset/DEB/DEB-QDGFLMEV.jpg,2,DEB,8668,2,0,-1,,,,
/content/Dataset/ADI/ADI-EYNPMTGP.jpg,0,ADI,8669,0,0,-1,,,,
/content/Dataset/DEB/DEB-SRDYMLEI.jpg,2,DEB,8670,2,0,-1,,,,
/content/Dataset/MUC/MUC-NPPASGIN.jpg,4,MUC,8671,4,0,-1,,,,
/content/Dataset/LYM/LYM-RYFTTNGQ.jpg,3,LYM,8672,3,0,-1,,,,
/content/Dataset/BACK/BACK-CTIWNNIH.jpg,1,BACK,8673,1,0,-1,,,,
/content/Dataset/ADI/ADI-EGWYSEAD.jpg,0,ADI,8674,0,0,-1,,,,
/content/Dataset/STR/STR-YSCTYPFN.jpg,7,STR,8675,7,0,-1,,,,
/content/Dataset/STR/STR-YQDEPCKY.jpg,7,STR,8676,7,0,-1,,,,
/content/Dataset/MUC/MUC-QLATIALG.jpg,4,MUC,8677,4,0,-1,,,,
/content/Dataset/MUC/MUC-YQCFGAVA.jpg,4,MUC,8678,4,0,-1,,,,
/content/Dataset/MUS/MUS-APIWDLPW.jpg,5,MUS,8679,5,0,-1,,,,
/content/Dataset/MUS/MUS-REMWRMEC.jpg,5,MUS,8680,5,0,-1,,,,
/content/Dataset/LYM/LYM-TKHIIVAD.jpg,3,LYM,8681,3,0,-1,,,,
/content/Dataset/MUS/MUS-VLYRLDYP.jpg,5,MUS,8682,5,0,-1,,,,
/content/Dataset/DEB/DEB-YADMARYP.jpg,2,DEB,8683,2,0,-1,,,,
/content/Dataset/LYM/LYM-QNHDLPHE.jpg,3,LYM,8684,3,0,-1,,,,
/content/Dataset/LYM/LYM-SGLAYDSI.jpg,3,LYM,8685,3,0,-1,,,,
/content/Dataset/MUS/MUS-SCQGMWCC.jpg,5,MUS,8686,5,0,-1,,,,
/content/Dataset/MUS/MUS-SQHYFGNL.jpg,5,MUS,8687,5,0,-1,,,,
/content/Dataset/ADI/ADI-HAEWYHWI.jpg,0,ADI,8688,0,0,-1,,,,
/content/Dataset/STR/STR-RGPPWVKG.jpg,7,STR,8689,7,0,-1,,,,
/content/Dataset/MUS/MUS-QTPGASEF.jpg,5,MUS,8690,5,0,-1,,,,
/content/Dataset/TUM/TUM-VHIRCKGF.jpg,8,TUM,8691,8,0,-1,,,,
/content/Dataset/TUM/TUM-RQNSQVRV.jpg,8,TUM,8692,8,0,-1,,,,
/content/Dataset/MUS/MUS-PNQYEEPS.jpg,5,MUS,8693,5,0,-1,,,,
/content/Dataset/DEB/DEB-RVIDSCAW.jpg,2,DEB,8694,2,0,-1,,,,
/content/Dataset/ADI/ADI-GGKAKYNP.jpg,0,ADI,8695,0,0,-1,,,,
/content/Dataset/DEB/DEB-TPFCTGSC.jpg,2,DEB,8696,2,0,-1,,,,
/content/Dataset/MUS/MUS-PVTKVEGI.jpg,5,MUS,8697,5,0,-1,,,,
/content/Dataset/TUM/TUM-RMTWDYCS.jpg,8,TUM,8698,8,0,-1,,,,
/content/Dataset/NORM/NORM-SWPVMARG.jpg,6,NORM,8699,6,0,-1,,,,
/content/Dataset/BACK/BACK-KEKGGITK.jpg,1,BACK,8700,1,0,-1,,,,
/content/Dataset/BACK/BACK-IVQMFLHW.jpg,1,BACK,8701,1,0,-1,,,,
/content/Dataset/TUM/TUM-TRHTKWCQ.jpg,8,TUM,8702,8,0,-1,,,,
/content/Dataset/TUM/TUM-VLGSKGDL.jpg,8,TUM,8703,8,0,-1,,,,
/content/Dataset/MUS/MUS-SGWRTDGC.jpg,5,MUS,8704,5,0,-1,,,,
/content/Dataset/MUS/MUS-RDQMHIIA.jpg,5,MUS,8705,5,0,-1,,,,
/content/Dataset/ADI/ADI-DQAGAWCW.jpg,0,ADI,8706,0,0,-1,,,,
/content/Dataset/STR/STR-VEWFETHH.jpg,7,STR,8707,7,0,-1,,,,
/content/Dataset/BACK/BACK-LCGRLMKL.jpg,1,BACK,8708,1,0,-1,,,,
/content/Dataset/STR/STR-VGLVVMYA.jpg,7,STR,8709,7,0,-1,,,,
/content/Dataset/MUS/MUS-RCKTINMQ.jpg,5,MUS,8710,5,0,-1,,,,
/content/Dataset/BACK/BACK-KMTKGLYW.jpg,1,BACK,8711,1,0,-1,,,,
/content/Dataset/BACK/BACK-IKNLGSSY.jpg,1,BACK,8712,1,0,-1,,,,
/content/Dataset/BACK/BACK-KYRWWKES.jpg,1,BACK,8713,1,0,-1,,,,
/content/Dataset/DEB/DEB-QVQPENRH.jpg,2,DEB,8714,2,0,-1,,,,
/content/Dataset/STR/STR-QPRDYHPR.jpg,7,STR,8715,7,0,-1,,,,
/content/Dataset/STR/STR-YMEDEFCC.jpg,7,STR,8716,7,0,-1,,,,
/content/Dataset/NORM/NORM-SPLIFYWH.jpg,6,NORM,8717,6,0,-1,,,,
/content/Dataset/MUC/MUC-CDFQWDGW.jpg,4,MUC,8718,4,0,-1,,,,
/content/Dataset/BACK/BACK-KHSYIPCL.jpg,1,BACK,8719,1,0,-1,,,,
/content/Dataset/STR/STR-PDAKLTTG.jpg,7,STR,8720,7,0,-1,,,,
/content/Dataset/BACK/BACK-NPFRLTGM.jpg,1,BACK,8721,1,0,-1,,,,
/content/Dataset/LYM/LYM-YPGMADLW.jpg,3,LYM,8722,3,0,-1,,,,
/content/Dataset/TUM/TUM-SFIDNPAD.jpg,8,TUM,8723,8,0,-1,,,,
/content/Dataset/MUS/MUS-QAFKVQKN.jpg,5,MUS,8724,5,0,-1,,,,
/content/Dataset/MUS/MUS-SYNSHISY.jpg,5,MUS,8725,5,0,-1,,,,
/content/Dataset/ADI/ADI-EWACSCFR.jpg,0,ADI,8726,0,0,-1,,,,
/content/Dataset/LYM/LYM-NWWDHAGP.jpg,3,LYM,8727,3,0,-1,,,,
/content/Dataset/TUM/TUM-YSCCWSDC.jpg,8,TUM,8728,8,0,-1,,,,
/content/Dataset/MUS/MUS-CIEYYMNM.jpg,5,MUS,8729,5,0,-1,,,,
/content/Dataset/LYM/LYM-RMMFIPVP.jpg,3,LYM,8730,3,0,-1,,,,
/content/Dataset/STR/STR-QPGRFCWH.jpg,7,STR,8731,7,0,-1,,,,
/content/Dataset/MUS/MUS-SPGHQTCC.jpg,5,MUS,8732,5,0,-1,,,,
/content/Dataset/MUC/MUC-VRRMCMCC.jpg,4,MUC,8733,4,0,-1,,,,
/content/Dataset/DEB/DEB-YCEMVIHI.jpg,2,DEB,8734,2,0,-1,,,,
/content/Dataset/NORM/NORM-MMMQAEPY.jpg,6,NORM,8735,6,0,-1,,,,
/content/Dataset/BACK/BACK-MYVRESEA.jpg,1,BACK,8736,1,0,-1,,,,
/content/Dataset/DEB/DEB-QHYAGTQH.jpg,2,DEB,8737,2,0,-1,,,,
/content/Dataset/LYM/LYM-SPFSNGQR.jpg,3,LYM,8738,3,0,-1,,,,
/content/Dataset/BACK/BACK-GRLSEPCI.jpg,1,BACK,8739,1,0,-1,,,,
/content/Dataset/NORM/NORM-PCSAWDYI.jpg,6,NORM,8740,6,0,-1,,,,
/content/Dataset/MUC/MUC-VQHVLEMM.jpg,4,MUC,8741,4,0,-1,,,,
/content/Dataset/MUC/MUC-NKWFRGFY.jpg,4,MUC,8742,4,0,-1,,,,
/content/Dataset/NORM/NORM-RLKPRWFS.jpg,6,NORM,8743,6,0,-1,,,,
/content/Dataset/MUC/MUC-YLRNTRQG.jpg,4,MUC,8744,4,0,-1,,,,
/content/Dataset/DEB/DEB-WLFFDACF.jpg,2,DEB,8745,2,0,-1,,,,
/content/Dataset/DEB/DEB-PFEWIHEF.jpg,2,DEB,8746,2,0,-1,,,,
/content/Dataset/MUC/MUC-NSIDDFVD.jpg,4,MUC,8747,4,0,-1,,,,
/content/Dataset/MUS/MUS-SFHMHRWK.jpg,5,MUS,8748,5,0,-1,,,,
/content/Dataset/STR/STR-YGCKTGPC.jpg,7,STR,8749,7,0,-1,,,,
/content/Dataset/BACK/BACK-KHMVALGA.jpg,1,BACK,8750,1,0,-1,,,,
/content/Dataset/BACK/BACK-KMGIKGSG.jpg,1,BACK,8751,1,0,-1,,,,
/content/Dataset/DEB/DEB-ACECYVHE.jpg,2,DEB,8752,2,0,-1,,,,
/content/Dataset/NORM/NORM-NFIDPVAC.jpg,6,NORM,8753,6,0,-1,,,,
/content/Dataset/LYM/LYM-NMDSENRT.jpg,3,LYM,8754,3,0,-1,,,,
/content/Dataset/DEB/DEB-SIWDWGGH.jpg,2,DEB,8755,2,0,-1,,,,
/content/Dataset/MUS/MUS-NVPYQTML.jpg,5,MUS,8756,5,0,-1,,,,
/content/Dataset/LYM/LYM-PFETCTWE.jpg,3,LYM,8757,3,0,-1,,,,
/content/Dataset/STR/STR-SRANDLWL.jpg,7,STR,8758,7,0,-1,,,,
/content/Dataset/MUC/MUC-SRADFDTY.jpg,4,MUC,8759,4,0,-1,,,,
/content/Dataset/DEB/DEB-VYVWQWSQ.jpg,2,DEB,8760,2,0,-1,,,,
/content/Dataset/DEB/DEB-TWAKEMWK.jpg,2,DEB,8761,2,0,-1,,,,
/content/Dataset/BACK/BACK-MRAGIMCL.jpg,1,BACK,8762,1,0,-1,,,,
/content/Dataset/ADI/ADI-EEEQDKYY.jpg,0,ADI,8763,0,0,-1,,,,
/content/Dataset/NORM/NORM-RYEICPHI.jpg,6,NORM,8764,6,0,-1,,,,
/content/Dataset/LYM/LYM-VKLCQTWG.jpg,3,LYM,8765,3,0,-1,,,,
/content/Dataset/LYM/LYM-MQGQKCVH.jpg,3,LYM,8766,3,0,-1,,,,
/content/Dataset/MUS/MUS-ALISINCG.jpg,5,MUS,8767,5,0,-1,,,,
/content/Dataset/ADI/ADI-IPKRVKKK.jpg,0,ADI,8768,0,0,-1,,,,
/content/Dataset/STR/STR-QRGRPHWM.jpg,7,STR,8769,7,0,-1,,,,
/content/Dataset/BACK/BACK-HYMETLNR.jpg,1,BACK,8770,1,0,-1,,,,
/content/Dataset/MUC/MUC-YFNWWAHQ.jpg,4,MUC,8771,4,0,-1,,,,
/content/Dataset/LYM/LYM-QNCMCTIW.jpg,3,LYM,8772,3,0,-1,,,,
/content/Dataset/MUS/MUS-QSPSVWED.jpg,5,MUS,8773,5,0,-1,,,,
/content/Dataset/MUS/MUS-RLKMAVMQ.jpg,5,MUS,8774,5,0,-1,,,,
/content/Dataset/BACK/BACK-LCEGNCRV.jpg,1,BACK,8775,1,0,-1,,,,
/content/Dataset/TUM/TUM-TGILKDNY.jpg,8,TUM,8776,8,0,-1,,,,
/content/Dataset/BACK/BACK-IMLWEQQG.jpg,1,BACK,8777,1,0,-1,,,,
/content/Dataset/BACK/BACK-MFAIYNAR.jpg,1,BACK,8778,1,0,-1,,,,
/content/Dataset/MUC/MUC-PEICTTWV.jpg,4,MUC,8779,4,0,-1,,,,
/content/Dataset/MUC/MUC-SCPGTTNP.jpg,4,MUC,8780,4,0,-1,,,,
/content/Dataset/TUM/TUM-TPPTFYDE.jpg,8,TUM,8781,8,0,-1,,,,
/content/Dataset/DEB/DEB-QYTCQEGY.jpg,2,DEB,8782,2,0,-1,,,,
/content/Dataset/NORM/NORM-LLQLCTTT.jpg,6,NORM,8783,6,0,-1,,,,
/content/Dataset/TUM/TUM-VIHWVQLG.jpg,8,TUM,8784,8,0,-1,,,,
/content/Dataset/BACK/BACK-DQVRLTWS.jpg,1,BACK,8785,1,0,-1,,,,
/content/Dataset/STR/STR-QAINITDQ.jpg,7,STR,8786,7,0,-1,,,,
/content/Dataset/MUS/MUS-VIEWLVAA.jpg,5,MUS,8787,5,0,-1,,,,
/content/Dataset/NORM/NORM-WRKCNVPW.jpg,6,NORM,8788,6,0,-1,,,,
/content/Dataset/LYM/LYM-PRVHQFVL.jpg,3,LYM,8789,3,0,-1,,,,
/content/Dataset/STR/STR-SHHHANYT.jpg,7,STR,8790,7,0,-1,,,,
/content/Dataset/BACK/BACK-CSWSVWQQ.jpg,1,BACK,8791,1,0,-1,,,,
/content/Dataset/NORM/NORM-NLEHMEKE.jpg,6,NORM,8792,6,0,-1,,,,
/content/Dataset/NORM/NORM-YWLLPSMF.jpg,6,NORM,8793,6,0,-1,,,,
/content/Dataset/NORM/NORM-NHEVSAQW.jpg,6,NORM,8794,6,0,-1,,,,
/content/Dataset/ADI/ADI-FYWFMDGH.jpg,0,ADI,8795,0,0,-1,,,,
/content/Dataset/ADI/ADI-HTMDVILS.jpg,0,ADI,8796,0,0,-1,,,,
/content/Dataset/MUS/MUS-CGCPPYLL.jpg,5,MUS,8797,5,0,-1,,,,
/content/Dataset/TUM/TUM-SMKFSHDM.jpg,8,TUM,8798,8,0,-1,,,,
/content/Dataset/STR/STR-VHSMLLMN.jpg,7,STR,8799,7,0,-1,,,,
/content/Dataset/ADI/ADI-IMRPSMHT.jpg,0,ADI,8800,0,0,-1,,,,
/content/Dataset/MUS/MUS-ANETSEQV.jpg,5,MUS,8801,5,0,-1,,,,
/content/Dataset/NORM/NORM-RDQGESHM.jpg,6,NORM,8802,6,0,-1,,,,
/content/Dataset/DEB/DEB-WLIGFWTP.jpg,2,DEB,8803,2,0,-1,,,,
/content/Dataset/MUS/MUS-RAGFMNYM.jpg,5,MUS,8804,5,0,-1,,,,
/content/Dataset/STR/STR-YPCGAGVS.jpg,7,STR,8805,7,0,-1,,,,
/content/Dataset/MUS/MUS-QSVYLHTH.jpg,5,MUS,8806,5,0,-1,,,,
/content/Dataset/NORM/NORM-LDTLTGTH.jpg,6,NORM,8807,6,0,-1,,,,
/content/Dataset/ADI/ADI-IPDNPTVQ.jpg,0,ADI,8808,0,0,-1,,,,
/content/Dataset/MUS/MUS-PTGNAGDR.jpg,5,MUS,8809,5,0,-1,,,,
/content/Dataset/MUS/MUS-AWKSHNEL.jpg,5,MUS,8810,5,0,-1,,,,
/content/Dataset/DEB/DEB-TPHDHTAL.jpg,2,DEB,8811,2,0,-1,,,,
/content/Dataset/ADI/ADI-HGHFLAFI.jpg,0,ADI,8812,0,0,-1,,,,
/content/Dataset/DEB/DEB-SHDQSFFC.jpg,2,DEB,8813,2,0,-1,,,,
/content/Dataset/ADI/ADI-DYNRRHCL.jpg,0,ADI,8814,0,0,-1,,,,
/content/Dataset/MUS/MUS-RWRLWYHT.jpg,5,MUS,8815,5,0,-1,,,,
/content/Dataset/MUS/MUS-NSIPAEMG.jpg,5,MUS,8816,5,0,-1,,,,
/content/Dataset/BACK/BACK-CNAFMPNH.jpg,1,BACK,8817,1,0,-1,,,,
/content/Dataset/TUM/TUM-RPNKWPPK.jpg,8,TUM,8818,8,0,-1,,,,
/content/Dataset/MUC/MUC-AMQNTLRN.jpg,4,MUC,8819,4,0,-1,,,,
/content/Dataset/TUM/TUM-QFMHNHQD.jpg,8,TUM,8820,8,0,-1,,,,
/content/Dataset/STR/STR-TNGNFVTG.jpg,7,STR,8821,7,0,-1,,,,
/content/Dataset/LYM/LYM-RKFRENRW.jpg,3,LYM,8822,3,0,-1,,,,
/content/Dataset/BACK/BACK-LQKPHDFD.jpg,1,BACK,8823,1,0,-1,,,,
/content/Dataset/STR/STR-VGPWAKLD.jpg,7,STR,8824,7,0,-1,,,,
/content/Dataset/NORM/NORM-LNIMHQVN.jpg,6,NORM,8825,6,0,-1,,,,
/content/Dataset/MUC/MUC-TICYPWMV.jpg,4,MUC,8826,4,0,-1,,,,
/content/Dataset/DEB/DEB-TKRQQWAP.jpg,2,DEB,8827,2,0,-1,,,,
/content/Dataset/NORM/NORM-WRRHNACL.jpg,6,NORM,8828,6,0,-1,,,,
/content/Dataset/TUM/TUM-STHSYESP.jpg,8,TUM,8829,8,0,-1,,,,
/content/Dataset/BACK/BACK-DQICTYEE.jpg,1,BACK,8830,1,0,-1,,,,
/content/Dataset/DEB/DEB-TKFWYESF.jpg,2,DEB,8831,2,0,-1,,,,
/content/Dataset/NORM/NORM-SWGAGCWG.jpg,6,NORM,8832,6,0,-1,,,,
/content/Dataset/MUC/MUC-WMQDKITW.jpg,4,MUC,8833,4,0,-1,,,,
/content/Dataset/MUS/MUS-QLKHQICR.jpg,5,MUS,8834,5,0,-1,,,,
/content/Dataset/MUS/MUS-PRHDGMRV.jpg,5,MUS,8835,5,0,-1,,,,
/content/Dataset/BACK/BACK-LGMHNPYL.jpg,1,BACK,8836,1,0,-1,,,,
/content/Dataset/TUM/TUM-VSEWKEDH.jpg,8,TUM,8837,8,0,-1,,,,
/content/Dataset/BACK/BACK-HWWGMSFY.jpg,1,BACK,8838,1,0,-1,,,,
/content/Dataset/MUC/MUC-APTAHKNW.jpg,4,MUC,8839,4,0,-1,,,,
/content/Dataset/LYM/LYM-YPPTGHQC.jpg,3,LYM,8840,3,0,-1,,,,
/content/Dataset/STR/STR-NCTLMTLF.jpg,7,STR,8841,7,0,-1,,,,
/content/Dataset/LYM/LYM-HMCQHPTM.jpg,3,LYM,8842,3,0,-1,,,,
/content/Dataset/DEB/DEB-TDIDPWMY.jpg,2,DEB,8843,2,0,-1,,,,
/content/Dataset/LYM/LYM-YMLDSEFS.jpg,3,LYM,8844,3,0,-1,,,,
/content/Dataset/LYM/LYM-FLYKAFGD.jpg,3,LYM,8845,3,0,-1,,,,
/content/Dataset/NORM/NORM-TGGWIWFT.jpg,6,NORM,8846,6,0,-1,,,,
/content/Dataset/NORM/NORM-WNDWDSIF.jpg,6,NORM,8847,6,0,-1,,,,
/content/Dataset/MUS/MUS-QGAHQMMT.jpg,5,MUS,8848,5,0,-1,,,,
/content/Dataset/DEB/DEB-QNVMHYAV.jpg,2,DEB,8849,2,0,-1,,,,
/content/Dataset/MUS/MUS-RVGRCATC.jpg,5,MUS,8850,5,0,-1,,,,
/content/Dataset/NORM/NORM-TWNRNTSM.jpg,6,NORM,8851,6,0,-1,,,,
/content/Dataset/NORM/NORM-SDNGTIYD.jpg,6,NORM,8852,6,0,-1,,,,
/content/Dataset/LYM/LYM-PEDMDRHD.jpg,3,LYM,8853,3,0,-1,,,,
/content/Dataset/NORM/NORM-PRLNQQDA.jpg,6,NORM,8854,6,0,-1,,,,
/content/Dataset/BACK/BACK-LTAHLGNS.jpg,1,BACK,8855,1,0,-1,,,,
/content/Dataset/MUS/MUS-PLYVLTFD.jpg,5,MUS,8856,5,0,-1,,,,
/content/Dataset/STR/STR-VRGRLQLI.jpg,7,STR,8857,7,0,-1,,,,
/content/Dataset/BACK/BACK-KQRCAYKM.jpg,1,BACK,8858,1,0,-1,,,,
/content/Dataset/ADI/ADI-ECIATQFS.jpg,0,ADI,8859,0,0,-1,,,,
/content/Dataset/MUC/MUC-YYGFYSQY.jpg,4,MUC,8860,4,0,-1,,,,
/content/Dataset/DEB/DEB-QMAENFYH.jpg,2,DEB,8861,2,0,-1,,,,
/content/Dataset/DEB/DEB-SMNCIINN.jpg,2,DEB,8862,2,0,-1,,,,
/content/Dataset/DEB/DEB-WASQDMRP.jpg,2,DEB,8863,2,0,-1,,,,
/content/Dataset/LYM/LYM-DSMFLGVF.jpg,3,LYM,8864,3,0,-1,,,,
/content/Dataset/TUM/TUM-TPMNDPYV.jpg,8,TUM,8865,8,0,-1,,,,
/content/Dataset/MUS/MUS-QANTCTPY.jpg,5,MUS,8866,5,0,-1,,,,
/content/Dataset/NORM/NORM-NMFGQHHY.jpg,6,NORM,8867,6,0,-1,,,,
/content/Dataset/TUM/TUM-WICLVDRG.jpg,8,TUM,8868,8,0,-1,,,,
/content/Dataset/STR/STR-VYLLKNKD.jpg,7,STR,8869,7,0,-1,,,,
/content/Dataset/MUC/MUC-QRDIKNWT.jpg,4,MUC,8870,4,0,-1,,,,
/content/Dataset/LYM/LYM-RGRQGRLS.jpg,3,LYM,8871,3,0,-1,,,,
/content/Dataset/ADI/ADI-EATAQELN.jpg,0,ADI,8872,0,0,-1,,,,
/content/Dataset/NORM/NORM-LHFESPDI.jpg,6,NORM,8873,6,0,-1,,,,
/content/Dataset/MUS/MUS-PISHGEGF.jpg,5,MUS,8874,5,0,-1,,,,
/content/Dataset/TUM/TUM-WFPVLRMD.jpg,8,TUM,8875,8,0,-1,,,,
/content/Dataset/MUS/MUS-SNMEVIRF.jpg,5,MUS,8876,5,0,-1,,,,
/content/Dataset/TUM/TUM-WHFEMQSP.jpg,8,TUM,8877,8,0,-1,,,,
/content/Dataset/TUM/TUM-WGPPEWEK.jpg,8,TUM,8878,8,0,-1,,,,
/content/Dataset/ADI/ADI-FMQHAVDN.jpg,0,ADI,8879,0,0,-1,,,,
/content/Dataset/MUS/MUS-PYSHIDYE.jpg,5,MUS,8880,5,0,-1,,,,
/content/Dataset/MUS/MUS-NQHCAYET.jpg,5,MUS,8881,5,0,-1,,,,
/content/Dataset/ADI/ADI-CESEATVV.jpg,0,ADI,8882,0,0,-1,,,,
/content/Dataset/LYM/LYM-TACQCAHS.jpg,3,LYM,8883,3,0,-1,,,,
/content/Dataset/NORM/NORM-NRSRMEQM.jpg,6,NORM,8884,6,0,-1,,,,
/content/Dataset/TUM/TUM-SHVAQYVD.jpg,8,TUM,8885,8,0,-1,,,,
/content/Dataset/ADI/ADI-DCFWWYFD.jpg,0,ADI,8886,0,0,-1,,,,
/content/Dataset/STR/STR-SVLWQTFD.jpg,7,STR,8887,7,0,-1,,,,
/content/Dataset/DEB/DEB-QFREWGKI.jpg,2,DEB,8888,2,0,-1,,,,
/content/Dataset/LYM/LYM-PHLADYPR.jpg,3,LYM,8889,3,0,-1,,,,
/content/Dataset/MUC/MUC-WYFLKNAC.jpg,4,MUC,8890,4,0,-1,,,,
/content/Dataset/BACK/BACK-LGPIILMK.jpg,1,BACK,8891,1,0,-1,,,,
/content/Dataset/BACK/BACK-IAGEMFQN.jpg,1,BACK,8892,1,0,-1,,,,
/content/Dataset/STR/STR-PFPWMFFW.jpg,7,STR,8893,7,0,-1,,,,
/content/Dataset/MUC/MUC-KQTYVDYN.jpg,4,MUC,8894,4,0,-1,,,,
/content/Dataset/BACK/BACK-NVNQKRWT.jpg,1,BACK,8895,1,0,-1,,,,
/content/Dataset/MUS/MUS-RNHIGNWF.jpg,5,MUS,8896,5,0,-1,,,,
/content/Dataset/DEB/DEB-RGVTEVAK.jpg,2,DEB,8897,2,0,-1,,,,
/content/Dataset/TUM/TUM-VEATPNIE.jpg,8,TUM,8898,8,0,-1,,,,
/content/Dataset/MUC/MUC-SGHHMAQS.jpg,4,MUC,8899,4,0,-1,,,,
/content/Dataset/BACK/BACK-LNTMSDFE.jpg,1,BACK,8900,1,0,-1,,,,
/content/Dataset/MUS/MUS-QYTQCMHW.jpg,5,MUS,8901,5,0,-1,,,,
/content/Dataset/STR/STR-RDNYRNIP.jpg,7,STR,8902,7,0,-1,,,,
/content/Dataset/TUM/TUM-VLPTMGQP.jpg,8,TUM,8903,8,0,-1,,,,
/content/Dataset/BACK/BACK-IWFWAELP.jpg,1,BACK,8904,1,0,-1,,,,
/content/Dataset/TUM/TUM-SICEIAME.jpg,8,TUM,8905,8,0,-1,,,,
/content/Dataset/BACK/BACK-LTWHAKEM.jpg,1,BACK,8906,1,0,-1,,,,
/content/Dataset/MUC/MUC-YFFWFPSC.jpg,4,MUC,8907,4,0,-1,,,,
/content/Dataset/LYM/LYM-PYSYSHRD.jpg,3,LYM,8908,3,0,-1,,,,
/content/Dataset/LYM/LYM-RKQPVFST.jpg,3,LYM,8909,3,0,-1,,,,
/content/Dataset/LYM/LYM-RRLGRHRF.jpg,3,LYM,8910,3,0,-1,,,,
/content/Dataset/BACK/BACK-HCYDLYYF.jpg,1,BACK,8911,1,0,-1,,,,
/content/Dataset/STR/STR-YNVAHNDF.jpg,7,STR,8912,7,0,-1,,,,
/content/Dataset/DEB/DEB-QDICECSC.jpg,2,DEB,8913,2,0,-1,,,,
/content/Dataset/TUM/TUM-YREDCCNH.jpg,8,TUM,8914,8,0,-1,,,,
/content/Dataset/DEB/DEB-TVQAMMHP.jpg,2,DEB,8915,2,0,-1,,,,
/content/Dataset/MUS/MUS-SYYGATHQ.jpg,5,MUS,8916,5,0,-1,,,,
/content/Dataset/MUC/MUC-TKQWMLHT.jpg,4,MUC,8917,4,0,-1,,,,
/content/Dataset/STR/STR-PTVWNPTM.jpg,7,STR,8918,7,0,-1,,,,
/content/Dataset/MUS/MUS-QNQIHSQL.jpg,5,MUS,8919,5,0,-1,,,,
/content/Dataset/DEB/DEB-YRPSGELT.jpg,2,DEB,8920,2,0,-1,,,,
/content/Dataset/STR/STR-PRVYFPHV.jpg,7,STR,8921,7,0,-1,,,,
/content/Dataset/NORM/NORM-YEACSLGW.jpg,6,NORM,8922,6,0,-1,,,,
/content/Dataset/TUM/TUM-RWQLTSIE.jpg,8,TUM,8923,8,0,-1,,,,
/content/Dataset/MUC/MUC-ARWIDFHG.jpg,4,MUC,8924,4,0,-1,,,,
/content/Dataset/MUC/MUC-RFSQNQDH.jpg,4,MUC,8925,4,0,-1,,,,
/content/Dataset/LYM/LYM-VMRLKGCT.jpg,3,LYM,8926,3,0,-1,,,,
/content/Dataset/DEB/DEB-TMWPSLYI.jpg,2,DEB,8927,2,0,-1,,,,
/content/Dataset/BACK/BACK-PDWRKVVI.jpg,1,BACK,8928,1,0,-1,,,,
/content/Dataset/NORM/NORM-MEDYVIVE.jpg,6,NORM,8929,6,0,-1,,,,
/content/Dataset/LYM/LYM-RLCVFQDD.jpg,3,LYM,8930,3,0,-1,,,,
/content/Dataset/MUC/MUC-WCNHEWRG.jpg,4,MUC,8931,4,0,-1,,,,
/content/Dataset/NORM/NORM-WPWNICEC.jpg,6,NORM,8932,6,0,-1,,,,
/content/Dataset/MUC/MUC-YDWQRDRS.jpg,4,MUC,8933,4,0,-1,,,,
/content/Dataset/TUM/TUM-VWKNRSEM.jpg,8,TUM,8934,8,0,-1,,,,
/content/Dataset/BACK/BACK-KNGMNYLK.jpg,1,BACK,8935,1,0,-1,,,,
/content/Dataset/LYM/LYM-QPVWAVIT.jpg,3,LYM,8936,3,0,-1,,,,
/content/Dataset/ADI/ADI-INRIYHEC.jpg,0,ADI,8937,0,0,-1,,,,
/content/Dataset/DEB/DEB-WMECMVVW.jpg,2,DEB,8938,2,0,-1,,,,
/content/Dataset/STR/STR-YATEGHDR.jpg,7,STR,8939,7,0,-1,,,,
/content/Dataset/MUC/MUC-WNGRSIHS.jpg,4,MUC,8940,4,0,-1,,,,
/content/Dataset/BACK/BACK-MDILVELT.jpg,1,BACK,8941,1,0,-1,,,,
/content/Dataset/STR/STR-YCPTYFTG.jpg,7,STR,8942,7,0,-1,,,,
/content/Dataset/NORM/NORM-PHHRVNWN.jpg,6,NORM,8943,6,0,-1,,,,
/content/Dataset/DEB/DEB-YFLTGGAH.jpg,2,DEB,8944,2,0,-1,,,,
/content/Dataset/ADI/ADI-HHNAQEFV.jpg,0,ADI,8945,0,0,-1,,,,
/content/Dataset/ADI/ADI-GWMGMMED.jpg,0,ADI,8946,0,0,-1,,,,
/content/Dataset/LYM/LYM-QYRDATFY.jpg,3,LYM,8947,3,0,-1,,,,
/content/Dataset/DEB/DEB-PDQQSMGV.jpg,2,DEB,8948,2,0,-1,,,,
/content/Dataset/LYM/LYM-QMNMCWPL.jpg,3,LYM,8949,3,0,-1,,,,
/content/Dataset/NORM/NORM-WAKTYCYR.jpg,6,NORM,8950,6,0,-1,,,,
/content/Dataset/MUS/MUS-PRALAMGP.jpg,5,MUS,8951,5,0,-1,,,,
/content/Dataset/MUS/MUS-QRCLIPFW.jpg,5,MUS,8952,5,0,-1,,,,
/content/Dataset/TUM/TUM-YIREGSEC.jpg,8,TUM,8953,8,0,-1,,,,
/content/Dataset/LYM/LYM-TKDMHFYD.jpg,3,LYM,8954,3,0,-1,,,,
/content/Dataset/STR/STR-WCVCVPTQ.jpg,7,STR,8955,7,0,-1,,,,
/content/Dataset/STR/STR-MVGSPHYT.jpg,7,STR,8956,7,0,-1,,,,
/content/Dataset/DEB/DEB-TRRYHRQC.jpg,2,DEB,8957,2,0,-1,,,,
/content/Dataset/DEB/DEB-SVKLRAQK.jpg,2,DEB,8958,2,0,-1,,,,
/content/Dataset/ADI/ADI-AVDYCRFR.jpg,0,ADI,8959,0,0,-1,,,,
/content/Dataset/MUC/MUC-SVMDCNSC.jpg,4,MUC,8960,4,0,-1,,,,
/content/Dataset/DEB/DEB-RDIGGTAQ.jpg,2,DEB,8961,2,0,-1,,,,
/content/Dataset/TUM/TUM-YRAYHKKP.jpg,8,TUM,8962,8,0,-1,,,,
/content/Dataset/MUS/MUS-NQNEHYQK.jpg,5,MUS,8963,5,0,-1,,,,
/content/Dataset/DEB/DEB-QIKGHPTF.jpg,2,DEB,8964,2,0,-1,,,,
/content/Dataset/MUS/MUS-STTSCCAT.jpg,5,MUS,8965,5,0,-1,,,,
/content/Dataset/MUC/MUC-YWKNCFQQ.jpg,4,MUC,8966,4,0,-1,,,,
/content/Dataset/STR/STR-SATMRCMV.jpg,7,STR,8967,7,0,-1,,,,
/content/Dataset/TUM/TUM-RPQTEMTF.jpg,8,TUM,8968,8,0,-1,,,,
/content/Dataset/NORM/NORM-YYGIDSKQ.jpg,6,NORM,8969,6,0,-1,,,,
/content/Dataset/ADI/ADI-FHYPGGDF.jpg,0,ADI,8970,0,0,-1,,,,
/content/Dataset/ADI/ADI-HEMLMVGN.jpg,0,ADI,8971,0,0,-1,,,,
/content/Dataset/DEB/DEB-NQVAELHS.jpg,2,DEB,8972,2,0,-1,,,,
/content/Dataset/LYM/LYM-TQTATDLN.jpg,3,LYM,8973,3,0,-1,,,,
/content/Dataset/MUS/MUS-APFAWFGD.jpg,5,MUS,8974,5,0,-1,,,,
/content/Dataset/NORM/NORM-TETCENNT.jpg,6,NORM,8975,6,0,-1,,,,
/content/Dataset/NORM/NORM-RKLHIYSY.jpg,6,NORM,8976,6,0,-1,,,,
/content/Dataset/MUC/MUC-HRWTTFNR.jpg,4,MUC,8977,4,0,-1,,,,
/content/Dataset/ADI/ADI-FPFIRTGG.jpg,0,ADI,8978,0,0,-1,,,,
/content/Dataset/TUM/TUM-VQWDAVNE.jpg,8,TUM,8979,8,0,-1,,,,
/content/Dataset/LYM/LYM-PLVNCKKQ.jpg,3,LYM,8980,3,0,-1,,,,
/content/Dataset/MUC/MUC-TFDKVNVG.jpg,4,MUC,8981,4,0,-1,,,,
/content/Dataset/MUS/MUS-QLPNVEDW.jpg,5,MUS,8982,5,0,-1,,,,
/content/Dataset/MUS/MUS-PLIGGRTN.jpg,5,MUS,8983,5,0,-1,,,,
/content/Dataset/TUM/TUM-YGGCHRVD.jpg,8,TUM,8984,8,0,-1,,,,
/content/Dataset/ADI/ADI-CTTPTYRY.jpg,0,ADI,8985,0,0,-1,,,,
/content/Dataset/ADI/ADI-GYTAWKRP.jpg,0,ADI,8986,0,0,-1,,,,
/content/Dataset/LYM/LYM-TYVKRIWN.jpg,3,LYM,8987,3,0,-1,,,,
/content/Dataset/MUS/MUS-CLCEKMKV.jpg,5,MUS,8988,5,0,-1,,,,
/content/Dataset/LYM/LYM-QQKHYCRL.jpg,3,LYM,8989,3,0,-1,,,,
/content/Dataset/LYM/LYM-NWLYKRGV.jpg,3,LYM,8990,3,0,-1,,,,
/content/Dataset/BACK/BACK-MIFVCFCK.jpg,1,BACK,8991,1,0,-1,,,,
/content/Dataset/MUC/MUC-QTDYFHGS.jpg,4,MUC,8992,4,0,-1,,,,
/content/Dataset/TUM/TUM-VAIQVRSG.jpg,8,TUM,8993,8,0,-1,,,,
/content/Dataset/MUC/MUC-AAVNSYQL.jpg,4,MUC,8994,4,0,-1,,,,
/content/Dataset/TUM/TUM-SICPYAQM.jpg,8,TUM,8995,8,0,-1,,,,
/content/Dataset/NORM/NORM-LGTFDLPQ.jpg,6,NORM,8996,6,0,-1,,,,
/content/Dataset/STR/STR-RCVRMHYM.jpg,7,STR,8997,7,0,-1,,,,
/content/Dataset/TUM/TUM-QDYPIADI.jpg,8,TUM,8998,8,0,-1,,,,
/content/Dataset/ADI/ADI-ERHAFNDL.jpg,0,ADI,8999,0,0,-1,,,,
/content/Dataset/BACK/BACK-LYLQKGMI.jpg,1,BACK,9000,1,0,-1,,,,
/content/Dataset/STR/STR-MVQIFSSI.jpg,7,STR,9001,7,0,-1,,,,
/content/Dataset/ADI/ADI-DKTQCWYQ.jpg,0,ADI,9002,0,0,-1,,,,
/content/Dataset/LYM/LYM-ALSQMGRT.jpg,3,LYM,9003,3,0,-1,,,,
/content/Dataset/MUC/MUC-RQNHGFTN.jpg,4,MUC,9004,4,0,-1,,,,
/content/Dataset/NORM/NORM-NAYLMMVR.jpg,6,NORM,9005,6,0,-1,,,,
/content/Dataset/STR/STR-PRHIWRWI.jpg,7,STR,9006,7,0,-1,,,,
/content/Dataset/ADI/ADI-CLSLYNHQ.jpg,0,ADI,9007,0,0,-1,,,,
/content/Dataset/ADI/ADI-DVGPNMCS.jpg,0,ADI,9008,0,0,-1,,,,
/content/Dataset/MUC/MUC-PGHSLWLE.jpg,4,MUC,9009,4,0,-1,,,,
/content/Dataset/STR/STR-NVLNPPRF.jpg,7,STR,9010,7,0,-1,,,,
/content/Dataset/MUS/MUS-QVCMWNCG.jpg,5,MUS,9011,5,0,-1,,,,
/content/Dataset/STR/STR-PAWHAVMF.jpg,7,STR,9012,7,0,-1,,,,
/content/Dataset/STR/STR-PPPNYAAR.jpg,7,STR,9013,7,0,-1,,,,
/content/Dataset/MUS/MUS-QGIKNSQF.jpg,5,MUS,9014,5,0,-1,,,,
/content/Dataset/ADI/ADI-FNGEEKSI.jpg,0,ADI,9015,0,0,-1,,,,
/content/Dataset/ADI/ADI-FITAIHAY.jpg,0,ADI,9016,0,0,-1,,,,
/content/Dataset/NORM/NORM-WLCEQHCN.jpg,6,NORM,9017,6,0,-1,,,,
/content/Dataset/NORM/NORM-TGHSSQKS.jpg,6,NORM,9018,6,0,-1,,,,
/content/Dataset/LYM/LYM-PPCDWCHQ.jpg,3,LYM,9019,3,0,-1,,,,
/content/Dataset/NORM/NORM-PMCLGMTF.jpg,6,NORM,9020,6,0,-1,,,,
/content/Dataset/TUM/TUM-YYGYEPTR.jpg,8,TUM,9021,8,0,-1,,,,
/content/Dataset/STR/STR-NPFEAYPP.jpg,7,STR,9022,7,0,-1,,,,
/content/Dataset/STR/STR-QKAAFGLH.jpg,7,STR,9023,7,0,-1,,,,
/content/Dataset/MUC/MUC-WHAAAIIS.jpg,4,MUC,9024,4,0,-1,,,,
/content/Dataset/DEB/DEB-SMFHLYTG.jpg,2,DEB,9025,2,0,-1,,,,
/content/Dataset/MUC/MUC-RIWFWGQQ.jpg,4,MUC,9026,4,0,-1,,,,
/content/Dataset/ADI/ADI-HHCYKDNS.jpg,0,ADI,9027,0,0,-1,,,,
/content/Dataset/DEB/DEB-QMDSKDWK.jpg,2,DEB,9028,2,0,-1,,,,
/content/Dataset/ADI/ADI-DHHPHVYV.jpg,0,ADI,9029,0,0,-1,,,,
/content/Dataset/LYM/LYM-KMEWTLPA.jpg,3,LYM,9030,3,0,-1,,,,
/content/Dataset/STR/STR-NKRFFKWM.jpg,7,STR,9031,7,0,-1,,,,
/content/Dataset/NORM/NORM-NLLVMWKR.jpg,6,NORM,9032,6,0,-1,,,,
/content/Dataset/STR/STR-VEWFKYIT.jpg,7,STR,9033,7,0,-1,,,,
/content/Dataset/MUC/MUC-RRWHKAWC.jpg,4,MUC,9034,4,0,-1,,,,
/content/Dataset/TUM/TUM-TYCRIVLK.jpg,8,TUM,9035,8,0,-1,,,,
/content/Dataset/BACK/BACK-AEFLFQTP.jpg,1,BACK,9036,1,0,-1,,,,
/content/Dataset/STR/STR-VWDIIRLD.jpg,7,STR,9037,7,0,-1,,,,
/content/Dataset/MUC/MUC-TSAYCVIE.jpg,4,MUC,9038,4,0,-1,,,,
/content/Dataset/NORM/NORM-TPWCCLIS.jpg,6,NORM,9039,6,0,-1,,,,
/content/Dataset/TUM/TUM-QQPYTEHR.jpg,8,TUM,9040,8,0,-1,,,,
/content/Dataset/LYM/LYM-PVKTKYTW.jpg,3,LYM,9041,3,0,-1,,,,
/content/Dataset/DEB/DEB-VDEQHRMV.jpg,2,DEB,9042,2,0,-1,,,,
/content/Dataset/MUS/MUS-VKWVMKSL.jpg,5,MUS,9043,5,0,-1,,,,
/content/Dataset/NORM/NORM-YFEAKCDA.jpg,6,NORM,9044,6,0,-1,,,,
/content/Dataset/BACK/BACK-ITEDLMMA.jpg,1,BACK,9045,1,0,-1,,,,
/content/Dataset/TUM/TUM-RSDCHFSS.jpg,8,TUM,9046,8,0,-1,,,,
/content/Dataset/STR/STR-WDGYQKYC.jpg,7,STR,9047,7,0,-1,,,,
/content/Dataset/NORM/NORM-VFFDWPEF.jpg,6,NORM,9048,6,0,-1,,,,
/content/Dataset/BACK/BACK-IQAFVFRV.jpg,1,BACK,9049,1,0,-1,,,,
/content/Dataset/STR/STR-PPCIDNNL.jpg,7,STR,9050,7,0,-1,,,,
/content/Dataset/BACK/BACK-NSEATIWG.jpg,1,BACK,9051,1,0,-1,,,,
/content/Dataset/BACK/BACK-MHHANGRT.jpg,1,BACK,9052,1,0,-1,,,,
/content/Dataset/TUM/TUM-WCFMWSSI.jpg,8,TUM,9053,8,0,-1,,,,
/content/Dataset/TUM/TUM-TEGLEELP.jpg,8,TUM,9054,8,0,-1,,,,
/content/Dataset/TUM/TUM-SLGWVDGI.jpg,8,TUM,9055,8,0,-1,,,,
/content/Dataset/STR/STR-MLIVETNF.jpg,7,STR,9056,7,0,-1,,,,
/content/Dataset/BACK/BACK-NMKDERSV.jpg,1,BACK,9057,1,0,-1,,,,
/content/Dataset/MUC/MUC-SKIQVMFN.jpg,4,MUC,9058,4,0,-1,,,,
/content/Dataset/TUM/TUM-SYIGQYML.jpg,8,TUM,9059,8,0,-1,,,,
/content/Dataset/DEB/DEB-WYFENMEF.jpg,2,DEB,9060,2,0,-1,,,,
/content/Dataset/ADI/ADI-FRRVCTNS.jpg,0,ADI,9061,0,0,-1,,,,
/content/Dataset/ADI/ADI-CKAHGNPE.jpg,0,ADI,9062,0,0,-1,,,,
/content/Dataset/LYM/LYM-VCFELLSG.jpg,3,LYM,9063,3,0,-1,,,,
/content/Dataset/BACK/BACK-KYVGHMHG.jpg,1,BACK,9064,1,0,-1,,,,
/content/Dataset/BACK/BACK-MNHAMPRT.jpg,1,BACK,9065,1,0,-1,,,,
/content/Dataset/STR/STR-WEGAQKSQ.jpg,7,STR,9066,7,0,-1,,,,
/content/Dataset/TUM/TUM-QYPSPIGL.jpg,8,TUM,9067,8,0,-1,,,,
/content/Dataset/BACK/BACK-KWLESPAI.jpg,1,BACK,9068,1,0,-1,,,,
/content/Dataset/STR/STR-SRIDRWVE.jpg,7,STR,9069,7,0,-1,,,,
/content/Dataset/ADI/ADI-HIGNDYCF.jpg,0,ADI,9070,0,0,-1,,,,
/content/Dataset/STR/STR-NDSAIPRE.jpg,7,STR,9071,7,0,-1,,,,
/content/Dataset/ADI/ADI-EGIKWEMS.jpg,0,ADI,9072,0,0,-1,,,,
/content/Dataset/DEB/DEB-QDFGMFAW.jpg,2,DEB,9073,2,0,-1,,,,
/content/Dataset/TUM/TUM-TKLWSSTE.jpg,8,TUM,9074,8,0,-1,,,,
/content/Dataset/LYM/LYM-YRPSAECW.jpg,3,LYM,9075,3,0,-1,,,,
/content/Dataset/NORM/NORM-APILNLRF.jpg,6,NORM,9076,6,0,-1,,,,
/content/Dataset/NORM/NORM-LHCYMQDI.jpg,6,NORM,9077,6,0,-1,,,,
/content/Dataset/BACK/BACK-LGGNYDWV.jpg,1,BACK,9078,1,0,-1,,,,
/content/Dataset/STR/STR-NMIQLVMN.jpg,7,STR,9079,7,0,-1,,,,
/content/Dataset/MUC/MUC-TPQVGTEV.jpg,4,MUC,9080,4,0,-1,,,,
/content/Dataset/BACK/BACK-LYTLPGDC.jpg,1,BACK,9081,1,0,-1,,,,
/content/Dataset/TUM/TUM-QQYQEDQV.jpg,8,TUM,9082,8,0,-1,,,,
/content/Dataset/LYM/LYM-LNEDQWST.jpg,3,LYM,9083,3,0,-1,,,,
/content/Dataset/MUS/MUS-STQHDCRH.jpg,5,MUS,9084,5,0,-1,,,,
/content/Dataset/STR/STR-THDENKQW.jpg,7,STR,9085,7,0,-1,,,,
/content/Dataset/STR/STR-RNQGAFSI.jpg,7,STR,9086,7,0,-1,,,,
/content/Dataset/MUC/MUC-APHPPHCT.jpg,4,MUC,9087,4,0,-1,,,,
/content/Dataset/NORM/NORM-TKKESSFL.jpg,6,NORM,9088,6,0,-1,,,,
/content/Dataset/DEB/DEB-YHYWFGDQ.jpg,2,DEB,9089,2,0,-1,,,,
/content/Dataset/BACK/BACK-KPEFFAWH.jpg,1,BACK,9090,1,0,-1,,,,
/content/Dataset/MUC/MUC-NDSMFDFF.jpg,4,MUC,9091,4,0,-1,,,,
/content/Dataset/MUC/MUC-IQVKALHH.jpg,4,MUC,9092,4,0,-1,,,,
/content/Dataset/MUC/MUC-AWIKVDGR.jpg,4,MUC,9093,4,0,-1,,,,
/content/Dataset/BACK/BACK-IAQMTLCA.jpg,1,BACK,9094,1,0,-1,,,,
/content/Dataset/LYM/LYM-DTYPRLST.jpg,3,LYM,9095,3,0,-1,,,,
/content/Dataset/LYM/LYM-QQHCEEMR.jpg,3,LYM,9096,3,0,-1,,,,
/content/Dataset/ADI/ADI-ELVFIMFC.jpg,0,ADI,9097,0,0,-1,,,,
/content/Dataset/LYM/LYM-LYNCWDYQ.jpg,3,LYM,9098,3,0,-1,,,,
/content/Dataset/ADI/ADI-DVSVFDQR.jpg,0,ADI,9099,0,0,-1,,,,
/content/Dataset/MUC/MUC-YTWEIFHS.jpg,4,MUC,9100,4,0,-1,,,,
/content/Dataset/TUM/TUM-TFVEAKND.jpg,8,TUM,9101,8,0,-1,,,,
/content/Dataset/LYM/LYM-NEFVVYRQ.jpg,3,LYM,9102,3,0,-1,,,,
/content/Dataset/MUS/MUS-QMCRESNS.jpg,5,MUS,9103,5,0,-1,,,,
/content/Dataset/STR/STR-VHWRWMLA.jpg,7,STR,9104,7,0,-1,,,,
/content/Dataset/MUS/MUS-RPNTNNHL.jpg,5,MUS,9105,5,0,-1,,,,
/content/Dataset/TUM/TUM-VRRHNHNF.jpg,8,TUM,9106,8,0,-1,,,,
/content/Dataset/MUS/MUS-NYSSFNPQ.jpg,5,MUS,9107,5,0,-1,,,,
/content/Dataset/TUM/TUM-SEFCHEHK.jpg,8,TUM,9108,8,0,-1,,,,
/content/Dataset/TUM/TUM-VNKGHFSI.jpg,8,TUM,9109,8,0,-1,,,,
/content/Dataset/TUM/TUM-RMNASATD.jpg,8,TUM,9110,8,0,-1,,,,
/content/Dataset/NORM/NORM-VQGTPMWI.jpg,6,NORM,9111,6,0,-1,,,,
/content/Dataset/BACK/BACK-MKRQMQGK.jpg,1,BACK,9112,1,0,-1,,,,
/content/Dataset/DEB/DEB-VGGPDSQY.jpg,2,DEB,9113,2,0,-1,,,,
/content/Dataset/BACK/BACK-MCPQAQHD.jpg,1,BACK,9114,1,0,-1,,,,
/content/Dataset/MUS/MUS-RSMNLRAP.jpg,5,MUS,9115,5,0,-1,,,,
/content/Dataset/MUC/MUC-QCGAYPLQ.jpg,4,MUC,9116,4,0,-1,,,,
/content/Dataset/BACK/BACK-KHAESCIW.jpg,1,BACK,9117,1,0,-1,,,,
/content/Dataset/ADI/ADI-HFHCWWEG.jpg,0,ADI,9118,0,0,-1,,,,
/content/Dataset/MUC/MUC-TGHSLFKK.jpg,4,MUC,9119,4,0,-1,,,,
/content/Dataset/BACK/BACK-MNQFDLRY.jpg,1,BACK,9120,1,0,-1,,,,
/content/Dataset/TUM/TUM-QTMKQGEN.jpg,8,TUM,9121,8,0,-1,,,,
/content/Dataset/NORM/NORM-PSDEKWSR.jpg,6,NORM,9122,6,0,-1,,,,
/content/Dataset/TUM/TUM-RMYKIQQV.jpg,8,TUM,9123,8,0,-1,,,,
/content/Dataset/MUC/MUC-CFYPHLNT.jpg,4,MUC,9124,4,0,-1,,,,
/content/Dataset/ADI/ADI-ARSFDVEV.jpg,0,ADI,9125,0,0,-1,,,,
/content/Dataset/NORM/NORM-NWSDTLHN.jpg,6,NORM,9126,6,0,-1,,,,
/content/Dataset/MUS/MUS-PGNANSNL.jpg,5,MUS,9127,5,0,-1,,,,
/content/Dataset/NORM/NORM-YTSVCTTH.jpg,6,NORM,9128,6,0,-1,,,,
/content/Dataset/TUM/TUM-VARVGKHE.jpg,8,TUM,9129,8,0,-1,,,,
/content/Dataset/MUS/MUS-PNWYAKPK.jpg,5,MUS,9130,5,0,-1,,,,
/content/Dataset/STR/STR-ACKLLDQV.jpg,7,STR,9131,7,0,-1,,,,
/content/Dataset/LYM/LYM-YRCDHDFY.jpg,3,LYM,9132,3,0,-1,,,,
/content/Dataset/MUC/MUC-ADFTDPLL.jpg,4,MUC,9133,4,0,-1,,,,
/content/Dataset/NORM/NORM-NVIWDFQL.jpg,6,NORM,9134,6,0,-1,,,,
/content/Dataset/MUS/MUS-NMIADTLH.jpg,5,MUS,9135,5,0,-1,,,,
/content/Dataset/ADI/ADI-CCDYHIDY.jpg,0,ADI,9136,0,0,-1,,,,
/content/Dataset/LYM/LYM-RLFLINHP.jpg,3,LYM,9137,3,0,-1,,,,
/content/Dataset/LYM/LYM-YYNKAIEC.jpg,3,LYM,9138,3,0,-1,,,,
/content/Dataset/STR/STR-TYTHPKGE.jpg,7,STR,9139,7,0,-1,,,,
/content/Dataset/TUM/TUM-RMKPCVKE.jpg,8,TUM,9140,8,0,-1,,,,
/content/Dataset/BACK/BACK-CASTIIWK.jpg,1,BACK,9141,1,0,-1,,,,
/content/Dataset/BACK/BACK-FKNHFPIA.jpg,1,BACK,9142,1,0,-1,,,,
/content/Dataset/LYM/LYM-EKYEVFDG.jpg,3,LYM,9143,3,0,-1,,,,
/content/Dataset/LYM/LYM-AKWTNQTH.jpg,3,LYM,9144,3,0,-1,,,,
/content/Dataset/ADI/ADI-ALSLCQKF.jpg,0,ADI,9145,0,0,-1,,,,
/content/Dataset/STR/STR-NDWSGALS.jpg,7,STR,9146,7,0,-1,,,,
/content/Dataset/MUS/MUS-SYMIPDMP.jpg,5,MUS,9147,5,0,-1,,,,
/content/Dataset/MUC/MUC-PMIMICGN.jpg,4,MUC,9148,4,0,-1,,,,
/content/Dataset/MUC/MUC-WKSWYSSN.jpg,4,MUC,9149,4,0,-1,,,,
/content/Dataset/DEB/DEB-RSQYELSQ.jpg,2,DEB,9150,2,0,-1,,,,
/content/Dataset/MUS/MUS-QDPIYLAL.jpg,5,MUS,9151,5,0,-1,,,,
/content/Dataset/BACK/BACK-ACTWTLQW.jpg,1,BACK,9152,1,0,-1,,,,
/content/Dataset/BACK/BACK-KTWKKHFE.jpg,1,BACK,9153,1,0,-1,,,,
/content/Dataset/ADI/ADI-EDACMRPC.jpg,0,ADI,9154,0,0,-1,,,,
/content/Dataset/MUC/MUC-CEMEKNGM.jpg,4,MUC,9155,4,0,-1,,,,
/content/Dataset/MUS/MUS-AHCPAWFR.jpg,5,MUS,9156,5,0,-1,,,,
/content/Dataset/TUM/TUM-QVHSKKPS.jpg,8,TUM,9157,8,0,-1,,,,
/content/Dataset/BACK/BACK-GGPAAIRG.jpg,1,BACK,9158,1,0,-1,,,,
/content/Dataset/MUC/MUC-YAFFEGHF.jpg,4,MUC,9159,4,0,-1,,,,
/content/Dataset/MUS/MUS-RMEECYDM.jpg,5,MUS,9160,5,0,-1,,,,
/content/Dataset/NORM/NORM-NRGRDCFC.jpg,6,NORM,9161,6,0,-1,,,,
/content/Dataset/MUS/MUS-SPKNIKSD.jpg,5,MUS,9162,5,0,-1,,,,
/content/Dataset/DEB/DEB-RWLSIHCQ.jpg,2,DEB,9163,2,0,-1,,,,
/content/Dataset/DEB/DEB-PHQPSNLY.jpg,2,DEB,9164,2,0,-1,,,,
/content/Dataset/NORM/NORM-NFRVDHKA.jpg,6,NORM,9165,6,0,-1,,,,
/content/Dataset/ADI/ADI-CKATDDNR.jpg,0,ADI,9166,0,0,-1,,,,
/content/Dataset/STR/STR-PYYDCPRD.jpg,7,STR,9167,7,0,-1,,,,
/content/Dataset/STR/STR-NGHKDYTC.jpg,7,STR,9168,7,0,-1,,,,
/content/Dataset/BACK/BACK-NVYSMEAN.jpg,1,BACK,9169,1,0,-1,,,,
/content/Dataset/LYM/LYM-YMPFFYCW.jpg,3,LYM,9170,3,0,-1,,,,
/content/Dataset/LYM/LYM-NRMSTEPD.jpg,3,LYM,9171,3,0,-1,,,,
/content/Dataset/LYM/LYM-IWAKYTLH.jpg,3,LYM,9172,3,0,-1,,,,
/content/Dataset/ADI/ADI-AKQCCDVY.jpg,0,ADI,9173,0,0,-1,,,,
/content/Dataset/MUS/MUS-NQGHFMLM.jpg,5,MUS,9174,5,0,-1,,,,
/content/Dataset/DEB/DEB-TDDMNSEY.jpg,2,DEB,9175,2,0,-1,,,,
/content/Dataset/MUS/MUS-PPFMCPAI.jpg,5,MUS,9176,5,0,-1,,,,
/content/Dataset/BACK/BACK-PFLWWRPW.jpg,1,BACK,9177,1,0,-1,,,,
/content/Dataset/MUS/MUS-NNFMTNHY.jpg,5,MUS,9178,5,0,-1,,,,
/content/Dataset/MUC/MUC-NMKQSFCI.jpg,4,MUC,9179,4,0,-1,,,,
/content/Dataset/LYM/LYM-TCTVHATD.jpg,3,LYM,9180,3,0,-1,,,,
/content/Dataset/ADI/ADI-FKPEVAVD.jpg,0,ADI,9181,0,0,-1,,,,
/content/Dataset/TUM/TUM-YICKFWRC.jpg,8,TUM,9182,8,0,-1,,,,
/content/Dataset/BACK/BACK-CLCIEWME.jpg,1,BACK,9183,1,0,-1,,,,
/content/Dataset/DEB/DEB-WDYWHLEP.jpg,2,DEB,9184,2,0,-1,,,,
/content/Dataset/MUS/MUS-VISQGHMV.jpg,5,MUS,9185,5,0,-1,,,,
/content/Dataset/BACK/BACK-LIFEATCD.jpg,1,BACK,9186,1,0,-1,,,,
/content/Dataset/STR/STR-QFEFTGEE.jpg,7,STR,9187,7,0,-1,,,,
/content/Dataset/MUS/MUS-NMFYENAC.jpg,5,MUS,9188,5,0,-1,,,,
/content/Dataset/MUS/MUS-VFIHSAAL.jpg,5,MUS,9189,5,0,-1,,,,
/content/Dataset/LYM/LYM-YMHYTFTT.jpg,3,LYM,9190,3,0,-1,,,,
/content/Dataset/MUC/MUC-YGDGQDWW.jpg,4,MUC,9191,4,0,-1,,,,
/content/Dataset/NORM/NORM-TLKVRHVF.jpg,6,NORM,9192,6,0,-1,,,,
/content/Dataset/MUS/MUS-CLECRMRQ.jpg,5,MUS,9193,5,0,-1,,,,
/content/Dataset/LYM/LYM-YVTFCWPT.jpg,3,LYM,9194,3,0,-1,,,,
/content/Dataset/BACK/BACK-KWGCQNTS.jpg,1,BACK,9195,1,0,-1,,,,
/content/Dataset/MUC/MUC-PEMVYQFH.jpg,4,MUC,9196,4,0,-1,,,,
/content/Dataset/MUS/MUS-PDAWGNEY.jpg,5,MUS,9197,5,0,-1,,,,
/content/Dataset/BACK/BACK-IVYMYLPS.jpg,1,BACK,9198,1,0,-1,,,,
/content/Dataset/MUS/MUS-ATYRAWCY.jpg,5,MUS,9199,5,0,-1,,,,
/content/Dataset/BACK/BACK-KGLPEAST.jpg,1,BACK,9200,1,0,-1,,,,
/content/Dataset/MUS/MUS-QNSNKLYI.jpg,5,MUS,9201,5,0,-1,,,,
/content/Dataset/NORM/NORM-MCQKPIDM.jpg,6,NORM,9202,6,0,-1,,,,
/content/Dataset/BACK/BACK-MPAYVVGP.jpg,1,BACK,9203,1,0,-1,,,,
/content/Dataset/STR/STR-TRNWYFVK.jpg,7,STR,9204,7,0,-1,,,,
/content/Dataset/ADI/ADI-GFGDYWYM.jpg,0,ADI,9205,0,0,-1,,,,
/content/Dataset/LYM/LYM-TNSYTSII.jpg,3,LYM,9206,3,0,-1,,,,
/content/Dataset/MUC/MUC-QESVEYYQ.jpg,4,MUC,9207,4,0,-1,,,,
/content/Dataset/ADI/ADI-DQEIIGRE.jpg,0,ADI,9208,0,0,-1,,,,
/content/Dataset/MUC/MUC-VDFCADGL.jpg,4,MUC,9209,4,0,-1,,,,
/content/Dataset/NORM/NORM-SMVYYWGY.jpg,6,NORM,9210,6,0,-1,,,,
/content/Dataset/LYM/LYM-TSFHRDFY.jpg,3,LYM,9211,3,0,-1,,,,
/content/Dataset/STR/STR-PQYTCFIH.jpg,7,STR,9212,7,0,-1,,,,
/content/Dataset/ADI/ADI-ACNEQPMV.jpg,0,ADI,9213,0,0,-1,,,,
/content/Dataset/LYM/LYM-SEAALPLS.jpg,3,LYM,9214,3,0,-1,,,,
/content/Dataset/NORM/NORM-RENGMEIC.jpg,6,NORM,9215,6,0,-1,,,,
/content/Dataset/NORM/NORM-VICFNTAA.jpg,6,NORM,9216,6,0,-1,,,,
/content/Dataset/TUM/TUM-SDVYGSIK.jpg,8,TUM,9217,8,0,-1,,,,
/content/Dataset/LYM/LYM-SVVIQQRG.jpg,3,LYM,9218,3,0,-1,,,,
/content/Dataset/TUM/TUM-TDELNNYI.jpg,8,TUM,9219,8,0,-1,,,,
/content/Dataset/ADI/ADI-IQTEVHLL.jpg,0,ADI,9220,0,0,-1,,,,
/content/Dataset/TUM/TUM-VLCAPEST.jpg,8,TUM,9221,8,0,-1,,,,
/content/Dataset/LYM/LYM-NDLPHVPS.jpg,3,LYM,9222,3,0,-1,,,,
/content/Dataset/ADI/ADI-CTSWERGF.jpg,0,ADI,9223,0,0,-1,,,,
/content/Dataset/BACK/BACK-KMVMNSLH.jpg,1,BACK,9224,1,0,-1,,,,
/content/Dataset/NORM/NORM-NINGTGCQ.jpg,6,NORM,9225,6,0,-1,,,,
/content/Dataset/TUM/TUM-SEFPRPRR.jpg,8,TUM,9226,8,0,-1,,,,
/content/Dataset/DEB/DEB-WRFWMAWG.jpg,2,DEB,9227,2,0,-1,,,,
/content/Dataset/MUC/MUC-SPGAIHVP.jpg,4,MUC,9228,4,0,-1,,,,
/content/Dataset/ADI/ADI-EMIMMPAI.jpg,0,ADI,9229,0,0,-1,,,,
/content/Dataset/MUS/MUS-SMSWWGWE.jpg,5,MUS,9230,5,0,-1,,,,
/content/Dataset/MUS/MUS-RCMLNYLQ.jpg,5,MUS,9231,5,0,-1,,,,
/content/Dataset/MUC/MUC-GPGMAYLY.jpg,4,MUC,9232,4,0,-1,,,,
/content/Dataset/ADI/ADI-DSSPSGPD.jpg,0,ADI,9233,0,0,-1,,,,
/content/Dataset/LYM/LYM-GMYPMCCV.jpg,3,LYM,9234,3,0,-1,,,,
/content/Dataset/NORM/NORM-RWDMEYGR.jpg,6,NORM,9235,6,0,-1,,,,
/content/Dataset/STR/STR-QTHMLAFK.jpg,7,STR,9236,7,0,-1,,,,
/content/Dataset/ADI/ADI-DKKIIDQP.jpg,0,ADI,9237,0,0,-1,,,,
/content/Dataset/NORM/NORM-WTQCPDWA.jpg,6,NORM,9238,6,0,-1,,,,
/content/Dataset/ADI/ADI-DPNAPTKH.jpg,0,ADI,9239,0,0,-1,,,,
/content/Dataset/BACK/BACK-PGARVEIC.jpg,1,BACK,9240,1,0,-1,,,,
/content/Dataset/STR/STR-VWMRFVHT.jpg,7,STR,9241,7,0,-1,,,,
/content/Dataset/MUS/MUS-QHWIDKAK.jpg,5,MUS,9242,5,0,-1,,,,
/content/Dataset/STR/STR-WGCCNRFT.jpg,7,STR,9243,7,0,-1,,,,
/content/Dataset/NORM/NORM-YFYHGIRM.jpg,6,NORM,9244,6,0,-1,,,,
/content/Dataset/MUS/MUS-AVELYEEV.jpg,5,MUS,9245,5,0,-1,,,,
/content/Dataset/BACK/BACK-MDSNSVYG.jpg,1,BACK,9246,1,0,-1,,,,
/content/Dataset/BACK/BACK-ERNVWMMW.jpg,1,BACK,9247,1,0,-1,,,,
/content/Dataset/LYM/LYM-QAKKEANR.jpg,3,LYM,9248,3,0,-1,,,,
/content/Dataset/MUC/MUC-YPSQKMWG.jpg,4,MUC,9249,4,0,-1,,,,
/content/Dataset/DEB/DEB-TWKQGIIA.jpg,2,DEB,9250,2,0,-1,,,,
/content/Dataset/LYM/LYM-NHPDGYNH.jpg,3,LYM,9251,3,0,-1,,,,
/content/Dataset/ADI/ADI-HELDAKQM.jpg,0,ADI,9252,0,0,-1,,,,
/content/Dataset/DEB/DEB-TGQCKMEK.jpg,2,DEB,9253,2,0,-1,,,,
/content/Dataset/MUS/MUS-CHLPIAME.jpg,5,MUS,9254,5,0,-1,,,,
/content/Dataset/MUS/MUS-AFGGQLVL.jpg,5,MUS,9255,5,0,-1,,,,
/content/Dataset/DEB/DEB-QCAAFCGR.jpg,2,DEB,9256,2,0,-1,,,,
/content/Dataset/TUM/TUM-VSTSDGVM.jpg,8,TUM,9257,8,0,-1,,,,
/content/Dataset/LYM/LYM-PAEINKLW.jpg,3,LYM,9258,3,0,-1,,,,
/content/Dataset/TUM/TUM-QGGHCIGV.jpg,8,TUM,9259,8,0,-1,,,,
/content/Dataset/MUS/MUS-VIKITFLH.jpg,5,MUS,9260,5,0,-1,,,,
/content/Dataset/LYM/LYM-PHEHFPKA.jpg,3,LYM,9261,3,0,-1,,,,
/content/Dataset/TUM/TUM-WATMWRKA.jpg,8,TUM,9262,8,0,-1,,,,
/content/Dataset/NORM/NORM-VRGICQRH.jpg,6,NORM,9263,6,0,-1,,,,
/content/Dataset/NORM/NORM-YCMCSQWI.jpg,6,NORM,9264,6,0,-1,,,,
/content/Dataset/NORM/NORM-TDSDKQWK.jpg,6,NORM,9265,6,0,-1,,,,
/content/Dataset/MUS/MUS-PTAGQRCD.jpg,5,MUS,9266,5,0,-1,,,,
/content/Dataset/LYM/LYM-SRQFDDRP.jpg,3,LYM,9267,3,0,-1,,,,
/content/Dataset/ADI/ADI-HTILDMKC.jpg,0,ADI,9268,0,0,-1,,,,
/content/Dataset/BACK/BACK-LWGRHLMT.jpg,1,BACK,9269,1,0,-1,,,,
/content/Dataset/ADI/ADI-HGCTKYST.jpg,0,ADI,9270,0,0,-1,,,,
/content/Dataset/ADI/ADI-HWYNDPWS.jpg,0,ADI,9271,0,0,-1,,,,
/content/Dataset/ADI/ADI-HTFLGFRA.jpg,0,ADI,9272,0,0,-1,,,,
/content/Dataset/LYM/LYM-LPKCQDDD.jpg,3,LYM,9273,3,0,-1,,,,
/content/Dataset/TUM/TUM-YDANIQTE.jpg,8,TUM,9274,8,0,-1,,,,
/content/Dataset/BACK/BACK-IENTSWFY.jpg,1,BACK,9275,1,0,-1,,,,
/content/Dataset/MUC/MUC-TAEAADMT.jpg,4,MUC,9276,4,0,-1,,,,
/content/Dataset/LYM/LYM-PMQRAVIH.jpg,3,LYM,9277,3,0,-1,,,,
/content/Dataset/DEB/DEB-YSCGCDWY.jpg,2,DEB,9278,2,0,-1,,,,
/content/Dataset/ADI/ADI-GYPGVLNG.jpg,0,ADI,9279,0,0,-1,,,,
/content/Dataset/DEB/DEB-QMNIFVQW.jpg,2,DEB,9280,2,0,-1,,,,
/content/Dataset/NORM/NORM-TYGYAYVM.jpg,6,NORM,9281,6,0,-1,,,,
/content/Dataset/ADI/ADI-GGNARLAP.jpg,0,ADI,9282,0,0,-1,,,,
/content/Dataset/MUS/MUS-QRCWPSHA.jpg,5,MUS,9283,5,0,-1,,,,
/content/Dataset/BACK/BACK-PGAYCMPY.jpg,1,BACK,9284,1,0,-1,,,,
/content/Dataset/DEB/DEB-WMPMPILM.jpg,2,DEB,9285,2,0,-1,,,,
/content/Dataset/STR/STR-YKNLWDAD.jpg,7,STR,9286,7,0,-1,,,,
/content/Dataset/BACK/BACK-IEVFEQAR.jpg,1,BACK,9287,1,0,-1,,,,
/content/Dataset/TUM/TUM-SKGHWTKR.jpg,8,TUM,9288,8,0,-1,,,,
/content/Dataset/LYM/LYM-TCHYFSTA.jpg,3,LYM,9289,3,0,-1,,,,
/content/Dataset/ADI/ADI-HPDFNARA.jpg,0,ADI,9290,0,0,-1,,,,
/content/Dataset/STR/STR-QVESIIYK.jpg,7,STR,9291,7,0,-1,,,,
/content/Dataset/MUS/MUS-NVKGRTMD.jpg,5,MUS,9292,5,0,-1,,,,
/content/Dataset/MUS/MUS-RVRRERHW.jpg,5,MUS,9293,5,0,-1,,,,
/content/Dataset/ADI/ADI-CVRRYPCR.jpg,0,ADI,9294,0,0,-1,,,,
/content/Dataset/STR/STR-YDVEYDWA.jpg,7,STR,9295,7,0,-1,,,,
/content/Dataset/MUC/MUC-YKMCLIRY.jpg,4,MUC,9296,4,0,-1,,,,
/content/Dataset/NORM/NORM-NPWGVRRT.jpg,6,NORM,9297,6,0,-1,,,,
/content/Dataset/MUC/MUC-AEMNDCLI.jpg,4,MUC,9298,4,0,-1,,,,
/content/Dataset/TUM/TUM-QYQMHGHK.jpg,8,TUM,9299,8,0,-1,,,,
/content/Dataset/ADI/ADI-HLNMVREL.jpg,0,ADI,9300,0,0,-1,,,,
/content/Dataset/LYM/LYM-STAKVTDV.jpg,3,LYM,9301,3,0,-1,,,,
/content/Dataset/MUS/MUS-VGYNKECH.jpg,5,MUS,9302,5,0,-1,,,,
/content/Dataset/STR/STR-SSFTVSPA.jpg,7,STR,9303,7,0,-1,,,,
/content/Dataset/LYM/LYM-VERGFLQV.jpg,3,LYM,9304,3,0,-1,,,,
/content/Dataset/NORM/NORM-LNQYGFHV.jpg,6,NORM,9305,6,0,-1,,,,
/content/Dataset/ADI/ADI-DIFFMHLE.jpg,0,ADI,9306,0,0,-1,,,,
/content/Dataset/MUC/MUC-AFRNIKSR.jpg,4,MUC,9307,4,0,-1,,,,
/content/Dataset/NORM/NORM-NDADMRGD.jpg,6,NORM,9308,6,0,-1,,,,
/content/Dataset/DEB/DEB-QEDHTGEL.jpg,2,DEB,9309,2,0,-1,,,,
/content/Dataset/BACK/BACK-KWWNCDCY.jpg,1,BACK,9310,1,0,-1,,,,
/content/Dataset/MUC/MUC-YHRPAWNY.jpg,4,MUC,9311,4,0,-1,,,,
/content/Dataset/NORM/NORM-TEQGVANI.jpg,6,NORM,9312,6,0,-1,,,,
/content/Dataset/ADI/ADI-DCNKYCVP.jpg,0,ADI,9313,0,0,-1,,,,
/content/Dataset/NORM/NORM-PPLMPFEN.jpg,6,NORM,9314,6,0,-1,,,,
/content/Dataset/MUS/MUS-ACWTEDYD.jpg,5,MUS,9315,5,0,-1,,,,
/content/Dataset/ADI/ADI-CCRLKRDH.jpg,0,ADI,9316,0,0,-1,,,,
/content/Dataset/DEB/DEB-TNKYYHLC.jpg,2,DEB,9317,2,0,-1,,,,
/content/Dataset/ADI/ADI-CCNEDTEV.jpg,0,ADI,9318,0,0,-1,,,,
/content/Dataset/STR/STR-WGREIDVD.jpg,7,STR,9319,7,0,-1,,,,
/content/Dataset/NORM/NORM-NQICPMIP.jpg,6,NORM,9320,6,0,-1,,,,
/content/Dataset/NORM/NORM-TYQYCIWM.jpg,6,NORM,9321,6,0,-1,,,,
/content/Dataset/STR/STR-SMYCRPQS.jpg,7,STR,9322,7,0,-1,,,,
/content/Dataset/ADI/ADI-FNMGHDTY.jpg,0,ADI,9323,0,0,-1,,,,
/content/Dataset/BACK/BACK-IGKKLVWQ.jpg,1,BACK,9324,1,0,-1,,,,
/content/Dataset/MUC/MUC-RQRSHRRQ.jpg,4,MUC,9325,4,0,-1,,,,
/content/Dataset/LYM/LYM-NDHPAPNQ.jpg,3,LYM,9326,3,0,-1,,,,
/content/Dataset/LYM/LYM-TEFYNKTM.jpg,3,LYM,9327,3,0,-1,,,,
/content/Dataset/STR/STR-RYMYRWTY.jpg,7,STR,9328,7,0,-1,,,,
/content/Dataset/LYM/LYM-PYGWKSLL.jpg,3,LYM,9329,3,0,-1,,,,
/content/Dataset/MUC/MUC-WQTYYCES.jpg,4,MUC,9330,4,0,-1,,,,
/content/Dataset/NORM/NORM-MKWEMEDL.jpg,6,NORM,9331,6,0,-1,,,,
/content/Dataset/MUS/MUS-CNDMWEGL.jpg,5,MUS,9332,5,0,-1,,,,
/content/Dataset/ADI/ADI-HPHMGNLG.jpg,0,ADI,9333,0,0,-1,,,,
/content/Dataset/BACK/BACK-DNKNVWRY.jpg,1,BACK,9334,1,0,-1,,,,
/content/Dataset/DEB/DEB-PHHQCCVC.jpg,2,DEB,9335,2,0,-1,,,,
/content/Dataset/NORM/NORM-VEYNELRY.jpg,6,NORM,9336,6,0,-1,,,,
/content/Dataset/NORM/NORM-RWCGLLTV.jpg,6,NORM,9337,6,0,-1,,,,
/content/Dataset/NORM/NORM-AFERRVME.jpg,6,NORM,9338,6,0,-1,,,,
/content/Dataset/BACK/BACK-LQLPGVNI.jpg,1,BACK,9339,1,0,-1,,,,
/content/Dataset/DEB/DEB-QCGKLDLI.jpg,2,DEB,9340,2,0,-1,,,,
/content/Dataset/ADI/ADI-KLRVLTLF.jpg,0,ADI,9341,0,0,-1,,,,
/content/Dataset/STR/STR-RLFYVMCN.jpg,7,STR,9342,7,0,-1,,,,
/content/Dataset/LYM/LYM-PRCKAITG.jpg,3,LYM,9343,3,0,-1,,,,
/content/Dataset/DEB/DEB-VTSLSPHY.jpg,2,DEB,9344,2,0,-1,,,,
/content/Dataset/STR/STR-STHIESTG.jpg,7,STR,9345,7,0,-1,,,,
/content/Dataset/LYM/LYM-AKWVMHNW.jpg,3,LYM,9346,3,0,-1,,,,
/content/Dataset/TUM/TUM-QFQYDEHK.jpg,8,TUM,9347,8,0,-1,,,,
/content/Dataset/NORM/NORM-SPLWDQPT.jpg,6,NORM,9348,6,0,-1,,,,
/content/Dataset/BACK/BACK-MNWYTDEE.jpg,1,BACK,9349,1,0,-1,,,,
/content/Dataset/TUM/TUM-WWEQIAYE.jpg,8,TUM,9350,8,0,-1,,,,
/content/Dataset/NORM/NORM-PFNQHEHN.jpg,6,NORM,9351,6,0,-1,,,,
/content/Dataset/MUS/MUS-NQGTLLMT.jpg,5,MUS,9352,5,0,-1,,,,
/content/Dataset/DEB/DEB-VWWIVYYT.jpg,2,DEB,9353,2,0,-1,,,,
/content/Dataset/LYM/LYM-TGGNDFDF.jpg,3,LYM,9354,3,0,-1,,,,
/content/Dataset/DEB/DEB-NYKKFCRS.jpg,2,DEB,9355,2,0,-1,,,,
/content/Dataset/DEB/DEB-VHHARVVS.jpg,2,DEB,9356,2,0,-1,,,,
/content/Dataset/STR/STR-WQGSNITD.jpg,7,STR,9357,7,0,-1,,,,
/content/Dataset/NORM/NORM-SQQSANVN.jpg,6,NORM,9358,6,0,-1,,,,
/content/Dataset/TUM/TUM-STQWHPIM.jpg,8,TUM,9359,8,0,-1,,,,
/content/Dataset/TUM/TUM-WFCEGCHT.jpg,8,TUM,9360,8,0,-1,,,,
/content/Dataset/DEB/DEB-VMTGNREF.jpg,2,DEB,9361,2,0,-1,,,,
/content/Dataset/BACK/BACK-NTSGSVGA.jpg,1,BACK,9362,1,0,-1,,,,
/content/Dataset/DEB/DEB-QVHLLCCS.jpg,2,DEB,9363,2,0,-1,,,,
/content/Dataset/MUC/MUC-RTTHEDSV.jpg,4,MUC,9364,4,0,-1,,,,
/content/Dataset/BACK/BACK-IKFMSWHR.jpg,1,BACK,9365,1,0,-1,,,,
/content/Dataset/STR/STR-WIEQVVIS.jpg,7,STR,9366,7,0,-1,,,,
/content/Dataset/TUM/TUM-SGNHEYCR.jpg,8,TUM,9367,8,0,-1,,,,
/content/Dataset/MUS/MUS-NVKFMAGN.jpg,5,MUS,9368,5,0,-1,,,,
/content/Dataset/TUM/TUM-WNKWSERY.jpg,8,TUM,9369,8,0,-1,,,,
/content/Dataset/BACK/BACK-LHSWSMDH.jpg,1,BACK,9370,1,0,-1,,,,
/content/Dataset/LYM/LYM-RNTWYFEV.jpg,3,LYM,9371,3,0,-1,,,,
/content/Dataset/MUS/MUS-NQNGALCE.jpg,5,MUS,9372,5,0,-1,,,,
/content/Dataset/TUM/TUM-WGQFPGWW.jpg,8,TUM,9373,8,0,-1,,,,
/content/Dataset/ADI/ADI-HHCIFHHC.jpg,0,ADI,9374,0,0,-1,,,,
/content/Dataset/ADI/ADI-EAHPEFPN.jpg,0,ADI,9375,0,0,-1,,,,
/content/Dataset/TUM/TUM-YWMMAQLF.jpg,8,TUM,9376,8,0,-1,,,,
/content/Dataset/NORM/NORM-QNWYRFEL.jpg,6,NORM,9377,6,0,-1,,,,
/content/Dataset/MUS/MUS-PNKENEQW.jpg,5,MUS,9378,5,0,-1,,,,
/content/Dataset/NORM/NORM-WIQKFYEN.jpg,6,NORM,9379,6,0,-1,,,,
/content/Dataset/STR/STR-TLDLQMAQ.jpg,7,STR,9380,7,0,-1,,,,
/content/Dataset/BACK/BACK-MEMHKMSR.jpg,1,BACK,9381,1,0,-1,,,,
/content/Dataset/ADI/ADI-KCTNLHMW.jpg,0,ADI,9382,0,0,-1,,,,
/content/Dataset/MUS/MUS-ATIVWYEP.jpg,5,MUS,9383,5,0,-1,,,,
/content/Dataset/MUS/MUS-PGNIIDGH.jpg,5,MUS,9384,5,0,-1,,,,
/content/Dataset/DEB/DEB-PWIVPAFN.jpg,2,DEB,9385,2,0,-1,,,,
/content/Dataset/MUC/MUC-WASFPPHT.jpg,4,MUC,9386,4,0,-1,,,,
/content/Dataset/DEB/DEB-TMHGAEHF.jpg,2,DEB,9387,2,0,-1,,,,
/content/Dataset/ADI/ADI-GTQHENMF.jpg,0,ADI,9388,0,0,-1,,,,
/content/Dataset/ADI/ADI-DMYPAIKG.jpg,0,ADI,9389,0,0,-1,,,,
/content/Dataset/BACK/BACK-ADDAPCTE.jpg,1,BACK,9390,1,0,-1,,,,
/content/Dataset/STR/STR-PFNCVFCF.jpg,7,STR,9391,7,0,-1,,,,
/content/Dataset/TUM/TUM-VSFQQALP.jpg,8,TUM,9392,8,0,-1,,,,
/content/Dataset/MUS/MUS-SYINFRFQ.jpg,5,MUS,9393,5,0,-1,,,,
/content/Dataset/MUS/MUS-RWCTDNVG.jpg,5,MUS,9394,5,0,-1,,,,
/content/Dataset/NORM/NORM-NQQYNWHC.jpg,6,NORM,9395,6,0,-1,,,,
/content/Dataset/ADI/ADI-EPNNVDPM.jpg,0,ADI,9396,0,0,-1,,,,
/content/Dataset/LYM/LYM-VNHMERKE.jpg,3,LYM,9397,3,0,-1,,,,
/content/Dataset/STR/STR-TFWGACPW.jpg,7,STR,9398,7,0,-1,,,,
/content/Dataset/DEB/DEB-RYPHCHTF.jpg,2,DEB,9399,2,0,-1,,,,
/content/Dataset/MUC/MUC-PQPACPDL.jpg,4,MUC,9400,4,0,-1,,,,
/content/Dataset/TUM/TUM-QDSEASYP.jpg,8,TUM,9401,8,0,-1,,,,
/content/Dataset/TUM/TUM-VRQMWSCG.jpg,8,TUM,9402,8,0,-1,,,,
/content/Dataset/NORM/NORM-TMFYCNDF.jpg,6,NORM,9403,6,0,-1,,,,
/content/Dataset/MUS/MUS-SIRHMSLD.jpg,5,MUS,9404,5,0,-1,,,,
/content/Dataset/LYM/LYM-TNECERPC.jpg,3,LYM,9405,3,0,-1,,,,
/content/Dataset/MUS/MUS-QYWHFQVQ.jpg,5,MUS,9406,5,0,-1,,,,
/content/Dataset/BACK/BACK-LHPDAHNC.jpg,1,BACK,9407,1,0,-1,,,,
/content/Dataset/TUM/TUM-RSTANVFG.jpg,8,TUM,9408,8,0,-1,,,,
/content/Dataset/BACK/BACK-KVWGAHPV.jpg,1,BACK,9409,1,0,-1,,,,
/content/Dataset/STR/STR-TNSFGNLD.jpg,7,STR,9410,7,0,-1,,,,
/content/Dataset/MUC/MUC-WPIMPLPG.jpg,4,MUC,9411,4,0,-1,,,,
/content/Dataset/ADI/ADI-CHAWQNWE.jpg,0,ADI,9412,0,0,-1,,,,
/content/Dataset/MUC/MUC-WSSSHKWG.jpg,4,MUC,9413,4,0,-1,,,,
/content/Dataset/MUC/MUC-SDKLGGTC.jpg,4,MUC,9414,4,0,-1,,,,
/content/Dataset/DEB/DEB-YIAFPTFA.jpg,2,DEB,9415,2,0,-1,,,,
/content/Dataset/LYM/LYM-PCRRFQLK.jpg,3,LYM,9416,3,0,-1,,,,
/content/Dataset/TUM/TUM-SNNCNARA.jpg,8,TUM,9417,8,0,-1,,,,
/content/Dataset/DEB/DEB-QCEMQMKM.jpg,2,DEB,9418,2,0,-1,,,,
/content/Dataset/DEB/DEB-YMKLWMCL.jpg,2,DEB,9419,2,0,-1,,,,
/content/Dataset/MUC/MUC-PRQLTWHD.jpg,4,MUC,9420,4,0,-1,,,,
/content/Dataset/LYM/LYM-DADYKLAW.jpg,3,LYM,9421,3,0,-1,,,,
/content/Dataset/NORM/NORM-RNTFSYTI.jpg,6,NORM,9422,6,0,-1,,,,
/content/Dataset/LYM/LYM-SWNRTATV.jpg,3,LYM,9423,3,0,-1,,,,
/content/Dataset/LYM/LYM-QVIHCYSP.jpg,3,LYM,9424,3,0,-1,,,,
/content/Dataset/BACK/BACK-NTHMSQTS.jpg,1,BACK,9425,1,0,-1,,,,
/content/Dataset/BACK/BACK-HWVRNPKK.jpg,1,BACK,9426,1,0,-1,,,,
/content/Dataset/STR/STR-NWMALNKS.jpg,7,STR,9427,7,0,-1,,,,
/content/Dataset/NORM/NORM-TNQAMHGM.jpg,6,NORM,9428,6,0,-1,,,,
/content/Dataset/DEB/DEB-ADKVWWVI.jpg,2,DEB,9429,2,0,-1,,,,
/content/Dataset/DEB/DEB-NTEDHNWK.jpg,2,DEB,9430,2,0,-1,,,,
/content/Dataset/NORM/NORM-YTSTLNAY.jpg,6,NORM,9431,6,0,-1,,,,
/content/Dataset/MUS/MUS-STPAAEVW.jpg,5,MUS,9432,5,0,-1,,,,
/content/Dataset/LYM/LYM-TQEDILTN.jpg,3,LYM,9433,3,0,-1,,,,
/content/Dataset/LYM/LYM-RKYTKMCG.jpg,3,LYM,9434,3,0,-1,,,,
/content/Dataset/TUM/TUM-YSEIESHW.jpg,8,TUM,9435,8,0,-1,,,,
/content/Dataset/STR/STR-PCAKQWDE.jpg,7,STR,9436,7,0,-1,,,,
/content/Dataset/NORM/NORM-QSAIAQGC.jpg,6,NORM,9437,6,0,-1,,,,
/content/Dataset/ADI/ADI-CCLFRQTV.jpg,0,ADI,9438,0,0,-1,,,,
/content/Dataset/MUC/MUC-SDGGPAFV.jpg,4,MUC,9439,4,0,-1,,,,
/content/Dataset/STR/STR-YGYVNHCA.jpg,7,STR,9440,7,0,-1,,,,
/content/Dataset/BACK/BACK-KDSKQQVV.jpg,1,BACK,9441,1,0,-1,,,,
/content/Dataset/LYM/LYM-YPGKMWCN.jpg,3,LYM,9442,3,0,-1,,,,
/content/Dataset/BACK/BACK-KGEAEIID.jpg,1,BACK,9443,1,0,-1,,,,
/content/Dataset/MUC/MUC-ADLFSVEH.jpg,4,MUC,9444,4,0,-1,,,,
/content/Dataset/BACK/BACK-HLRRTQAN.jpg,1,BACK,9445,1,0,-1,,,,
/content/Dataset/TUM/TUM-SYSTNFDI.jpg,8,TUM,9446,8,0,-1,,,,
/content/Dataset/TUM/TUM-SVADHYQK.jpg,8,TUM,9447,8,0,-1,,,,
/content/Dataset/STR/STR-WDICHWAG.jpg,7,STR,9448,7,0,-1,,,,
/content/Dataset/NORM/NORM-LVVDKYMI.jpg,6,NORM,9449,6,0,-1,,,,
